{
  "sentences": [
    {
      "index": 0,
      "tokens": [
        {
          "index": 1,
          "word": "Customer",
          "originalText": "Customer",
          "characterOffsetBegin": 0,
          "characterOffsetEnd": 8,
          "before": "",
          "after": ""
        },
        {
          "index": 2,
          "word": ":",
          "originalText": ":",
          "characterOffsetBegin": 8,
          "characterOffsetEnd": 9,
          "before": "",
          "after": " "
        },
        {
          "index": 3,
          "word": "@VerizonSupport",
          "originalText": "@VerizonSupport",
          "characterOffsetBegin": 10,
          "characterOffsetEnd": 25,
          "before": " ",
          "after": " "
        },
        {
          "index": 4,
          "word": "@",
          "originalText": "@",
          "characterOffsetBegin": 26,
          "characterOffsetEnd": 27,
          "before": " ",
          "after": ""
        },
        {
          "index": 5,
          "word": "111731",
          "originalText": "111731",
          "characterOffsetBegin": 27,
          "characterOffsetEnd": 33,
          "before": "",
          "after": " "
        },
        {
          "index": 6,
          "word": "@",
          "originalText": "@",
          "characterOffsetBegin": 34,
          "characterOffsetEnd": 35,
          "before": " ",
          "after": ""
        },
        {
          "index": 7,
          "word": "115725",
          "originalText": "115725",
          "characterOffsetBegin": 35,
          "characterOffsetEnd": 41,
          "before": "",
          "after": " "
        },
        {
          "index": 8,
          "word": "Verizon-you",
          "originalText": "Verizon-you",
          "characterOffsetBegin": 42,
          "characterOffsetEnd": 53,
          "before": " ",
          "after": " "
        },
        {
          "index": 9,
          "word": "never",
          "originalText": "never",
          "characterOffsetBegin": 54,
          "characterOffsetEnd": 59,
          "before": " ",
          "after": " "
        },
        {
          "index": 10,
          "word": "fail",
          "originalText": "fail",
          "characterOffsetBegin": 60,
          "characterOffsetEnd": 64,
          "before": " ",
          "after": " "
        },
        {
          "index": 11,
          "word": "to",
          "originalText": "to",
          "characterOffsetBegin": 65,
          "characterOffsetEnd": 67,
          "before": " ",
          "after": " "
        },
        {
          "index": 12,
          "word": "ruin",
          "originalText": "ruin",
          "characterOffsetBegin": 68,
          "characterOffsetEnd": 72,
          "before": " ",
          "after": " "
        },
        {
          "index": 13,
          "word": "my",
          "originalText": "my",
          "characterOffsetBegin": 73,
          "characterOffsetEnd": 75,
          "before": " ",
          "after": " "
        },
        {
          "index": 14,
          "word": "day",
          "originalText": "day",
          "characterOffsetBegin": 76,
          "characterOffsetEnd": 79,
          "before": " ",
          "after": ""
        },
        {
          "index": 15,
          "word": ",",
          "originalText": ",",
          "characterOffsetBegin": 79,
          "characterOffsetEnd": 80,
          "before": "",
          "after": " "
        },
        {
          "index": 16,
          "word": "at",
          "originalText": "at",
          "characterOffsetBegin": 81,
          "characterOffsetEnd": 83,
          "before": " ",
          "after": " "
        },
        {
          "index": 17,
          "word": "least",
          "originalText": "least",
          "characterOffsetBegin": 84,
          "characterOffsetEnd": 89,
          "before": " ",
          "after": " "
        },
        {
          "index": 18,
          "word": "that",
          "originalText": "that",
          "characterOffsetBegin": 90,
          "characterOffsetEnd": 94,
          "before": " ",
          "after": " "
        },
        {
          "index": 19,
          "word": "is",
          "originalText": "is",
          "characterOffsetBegin": 95,
          "characterOffsetEnd": 97,
          "before": " ",
          "after": " "
        },
        {
          "index": 20,
          "word": "a",
          "originalText": "a",
          "characterOffsetBegin": 98,
          "characterOffsetEnd": 99,
          "before": " ",
          "after": " "
        },
        {
          "index": 21,
          "word": "constant",
          "originalText": "constant",
          "characterOffsetBegin": 100,
          "characterOffsetEnd": 108,
          "before": " ",
          "after": ""
        },
        {
          "index": 22,
          "word": ".",
          "originalText": ".",
          "characterOffsetBegin": 108,
          "characterOffsetEnd": 109,
          "before": "",
          "after": ""
        }
      ]
    },
    {
      "index": 1,
      "tokens": [
        {
          "index": 1,
          "word": "#Jinardin",
          "originalText": "#Jinardin",
          "characterOffsetBegin": 111,
          "characterOffsetEnd": 120,
          "before": "",
          "after": " "
        },
        {
          "index": 2,
          "word": "#verizonsux",
          "originalText": "#verizonsux",
          "characterOffsetBegin": 121,
          "characterOffsetEnd": 132,
          "before": " ",
          "after": ""
        }
      ]
    },
    {
      "index": 2,
      "tokens": [
        {
          "index": 1,
          "word": "Agent",
          "originalText": "Agent",
          "characterOffsetBegin": 134,
          "characterOffsetEnd": 139,
          "before": "",
          "after": ""
        },
        {
          "index": 2,
          "word": ":",
          "originalText": ":",
          "characterOffsetBegin": 139,
          "characterOffsetEnd": 140,
          "before": "",
          "after": " "
        },
        {
          "index": 3,
          "word": "@",
          "originalText": "@",
          "characterOffsetBegin": 141,
          "characterOffsetEnd": 142,
          "before": " ",
          "after": ""
        },
        {
          "index": 4,
          "word": "806084",
          "originalText": "806084",
          "characterOffsetBegin": 142,
          "characterOffsetEnd": 148,
          "before": "",
          "after": " "
        },
        {
          "index": 5,
          "word": "We",
          "originalText": "We",
          "characterOffsetBegin": 149,
          "characterOffsetEnd": 151,
          "before": " ",
          "after": " "
        },
        {
          "index": 6,
          "word": "do",
          "originalText": "do",
          "characterOffsetBegin": 152,
          "characterOffsetEnd": 154,
          "before": " ",
          "after": ""
        },
        {
          "index": 7,
          "word": "n't",
          "originalText": "n't",
          "characterOffsetBegin": 154,
          "characterOffsetEnd": 157,
          "before": "",
          "after": " "
        },
        {
          "index": 8,
          "word": "want",
          "originalText": "want",
          "characterOffsetBegin": 158,
          "characterOffsetEnd": 162,
          "before": " ",
          "after": " "
        },
        {
          "index": 9,
          "word": "you",
          "originalText": "you",
          "characterOffsetBegin": 163,
          "characterOffsetEnd": 166,
          "before": " ",
          "after": " "
        },
        {
          "index": 10,
          "word": "to",
          "originalText": "to",
          "characterOffsetBegin": 167,
          "characterOffsetEnd": 169,
          "before": " ",
          "after": " "
        },
        {
          "index": 11,
          "word": "feel",
          "originalText": "feel",
          "characterOffsetBegin": 170,
          "characterOffsetEnd": 174,
          "before": " ",
          "after": " "
        },
        {
          "index": 12,
          "word": "that",
          "originalText": "that",
          "characterOffsetBegin": 175,
          "characterOffsetEnd": 179,
          "before": " ",
          "after": " "
        },
        {
          "index": 13,
          "word": "way",
          "originalText": "way",
          "characterOffsetBegin": 180,
          "characterOffsetEnd": 183,
          "before": " ",
          "after": ""
        },
        {
          "index": 14,
          "word": ",",
          "originalText": ",",
          "characterOffsetBegin": 183,
          "characterOffsetEnd": 184,
          "before": "",
          "after": " "
        },
        {
          "index": 15,
          "word": "what",
          "originalText": "what",
          "characterOffsetBegin": 185,
          "characterOffsetEnd": 189,
          "before": " ",
          "after": " "
        },
        {
          "index": 16,
          "word": "is",
          "originalText": "is",
          "characterOffsetBegin": 190,
          "characterOffsetEnd": 192,
          "before": " ",
          "after": " "
        },
        {
          "index": 17,
          "word": "going",
          "originalText": "going",
          "characterOffsetBegin": 193,
          "characterOffsetEnd": 198,
          "before": " ",
          "after": " "
        },
        {
          "index": 18,
          "word": "on",
          "originalText": "on",
          "characterOffsetBegin": 199,
          "characterOffsetEnd": 201,
          "before": " ",
          "after": ""
        },
        {
          "index": 19,
          "word": "?",
          "originalText": "?",
          "characterOffsetBegin": 201,
          "characterOffsetEnd": 202,
          "before": "",
          "after": ""
        }
      ]
    },
    {
      "index": 3,
      "tokens": [
        {
          "index": 1,
          "word": "Customer",
          "originalText": "Customer",
          "characterOffsetBegin": 204,
          "characterOffsetEnd": 212,
          "before": "",
          "after": ""
        },
        {
          "index": 2,
          "word": ":",
          "originalText": ":",
          "characterOffsetBegin": 212,
          "characterOffsetEnd": 213,
          "before": "",
          "after": " "
        },
        {
          "index": 3,
          "word": "@VerizonSupport",
          "originalText": "@VerizonSupport",
          "characterOffsetBegin": 214,
          "characterOffsetEnd": 229,
          "before": " ",
          "after": " "
        },
        {
          "index": 4,
          "word": "Tell",
          "originalText": "Tell",
          "characterOffsetBegin": 230,
          "characterOffsetEnd": 234,
          "before": " ",
          "after": " "
        },
        {
          "index": 5,
          "word": "me",
          "originalText": "me",
          "characterOffsetBegin": 235,
          "characterOffsetEnd": 237,
          "before": " ",
          "after": " "
        },
        {
          "index": 6,
          "word": "-",
          "originalText": "-",
          "characterOffsetBegin": 238,
          "characterOffsetEnd": 239,
          "before": " ",
          "after": " "
        },
        {
          "index": 7,
          "word": "can",
          "originalText": "can",
          "characterOffsetBegin": 240,
          "characterOffsetEnd": 243,
          "before": " ",
          "after": " "
        },
        {
          "index": 8,
          "word": "you",
          "originalText": "you",
          "characterOffsetBegin": 244,
          "characterOffsetEnd": 247,
          "before": " ",
          "after": " "
        },
        {
          "index": 9,
          "word": "get",
          "originalText": "get",
          "characterOffsetBegin": 248,
          "characterOffsetEnd": 251,
          "before": " ",
          "after": " "
        },
        {
          "index": 10,
          "word": "a",
          "originalText": "a",
          "characterOffsetBegin": 252,
          "characterOffsetEnd": 253,
          "before": " ",
          "after": " "
        },
        {
          "index": 11,
          "word": "manager",
          "originalText": "manager",
          "characterOffsetBegin": 254,
          "characterOffsetEnd": 261,
          "before": " ",
          "after": " "
        },
        {
          "index": 12,
          "word": "from",
          "originalText": "from",
          "characterOffsetBegin": 262,
          "characterOffsetEnd": 266,
          "before": " ",
          "after": " "
        },
        {
          "index": 13,
          "word": "the",
          "originalText": "the",
          "characterOffsetBegin": 267,
          "characterOffsetEnd": 270,
          "before": " ",
          "after": " "
        },
        {
          "index": 14,
          "word": "billing",
          "originalText": "billing",
          "characterOffsetBegin": 271,
          "characterOffsetEnd": 278,
          "before": " ",
          "after": " "
        },
        {
          "index": 15,
          "word": "department",
          "originalText": "department",
          "characterOffsetBegin": 279,
          "characterOffsetEnd": 289,
          "before": " ",
          "after": " "
        },
        {
          "index": 16,
          "word": "and",
          "originalText": "and",
          "characterOffsetBegin": 290,
          "characterOffsetEnd": 293,
          "before": " ",
          "after": " "
        },
        {
          "index": 17,
          "word": "services",
          "originalText": "services",
          "characterOffsetBegin": 294,
          "characterOffsetEnd": 302,
          "before": " ",
          "after": " "
        },
        {
          "index": 18,
          "word": "to",
          "originalText": "to",
          "characterOffsetBegin": 303,
          "characterOffsetEnd": 305,
          "before": " ",
          "after": " "
        },
        {
          "index": 19,
          "word": "just",
          "originalText": "just",
          "characterOffsetBegin": 306,
          "characterOffsetEnd": 310,
          "before": " ",
          "after": " "
        },
        {
          "index": 20,
          "word": "call",
          "originalText": "call",
          "characterOffsetBegin": 311,
          "characterOffsetEnd": 315,
          "before": " ",
          "after": " "
        },
        {
          "index": 21,
          "word": "me",
          "originalText": "me",
          "characterOffsetBegin": 316,
          "characterOffsetEnd": 318,
          "before": " ",
          "after": " "
        },
        {
          "index": 22,
          "word": "back",
          "originalText": "back",
          "characterOffsetBegin": 319,
          "characterOffsetEnd": 323,
          "before": " ",
          "after": " "
        },
        {
          "index": 23,
          "word": "directly",
          "originalText": "directly",
          "characterOffsetBegin": 324,
          "characterOffsetEnd": 332,
          "before": " ",
          "after": ""
        },
        {
          "index": 24,
          "word": "?",
          "originalText": "?",
          "characterOffsetBegin": 332,
          "characterOffsetEnd": 333,
          "before": "",
          "after": ""
        }
      ]
    },
    {
      "index": 4,
      "tokens": [
        {
          "index": 1,
          "word": "So",
          "originalText": "So",
          "characterOffsetBegin": 335,
          "characterOffsetEnd": 337,
          "before": "",
          "after": " "
        },
        {
          "index": 2,
          "word": "I",
          "originalText": "I",
          "characterOffsetBegin": 338,
          "characterOffsetEnd": 339,
          "before": " ",
          "after": " "
        },
        {
          "index": 3,
          "word": "do",
          "originalText": "do",
          "characterOffsetBegin": 340,
          "characterOffsetEnd": 342,
          "before": " ",
          "after": ""
        },
        {
          "index": 4,
          "word": "n't",
          "originalText": "n't",
          "characterOffsetBegin": 342,
          "characterOffsetEnd": 345,
          "before": "",
          "after": " "
        },
        {
          "index": 5,
          "word": "have",
          "originalText": "have",
          "characterOffsetBegin": 346,
          "characterOffsetEnd": 350,
          "before": " ",
          "after": " "
        },
        {
          "index": 6,
          "word": "to",
          "originalText": "to",
          "characterOffsetBegin": 351,
          "characterOffsetEnd": 353,
          "before": " ",
          "after": " "
        },
        {
          "index": 7,
          "word": "cry",
          "originalText": "cry",
          "characterOffsetBegin": 354,
          "characterOffsetEnd": 357,
          "before": " ",
          "after": " "
        },
        {
          "index": 8,
          "word": "again",
          "originalText": "again",
          "characterOffsetBegin": 358,
          "characterOffsetEnd": 363,
          "before": " ",
          "after": " "
        },
        {
          "index": 9,
          "word": "on",
          "originalText": "on",
          "characterOffsetBegin": 364,
          "characterOffsetEnd": 366,
          "before": " ",
          "after": " "
        },
        {
          "index": 10,
          "word": "the",
          "originalText": "the",
          "characterOffsetBegin": 367,
          "characterOffsetEnd": 370,
          "before": " ",
          "after": " "
        },
        {
          "index": 11,
          "word": "phone",
          "originalText": "phone",
          "characterOffsetBegin": 371,
          "characterOffsetEnd": 376,
          "before": " ",
          "after": ""
        },
        {
          "index": 12,
          "word": "?",
          "originalText": "?",
          "characterOffsetBegin": 376,
          "characterOffsetEnd": 377,
          "before": "",
          "after": ""
        }
      ]
    },
    {
      "index": 5,
      "tokens": [
        {
          "index": 1,
          "word": "Agent",
          "originalText": "Agent",
          "characterOffsetBegin": 379,
          "characterOffsetEnd": 384,
          "before": "",
          "after": ""
        },
        {
          "index": 2,
          "word": ":",
          "originalText": ":",
          "characterOffsetBegin": 384,
          "characterOffsetEnd": 385,
          "before": "",
          "after": " "
        },
        {
          "index": 3,
          "word": "@",
          "originalText": "@",
          "characterOffsetBegin": 386,
          "characterOffsetEnd": 387,
          "before": " ",
          "after": ""
        },
        {
          "index": 4,
          "word": "806084",
          "originalText": "806084",
          "characterOffsetBegin": 387,
          "characterOffsetEnd": 393,
          "before": "",
          "after": " "
        },
        {
          "index": 5,
          "word": "Are",
          "originalText": "Are",
          "characterOffsetBegin": 394,
          "characterOffsetEnd": 397,
          "before": " ",
          "after": " "
        },
        {
          "index": 6,
          "word": "you",
          "originalText": "you",
          "characterOffsetBegin": 398,
          "characterOffsetEnd": 401,
          "before": " ",
          "after": " "
        },
        {
          "index": 7,
          "word": "having",
          "originalText": "having",
          "characterOffsetBegin": 402,
          "characterOffsetEnd": 408,
          "before": " ",
          "after": " "
        },
        {
          "index": 8,
          "word": "trouble",
          "originalText": "trouble",
          "characterOffsetBegin": 409,
          "characterOffsetEnd": 416,
          "before": " ",
          "after": " "
        },
        {
          "index": 9,
          "word": "with",
          "originalText": "with",
          "characterOffsetBegin": 417,
          "characterOffsetEnd": 421,
          "before": " ",
          "after": " "
        },
        {
          "index": 10,
          "word": "your",
          "originalText": "your",
          "characterOffsetBegin": 422,
          "characterOffsetEnd": 426,
          "before": " ",
          "after": " "
        },
        {
          "index": 11,
          "word": "residential",
          "originalText": "residential",
          "characterOffsetBegin": 427,
          "characterOffsetEnd": 438,
          "before": " ",
          "after": " "
        },
        {
          "index": 12,
          "word": "or",
          "originalText": "or",
          "characterOffsetBegin": 439,
          "characterOffsetEnd": 441,
          "before": " ",
          "after": " "
        },
        {
          "index": 13,
          "word": "cellular",
          "originalText": "cellular",
          "characterOffsetBegin": 442,
          "characterOffsetEnd": 450,
          "before": " ",
          "after": " "
        },
        {
          "index": 14,
          "word": "service",
          "originalText": "service",
          "characterOffsetBegin": 451,
          "characterOffsetEnd": 458,
          "before": " ",
          "after": " "
        },
        {
          "index": 15,
          "word": "bill",
          "originalText": "bill",
          "characterOffsetBegin": 459,
          "characterOffsetEnd": 463,
          "before": " ",
          "after": ""
        },
        {
          "index": 16,
          "word": "?",
          "originalText": "?",
          "characterOffsetBegin": 463,
          "characterOffsetEnd": 464,
          "before": "",
          "after": ""
        }
      ]
    },
    {
      "index": 6,
      "tokens": [
        {
          "index": 1,
          "word": "Customer",
          "originalText": "Customer",
          "characterOffsetBegin": 466,
          "characterOffsetEnd": 474,
          "before": "",
          "after": ""
        },
        {
          "index": 2,
          "word": ":",
          "originalText": ":",
          "characterOffsetBegin": 474,
          "characterOffsetEnd": 475,
          "before": "",
          "after": " "
        },
        {
          "index": 3,
          "word": "@VerizonSupport",
          "originalText": "@VerizonSupport",
          "characterOffsetBegin": 476,
          "characterOffsetEnd": 491,
          "before": " ",
          "after": " "
        },
        {
          "index": 4,
          "word": "I",
          "originalText": "I",
          "characterOffsetBegin": 492,
          "characterOffsetEnd": 493,
          "before": " ",
          "after": " "
        },
        {
          "index": 5,
          "word": "am",
          "originalText": "am",
          "characterOffsetBegin": 494,
          "characterOffsetEnd": 496,
          "before": " ",
          "after": " "
        },
        {
          "index": 6,
          "word": "having",
          "originalText": "having",
          "characterOffsetBegin": 497,
          "characterOffsetEnd": 503,
          "before": " ",
          "after": " "
        },
        {
          "index": 7,
          "word": "billing",
          "originalText": "billing",
          "characterOffsetBegin": 504,
          "characterOffsetEnd": 511,
          "before": " ",
          "after": " "
        },
        {
          "index": 8,
          "word": "issues",
          "originalText": "issues",
          "characterOffsetBegin": 512,
          "characterOffsetEnd": 518,
          "before": " ",
          "after": " "
        },
        {
          "index": 9,
          "word": "with",
          "originalText": "with",
          "characterOffsetBegin": 519,
          "characterOffsetEnd": 523,
          "before": " ",
          "after": " "
        },
        {
          "index": 10,
          "word": "fios",
          "originalText": "fios",
          "characterOffsetBegin": 524,
          "characterOffsetEnd": 528,
          "before": " ",
          "after": " "
        },
        {
          "index": 11,
          "word": "tv",
          "originalText": "tv",
          "characterOffsetBegin": 529,
          "characterOffsetEnd": 531,
          "before": " ",
          "after": " "
        },
        {
          "index": 12,
          "word": "and",
          "originalText": "and",
          "characterOffsetBegin": 532,
          "characterOffsetEnd": 535,
          "before": " ",
          "after": " "
        },
        {
          "index": 13,
          "word": "internet",
          "originalText": "internet",
          "characterOffsetBegin": 536,
          "characterOffsetEnd": 544,
          "before": " ",
          "after": ""
        }
      ]
    },
    {
      "index": 7,
      "tokens": [
        {
          "index": 1,
          "word": "Agent",
          "originalText": "Agent",
          "characterOffsetBegin": 546,
          "characterOffsetEnd": 551,
          "before": "",
          "after": ""
        },
        {
          "index": 2,
          "word": ":",
          "originalText": ":",
          "characterOffsetBegin": 551,
          "characterOffsetEnd": 552,
          "before": "",
          "after": " "
        },
        {
          "index": 3,
          "word": "@",
          "originalText": "@",
          "characterOffsetBegin": 553,
          "characterOffsetEnd": 554,
          "before": " ",
          "after": ""
        },
        {
          "index": 4,
          "word": "806084",
          "originalText": "806084",
          "characterOffsetBegin": 554,
          "characterOffsetEnd": 560,
          "before": "",
          "after": " "
        },
        {
          "index": 5,
          "word": "We",
          "originalText": "We",
          "characterOffsetBegin": 561,
          "characterOffsetEnd": 563,
          "before": " ",
          "after": " "
        },
        {
          "index": 6,
          "word": "are",
          "originalText": "are",
          "characterOffsetBegin": 564,
          "characterOffsetEnd": 567,
          "before": " ",
          "after": " "
        },
        {
          "index": 7,
          "word": "unable",
          "originalText": "unable",
          "characterOffsetBegin": 568,
          "characterOffsetEnd": 574,
          "before": " ",
          "after": " "
        },
        {
          "index": 8,
          "word": "to",
          "originalText": "to",
          "characterOffsetBegin": 575,
          "characterOffsetEnd": 577,
          "before": " ",
          "after": " "
        },
        {
          "index": 9,
          "word": "assist",
          "originalText": "assist",
          "characterOffsetBegin": 578,
          "characterOffsetEnd": 584,
          "before": " ",
          "after": " "
        },
        {
          "index": 10,
          "word": "you",
          "originalText": "you",
          "characterOffsetBegin": 585,
          "characterOffsetEnd": 588,
          "before": " ",
          "after": " "
        },
        {
          "index": 11,
          "word": "if",
          "originalText": "if",
          "characterOffsetBegin": 589,
          "characterOffsetEnd": 591,
          "before": " ",
          "after": " "
        },
        {
          "index": 12,
          "word": "you",
          "originalText": "you",
          "characterOffsetBegin": 592,
          "characterOffsetEnd": 595,
          "before": " ",
          "after": " "
        },
        {
          "index": 13,
          "word": "are",
          "originalText": "are",
          "characterOffsetBegin": 596,
          "characterOffsetEnd": 599,
          "before": " ",
          "after": " "
        },
        {
          "index": 14,
          "word": "on",
          "originalText": "on",
          "characterOffsetBegin": 600,
          "characterOffsetEnd": 602,
          "before": " ",
          "after": " "
        },
        {
          "index": 15,
          "word": "the",
          "originalText": "the",
          "characterOffsetBegin": 603,
          "characterOffsetEnd": 606,
          "before": " ",
          "after": " "
        },
        {
          "index": 16,
          "word": "phone",
          "originalText": "phone",
          "characterOffsetBegin": 607,
          "characterOffsetEnd": 612,
          "before": " ",
          "after": " "
        },
        {
          "index": 17,
          "word": "with",
          "originalText": "with",
          "characterOffsetBegin": 613,
          "characterOffsetEnd": 617,
          "before": " ",
          "after": " "
        },
        {
          "index": 18,
          "word": "another",
          "originalText": "another",
          "characterOffsetBegin": 618,
          "characterOffsetEnd": 625,
          "before": " ",
          "after": " "
        },
        {
          "index": 19,
          "word": "agent",
          "originalText": "agent",
          "characterOffsetBegin": 626,
          "characterOffsetEnd": 631,
          "before": " ",
          "after": ""
        },
        {
          "index": 20,
          "word": ",",
          "originalText": ",",
          "characterOffsetBegin": 631,
          "characterOffsetEnd": 632,
          "before": "",
          "after": " "
        },
        {
          "index": 21,
          "word": "please",
          "originalText": "please",
          "characterOffsetBegin": 633,
          "characterOffsetEnd": 639,
          "before": " ",
          "after": " "
        },
        {
          "index": 22,
          "word": "let",
          "originalText": "let",
          "characterOffsetBegin": 640,
          "characterOffsetEnd": 643,
          "before": " ",
          "after": " "
        },
        {
          "index": 23,
          "word": "us",
          "originalText": "us",
          "characterOffsetBegin": 644,
          "characterOffsetEnd": 646,
          "before": " ",
          "after": " "
        },
        {
          "index": 24,
          "word": "know",
          "originalText": "know",
          "characterOffsetBegin": 647,
          "characterOffsetEnd": 651,
          "before": " ",
          "after": " "
        },
        {
          "index": 25,
          "word": "if",
          "originalText": "if",
          "characterOffsetBegin": 652,
          "characterOffsetEnd": 654,
          "before": " ",
          "after": " "
        },
        {
          "index": 26,
          "word": "you",
          "originalText": "you",
          "characterOffsetBegin": 655,
          "characterOffsetEnd": 658,
          "before": " ",
          "after": " "
        },
        {
          "index": 27,
          "word": "need",
          "originalText": "need",
          "characterOffsetBegin": 659,
          "characterOffsetEnd": 663,
          "before": " ",
          "after": " "
        },
        {
          "index": 28,
          "word": "additional",
          "originalText": "additional",
          "characterOffsetBegin": 664,
          "characterOffsetEnd": 674,
          "before": " ",
          "after": " "
        },
        {
          "index": 29,
          "word": "assistance",
          "originalText": "assistance",
          "characterOffsetBegin": 675,
          "characterOffsetEnd": 685,
          "before": " ",
          "after": " "
        },
        {
          "index": 30,
          "word": "after",
          "originalText": "after",
          "characterOffsetBegin": 686,
          "characterOffsetEnd": 691,
          "before": " ",
          "after": " "
        },
        {
          "index": 31,
          "word": "the",
          "originalText": "the",
          "characterOffsetBegin": 692,
          "characterOffsetEnd": 695,
          "before": " ",
          "after": " "
        },
        {
          "index": 32,
          "word": "call",
          "originalText": "call",
          "characterOffsetBegin": 696,
          "characterOffsetEnd": 700,
          "before": " ",
          "after": ""
        },
        {
          "index": 33,
          "word": ".",
          "originalText": ".",
          "characterOffsetBegin": 700,
          "characterOffsetEnd": 701,
          "before": "",
          "after": ""
        }
      ]
    },
    {
      "index": 8,
      "tokens": [
        {
          "index": 1,
          "word": "Customer",
          "originalText": "Customer",
          "characterOffsetBegin": 703,
          "characterOffsetEnd": 711,
          "before": "",
          "after": ""
        },
        {
          "index": 2,
          "word": ":",
          "originalText": ":",
          "characterOffsetBegin": 711,
          "characterOffsetEnd": 712,
          "before": "",
          "after": " "
        },
        {
          "index": 3,
          "word": "@VerizonSupport",
          "originalText": "@VerizonSupport",
          "characterOffsetBegin": 713,
          "characterOffsetEnd": 728,
          "before": " ",
          "after": " "
        },
        {
          "index": 4,
          "word": "So",
          "originalText": "So",
          "characterOffsetBegin": 729,
          "characterOffsetEnd": 731,
          "before": " ",
          "after": " "
        },
        {
          "index": 5,
          "word": "you",
          "originalText": "you",
          "characterOffsetBegin": 732,
          "characterOffsetEnd": 735,
          "before": " ",
          "after": " "
        },
        {
          "index": 6,
          "word": "actually",
          "originalText": "actually",
          "characterOffsetBegin": 736,
          "characterOffsetEnd": 744,
          "before": " ",
          "after": " "
        },
        {
          "index": 7,
          "word": "want",
          "originalText": "want",
          "characterOffsetBegin": 745,
          "characterOffsetEnd": 749,
          "before": " ",
          "after": " "
        },
        {
          "index": 8,
          "word": "me",
          "originalText": "me",
          "characterOffsetBegin": 750,
          "characterOffsetEnd": 752,
          "before": " ",
          "after": " "
        },
        {
          "index": 9,
          "word": "to",
          "originalText": "to",
          "characterOffsetBegin": 753,
          "characterOffsetEnd": 755,
          "before": " ",
          "after": " "
        },
        {
          "index": 10,
          "word": "hang",
          "originalText": "hang",
          "characterOffsetBegin": 756,
          "characterOffsetEnd": 760,
          "before": " ",
          "after": " "
        },
        {
          "index": 11,
          "word": "up",
          "originalText": "up",
          "characterOffsetBegin": 761,
          "characterOffsetEnd": 763,
          "before": " ",
          "after": " "
        },
        {
          "index": 12,
          "word": "on",
          "originalText": "on",
          "characterOffsetBegin": 764,
          "characterOffsetEnd": 766,
          "before": " ",
          "after": " "
        },
        {
          "index": 13,
          "word": "the",
          "originalText": "the",
          "characterOffsetBegin": 767,
          "characterOffsetEnd": 770,
          "before": " ",
          "after": " "
        },
        {
          "index": 14,
          "word": "person",
          "originalText": "person",
          "characterOffsetBegin": 771,
          "characterOffsetEnd": 777,
          "before": " ",
          "after": " "
        },
        {
          "index": 15,
          "word": "I",
          "originalText": "I",
          "characterOffsetBegin": 778,
          "characterOffsetEnd": 779,
          "before": " ",
          "after": " "
        },
        {
          "index": 16,
          "word": "am",
          "originalText": "am",
          "characterOffsetBegin": 780,
          "characterOffsetEnd": 782,
          "before": " ",
          "after": " "
        },
        {
          "index": 17,
          "word": "now",
          "originalText": "now",
          "characterOffsetBegin": 783,
          "characterOffsetEnd": 786,
          "before": " ",
          "after": " "
        },
        {
          "index": 18,
          "word": "on",
          "originalText": "on",
          "characterOffsetBegin": 787,
          "characterOffsetEnd": 789,
          "before": " ",
          "after": " "
        },
        {
          "index": 19,
          "word": "the",
          "originalText": "the",
          "characterOffsetBegin": 790,
          "characterOffsetEnd": 793,
          "before": " ",
          "after": " "
        },
        {
          "index": 20,
          "word": "phone",
          "originalText": "phone",
          "characterOffsetBegin": 794,
          "characterOffsetEnd": 799,
          "before": " ",
          "after": " "
        },
        {
          "index": 21,
          "word": "with",
          "originalText": "with",
          "characterOffsetBegin": 800,
          "characterOffsetEnd": 804,
          "before": " ",
          "after": ""
        },
        {
          "index": 22,
          "word": ",",
          "originalText": ",",
          "characterOffsetBegin": 804,
          "characterOffsetEnd": 805,
          "before": "",
          "after": " "
        },
        {
          "index": 23,
          "word": "in",
          "originalText": "in",
          "characterOffsetBegin": 806,
          "characterOffsetEnd": 808,
          "before": " ",
          "after": " "
        },
        {
          "index": 24,
          "word": "the",
          "originalText": "the",
          "characterOffsetBegin": 809,
          "characterOffsetEnd": 812,
          "before": " ",
          "after": " "
        },
        {
          "index": 25,
          "word": "hopes",
          "originalText": "hopes",
          "characterOffsetBegin": 813,
          "characterOffsetEnd": 818,
          "before": " ",
          "after": " "
        },
        {
          "index": 26,
          "word": "that",
          "originalText": "that",
          "characterOffsetBegin": 819,
          "characterOffsetEnd": 823,
          "before": " ",
          "after": " "
        },
        {
          "index": 27,
          "word": "you",
          "originalText": "you",
          "characterOffsetBegin": 824,
          "characterOffsetEnd": 827,
          "before": " ",
          "after": " "
        },
        {
          "index": 28,
          "word": "will",
          "originalText": "will",
          "characterOffsetBegin": 828,
          "characterOffsetEnd": 832,
          "before": " ",
          "after": " "
        },
        {
          "index": 29,
          "word": "call",
          "originalText": "call",
          "characterOffsetBegin": 833,
          "characterOffsetEnd": 837,
          "before": " ",
          "after": " "
        },
        {
          "index": 30,
          "word": "me",
          "originalText": "me",
          "characterOffsetBegin": 838,
          "characterOffsetEnd": 840,
          "before": " ",
          "after": ""
        },
        {
          "index": 31,
          "word": "?",
          "originalText": "?",
          "characterOffsetBegin": 840,
          "characterOffsetEnd": 841,
          "before": "",
          "after": ""
        }
      ]
    },
    {
      "index": 9,
      "tokens": [
        {
          "index": 1,
          "word": "Seems",
          "originalText": "Seems",
          "characterOffsetBegin": 843,
          "characterOffsetEnd": 848,
          "before": "",
          "after": " "
        },
        {
          "index": 2,
          "word": "counter",
          "originalText": "counter",
          "characterOffsetBegin": 849,
          "characterOffsetEnd": 856,
          "before": " ",
          "after": " "
        },
        {
          "index": 3,
          "word": "productive",
          "originalText": "productive",
          "characterOffsetBegin": 857,
          "characterOffsetEnd": 867,
          "before": " ",
          "after": ""
        },
        {
          "index": 4,
          "word": ".",
          "originalText": ".",
          "characterOffsetBegin": 867,
          "characterOffsetEnd": 868,
          "before": "",
          "after": ""
        }
      ]
    },
    {
      "index": 10,
      "tokens": [
        {
          "index": 1,
          "word": "Agent",
          "originalText": "Agent",
          "characterOffsetBegin": 870,
          "characterOffsetEnd": 875,
          "before": "",
          "after": ""
        },
        {
          "index": 2,
          "word": ":",
          "originalText": ":",
          "characterOffsetBegin": 875,
          "characterOffsetEnd": 876,
          "before": "",
          "after": " "
        },
        {
          "index": 3,
          "word": "@",
          "originalText": "@",
          "characterOffsetBegin": 877,
          "characterOffsetEnd": 878,
          "before": " ",
          "after": ""
        },
        {
          "index": 4,
          "word": "806084",
          "originalText": "806084",
          "characterOffsetBegin": 878,
          "characterOffsetEnd": 884,
          "before": "",
          "after": " "
        },
        {
          "index": 5,
          "word": "No",
          "originalText": "No",
          "characterOffsetBegin": 885,
          "characterOffsetEnd": 887,
          "before": " ",
          "after": ""
        },
        {
          "index": 6,
          "word": ",",
          "originalText": ",",
          "characterOffsetBegin": 887,
          "characterOffsetEnd": 888,
          "before": "",
          "after": " "
        },
        {
          "index": 7,
          "word": "we",
          "originalText": "we",
          "characterOffsetBegin": 889,
          "characterOffsetEnd": 891,
          "before": " ",
          "after": " "
        },
        {
          "index": 8,
          "word": "work",
          "originalText": "work",
          "characterOffsetBegin": 892,
          "characterOffsetEnd": 896,
          "before": " ",
          "after": " "
        },
        {
          "index": 9,
          "word": "online",
          "originalText": "online",
          "characterOffsetBegin": 897,
          "characterOffsetEnd": 903,
          "before": " ",
          "after": " "
        },
        {
          "index": 10,
          "word": "only",
          "originalText": "only",
          "characterOffsetBegin": 904,
          "characterOffsetEnd": 908,
          "before": " ",
          "after": " "
        },
        {
          "index": 11,
          "word": "but",
          "originalText": "but",
          "characterOffsetBegin": 909,
          "characterOffsetEnd": 912,
          "before": " ",
          "after": " "
        },
        {
          "index": 12,
          "word": "can",
          "originalText": "can",
          "characterOffsetBegin": 913,
          "characterOffsetEnd": 916,
          "before": " ",
          "after": ""
        },
        {
          "index": 13,
          "word": "not",
          "originalText": "not",
          "characterOffsetBegin": 916,
          "characterOffsetEnd": 919,
          "before": "",
          "after": " "
        },
        {
          "index": 14,
          "word": "assist",
          "originalText": "assist",
          "characterOffsetBegin": 920,
          "characterOffsetEnd": 926,
          "before": " ",
          "after": " "
        },
        {
          "index": 15,
          "word": "while",
          "originalText": "while",
          "characterOffsetBegin": 927,
          "characterOffsetEnd": 932,
          "before": " ",
          "after": " "
        },
        {
          "index": 16,
          "word": "you",
          "originalText": "you",
          "characterOffsetBegin": 933,
          "characterOffsetEnd": 936,
          "before": " ",
          "after": " "
        },
        {
          "index": 17,
          "word": "are",
          "originalText": "are",
          "characterOffsetBegin": 937,
          "characterOffsetEnd": 940,
          "before": " ",
          "after": " "
        },
        {
          "index": 18,
          "word": "working",
          "originalText": "working",
          "characterOffsetBegin": 941,
          "characterOffsetEnd": 948,
          "before": " ",
          "after": " "
        },
        {
          "index": 19,
          "word": "with",
          "originalText": "with",
          "characterOffsetBegin": 949,
          "characterOffsetEnd": 953,
          "before": " ",
          "after": " "
        },
        {
          "index": 20,
          "word": "someone",
          "originalText": "someone",
          "characterOffsetBegin": 954,
          "characterOffsetEnd": 961,
          "before": " ",
          "after": " "
        },
        {
          "index": 21,
          "word": "else",
          "originalText": "else",
          "characterOffsetBegin": 962,
          "characterOffsetEnd": 966,
          "before": " ",
          "after": " "
        },
        {
          "index": 22,
          "word": "already",
          "originalText": "already",
          "characterOffsetBegin": 967,
          "characterOffsetEnd": 974,
          "before": " ",
          "after": ""
        },
        {
          "index": 23,
          "word": ".",
          "originalText": ".",
          "characterOffsetBegin": 974,
          "characterOffsetEnd": 975,
          "before": "",
          "after": ""
        }
      ]
    },
    {
      "index": 11,
      "tokens": [
        {
          "index": 1,
          "word": "^",
          "originalText": "^",
          "characterOffsetBegin": 977,
          "characterOffsetEnd": 978,
          "before": "",
          "after": ""
        },
        {
          "index": 2,
          "word": "RMD",
          "originalText": "RMD",
          "characterOffsetBegin": 978,
          "characterOffsetEnd": 981,
          "before": "",
          "after": ""
        }
      ]
    },
    {
      "index": 12,
      "tokens": [
        {
          "index": 1,
          "word": "Customer",
          "originalText": "Customer",
          "characterOffsetBegin": 983,
          "characterOffsetEnd": 991,
          "before": "",
          "after": ""
        },
        {
          "index": 2,
          "word": ":",
          "originalText": ":",
          "characterOffsetBegin": 991,
          "characterOffsetEnd": 992,
          "before": "",
          "after": " "
        },
        {
          "index": 3,
          "word": "@VerizonSupport",
          "originalText": "@VerizonSupport",
          "characterOffsetBegin": 993,
          "characterOffsetEnd": 1008,
          "before": " ",
          "after": " "
        },
        {
          "index": 4,
          "word": "Well",
          "originalText": "Well",
          "characterOffsetBegin": 1009,
          "characterOffsetEnd": 1013,
          "before": " ",
          "after": " "
        },
        {
          "index": 5,
          "word": "I",
          "originalText": "I",
          "characterOffsetBegin": 1014,
          "characterOffsetEnd": 1015,
          "before": " ",
          "after": " "
        },
        {
          "index": 6,
          "word": "am",
          "originalText": "am",
          "characterOffsetBegin": 1016,
          "characterOffsetEnd": 1018,
          "before": " ",
          "after": " "
        },
        {
          "index": 7,
          "word": "off",
          "originalText": "off",
          "characterOffsetBegin": 1019,
          "characterOffsetEnd": 1022,
          "before": " ",
          "after": " "
        },
        {
          "index": 8,
          "word": "the",
          "originalText": "the",
          "characterOffsetBegin": 1023,
          "characterOffsetEnd": 1026,
          "before": " ",
          "after": " "
        },
        {
          "index": 9,
          "word": "phone",
          "originalText": "phone",
          "characterOffsetBegin": 1027,
          "characterOffsetEnd": 1032,
          "before": " ",
          "after": " "
        },
        {
          "index": 10,
          "word": "now",
          "originalText": "now",
          "characterOffsetBegin": 1033,
          "characterOffsetEnd": 1036,
          "before": " ",
          "after": ""
        },
        {
          "index": 11,
          "word": ",",
          "originalText": ",",
          "characterOffsetBegin": 1036,
          "characterOffsetEnd": 1037,
          "before": "",
          "after": " "
        },
        {
          "index": 12,
          "word": "and",
          "originalText": "and",
          "characterOffsetBegin": 1038,
          "characterOffsetEnd": 1041,
          "before": " ",
          "after": " "
        },
        {
          "index": 13,
          "word": "with",
          "originalText": "with",
          "characterOffsetBegin": 1042,
          "characterOffsetEnd": 1046,
          "before": " ",
          "after": " "
        },
        {
          "index": 14,
          "word": "no",
          "originalText": "no",
          "characterOffsetBegin": 1047,
          "characterOffsetEnd": 1049,
          "before": " ",
          "after": " "
        },
        {
          "index": 15,
          "word": "help",
          "originalText": "help",
          "characterOffsetBegin": 1050,
          "characterOffsetEnd": 1054,
          "before": " ",
          "after": " "
        },
        {
          "index": 16,
          "word": "to",
          "originalText": "to",
          "characterOffsetBegin": 1055,
          "characterOffsetEnd": 1057,
          "before": " ",
          "after": " "
        },
        {
          "index": 17,
          "word": "be",
          "originalText": "be",
          "characterOffsetBegin": 1058,
          "characterOffsetEnd": 1060,
          "before": " ",
          "after": " "
        },
        {
          "index": 18,
          "word": "found",
          "originalText": "found",
          "characterOffsetBegin": 1061,
          "characterOffsetEnd": 1066,
          "before": " ",
          "after": ""
        },
        {
          "index": 19,
          "word": "-",
          "originalText": "-",
          "characterOffsetBegin": 1066,
          "characterOffsetEnd": 1067,
          "before": "",
          "after": " "
        },
        {
          "index": 20,
          "word": "can",
          "originalText": "can",
          "characterOffsetBegin": 1068,
          "characterOffsetEnd": 1071,
          "before": " ",
          "after": " "
        },
        {
          "index": 21,
          "word": "you",
          "originalText": "you",
          "characterOffsetBegin": 1072,
          "characterOffsetEnd": 1075,
          "before": " ",
          "after": " "
        },
        {
          "index": 22,
          "word": "call",
          "originalText": "call",
          "characterOffsetBegin": 1076,
          "characterOffsetEnd": 1080,
          "before": " ",
          "after": " "
        },
        {
          "index": 23,
          "word": "me",
          "originalText": "me",
          "characterOffsetBegin": 1081,
          "characterOffsetEnd": 1083,
          "before": " ",
          "after": " "
        },
        {
          "index": 24,
          "word": "now",
          "originalText": "now",
          "characterOffsetBegin": 1084,
          "characterOffsetEnd": 1087,
          "before": " ",
          "after": ""
        },
        {
          "index": 25,
          "word": "?",
          "originalText": "?",
          "characterOffsetBegin": 1087,
          "characterOffsetEnd": 1088,
          "before": "",
          "after": ""
        }
      ]
    },
    {
      "index": 13,
      "tokens": [
        {
          "index": 1,
          "word": "Agent",
          "originalText": "Agent",
          "characterOffsetBegin": 1090,
          "characterOffsetEnd": 1095,
          "before": "",
          "after": ""
        },
        {
          "index": 2,
          "word": ":",
          "originalText": ":",
          "characterOffsetBegin": 1095,
          "characterOffsetEnd": 1096,
          "before": "",
          "after": " "
        },
        {
          "index": 3,
          "word": "@",
          "originalText": "@",
          "characterOffsetBegin": 1097,
          "characterOffsetEnd": 1098,
          "before": " ",
          "after": ""
        },
        {
          "index": 4,
          "word": "806084",
          "originalText": "806084",
          "characterOffsetBegin": 1098,
          "characterOffsetEnd": 1104,
          "before": "",
          "after": " "
        },
        {
          "index": 5,
          "word": "As",
          "originalText": "As",
          "characterOffsetBegin": 1105,
          "characterOffsetEnd": 1107,
          "before": " ",
          "after": " "
        },
        {
          "index": 6,
          "word": "stated",
          "originalText": "stated",
          "characterOffsetBegin": 1108,
          "characterOffsetEnd": 1114,
          "before": " ",
          "after": ""
        },
        {
          "index": 7,
          "word": ",",
          "originalText": ",",
          "characterOffsetBegin": 1114,
          "characterOffsetEnd": 1115,
          "before": "",
          "after": " "
        },
        {
          "index": 8,
          "word": "we",
          "originalText": "we",
          "characterOffsetBegin": 1116,
          "characterOffsetEnd": 1118,
          "before": " ",
          "after": " "
        },
        {
          "index": 9,
          "word": "are",
          "originalText": "are",
          "characterOffsetBegin": 1119,
          "characterOffsetEnd": 1122,
          "before": " ",
          "after": " "
        },
        {
          "index": 10,
          "word": "a",
          "originalText": "a",
          "characterOffsetBegin": 1123,
          "characterOffsetEnd": 1124,
          "before": " ",
          "after": " "
        },
        {
          "index": 11,
          "word": "small",
          "originalText": "small",
          "characterOffsetBegin": 1125,
          "characterOffsetEnd": 1130,
          "before": " ",
          "after": " "
        },
        {
          "index": 12,
          "word": "group",
          "originalText": "group",
          "characterOffsetBegin": 1131,
          "characterOffsetEnd": 1136,
          "before": " ",
          "after": " "
        },
        {
          "index": 13,
          "word": "that",
          "originalText": "that",
          "characterOffsetBegin": 1137,
          "characterOffsetEnd": 1141,
          "before": " ",
          "after": " "
        },
        {
          "index": 14,
          "word": "does",
          "originalText": "does",
          "characterOffsetBegin": 1142,
          "characterOffsetEnd": 1146,
          "before": " ",
          "after": " "
        },
        {
          "index": 15,
          "word": "not",
          "originalText": "not",
          "characterOffsetBegin": 1147,
          "characterOffsetEnd": 1150,
          "before": " ",
          "after": " "
        },
        {
          "index": 16,
          "word": "call",
          "originalText": "call",
          "characterOffsetBegin": 1151,
          "characterOffsetEnd": 1155,
          "before": " ",
          "after": ""
        },
        {
          "index": 17,
          "word": ".",
          "originalText": ".",
          "characterOffsetBegin": 1155,
          "characterOffsetEnd": 1156,
          "before": "",
          "after": ""
        }
      ]
    },
    {
      "index": 14,
      "tokens": [
        {
          "index": 1,
          "word": "We",
          "originalText": "We",
          "characterOffsetBegin": 1158,
          "characterOffsetEnd": 1160,
          "before": "",
          "after": " "
        },
        {
          "index": 2,
          "word": "work",
          "originalText": "work",
          "characterOffsetBegin": 1161,
          "characterOffsetEnd": 1165,
          "before": " ",
          "after": " "
        },
        {
          "index": 3,
          "word": "in",
          "originalText": "in",
          "characterOffsetBegin": 1166,
          "characterOffsetEnd": 1168,
          "before": " ",
          "after": " "
        },
        {
          "index": 4,
          "word": "the",
          "originalText": "the",
          "characterOffsetBegin": 1169,
          "characterOffsetEnd": 1172,
          "before": " ",
          "after": " "
        },
        {
          "index": 5,
          "word": "social",
          "originalText": "social",
          "characterOffsetBegin": 1173,
          "characterOffsetEnd": 1179,
          "before": " ",
          "after": " "
        },
        {
          "index": 6,
          "word": "space",
          "originalText": "space",
          "characterOffsetBegin": 1180,
          "characterOffsetEnd": 1185,
          "before": " ",
          "after": ""
        },
        {
          "index": 7,
          "word": ".",
          "originalText": ".",
          "characterOffsetBegin": 1185,
          "characterOffsetEnd": 1186,
          "before": "",
          "after": ""
        }
      ]
    },
    {
      "index": 15,
      "tokens": [
        {
          "index": 1,
          "word": "Please",
          "originalText": "Please",
          "characterOffsetBegin": 1188,
          "characterOffsetEnd": 1194,
          "before": "",
          "after": " "
        },
        {
          "index": 2,
          "word": "follow",
          "originalText": "follow",
          "characterOffsetBegin": 1195,
          "characterOffsetEnd": 1201,
          "before": " ",
          "after": " "
        },
        {
          "index": 3,
          "word": "and",
          "originalText": "and",
          "characterOffsetBegin": 1202,
          "characterOffsetEnd": 1205,
          "before": " ",
          "after": " "
        },
        {
          "index": 4,
          "word": "DM",
          "originalText": "DM",
          "characterOffsetBegin": 1206,
          "characterOffsetEnd": 1208,
          "before": " ",
          "after": " "
        },
        {
          "index": 5,
          "word": "us",
          "originalText": "us",
          "characterOffsetBegin": 1209,
          "characterOffsetEnd": 1211,
          "before": " ",
          "after": ""
        },
        {
          "index": 6,
          "word": ".",
          "originalText": ".",
          "characterOffsetBegin": 1211,
          "characterOffsetEnd": 1212,
          "before": "",
          "after": ""
        }
      ]
    },
    {
      "index": 16,
      "tokens": [
        {
          "index": 1,
          "word": "^",
          "originalText": "^",
          "characterOffsetBegin": 1214,
          "characterOffsetEnd": 1215,
          "before": "",
          "after": ""
        },
        {
          "index": 2,
          "word": "RMD",
          "originalText": "RMD",
          "characterOffsetBegin": 1215,
          "characterOffsetEnd": 1218,
          "before": "",
          "after": ""
        }
      ]
    },
    {
      "index": 17,
      "tokens": [
        {
          "index": 1,
          "word": "Customer",
          "originalText": "Customer",
          "characterOffsetBegin": 1220,
          "characterOffsetEnd": 1228,
          "before": "",
          "after": ""
        },
        {
          "index": 2,
          "word": ":",
          "originalText": ":",
          "characterOffsetBegin": 1228,
          "characterOffsetEnd": 1229,
          "before": "",
          "after": " "
        },
        {
          "index": 3,
          "word": "@VerizonSupport",
          "originalText": "@VerizonSupport",
          "characterOffsetBegin": 1230,
          "characterOffsetEnd": 1245,
          "before": " ",
          "after": " "
        },
        {
          "index": 4,
          "word": "Well",
          "originalText": "Well",
          "characterOffsetBegin": 1246,
          "characterOffsetEnd": 1250,
          "before": " ",
          "after": " "
        },
        {
          "index": 5,
          "word": "maybe",
          "originalText": "maybe",
          "characterOffsetBegin": 1251,
          "characterOffsetEnd": 1256,
          "before": " ",
          "after": " "
        },
        {
          "index": 6,
          "word": "if",
          "originalText": "if",
          "characterOffsetBegin": 1257,
          "characterOffsetEnd": 1259,
          "before": " ",
          "after": " "
        },
        {
          "index": 7,
          "word": "you",
          "originalText": "you",
          "characterOffsetBegin": 1260,
          "characterOffsetEnd": 1263,
          "before": " ",
          "after": " "
        },
        {
          "index": 8,
          "word": "looked",
          "originalText": "looked",
          "characterOffsetBegin": 1264,
          "characterOffsetEnd": 1270,
          "before": " ",
          "after": " "
        },
        {
          "index": 9,
          "word": "at",
          "originalText": "at",
          "characterOffsetBegin": 1271,
          "characterOffsetEnd": 1273,
          "before": " ",
          "after": " "
        },
        {
          "index": 10,
          "word": "your",
          "originalText": "your",
          "characterOffsetBegin": 1274,
          "characterOffsetEnd": 1278,
          "before": " ",
          "after": " "
        },
        {
          "index": 11,
          "word": "DMs",
          "originalText": "DMs",
          "characterOffsetBegin": 1279,
          "characterOffsetEnd": 1282,
          "before": " ",
          "after": " "
        },
        {
          "index": 12,
          "word": "more",
          "originalText": "more",
          "characterOffsetBegin": 1283,
          "characterOffsetEnd": 1287,
          "before": " ",
          "after": " "
        },
        {
          "index": 13,
          "word": "often",
          "originalText": "often",
          "characterOffsetBegin": 1288,
          "characterOffsetEnd": 1293,
          "before": " ",
          "after": ""
        },
        {
          "index": 14,
          "word": "...",
          "originalText": "...",
          "characterOffsetBegin": 1293,
          "characterOffsetEnd": 1296,
          "before": "",
          "after": ""
        }
      ]
    },
    {
      "index": 18,
      "tokens": [
        {
          "index": 1,
          "word": "@highlight",
          "originalText": "@highlight",
          "characterOffsetBegin": 1298,
          "characterOffsetEnd": 1308,
          "before": "",
          "after": ""
        }
      ]
    },
    {
      "index": 19,
      "tokens": [
        {
          "index": 1,
          "word": "Customer",
          "originalText": "Customer",
          "characterOffsetBegin": 1310,
          "characterOffsetEnd": 1318,
          "before": "",
          "after": ""
        },
        {
          "index": 2,
          "word": ":",
          "originalText": ":",
          "characterOffsetBegin": 1318,
          "characterOffsetEnd": 1319,
          "before": "",
          "after": " "
        },
        {
          "index": 3,
          "word": "@VerizonSupport",
          "originalText": "@VerizonSupport",
          "characterOffsetBegin": 1320,
          "characterOffsetEnd": 1335,
          "before": " ",
          "after": " "
        },
        {
          "index": 4,
          "word": "Tell",
          "originalText": "Tell",
          "characterOffsetBegin": 1336,
          "characterOffsetEnd": 1340,
          "before": " ",
          "after": " "
        },
        {
          "index": 5,
          "word": "me",
          "originalText": "me",
          "characterOffsetBegin": 1341,
          "characterOffsetEnd": 1343,
          "before": " ",
          "after": " "
        },
        {
          "index": 6,
          "word": "-",
          "originalText": "-",
          "characterOffsetBegin": 1344,
          "characterOffsetEnd": 1345,
          "before": " ",
          "after": " "
        },
        {
          "index": 7,
          "word": "can",
          "originalText": "can",
          "characterOffsetBegin": 1346,
          "characterOffsetEnd": 1349,
          "before": " ",
          "after": " "
        },
        {
          "index": 8,
          "word": "you",
          "originalText": "you",
          "characterOffsetBegin": 1350,
          "characterOffsetEnd": 1353,
          "before": " ",
          "after": " "
        },
        {
          "index": 9,
          "word": "get",
          "originalText": "get",
          "characterOffsetBegin": 1354,
          "characterOffsetEnd": 1357,
          "before": " ",
          "after": " "
        },
        {
          "index": 10,
          "word": "a",
          "originalText": "a",
          "characterOffsetBegin": 1358,
          "characterOffsetEnd": 1359,
          "before": " ",
          "after": " "
        },
        {
          "index": 11,
          "word": "manager",
          "originalText": "manager",
          "characterOffsetBegin": 1360,
          "characterOffsetEnd": 1367,
          "before": " ",
          "after": " "
        },
        {
          "index": 12,
          "word": "from",
          "originalText": "from",
          "characterOffsetBegin": 1368,
          "characterOffsetEnd": 1372,
          "before": " ",
          "after": " "
        },
        {
          "index": 13,
          "word": "the",
          "originalText": "the",
          "characterOffsetBegin": 1373,
          "characterOffsetEnd": 1376,
          "before": " ",
          "after": " "
        },
        {
          "index": 14,
          "word": "billing",
          "originalText": "billing",
          "characterOffsetBegin": 1377,
          "characterOffsetEnd": 1384,
          "before": " ",
          "after": " "
        },
        {
          "index": 15,
          "word": "department",
          "originalText": "department",
          "characterOffsetBegin": 1385,
          "characterOffsetEnd": 1395,
          "before": " ",
          "after": " "
        },
        {
          "index": 16,
          "word": "and",
          "originalText": "and",
          "characterOffsetBegin": 1396,
          "characterOffsetEnd": 1399,
          "before": " ",
          "after": " "
        },
        {
          "index": 17,
          "word": "services",
          "originalText": "services",
          "characterOffsetBegin": 1400,
          "characterOffsetEnd": 1408,
          "before": " ",
          "after": " "
        },
        {
          "index": 18,
          "word": "to",
          "originalText": "to",
          "characterOffsetBegin": 1409,
          "characterOffsetEnd": 1411,
          "before": " ",
          "after": " "
        },
        {
          "index": 19,
          "word": "just",
          "originalText": "just",
          "characterOffsetBegin": 1412,
          "characterOffsetEnd": 1416,
          "before": " ",
          "after": " "
        },
        {
          "index": 20,
          "word": "call",
          "originalText": "call",
          "characterOffsetBegin": 1417,
          "characterOffsetEnd": 1421,
          "before": " ",
          "after": " "
        },
        {
          "index": 21,
          "word": "me",
          "originalText": "me",
          "characterOffsetBegin": 1422,
          "characterOffsetEnd": 1424,
          "before": " ",
          "after": " "
        },
        {
          "index": 22,
          "word": "back",
          "originalText": "back",
          "characterOffsetBegin": 1425,
          "characterOffsetEnd": 1429,
          "before": " ",
          "after": " "
        },
        {
          "index": 23,
          "word": "directly",
          "originalText": "directly",
          "characterOffsetBegin": 1430,
          "characterOffsetEnd": 1438,
          "before": " ",
          "after": ""
        },
        {
          "index": 24,
          "word": "?",
          "originalText": "?",
          "characterOffsetBegin": 1438,
          "characterOffsetEnd": 1439,
          "before": "",
          "after": ""
        }
      ]
    },
    {
      "index": 20,
      "tokens": [
        {
          "index": 1,
          "word": "@highlight",
          "originalText": "@highlight",
          "characterOffsetBegin": 1441,
          "characterOffsetEnd": 1451,
          "before": "",
          "after": ""
        }
      ]
    },
    {
      "index": 21,
      "tokens": [
        {
          "index": 1,
          "word": "Agent",
          "originalText": "Agent",
          "characterOffsetBegin": 1453,
          "characterOffsetEnd": 1458,
          "before": "",
          "after": ""
        },
        {
          "index": 2,
          "word": ":",
          "originalText": ":",
          "characterOffsetBegin": 1458,
          "characterOffsetEnd": 1459,
          "before": "",
          "after": " "
        },
        {
          "index": 3,
          "word": "@",
          "originalText": "@",
          "characterOffsetBegin": 1460,
          "characterOffsetEnd": 1461,
          "before": " ",
          "after": ""
        },
        {
          "index": 4,
          "word": "806084",
          "originalText": "806084",
          "characterOffsetBegin": 1461,
          "characterOffsetEnd": 1467,
          "before": "",
          "after": " "
        },
        {
          "index": 5,
          "word": "Are",
          "originalText": "Are",
          "characterOffsetBegin": 1468,
          "characterOffsetEnd": 1471,
          "before": " ",
          "after": " "
        },
        {
          "index": 6,
          "word": "you",
          "originalText": "you",
          "characterOffsetBegin": 1472,
          "characterOffsetEnd": 1475,
          "before": " ",
          "after": " "
        },
        {
          "index": 7,
          "word": "having",
          "originalText": "having",
          "characterOffsetBegin": 1476,
          "characterOffsetEnd": 1482,
          "before": " ",
          "after": " "
        },
        {
          "index": 8,
          "word": "trouble",
          "originalText": "trouble",
          "characterOffsetBegin": 1483,
          "characterOffsetEnd": 1490,
          "before": " ",
          "after": " "
        },
        {
          "index": 9,
          "word": "with",
          "originalText": "with",
          "characterOffsetBegin": 1491,
          "characterOffsetEnd": 1495,
          "before": " ",
          "after": " "
        },
        {
          "index": 10,
          "word": "your",
          "originalText": "your",
          "characterOffsetBegin": 1496,
          "characterOffsetEnd": 1500,
          "before": " ",
          "after": " "
        },
        {
          "index": 11,
          "word": "residential",
          "originalText": "residential",
          "characterOffsetBegin": 1501,
          "characterOffsetEnd": 1512,
          "before": " ",
          "after": " "
        },
        {
          "index": 12,
          "word": "or",
          "originalText": "or",
          "characterOffsetBegin": 1513,
          "characterOffsetEnd": 1515,
          "before": " ",
          "after": " "
        },
        {
          "index": 13,
          "word": "cellular",
          "originalText": "cellular",
          "characterOffsetBegin": 1516,
          "characterOffsetEnd": 1524,
          "before": " ",
          "after": " "
        },
        {
          "index": 14,
          "word": "service",
          "originalText": "service",
          "characterOffsetBegin": 1525,
          "characterOffsetEnd": 1532,
          "before": " ",
          "after": " "
        },
        {
          "index": 15,
          "word": "bill",
          "originalText": "bill",
          "characterOffsetBegin": 1533,
          "characterOffsetEnd": 1537,
          "before": " ",
          "after": ""
        },
        {
          "index": 16,
          "word": "?",
          "originalText": "?",
          "characterOffsetBegin": 1537,
          "characterOffsetEnd": 1538,
          "before": "",
          "after": ""
        }
      ]
    },
    {
      "index": 22,
      "tokens": [
        {
          "index": 1,
          "word": "@highlight",
          "originalText": "@highlight",
          "characterOffsetBegin": 1540,
          "characterOffsetEnd": 1550,
          "before": "",
          "after": ""
        }
      ]
    },
    {
      "index": 23,
      "tokens": [
        {
          "index": 1,
          "word": "@",
          "originalText": "@",
          "characterOffsetBegin": 1552,
          "characterOffsetEnd": 1553,
          "before": "",
          "after": ""
        },
        {
          "index": 2,
          "word": "806084",
          "originalText": "806084",
          "characterOffsetBegin": 1553,
          "characterOffsetEnd": 1559,
          "before": "",
          "after": " "
        },
        {
          "index": 3,
          "word": "We",
          "originalText": "We",
          "characterOffsetBegin": 1560,
          "characterOffsetEnd": 1562,
          "before": " ",
          "after": " "
        },
        {
          "index": 4,
          "word": "are",
          "originalText": "are",
          "characterOffsetBegin": 1563,
          "characterOffsetEnd": 1566,
          "before": " ",
          "after": " "
        },
        {
          "index": 5,
          "word": "unable",
          "originalText": "unable",
          "characterOffsetBegin": 1567,
          "characterOffsetEnd": 1573,
          "before": " ",
          "after": " "
        },
        {
          "index": 6,
          "word": "to",
          "originalText": "to",
          "characterOffsetBegin": 1574,
          "characterOffsetEnd": 1576,
          "before": " ",
          "after": " "
        },
        {
          "index": 7,
          "word": "assist",
          "originalText": "assist",
          "characterOffsetBegin": 1577,
          "characterOffsetEnd": 1583,
          "before": " ",
          "after": " "
        },
        {
          "index": 8,
          "word": "you",
          "originalText": "you",
          "characterOffsetBegin": 1584,
          "characterOffsetEnd": 1587,
          "before": " ",
          "after": " "
        },
        {
          "index": 9,
          "word": "if",
          "originalText": "if",
          "characterOffsetBegin": 1588,
          "characterOffsetEnd": 1590,
          "before": " ",
          "after": " "
        },
        {
          "index": 10,
          "word": "you",
          "originalText": "you",
          "characterOffsetBegin": 1591,
          "characterOffsetEnd": 1594,
          "before": " ",
          "after": " "
        },
        {
          "index": 11,
          "word": "are",
          "originalText": "are",
          "characterOffsetBegin": 1595,
          "characterOffsetEnd": 1598,
          "before": " ",
          "after": " "
        },
        {
          "index": 12,
          "word": "on",
          "originalText": "on",
          "characterOffsetBegin": 1599,
          "characterOffsetEnd": 1601,
          "before": " ",
          "after": " "
        },
        {
          "index": 13,
          "word": "the",
          "originalText": "the",
          "characterOffsetBegin": 1602,
          "characterOffsetEnd": 1605,
          "before": " ",
          "after": " "
        },
        {
          "index": 14,
          "word": "phone",
          "originalText": "phone",
          "characterOffsetBegin": 1606,
          "characterOffsetEnd": 1611,
          "before": " ",
          "after": " "
        },
        {
          "index": 15,
          "word": "with",
          "originalText": "with",
          "characterOffsetBegin": 1612,
          "characterOffsetEnd": 1616,
          "before": " ",
          "after": " "
        },
        {
          "index": 16,
          "word": "another",
          "originalText": "another",
          "characterOffsetBegin": 1617,
          "characterOffsetEnd": 1624,
          "before": " ",
          "after": " "
        },
        {
          "index": 17,
          "word": "agent",
          "originalText": "agent",
          "characterOffsetBegin": 1625,
          "characterOffsetEnd": 1630,
          "before": " ",
          "after": ""
        },
        {
          "index": 18,
          "word": ",",
          "originalText": ",",
          "characterOffsetBegin": 1630,
          "characterOffsetEnd": 1631,
          "before": "",
          "after": " "
        },
        {
          "index": 19,
          "word": "please",
          "originalText": "please",
          "characterOffsetBegin": 1632,
          "characterOffsetEnd": 1638,
          "before": " ",
          "after": " "
        },
        {
          "index": 20,
          "word": "let",
          "originalText": "let",
          "characterOffsetBegin": 1639,
          "characterOffsetEnd": 1642,
          "before": " ",
          "after": " "
        },
        {
          "index": 21,
          "word": "us",
          "originalText": "us",
          "characterOffsetBegin": 1643,
          "characterOffsetEnd": 1645,
          "before": " ",
          "after": " "
        },
        {
          "index": 22,
          "word": "know",
          "originalText": "know",
          "characterOffsetBegin": 1646,
          "characterOffsetEnd": 1650,
          "before": " ",
          "after": " "
        },
        {
          "index": 23,
          "word": "if",
          "originalText": "if",
          "characterOffsetBegin": 1651,
          "characterOffsetEnd": 1653,
          "before": " ",
          "after": " "
        },
        {
          "index": 24,
          "word": "you",
          "originalText": "you",
          "characterOffsetBegin": 1654,
          "characterOffsetEnd": 1657,
          "before": " ",
          "after": " "
        },
        {
          "index": 25,
          "word": "need",
          "originalText": "need",
          "characterOffsetBegin": 1658,
          "characterOffsetEnd": 1662,
          "before": " ",
          "after": " "
        },
        {
          "index": 26,
          "word": "additional",
          "originalText": "additional",
          "characterOffsetBegin": 1663,
          "characterOffsetEnd": 1673,
          "before": " ",
          "after": " "
        },
        {
          "index": 27,
          "word": "assistance",
          "originalText": "assistance",
          "characterOffsetBegin": 1674,
          "characterOffsetEnd": 1684,
          "before": " ",
          "after": " "
        },
        {
          "index": 28,
          "word": "after",
          "originalText": "after",
          "characterOffsetBegin": 1685,
          "characterOffsetEnd": 1690,
          "before": " ",
          "after": " "
        },
        {
          "index": 29,
          "word": "the",
          "originalText": "the",
          "characterOffsetBegin": 1691,
          "characterOffsetEnd": 1694,
          "before": " ",
          "after": " "
        },
        {
          "index": 30,
          "word": "call",
          "originalText": "call",
          "characterOffsetBegin": 1695,
          "characterOffsetEnd": 1699,
          "before": " ",
          "after": ""
        },
        {
          "index": 31,
          "word": ".",
          "originalText": ".",
          "characterOffsetBegin": 1699,
          "characterOffsetEnd": 1700,
          "before": "",
          "after": ""
        }
      ]
    },
    {
      "index": 24,
      "tokens": [
        {
          "index": 1,
          "word": "@highlight",
          "originalText": "@highlight",
          "characterOffsetBegin": 1702,
          "characterOffsetEnd": 1712,
          "before": "",
          "after": ""
        }
      ]
    },
    {
      "index": 25,
      "tokens": [
        {
          "index": 1,
          "word": "Please",
          "originalText": "Please",
          "characterOffsetBegin": 1714,
          "characterOffsetEnd": 1720,
          "before": "",
          "after": " "
        },
        {
          "index": 2,
          "word": "follow",
          "originalText": "follow",
          "characterOffsetBegin": 1721,
          "characterOffsetEnd": 1727,
          "before": " ",
          "after": " "
        },
        {
          "index": 3,
          "word": "and",
          "originalText": "and",
          "characterOffsetBegin": 1728,
          "characterOffsetEnd": 1731,
          "before": " ",
          "after": " "
        },
        {
          "index": 4,
          "word": "DM",
          "originalText": "DM",
          "characterOffsetBegin": 1732,
          "characterOffsetEnd": 1734,
          "before": " ",
          "after": " "
        },
        {
          "index": 5,
          "word": "us",
          "originalText": "us",
          "characterOffsetBegin": 1735,
          "characterOffsetEnd": 1737,
          "before": " ",
          "after": ""
        },
        {
          "index": 6,
          "word": ".",
          "originalText": ".",
          "characterOffsetBegin": 1737,
          "characterOffsetEnd": 1738,
          "before": "",
          "after": ""
        }
      ]
    }
  ]
}