{
  "sentences": [
    {
      "index": 0,
      "tokens": [
        {
          "index": 1,
          "word": "Customer",
          "originalText": "Customer",
          "characterOffsetBegin": 0,
          "characterOffsetEnd": 8,
          "before": "",
          "after": ""
        },
        {
          "index": 2,
          "word": ":",
          "originalText": ":",
          "characterOffsetBegin": 8,
          "characterOffsetEnd": 9,
          "before": "",
          "after": " "
        },
        {
          "index": 3,
          "word": "@HPSupport",
          "originalText": "@HPSupport",
          "characterOffsetBegin": 10,
          "characterOffsetEnd": 20,
          "before": " ",
          "after": " "
        }
      ]
    },
    {
      "index": 1,
      "tokens": [
        {
          "index": 1,
          "word": "Need",
          "originalText": "Need",
          "characterOffsetBegin": 22,
          "characterOffsetEnd": 26,
          "before": "",
          "after": " "
        },
        {
          "index": 2,
          "word": "your",
          "originalText": "your",
          "characterOffsetBegin": 27,
          "characterOffsetEnd": 31,
          "before": " ",
          "after": " "
        },
        {
          "index": 3,
          "word": "help",
          "originalText": "help",
          "characterOffsetBegin": 32,
          "characterOffsetEnd": 36,
          "before": " ",
          "after": " "
        },
        {
          "index": 4,
          "word": "with",
          "originalText": "with",
          "characterOffsetBegin": 37,
          "characterOffsetEnd": 41,
          "before": " ",
          "after": " "
        },
        {
          "index": 5,
          "word": "Envy",
          "originalText": "Envy",
          "characterOffsetBegin": 42,
          "characterOffsetEnd": 46,
          "before": " ",
          "after": " "
        },
        {
          "index": 6,
          "word": "5530",
          "originalText": "5530",
          "characterOffsetBegin": 47,
          "characterOffsetEnd": 51,
          "before": " ",
          "after": " "
        },
        {
          "index": 7,
          "word": "server",
          "originalText": "server",
          "characterOffsetBegin": 52,
          "characterOffsetEnd": 58,
          "before": " ",
          "after": " "
        },
        {
          "index": 8,
          "word": "connection",
          "originalText": "connection",
          "characterOffsetBegin": 59,
          "characterOffsetEnd": 69,
          "before": " ",
          "after": " "
        },
        {
          "index": 9,
          "word": "error",
          "originalText": "error",
          "characterOffsetBegin": 70,
          "characterOffsetEnd": 75,
          "before": " ",
          "after": ""
        },
        {
          "index": 10,
          "word": ".",
          "originalText": ".",
          "characterOffsetBegin": 75,
          "characterOffsetEnd": 76,
          "before": "",
          "after": ""
        }
      ]
    },
    {
      "index": 2,
      "tokens": [
        {
          "index": 1,
          "word": "Already",
          "originalText": "Already",
          "characterOffsetBegin": 78,
          "characterOffsetEnd": 85,
          "before": "",
          "after": " "
        },
        {
          "index": 2,
          "word": "tried",
          "originalText": "tried",
          "characterOffsetBegin": 86,
          "characterOffsetEnd": 91,
          "before": " ",
          "after": " "
        },
        {
          "index": 3,
          "word": "HP",
          "originalText": "HP",
          "characterOffsetBegin": 92,
          "characterOffsetEnd": 94,
          "before": " ",
          "after": " "
        },
        {
          "index": 4,
          "word": "print",
          "originalText": "print",
          "characterOffsetBegin": 95,
          "characterOffsetEnd": 100,
          "before": " ",
          "after": " "
        },
        {
          "index": 5,
          "word": "and",
          "originalText": "and",
          "characterOffsetBegin": 101,
          "characterOffsetEnd": 104,
          "before": " ",
          "after": " "
        },
        {
          "index": 6,
          "word": "scan",
          "originalText": "scan",
          "characterOffsetBegin": 105,
          "characterOffsetEnd": 109,
          "before": " ",
          "after": " "
        },
        {
          "index": 7,
          "word": "doctor",
          "originalText": "doctor",
          "characterOffsetBegin": 110,
          "characterOffsetEnd": 116,
          "before": " ",
          "after": " "
        },
        {
          "index": 8,
          "word": "and",
          "originalText": "and",
          "characterOffsetBegin": 117,
          "characterOffsetEnd": 120,
          "before": " ",
          "after": " "
        },
        {
          "index": 9,
          "word": "did",
          "originalText": "did",
          "characterOffsetBegin": 121,
          "characterOffsetEnd": 124,
          "before": " ",
          "after": ""
        },
        {
          "index": 10,
          "word": "n't",
          "originalText": "n't",
          "characterOffsetBegin": 124,
          "characterOffsetEnd": 127,
          "before": "",
          "after": " "
        },
        {
          "index": 11,
          "word": "work",
          "originalText": "work",
          "characterOffsetBegin": 128,
          "characterOffsetEnd": 132,
          "before": " ",
          "after": ""
        }
      ]
    },
    {
      "index": 3,
      "tokens": [
        {
          "index": 1,
          "word": "Agent",
          "originalText": "Agent",
          "characterOffsetBegin": 134,
          "characterOffsetEnd": 139,
          "before": "",
          "after": ""
        },
        {
          "index": 2,
          "word": ":",
          "originalText": ":",
          "characterOffsetBegin": 139,
          "characterOffsetEnd": 140,
          "before": "",
          "after": " "
        },
        {
          "index": 3,
          "word": "@",
          "originalText": "@",
          "characterOffsetBegin": 141,
          "characterOffsetEnd": 142,
          "before": " ",
          "after": ""
        },
        {
          "index": 4,
          "word": "305970",
          "originalText": "305970",
          "characterOffsetBegin": 142,
          "characterOffsetEnd": 148,
          "before": "",
          "after": " "
        },
        {
          "index": 5,
          "word": "Hi",
          "originalText": "Hi",
          "characterOffsetBegin": 149,
          "characterOffsetEnd": 151,
          "before": " ",
          "after": " "
        },
        {
          "index": 6,
          "word": "there",
          "originalText": "there",
          "characterOffsetBegin": 152,
          "characterOffsetEnd": 157,
          "before": " ",
          "after": ""
        },
        {
          "index": 7,
          "word": ",",
          "originalText": ",",
          "characterOffsetBegin": 157,
          "characterOffsetEnd": 158,
          "before": "",
          "after": " "
        },
        {
          "index": 8,
          "word": "thanks",
          "originalText": "thanks",
          "characterOffsetBegin": 159,
          "characterOffsetEnd": 165,
          "before": " ",
          "after": " "
        },
        {
          "index": 9,
          "word": "for",
          "originalText": "for",
          "characterOffsetBegin": 166,
          "characterOffsetEnd": 169,
          "before": " ",
          "after": " "
        },
        {
          "index": 10,
          "word": "reaching",
          "originalText": "reaching",
          "characterOffsetBegin": 170,
          "characterOffsetEnd": 178,
          "before": " ",
          "after": " "
        },
        {
          "index": 11,
          "word": "out",
          "originalText": "out",
          "characterOffsetBegin": 179,
          "characterOffsetEnd": 182,
          "before": " ",
          "after": ""
        },
        {
          "index": 12,
          "word": ".",
          "originalText": ".",
          "characterOffsetBegin": 182,
          "characterOffsetEnd": 183,
          "before": "",
          "after": ""
        }
      ]
    },
    {
      "index": 4,
      "tokens": [
        {
          "index": 1,
          "word": "I",
          "originalText": "I",
          "characterOffsetBegin": 185,
          "characterOffsetEnd": 186,
          "before": "",
          "after": ""
        },
        {
          "index": 2,
          "word": "'d",
          "originalText": "'d",
          "characterOffsetBegin": 186,
          "characterOffsetEnd": 188,
          "before": "",
          "after": " "
        },
        {
          "index": 3,
          "word": "like",
          "originalText": "like",
          "characterOffsetBegin": 189,
          "characterOffsetEnd": 193,
          "before": " ",
          "after": " "
        },
        {
          "index": 4,
          "word": "to",
          "originalText": "to",
          "characterOffsetBegin": 194,
          "characterOffsetEnd": 196,
          "before": " ",
          "after": " "
        },
        {
          "index": 5,
          "word": "help",
          "originalText": "help",
          "characterOffsetBegin": 197,
          "characterOffsetEnd": 201,
          "before": " ",
          "after": " "
        },
        {
          "index": 6,
          "word": ":-RRB-",
          "originalText": ":)",
          "characterOffsetBegin": 202,
          "characterOffsetEnd": 204,
          "before": " ",
          "after": " "
        },
        {
          "index": 7,
          "word": "Are",
          "originalText": "Are",
          "characterOffsetBegin": 205,
          "characterOffsetEnd": 208,
          "before": " ",
          "after": " "
        },
        {
          "index": 8,
          "word": "you",
          "originalText": "you",
          "characterOffsetBegin": 209,
          "characterOffsetEnd": 212,
          "before": " ",
          "after": " "
        },
        {
          "index": 9,
          "word": "getting",
          "originalText": "getting",
          "characterOffsetBegin": 213,
          "characterOffsetEnd": 220,
          "before": " ",
          "after": " "
        },
        {
          "index": 10,
          "word": "this",
          "originalText": "this",
          "characterOffsetBegin": 221,
          "characterOffsetEnd": 225,
          "before": " ",
          "after": " "
        },
        {
          "index": 11,
          "word": "error",
          "originalText": "error",
          "characterOffsetBegin": 226,
          "characterOffsetEnd": 231,
          "before": " ",
          "after": " "
        },
        {
          "index": 12,
          "word": "when",
          "originalText": "when",
          "characterOffsetBegin": 232,
          "characterOffsetEnd": 236,
          "before": " ",
          "after": " "
        },
        {
          "index": 13,
          "word": "you",
          "originalText": "you",
          "characterOffsetBegin": 237,
          "characterOffsetEnd": 240,
          "before": " ",
          "after": " "
        },
        {
          "index": 14,
          "word": "try",
          "originalText": "try",
          "characterOffsetBegin": 241,
          "characterOffsetEnd": 244,
          "before": " ",
          "after": " "
        },
        {
          "index": 15,
          "word": "to",
          "originalText": "to",
          "characterOffsetBegin": 245,
          "characterOffsetEnd": 247,
          "before": " ",
          "after": " "
        },
        {
          "index": 16,
          "word": "turn",
          "originalText": "turn",
          "characterOffsetBegin": 248,
          "characterOffsetEnd": 252,
          "before": " ",
          "after": " "
        },
        {
          "index": 17,
          "word": "on",
          "originalText": "on",
          "characterOffsetBegin": 253,
          "characterOffsetEnd": 255,
          "before": " ",
          "after": " "
        },
        {
          "index": 18,
          "word": "Web",
          "originalText": "Web",
          "characterOffsetBegin": 256,
          "characterOffsetEnd": 259,
          "before": " ",
          "after": " "
        },
        {
          "index": 19,
          "word": "Services",
          "originalText": "Services",
          "characterOffsetBegin": 260,
          "characterOffsetEnd": 268,
          "before": " ",
          "after": ""
        },
        {
          "index": 20,
          "word": "?",
          "originalText": "?",
          "characterOffsetBegin": 268,
          "characterOffsetEnd": 269,
          "before": "",
          "after": ""
        }
      ]
    },
    {
      "index": 5,
      "tokens": [
        {
          "index": 1,
          "word": "^",
          "originalText": "^",
          "characterOffsetBegin": 271,
          "characterOffsetEnd": 272,
          "before": "",
          "after": ""
        },
        {
          "index": 2,
          "word": "Roopa",
          "originalText": "Roopa",
          "characterOffsetBegin": 272,
          "characterOffsetEnd": 277,
          "before": "",
          "after": " "
        },
        {
          "index": 3,
          "word": "https://t.co/a2xkfCrUG1",
          "originalText": "https://t.co/a2xkfCrUG1",
          "characterOffsetBegin": 278,
          "characterOffsetEnd": 301,
          "before": " ",
          "after": ""
        }
      ]
    },
    {
      "index": 6,
      "tokens": [
        {
          "index": 1,
          "word": "Customer",
          "originalText": "Customer",
          "characterOffsetBegin": 303,
          "characterOffsetEnd": 311,
          "before": "",
          "after": ""
        },
        {
          "index": 2,
          "word": ":",
          "originalText": ":",
          "characterOffsetBegin": 311,
          "characterOffsetEnd": 312,
          "before": "",
          "after": " "
        },
        {
          "index": 3,
          "word": "@HPSupport",
          "originalText": "@HPSupport",
          "characterOffsetBegin": 313,
          "characterOffsetEnd": 323,
          "before": " ",
          "after": " "
        },
        {
          "index": 4,
          "word": "It",
          "originalText": "It",
          "characterOffsetBegin": 324,
          "characterOffsetEnd": 326,
          "before": " ",
          "after": ""
        },
        {
          "index": 5,
          "word": "'s",
          "originalText": "'s",
          "characterOffsetBegin": 326,
          "characterOffsetEnd": 328,
          "before": "",
          "after": " "
        },
        {
          "index": 6,
          "word": "when",
          "originalText": "when",
          "characterOffsetBegin": 329,
          "characterOffsetEnd": 333,
          "before": " ",
          "after": " "
        },
        {
          "index": 7,
          "word": "I",
          "originalText": "I",
          "characterOffsetBegin": 334,
          "characterOffsetEnd": 335,
          "before": " ",
          "after": " "
        },
        {
          "index": 8,
          "word": "try",
          "originalText": "try",
          "characterOffsetBegin": 336,
          "characterOffsetEnd": 339,
          "before": " ",
          "after": " "
        },
        {
          "index": 9,
          "word": "to",
          "originalText": "to",
          "characterOffsetBegin": 340,
          "characterOffsetEnd": 342,
          "before": " ",
          "after": " "
        },
        {
          "index": 10,
          "word": "scan",
          "originalText": "scan",
          "characterOffsetBegin": 343,
          "characterOffsetEnd": 347,
          "before": " ",
          "after": " "
        },
        {
          "index": 11,
          "word": "to",
          "originalText": "to",
          "characterOffsetBegin": 348,
          "characterOffsetEnd": 350,
          "before": " ",
          "after": " "
        },
        {
          "index": 12,
          "word": "email",
          "originalText": "email",
          "characterOffsetBegin": 351,
          "characterOffsetEnd": 356,
          "before": " ",
          "after": ""
        },
        {
          "index": 13,
          "word": ".",
          "originalText": ".",
          "characterOffsetBegin": 356,
          "characterOffsetEnd": 357,
          "before": "",
          "after": ""
        }
      ]
    },
    {
      "index": 7,
      "tokens": [
        {
          "index": 1,
          "word": "Connection",
          "originalText": "Connection",
          "characterOffsetBegin": 359,
          "characterOffsetEnd": 369,
          "before": "",
          "after": " "
        },
        {
          "index": 2,
          "word": "server",
          "originalText": "server",
          "characterOffsetBegin": 370,
          "characterOffsetEnd": 376,
          "before": " ",
          "after": " "
        },
        {
          "index": 3,
          "word": "error",
          "originalText": "error",
          "characterOffsetBegin": 377,
          "characterOffsetEnd": 382,
          "before": " ",
          "after": ""
        },
        {
          "index": 4,
          "word": ".",
          "originalText": ".",
          "characterOffsetBegin": 382,
          "characterOffsetEnd": 383,
          "before": "",
          "after": ""
        }
      ]
    },
    {
      "index": 8,
      "tokens": [
        {
          "index": 1,
          "word": "When",
          "originalText": "When",
          "characterOffsetBegin": 385,
          "characterOffsetEnd": 389,
          "before": "",
          "after": " "
        },
        {
          "index": 2,
          "word": "I",
          "originalText": "I",
          "characterOffsetBegin": 390,
          "characterOffsetEnd": 391,
          "before": " ",
          "after": " "
        },
        {
          "index": 3,
          "word": "print",
          "originalText": "print",
          "characterOffsetBegin": 392,
          "characterOffsetEnd": 397,
          "before": " ",
          "after": " "
        },
        {
          "index": 4,
          "word": "it",
          "originalText": "it",
          "characterOffsetBegin": 398,
          "characterOffsetEnd": 400,
          "before": " ",
          "after": ""
        },
        {
          "index": 5,
          "word": "'s",
          "originalText": "'s",
          "characterOffsetBegin": 400,
          "characterOffsetEnd": 402,
          "before": "",
          "after": " "
        },
        {
          "index": 6,
          "word": "ok",
          "originalText": "ok",
          "characterOffsetBegin": 403,
          "characterOffsetEnd": 405,
          "before": " ",
          "after": ""
        },
        {
          "index": 7,
          "word": ",",
          "originalText": ",",
          "characterOffsetBegin": 405,
          "characterOffsetEnd": 406,
          "before": "",
          "after": " "
        },
        {
          "index": 8,
          "word": "even",
          "originalText": "even",
          "characterOffsetBegin": 407,
          "characterOffsetEnd": 411,
          "before": " ",
          "after": " "
        },
        {
          "index": 9,
          "word": "printing",
          "originalText": "printing",
          "characterOffsetBegin": 412,
          "characterOffsetEnd": 420,
          "before": " ",
          "after": " "
        },
        {
          "index": 10,
          "word": "by",
          "originalText": "by",
          "characterOffsetBegin": 421,
          "characterOffsetEnd": 423,
          "before": " ",
          "after": " "
        },
        {
          "index": 11,
          "word": "Wi-Fi",
          "originalText": "Wi-Fi",
          "characterOffsetBegin": 424,
          "characterOffsetEnd": 429,
          "before": " ",
          "after": ""
        }
      ]
    },
    {
      "index": 9,
      "tokens": [
        {
          "index": 1,
          "word": "Agent",
          "originalText": "Agent",
          "characterOffsetBegin": 431,
          "characterOffsetEnd": 436,
          "before": "",
          "after": ""
        },
        {
          "index": 2,
          "word": ":",
          "originalText": ":",
          "characterOffsetBegin": 436,
          "characterOffsetEnd": 437,
          "before": "",
          "after": " "
        },
        {
          "index": 3,
          "word": "@",
          "originalText": "@",
          "characterOffsetBegin": 438,
          "characterOffsetEnd": 439,
          "before": " ",
          "after": ""
        },
        {
          "index": 4,
          "word": "305970",
          "originalText": "305970",
          "characterOffsetBegin": 439,
          "characterOffsetEnd": 445,
          "before": "",
          "after": " "
        },
        {
          "index": 5,
          "word": "Hi",
          "originalText": "Hi",
          "characterOffsetBegin": 446,
          "characterOffsetEnd": 448,
          "before": " ",
          "after": ""
        },
        {
          "index": 6,
          "word": ",",
          "originalText": ",",
          "characterOffsetBegin": 448,
          "characterOffsetEnd": 449,
          "before": "",
          "after": " "
        },
        {
          "index": 7,
          "word": "there",
          "originalText": "there",
          "characterOffsetBegin": 450,
          "characterOffsetEnd": 455,
          "before": " ",
          "after": ""
        },
        {
          "index": 8,
          "word": "!",
          "originalText": "!",
          "characterOffsetBegin": 455,
          "characterOffsetEnd": 456,
          "before": "",
          "after": ""
        }
      ]
    },
    {
      "index": 10,
      "tokens": [
        {
          "index": 1,
          "word": "Which",
          "originalText": "Which",
          "characterOffsetBegin": 458,
          "characterOffsetEnd": 463,
          "before": "",
          "after": " "
        },
        {
          "index": 2,
          "word": "version",
          "originalText": "version",
          "characterOffsetBegin": 464,
          "characterOffsetEnd": 471,
          "before": " ",
          "after": " "
        },
        {
          "index": 3,
          "word": "of",
          "originalText": "of",
          "characterOffsetBegin": 472,
          "characterOffsetEnd": 474,
          "before": " ",
          "after": " "
        },
        {
          "index": 4,
          "word": "Windows",
          "originalText": "Windows",
          "characterOffsetBegin": 475,
          "characterOffsetEnd": 482,
          "before": " ",
          "after": " "
        },
        {
          "index": 5,
          "word": "is",
          "originalText": "is",
          "characterOffsetBegin": 483,
          "characterOffsetEnd": 485,
          "before": " ",
          "after": " "
        },
        {
          "index": 6,
          "word": "installed",
          "originalText": "installed",
          "characterOffsetBegin": 486,
          "characterOffsetEnd": 495,
          "before": " ",
          "after": " "
        },
        {
          "index": 7,
          "word": "on",
          "originalText": "on",
          "characterOffsetBegin": 496,
          "characterOffsetEnd": 498,
          "before": " ",
          "after": " "
        },
        {
          "index": 8,
          "word": "your",
          "originalText": "your",
          "characterOffsetBegin": 499,
          "characterOffsetEnd": 503,
          "before": " ",
          "after": " "
        },
        {
          "index": 9,
          "word": "PC",
          "originalText": "PC",
          "characterOffsetBegin": 504,
          "characterOffsetEnd": 506,
          "before": " ",
          "after": ""
        },
        {
          "index": 10,
          "word": "?",
          "originalText": "?",
          "characterOffsetBegin": 506,
          "characterOffsetEnd": 507,
          "before": "",
          "after": ""
        }
      ]
    },
    {
      "index": 11,
      "tokens": [
        {
          "index": 1,
          "word": "Please",
          "originalText": "Please",
          "characterOffsetBegin": 509,
          "characterOffsetEnd": 515,
          "before": "",
          "after": " "
        },
        {
          "index": 2,
          "word": "click",
          "originalText": "click",
          "characterOffsetBegin": 516,
          "characterOffsetEnd": 521,
          "before": " ",
          "after": " "
        },
        {
          "index": 3,
          "word": "the",
          "originalText": "the",
          "characterOffsetBegin": 522,
          "characterOffsetEnd": 525,
          "before": " ",
          "after": " "
        },
        {
          "index": 4,
          "word": "link",
          "originalText": "link",
          "characterOffsetBegin": 526,
          "characterOffsetEnd": 530,
          "before": " ",
          "after": " "
        },
        {
          "index": 5,
          "word": "below",
          "originalText": "below",
          "characterOffsetBegin": 531,
          "characterOffsetEnd": 536,
          "before": " ",
          "after": " "
        },
        {
          "index": 6,
          "word": "and",
          "originalText": "and",
          "characterOffsetBegin": 537,
          "characterOffsetEnd": 540,
          "before": " ",
          "after": " "
        },
        {
          "index": 7,
          "word": "send",
          "originalText": "send",
          "characterOffsetBegin": 541,
          "characterOffsetEnd": 545,
          "before": " ",
          "after": " "
        },
        {
          "index": 8,
          "word": "us",
          "originalText": "us",
          "characterOffsetBegin": 546,
          "characterOffsetEnd": 548,
          "before": " ",
          "after": " "
        },
        {
          "index": 9,
          "word": "a",
          "originalText": "a",
          "characterOffsetBegin": 549,
          "characterOffsetEnd": 550,
          "before": " ",
          "after": " "
        },
        {
          "index": 10,
          "word": "direct",
          "originalText": "direct",
          "characterOffsetBegin": 551,
          "characterOffsetEnd": 557,
          "before": " ",
          "after": " "
        },
        {
          "index": 11,
          "word": "message",
          "originalText": "message",
          "characterOffsetBegin": 558,
          "characterOffsetEnd": 565,
          "before": " ",
          "after": ""
        },
        {
          "index": 12,
          "word": ".",
          "originalText": ".",
          "characterOffsetBegin": 565,
          "characterOffsetEnd": 566,
          "before": "",
          "after": ""
        }
      ]
    },
    {
      "index": 12,
      "tokens": [
        {
          "index": 1,
          "word": "^",
          "originalText": "^",
          "characterOffsetBegin": 568,
          "characterOffsetEnd": 569,
          "before": "",
          "after": ""
        },
        {
          "index": 2,
          "word": "Senan",
          "originalText": "Senan",
          "characterOffsetBegin": 569,
          "characterOffsetEnd": 574,
          "before": "",
          "after": " "
        },
        {
          "index": 3,
          "word": "https://t.co/a2xkfCrUG1",
          "originalText": "https://t.co/a2xkfCrUG1",
          "characterOffsetBegin": 575,
          "characterOffsetEnd": 598,
          "before": " ",
          "after": ""
        }
      ]
    },
    {
      "index": 13,
      "tokens": [
        {
          "index": 1,
          "word": "Customer",
          "originalText": "Customer",
          "characterOffsetBegin": 600,
          "characterOffsetEnd": 608,
          "before": "",
          "after": ""
        },
        {
          "index": 2,
          "word": ":",
          "originalText": ":",
          "characterOffsetBegin": 608,
          "characterOffsetEnd": 609,
          "before": "",
          "after": " "
        },
        {
          "index": 3,
          "word": "@HPSupport",
          "originalText": "@HPSupport",
          "characterOffsetBegin": 610,
          "characterOffsetEnd": 620,
          "before": " ",
          "after": " "
        }
      ]
    },
    {
      "index": 14,
      "tokens": [
        {
          "index": 1,
          "word": "Windows",
          "originalText": "Windows",
          "characterOffsetBegin": 622,
          "characterOffsetEnd": 629,
          "before": "",
          "after": " "
        },
        {
          "index": 2,
          "word": "10",
          "originalText": "10",
          "characterOffsetBegin": 630,
          "characterOffsetEnd": 632,
          "before": " ",
          "after": ""
        }
      ]
    },
    {
      "index": 15,
      "tokens": [
        {
          "index": 1,
          "word": "Agent",
          "originalText": "Agent",
          "characterOffsetBegin": 634,
          "characterOffsetEnd": 639,
          "before": "",
          "after": ""
        },
        {
          "index": 2,
          "word": ":",
          "originalText": ":",
          "characterOffsetBegin": 639,
          "characterOffsetEnd": 640,
          "before": "",
          "after": " "
        },
        {
          "index": 3,
          "word": "@",
          "originalText": "@",
          "characterOffsetBegin": 641,
          "characterOffsetEnd": 642,
          "before": " ",
          "after": ""
        },
        {
          "index": 4,
          "word": "305970",
          "originalText": "305970",
          "characterOffsetBegin": 642,
          "characterOffsetEnd": 648,
          "before": "",
          "after": " "
        },
        {
          "index": 5,
          "word": "To",
          "originalText": "To",
          "characterOffsetBegin": 649,
          "characterOffsetEnd": 651,
          "before": " ",
          "after": " "
        },
        {
          "index": 6,
          "word": "fix",
          "originalText": "fix",
          "characterOffsetBegin": 652,
          "characterOffsetEnd": 655,
          "before": " ",
          "after": " "
        },
        {
          "index": 7,
          "word": "this",
          "originalText": "this",
          "characterOffsetBegin": 656,
          "characterOffsetEnd": 660,
          "before": " ",
          "after": " "
        },
        {
          "index": 8,
          "word": "issue",
          "originalText": "issue",
          "characterOffsetBegin": 661,
          "characterOffsetEnd": 666,
          "before": " ",
          "after": ""
        },
        {
          "index": 9,
          "word": ",",
          "originalText": ",",
          "characterOffsetBegin": 666,
          "characterOffsetEnd": 667,
          "before": "",
          "after": " "
        },
        {
          "index": 10,
          "word": "try",
          "originalText": "try",
          "characterOffsetBegin": 668,
          "characterOffsetEnd": 671,
          "before": " ",
          "after": " "
        },
        {
          "index": 11,
          "word": "setting",
          "originalText": "setting",
          "characterOffsetBegin": 672,
          "characterOffsetEnd": 679,
          "before": " ",
          "after": " "
        },
        {
          "index": 12,
          "word": "Up",
          "originalText": "Up",
          "characterOffsetBegin": 680,
          "characterOffsetEnd": 682,
          "before": " ",
          "after": " "
        },
        {
          "index": 13,
          "word": "Scan",
          "originalText": "Scan",
          "characterOffsetBegin": 683,
          "characterOffsetEnd": 687,
          "before": " ",
          "after": " "
        },
        {
          "index": 14,
          "word": "to",
          "originalText": "to",
          "characterOffsetBegin": 688,
          "characterOffsetEnd": 690,
          "before": " ",
          "after": " "
        },
        {
          "index": 15,
          "word": "E-mail",
          "originalText": "E-mail",
          "characterOffsetBegin": 691,
          "characterOffsetEnd": 697,
          "before": " ",
          "after": " "
        },
        {
          "index": 16,
          "word": "again",
          "originalText": "again",
          "characterOffsetBegin": 698,
          "characterOffsetEnd": 703,
          "before": " ",
          "after": ""
        },
        {
          "index": 17,
          "word": ",",
          "originalText": ",",
          "characterOffsetBegin": 703,
          "characterOffsetEnd": 704,
          "before": "",
          "after": " "
        },
        {
          "index": 18,
          "word": "using",
          "originalText": "using",
          "characterOffsetBegin": 705,
          "characterOffsetEnd": 710,
          "before": " ",
          "after": " "
        },
        {
          "index": 19,
          "word": "HP",
          "originalText": "HP",
          "characterOffsetBegin": 711,
          "characterOffsetEnd": 713,
          "before": " ",
          "after": " "
        },
        {
          "index": 20,
          "word": "Software",
          "originalText": "Software",
          "characterOffsetBegin": 714,
          "characterOffsetEnd": 722,
          "before": " ",
          "after": " "
        },
        {
          "index": 21,
          "word": "Wizard",
          "originalText": "Wizard",
          "characterOffsetBegin": 723,
          "characterOffsetEnd": 729,
          "before": " ",
          "after": " "
        },
        {
          "index": 22,
          "word": "in",
          "originalText": "in",
          "characterOffsetBegin": 730,
          "characterOffsetEnd": 732,
          "before": " ",
          "after": " "
        },
        {
          "index": 23,
          "word": "Windows",
          "originalText": "Windows",
          "characterOffsetBegin": 733,
          "characterOffsetEnd": 740,
          "before": " ",
          "after": ""
        },
        {
          "index": 24,
          "word": ".",
          "originalText": ".",
          "characterOffsetBegin": 740,
          "characterOffsetEnd": 741,
          "before": "",
          "after": ""
        }
      ]
    },
    {
      "index": 16,
      "tokens": [
        {
          "index": 1,
          "word": "Follow",
          "originalText": "Follow",
          "characterOffsetBegin": 743,
          "characterOffsetEnd": 749,
          "before": "",
          "after": ""
        },
        {
          "index": 2,
          "word": ":",
          "originalText": ":",
          "characterOffsetBegin": 749,
          "characterOffsetEnd": 750,
          "before": "",
          "after": "  "
        },
        {
          "index": 3,
          "word": "https://t.co/bRn3YEKqgg",
          "originalText": "https://t.co/bRn3YEKqgg",
          "characterOffsetBegin": 752,
          "characterOffsetEnd": 775,
          "before": "  ",
          "after": ""
        },
        {
          "index": 4,
          "word": ".",
          "originalText": ".",
          "characterOffsetBegin": 775,
          "characterOffsetEnd": 776,
          "before": "",
          "after": ""
        }
      ]
    },
    {
      "index": 17,
      "tokens": [
        {
          "index": 1,
          "word": "Agent",
          "originalText": "Agent",
          "characterOffsetBegin": 778,
          "characterOffsetEnd": 783,
          "before": "",
          "after": ""
        },
        {
          "index": 2,
          "word": ":",
          "originalText": ":",
          "characterOffsetBegin": 783,
          "characterOffsetEnd": 784,
          "before": "",
          "after": " "
        },
        {
          "index": 3,
          "word": "@",
          "originalText": "@",
          "characterOffsetBegin": 785,
          "characterOffsetEnd": 786,
          "before": " ",
          "after": ""
        },
        {
          "index": 4,
          "word": "305970",
          "originalText": "305970",
          "characterOffsetBegin": 786,
          "characterOffsetEnd": 792,
          "before": "",
          "after": " "
        },
        {
          "index": 5,
          "word": "I",
          "originalText": "I",
          "characterOffsetBegin": 793,
          "characterOffsetEnd": 794,
          "before": " ",
          "after": " "
        },
        {
          "index": 6,
          "word": "did",
          "originalText": "did",
          "characterOffsetBegin": 795,
          "characterOffsetEnd": 798,
          "before": " ",
          "after": " "
        },
        {
          "index": 7,
          "word": "not",
          "originalText": "not",
          "characterOffsetBegin": 799,
          "characterOffsetEnd": 802,
          "before": " ",
          "after": " "
        },
        {
          "index": 8,
          "word": "hear",
          "originalText": "hear",
          "characterOffsetBegin": 803,
          "characterOffsetEnd": 807,
          "before": " ",
          "after": " "
        },
        {
          "index": 9,
          "word": "back",
          "originalText": "back",
          "characterOffsetBegin": 808,
          "characterOffsetEnd": 812,
          "before": " ",
          "after": " "
        },
        {
          "index": 10,
          "word": "from",
          "originalText": "from",
          "characterOffsetBegin": 813,
          "characterOffsetEnd": 817,
          "before": " ",
          "after": " "
        },
        {
          "index": 11,
          "word": "you",
          "originalText": "you",
          "characterOffsetBegin": 818,
          "characterOffsetEnd": 821,
          "before": " ",
          "after": " "
        },
        {
          "index": 12,
          "word": "yet",
          "originalText": "yet",
          "characterOffsetBegin": 822,
          "characterOffsetEnd": 825,
          "before": " ",
          "after": ""
        },
        {
          "index": 13,
          "word": ".",
          "originalText": ".",
          "characterOffsetBegin": 825,
          "characterOffsetEnd": 826,
          "before": "",
          "after": ""
        }
      ]
    },
    {
      "index": 18,
      "tokens": [
        {
          "index": 1,
          "word": "Please",
          "originalText": "Please",
          "characterOffsetBegin": 828,
          "characterOffsetEnd": 834,
          "before": "",
          "after": " "
        },
        {
          "index": 2,
          "word": "let",
          "originalText": "let",
          "characterOffsetBegin": 835,
          "characterOffsetEnd": 838,
          "before": " ",
          "after": " "
        },
        {
          "index": 3,
          "word": "me",
          "originalText": "me",
          "characterOffsetBegin": 839,
          "characterOffsetEnd": 841,
          "before": " ",
          "after": " "
        },
        {
          "index": 4,
          "word": "know",
          "originalText": "know",
          "characterOffsetBegin": 842,
          "characterOffsetEnd": 846,
          "before": " ",
          "after": " "
        },
        {
          "index": 5,
          "word": "whether",
          "originalText": "whether",
          "characterOffsetBegin": 847,
          "characterOffsetEnd": 854,
          "before": " ",
          "after": " "
        },
        {
          "index": 6,
          "word": "your",
          "originalText": "your",
          "characterOffsetBegin": 855,
          "characterOffsetEnd": 859,
          "before": " ",
          "after": " "
        },
        {
          "index": 7,
          "word": "issue",
          "originalText": "issue",
          "characterOffsetBegin": 860,
          "characterOffsetEnd": 865,
          "before": " ",
          "after": " "
        },
        {
          "index": 8,
          "word": "is",
          "originalText": "is",
          "characterOffsetBegin": 866,
          "characterOffsetEnd": 868,
          "before": " ",
          "after": " "
        },
        {
          "index": 9,
          "word": "resolved",
          "originalText": "resolved",
          "characterOffsetBegin": 869,
          "characterOffsetEnd": 877,
          "before": " ",
          "after": " "
        },
        {
          "index": 10,
          "word": "or",
          "originalText": "or",
          "characterOffsetBegin": 878,
          "characterOffsetEnd": 880,
          "before": " ",
          "after": " "
        },
        {
          "index": 11,
          "word": "you",
          "originalText": "you",
          "characterOffsetBegin": 881,
          "characterOffsetEnd": 884,
          "before": " ",
          "after": " "
        },
        {
          "index": 12,
          "word": "need",
          "originalText": "need",
          "characterOffsetBegin": 885,
          "characterOffsetEnd": 889,
          "before": " ",
          "after": " "
        },
        {
          "index": 13,
          "word": "additional",
          "originalText": "additional",
          "characterOffsetBegin": 890,
          "characterOffsetEnd": 900,
          "before": " ",
          "after": " "
        },
        {
          "index": 14,
          "word": "help",
          "originalText": "help",
          "characterOffsetBegin": 901,
          "characterOffsetEnd": 905,
          "before": " ",
          "after": ""
        },
        {
          "index": 15,
          "word": ".",
          "originalText": ".",
          "characterOffsetBegin": 905,
          "characterOffsetEnd": 906,
          "before": "",
          "after": ""
        }
      ]
    },
    {
      "index": 19,
      "tokens": [
        {
          "index": 1,
          "word": "^",
          "originalText": "^",
          "characterOffsetBegin": 908,
          "characterOffsetEnd": 909,
          "before": "",
          "after": ""
        },
        {
          "index": 2,
          "word": "Roopa",
          "originalText": "Roopa",
          "characterOffsetBegin": 909,
          "characterOffsetEnd": 914,
          "before": "",
          "after": ""
        }
      ]
    },
    {
      "index": 20,
      "tokens": [
        {
          "index": 1,
          "word": "Agent",
          "originalText": "Agent",
          "characterOffsetBegin": 916,
          "characterOffsetEnd": 921,
          "before": "",
          "after": ""
        },
        {
          "index": 2,
          "word": ":",
          "originalText": ":",
          "characterOffsetBegin": 921,
          "characterOffsetEnd": 922,
          "before": "",
          "after": " "
        },
        {
          "index": 3,
          "word": "@",
          "originalText": "@",
          "characterOffsetBegin": 923,
          "characterOffsetEnd": 924,
          "before": " ",
          "after": ""
        },
        {
          "index": 4,
          "word": "305970",
          "originalText": "305970",
          "characterOffsetBegin": 924,
          "characterOffsetEnd": 930,
          "before": "",
          "after": " "
        },
        {
          "index": 5,
          "word": "I",
          "originalText": "I",
          "characterOffsetBegin": 931,
          "characterOffsetEnd": 932,
          "before": " ",
          "after": " "
        },
        {
          "index": 6,
          "word": "did",
          "originalText": "did",
          "characterOffsetBegin": 933,
          "characterOffsetEnd": 936,
          "before": " ",
          "after": " "
        },
        {
          "index": 7,
          "word": "not",
          "originalText": "not",
          "characterOffsetBegin": 937,
          "characterOffsetEnd": 940,
          "before": " ",
          "after": " "
        },
        {
          "index": 8,
          "word": "hear",
          "originalText": "hear",
          "characterOffsetBegin": 941,
          "characterOffsetEnd": 945,
          "before": " ",
          "after": " "
        },
        {
          "index": 9,
          "word": "back",
          "originalText": "back",
          "characterOffsetBegin": 946,
          "characterOffsetEnd": 950,
          "before": " ",
          "after": " "
        },
        {
          "index": 10,
          "word": "from",
          "originalText": "from",
          "characterOffsetBegin": 951,
          "characterOffsetEnd": 955,
          "before": " ",
          "after": " "
        },
        {
          "index": 11,
          "word": "you",
          "originalText": "you",
          "characterOffsetBegin": 956,
          "characterOffsetEnd": 959,
          "before": " ",
          "after": " "
        },
        {
          "index": 12,
          "word": "so",
          "originalText": "so",
          "characterOffsetBegin": 960,
          "characterOffsetEnd": 962,
          "before": " ",
          "after": " "
        },
        {
          "index": 13,
          "word": "I",
          "originalText": "I",
          "characterOffsetBegin": 963,
          "characterOffsetEnd": 964,
          "before": " ",
          "after": " "
        },
        {
          "index": 14,
          "word": "will",
          "originalText": "will",
          "characterOffsetBegin": 965,
          "characterOffsetEnd": 969,
          "before": " ",
          "after": " "
        },
        {
          "index": 15,
          "word": "close",
          "originalText": "close",
          "characterOffsetBegin": 970,
          "characterOffsetEnd": 975,
          "before": " ",
          "after": " "
        },
        {
          "index": 16,
          "word": "out",
          "originalText": "out",
          "characterOffsetBegin": 976,
          "characterOffsetEnd": 979,
          "before": " ",
          "after": " "
        },
        {
          "index": 17,
          "word": "this",
          "originalText": "this",
          "characterOffsetBegin": 980,
          "characterOffsetEnd": 984,
          "before": " ",
          "after": " "
        },
        {
          "index": 18,
          "word": "case",
          "originalText": "case",
          "characterOffsetBegin": 985,
          "characterOffsetEnd": 989,
          "before": " ",
          "after": " "
        },
        {
          "index": 19,
          "word": "for",
          "originalText": "for",
          "characterOffsetBegin": 990,
          "characterOffsetEnd": 993,
          "before": " ",
          "after": " "
        },
        {
          "index": 20,
          "word": "now",
          "originalText": "now",
          "characterOffsetBegin": 994,
          "characterOffsetEnd": 997,
          "before": " ",
          "after": ""
        },
        {
          "index": 21,
          "word": ".",
          "originalText": ".",
          "characterOffsetBegin": 997,
          "characterOffsetEnd": 998,
          "before": "",
          "after": ""
        }
      ]
    },
    {
      "index": 21,
      "tokens": [
        {
          "index": 1,
          "word": "Please",
          "originalText": "Please",
          "characterOffsetBegin": 1000,
          "characterOffsetEnd": 1006,
          "before": "",
          "after": " "
        },
        {
          "index": 2,
          "word": "contact",
          "originalText": "contact",
          "characterOffsetBegin": 1007,
          "characterOffsetEnd": 1014,
          "before": " ",
          "after": " "
        },
        {
          "index": 3,
          "word": "me",
          "originalText": "me",
          "characterOffsetBegin": 1015,
          "characterOffsetEnd": 1017,
          "before": " ",
          "after": " "
        },
        {
          "index": 4,
          "word": "again",
          "originalText": "again",
          "characterOffsetBegin": 1018,
          "characterOffsetEnd": 1023,
          "before": " ",
          "after": " "
        },
        {
          "index": 5,
          "word": "if",
          "originalText": "if",
          "characterOffsetBegin": 1024,
          "characterOffsetEnd": 1026,
          "before": " ",
          "after": " "
        },
        {
          "index": 6,
          "word": "you",
          "originalText": "you",
          "characterOffsetBegin": 1027,
          "characterOffsetEnd": 1030,
          "before": " ",
          "after": " "
        },
        {
          "index": 7,
          "word": "still",
          "originalText": "still",
          "characterOffsetBegin": 1031,
          "characterOffsetEnd": 1036,
          "before": " ",
          "after": " "
        },
        {
          "index": 8,
          "word": "need",
          "originalText": "need",
          "characterOffsetBegin": 1037,
          "characterOffsetEnd": 1041,
          "before": " ",
          "after": " "
        },
        {
          "index": 9,
          "word": "any",
          "originalText": "any",
          "characterOffsetBegin": 1042,
          "characterOffsetEnd": 1045,
          "before": " ",
          "after": " "
        },
        {
          "index": 10,
          "word": "help",
          "originalText": "help",
          "characterOffsetBegin": 1046,
          "characterOffsetEnd": 1050,
          "before": " ",
          "after": ""
        },
        {
          "index": 11,
          "word": ".",
          "originalText": ".",
          "characterOffsetBegin": 1050,
          "characterOffsetEnd": 1051,
          "before": "",
          "after": ""
        }
      ]
    },
    {
      "index": 22,
      "tokens": [
        {
          "index": 1,
          "word": "^",
          "originalText": "^",
          "characterOffsetBegin": 1053,
          "characterOffsetEnd": 1054,
          "before": "",
          "after": ""
        },
        {
          "index": 2,
          "word": "Roopa",
          "originalText": "Roopa",
          "characterOffsetBegin": 1054,
          "characterOffsetEnd": 1059,
          "before": "",
          "after": ""
        }
      ]
    },
    {
      "index": 23,
      "tokens": [
        {
          "index": 1,
          "word": "Customer",
          "originalText": "Customer",
          "characterOffsetBegin": 1061,
          "characterOffsetEnd": 1069,
          "before": "",
          "after": ""
        },
        {
          "index": 2,
          "word": ":",
          "originalText": ":",
          "characterOffsetBegin": 1069,
          "characterOffsetEnd": 1070,
          "before": "",
          "after": " "
        },
        {
          "index": 3,
          "word": "@HPSupport",
          "originalText": "@HPSupport",
          "characterOffsetBegin": 1071,
          "characterOffsetEnd": 1081,
          "before": " ",
          "after": " "
        },
        {
          "index": 4,
          "word": "I",
          "originalText": "I",
          "characterOffsetBegin": 1082,
          "characterOffsetEnd": 1083,
          "before": " ",
          "after": " "
        },
        {
          "index": 5,
          "word": "sent",
          "originalText": "sent",
          "characterOffsetBegin": 1084,
          "characterOffsetEnd": 1088,
          "before": " ",
          "after": " "
        },
        {
          "index": 6,
          "word": "you",
          "originalText": "you",
          "characterOffsetBegin": 1089,
          "characterOffsetEnd": 1092,
          "before": " ",
          "after": " "
        },
        {
          "index": 7,
          "word": "a",
          "originalText": "a",
          "characterOffsetBegin": 1093,
          "characterOffsetEnd": 1094,
          "before": " ",
          "after": " "
        },
        {
          "index": 8,
          "word": "message",
          "originalText": "message",
          "characterOffsetBegin": 1095,
          "characterOffsetEnd": 1102,
          "before": " ",
          "after": " "
        },
        {
          "index": 9,
          "word": "saying",
          "originalText": "saying",
          "characterOffsetBegin": 1103,
          "characterOffsetEnd": 1109,
          "before": " ",
          "after": " "
        },
        {
          "index": 10,
          "word": "my",
          "originalText": "my",
          "characterOffsetBegin": 1110,
          "characterOffsetEnd": 1112,
          "before": " ",
          "after": " "
        },
        {
          "index": 11,
          "word": "OS",
          "originalText": "OS",
          "characterOffsetBegin": 1113,
          "characterOffsetEnd": 1115,
          "before": " ",
          "after": " "
        },
        {
          "index": 12,
          "word": "is",
          "originalText": "is",
          "characterOffsetBegin": 1116,
          "characterOffsetEnd": 1118,
          "before": " ",
          "after": " "
        },
        {
          "index": 13,
          "word": "Windows",
          "originalText": "Windows",
          "characterOffsetBegin": 1119,
          "characterOffsetEnd": 1126,
          "before": " ",
          "after": " "
        },
        {
          "index": 14,
          "word": "10",
          "originalText": "10",
          "characterOffsetBegin": 1127,
          "characterOffsetEnd": 1129,
          "before": " ",
          "after": ""
        }
      ]
    },
    {
      "index": 24,
      "tokens": [
        {
          "index": 1,
          "word": "@highlight",
          "originalText": "@highlight",
          "characterOffsetBegin": 1131,
          "characterOffsetEnd": 1141,
          "before": "",
          "after": ""
        }
      ]
    },
    {
      "index": 25,
      "tokens": [
        {
          "index": 1,
          "word": "Customer",
          "originalText": "Customer",
          "characterOffsetBegin": 1143,
          "characterOffsetEnd": 1151,
          "before": "",
          "after": ""
        },
        {
          "index": 2,
          "word": ":",
          "originalText": ":",
          "characterOffsetBegin": 1151,
          "characterOffsetEnd": 1152,
          "before": "",
          "after": " "
        },
        {
          "index": 3,
          "word": "@HPSupport",
          "originalText": "@HPSupport",
          "characterOffsetBegin": 1153,
          "characterOffsetEnd": 1163,
          "before": " ",
          "after": " "
        },
        {
          "index": 4,
          "word": "Need",
          "originalText": "Need",
          "characterOffsetBegin": 1164,
          "characterOffsetEnd": 1168,
          "before": " ",
          "after": " "
        },
        {
          "index": 5,
          "word": "your",
          "originalText": "your",
          "characterOffsetBegin": 1169,
          "characterOffsetEnd": 1173,
          "before": " ",
          "after": " "
        },
        {
          "index": 6,
          "word": "help",
          "originalText": "help",
          "characterOffsetBegin": 1174,
          "characterOffsetEnd": 1178,
          "before": " ",
          "after": " "
        },
        {
          "index": 7,
          "word": "with",
          "originalText": "with",
          "characterOffsetBegin": 1179,
          "characterOffsetEnd": 1183,
          "before": " ",
          "after": " "
        },
        {
          "index": 8,
          "word": "Envy",
          "originalText": "Envy",
          "characterOffsetBegin": 1184,
          "characterOffsetEnd": 1188,
          "before": " ",
          "after": " "
        },
        {
          "index": 9,
          "word": "5530",
          "originalText": "5530",
          "characterOffsetBegin": 1189,
          "characterOffsetEnd": 1193,
          "before": " ",
          "after": " "
        },
        {
          "index": 10,
          "word": "server",
          "originalText": "server",
          "characterOffsetBegin": 1194,
          "characterOffsetEnd": 1200,
          "before": " ",
          "after": " "
        },
        {
          "index": 11,
          "word": "connection",
          "originalText": "connection",
          "characterOffsetBegin": 1201,
          "characterOffsetEnd": 1211,
          "before": " ",
          "after": " "
        },
        {
          "index": 12,
          "word": "error",
          "originalText": "error",
          "characterOffsetBegin": 1212,
          "characterOffsetEnd": 1217,
          "before": " ",
          "after": ""
        },
        {
          "index": 13,
          "word": ".",
          "originalText": ".",
          "characterOffsetBegin": 1217,
          "characterOffsetEnd": 1218,
          "before": "",
          "after": ""
        }
      ]
    },
    {
      "index": 26,
      "tokens": [
        {
          "index": 1,
          "word": "@highlight",
          "originalText": "@highlight",
          "characterOffsetBegin": 1220,
          "characterOffsetEnd": 1230,
          "before": "",
          "after": ""
        }
      ]
    },
    {
      "index": 27,
      "tokens": [
        {
          "index": 1,
          "word": "Already",
          "originalText": "Already",
          "characterOffsetBegin": 1232,
          "characterOffsetEnd": 1239,
          "before": "",
          "after": " "
        },
        {
          "index": 2,
          "word": "tried",
          "originalText": "tried",
          "characterOffsetBegin": 1240,
          "characterOffsetEnd": 1245,
          "before": " ",
          "after": " "
        },
        {
          "index": 3,
          "word": "HP",
          "originalText": "HP",
          "characterOffsetBegin": 1246,
          "characterOffsetEnd": 1248,
          "before": " ",
          "after": " "
        },
        {
          "index": 4,
          "word": "print",
          "originalText": "print",
          "characterOffsetBegin": 1249,
          "characterOffsetEnd": 1254,
          "before": " ",
          "after": " "
        },
        {
          "index": 5,
          "word": "and",
          "originalText": "and",
          "characterOffsetBegin": 1255,
          "characterOffsetEnd": 1258,
          "before": " ",
          "after": " "
        },
        {
          "index": 6,
          "word": "scan",
          "originalText": "scan",
          "characterOffsetBegin": 1259,
          "characterOffsetEnd": 1263,
          "before": " ",
          "after": " "
        },
        {
          "index": 7,
          "word": "doctor",
          "originalText": "doctor",
          "characterOffsetBegin": 1264,
          "characterOffsetEnd": 1270,
          "before": " ",
          "after": " "
        },
        {
          "index": 8,
          "word": "and",
          "originalText": "and",
          "characterOffsetBegin": 1271,
          "characterOffsetEnd": 1274,
          "before": " ",
          "after": " "
        },
        {
          "index": 9,
          "word": "did",
          "originalText": "did",
          "characterOffsetBegin": 1275,
          "characterOffsetEnd": 1278,
          "before": " ",
          "after": ""
        },
        {
          "index": 10,
          "word": "n't",
          "originalText": "n't",
          "characterOffsetBegin": 1278,
          "characterOffsetEnd": 1281,
          "before": "",
          "after": " "
        },
        {
          "index": 11,
          "word": "work",
          "originalText": "work",
          "characterOffsetBegin": 1282,
          "characterOffsetEnd": 1286,
          "before": " ",
          "after": ""
        }
      ]
    },
    {
      "index": 28,
      "tokens": [
        {
          "index": 1,
          "word": "@highlight",
          "originalText": "@highlight",
          "characterOffsetBegin": 1288,
          "characterOffsetEnd": 1298,
          "before": "",
          "after": ""
        }
      ]
    },
    {
      "index": 29,
      "tokens": [
        {
          "index": 1,
          "word": "Agent",
          "originalText": "Agent",
          "characterOffsetBegin": 1300,
          "characterOffsetEnd": 1305,
          "before": "",
          "after": ""
        },
        {
          "index": 2,
          "word": ":",
          "originalText": ":",
          "characterOffsetBegin": 1305,
          "characterOffsetEnd": 1306,
          "before": "",
          "after": " "
        },
        {
          "index": 3,
          "word": "@",
          "originalText": "@",
          "characterOffsetBegin": 1307,
          "characterOffsetEnd": 1308,
          "before": " ",
          "after": ""
        },
        {
          "index": 4,
          "word": "305970",
          "originalText": "305970",
          "characterOffsetBegin": 1308,
          "characterOffsetEnd": 1314,
          "before": "",
          "after": " "
        },
        {
          "index": 5,
          "word": "To",
          "originalText": "To",
          "characterOffsetBegin": 1315,
          "characterOffsetEnd": 1317,
          "before": " ",
          "after": " "
        },
        {
          "index": 6,
          "word": "fix",
          "originalText": "fix",
          "characterOffsetBegin": 1318,
          "characterOffsetEnd": 1321,
          "before": " ",
          "after": " "
        },
        {
          "index": 7,
          "word": "this",
          "originalText": "this",
          "characterOffsetBegin": 1322,
          "characterOffsetEnd": 1326,
          "before": " ",
          "after": " "
        },
        {
          "index": 8,
          "word": "issue",
          "originalText": "issue",
          "characterOffsetBegin": 1327,
          "characterOffsetEnd": 1332,
          "before": " ",
          "after": ""
        },
        {
          "index": 9,
          "word": ",",
          "originalText": ",",
          "characterOffsetBegin": 1332,
          "characterOffsetEnd": 1333,
          "before": "",
          "after": " "
        },
        {
          "index": 10,
          "word": "try",
          "originalText": "try",
          "characterOffsetBegin": 1334,
          "characterOffsetEnd": 1337,
          "before": " ",
          "after": " "
        },
        {
          "index": 11,
          "word": "setting",
          "originalText": "setting",
          "characterOffsetBegin": 1338,
          "characterOffsetEnd": 1345,
          "before": " ",
          "after": " "
        },
        {
          "index": 12,
          "word": "Up",
          "originalText": "Up",
          "characterOffsetBegin": 1346,
          "characterOffsetEnd": 1348,
          "before": " ",
          "after": " "
        },
        {
          "index": 13,
          "word": "Scan",
          "originalText": "Scan",
          "characterOffsetBegin": 1349,
          "characterOffsetEnd": 1353,
          "before": " ",
          "after": " "
        },
        {
          "index": 14,
          "word": "to",
          "originalText": "to",
          "characterOffsetBegin": 1354,
          "characterOffsetEnd": 1356,
          "before": " ",
          "after": " "
        },
        {
          "index": 15,
          "word": "E-mail",
          "originalText": "E-mail",
          "characterOffsetBegin": 1357,
          "characterOffsetEnd": 1363,
          "before": " ",
          "after": " "
        },
        {
          "index": 16,
          "word": "again",
          "originalText": "again",
          "characterOffsetBegin": 1364,
          "characterOffsetEnd": 1369,
          "before": " ",
          "after": ""
        },
        {
          "index": 17,
          "word": ",",
          "originalText": ",",
          "characterOffsetBegin": 1369,
          "characterOffsetEnd": 1370,
          "before": "",
          "after": " "
        },
        {
          "index": 18,
          "word": "using",
          "originalText": "using",
          "characterOffsetBegin": 1371,
          "characterOffsetEnd": 1376,
          "before": " ",
          "after": " "
        },
        {
          "index": 19,
          "word": "HP",
          "originalText": "HP",
          "characterOffsetBegin": 1377,
          "characterOffsetEnd": 1379,
          "before": " ",
          "after": " "
        },
        {
          "index": 20,
          "word": "Software",
          "originalText": "Software",
          "characterOffsetBegin": 1380,
          "characterOffsetEnd": 1388,
          "before": " ",
          "after": " "
        },
        {
          "index": 21,
          "word": "Wizard",
          "originalText": "Wizard",
          "characterOffsetBegin": 1389,
          "characterOffsetEnd": 1395,
          "before": " ",
          "after": " "
        },
        {
          "index": 22,
          "word": "in",
          "originalText": "in",
          "characterOffsetBegin": 1396,
          "characterOffsetEnd": 1398,
          "before": " ",
          "after": " "
        },
        {
          "index": 23,
          "word": "Windows",
          "originalText": "Windows",
          "characterOffsetBegin": 1399,
          "characterOffsetEnd": 1406,
          "before": " ",
          "after": ""
        },
        {
          "index": 24,
          "word": ".",
          "originalText": ".",
          "characterOffsetBegin": 1406,
          "characterOffsetEnd": 1407,
          "before": "",
          "after": ""
        }
      ]
    }
  ]
}