{
  "sentences": [
    {
      "index": 0,
      "tokens": [
        {
          "index": 1,
          "word": "Customer",
          "originalText": "Customer",
          "characterOffsetBegin": 0,
          "characterOffsetEnd": 8,
          "before": "",
          "after": ""
        },
        {
          "index": 2,
          "word": ":",
          "originalText": ":",
          "characterOffsetBegin": 8,
          "characterOffsetEnd": 9,
          "before": "",
          "after": " "
        },
        {
          "index": 3,
          "word": "Hey",
          "originalText": "Hey",
          "characterOffsetBegin": 10,
          "characterOffsetEnd": 13,
          "before": " ",
          "after": " "
        },
        {
          "index": 4,
          "word": "@",
          "originalText": "@",
          "characterOffsetBegin": 14,
          "characterOffsetEnd": 15,
          "before": " ",
          "after": ""
        },
        {
          "index": 5,
          "word": "115888",
          "originalText": "115888",
          "characterOffsetBegin": 15,
          "characterOffsetEnd": 21,
          "before": "",
          "after": " "
        },
        {
          "index": 6,
          "word": "@SpotifyCares",
          "originalText": "@SpotifyCares",
          "characterOffsetBegin": 22,
          "characterOffsetEnd": 35,
          "before": " ",
          "after": " "
        },
        {
          "index": 7,
          "word": "what",
          "originalText": "what",
          "characterOffsetBegin": 36,
          "characterOffsetEnd": 40,
          "before": " ",
          "after": " "
        },
        {
          "index": 8,
          "word": "is",
          "originalText": "is",
          "characterOffsetBegin": 41,
          "characterOffsetEnd": 43,
          "before": " ",
          "after": " "
        },
        {
          "index": 9,
          "word": "this",
          "originalText": "this",
          "characterOffsetBegin": 44,
          "characterOffsetEnd": 48,
          "before": " ",
          "after": " "
        },
        {
          "index": 10,
          "word": "https://t.co/MxGauYdSFu",
          "originalText": "https://t.co/MxGauYdSFu",
          "characterOffsetBegin": 49,
          "characterOffsetEnd": 72,
          "before": " ",
          "after": ""
        }
      ]
    },
    {
      "index": 1,
      "tokens": [
        {
          "index": 1,
          "word": "Agent",
          "originalText": "Agent",
          "characterOffsetBegin": 74,
          "characterOffsetEnd": 79,
          "before": "",
          "after": ""
        },
        {
          "index": 2,
          "word": ":",
          "originalText": ":",
          "characterOffsetBegin": 79,
          "characterOffsetEnd": 80,
          "before": "",
          "after": " "
        },
        {
          "index": 3,
          "word": "@",
          "originalText": "@",
          "characterOffsetBegin": 81,
          "characterOffsetEnd": 82,
          "before": " ",
          "after": ""
        },
        {
          "index": 4,
          "word": "559512",
          "originalText": "559512",
          "characterOffsetBegin": 82,
          "characterOffsetEnd": 88,
          "before": "",
          "after": " "
        },
        {
          "index": 5,
          "word": "Hi",
          "originalText": "Hi",
          "characterOffsetBegin": 89,
          "characterOffsetEnd": 91,
          "before": " ",
          "after": " "
        },
        {
          "index": 6,
          "word": "there",
          "originalText": "there",
          "characterOffsetBegin": 92,
          "characterOffsetEnd": 97,
          "before": " ",
          "after": ""
        },
        {
          "index": 7,
          "word": "!",
          "originalText": "!",
          "characterOffsetBegin": 97,
          "characterOffsetEnd": 98,
          "before": "",
          "after": ""
        }
      ]
    },
    {
      "index": 2,
      "tokens": [
        {
          "index": 1,
          "word": "Can",
          "originalText": "Can",
          "characterOffsetBegin": 100,
          "characterOffsetEnd": 103,
          "before": "",
          "after": " "
        },
        {
          "index": 2,
          "word": "you",
          "originalText": "you",
          "characterOffsetBegin": 104,
          "characterOffsetEnd": 107,
          "before": " ",
          "after": " "
        },
        {
          "index": 3,
          "word": "let",
          "originalText": "let",
          "characterOffsetBegin": 108,
          "characterOffsetEnd": 111,
          "before": " ",
          "after": " "
        },
        {
          "index": 4,
          "word": "us",
          "originalText": "us",
          "characterOffsetBegin": 112,
          "characterOffsetEnd": 114,
          "before": " ",
          "after": " "
        },
        {
          "index": 5,
          "word": "know",
          "originalText": "know",
          "characterOffsetBegin": 115,
          "characterOffsetEnd": 119,
          "before": " ",
          "after": " "
        },
        {
          "index": 6,
          "word": "what",
          "originalText": "what",
          "characterOffsetBegin": 120,
          "characterOffsetEnd": 124,
          "before": " ",
          "after": " "
        },
        {
          "index": 7,
          "word": "exactly",
          "originalText": "exactly",
          "characterOffsetBegin": 125,
          "characterOffsetEnd": 132,
          "before": " ",
          "after": " "
        },
        {
          "index": 8,
          "word": "is",
          "originalText": "is",
          "characterOffsetBegin": 133,
          "characterOffsetEnd": 135,
          "before": " ",
          "after": " "
        },
        {
          "index": 9,
          "word": "happening",
          "originalText": "happening",
          "characterOffsetBegin": 136,
          "characterOffsetEnd": 145,
          "before": " ",
          "after": ""
        },
        {
          "index": 10,
          "word": "?",
          "originalText": "?",
          "characterOffsetBegin": 145,
          "characterOffsetEnd": 146,
          "before": "",
          "after": ""
        }
      ]
    },
    {
      "index": 3,
      "tokens": [
        {
          "index": 1,
          "word": "We",
          "originalText": "We",
          "characterOffsetBegin": 148,
          "characterOffsetEnd": 150,
          "before": "",
          "after": ""
        },
        {
          "index": 2,
          "word": "'ll",
          "originalText": "'ll",
          "characterOffsetBegin": 150,
          "characterOffsetEnd": 153,
          "before": "",
          "after": " "
        },
        {
          "index": 3,
          "word": "see",
          "originalText": "see",
          "characterOffsetBegin": 154,
          "characterOffsetEnd": 157,
          "before": " ",
          "after": " "
        },
        {
          "index": 4,
          "word": "what",
          "originalText": "what",
          "characterOffsetBegin": 158,
          "characterOffsetEnd": 162,
          "before": " ",
          "after": " "
        },
        {
          "index": 5,
          "word": "we",
          "originalText": "we",
          "characterOffsetBegin": 163,
          "characterOffsetEnd": 165,
          "before": " ",
          "after": " "
        },
        {
          "index": 6,
          "word": "can",
          "originalText": "can",
          "characterOffsetBegin": 166,
          "characterOffsetEnd": 169,
          "before": " ",
          "after": " "
        },
        {
          "index": 7,
          "word": "suggest",
          "originalText": "suggest",
          "characterOffsetBegin": 170,
          "characterOffsetEnd": 177,
          "before": " ",
          "after": " "
        },
        {
          "index": 8,
          "word": "/",
          "originalText": "/",
          "characterOffsetBegin": 178,
          "characterOffsetEnd": 179,
          "before": " ",
          "after": ""
        },
        {
          "index": 9,
          "word": "NY",
          "originalText": "NY",
          "characterOffsetBegin": 179,
          "characterOffsetEnd": 181,
          "before": "",
          "after": ""
        }
      ]
    },
    {
      "index": 4,
      "tokens": [
        {
          "index": 1,
          "word": "Customer",
          "originalText": "Customer",
          "characterOffsetBegin": 183,
          "characterOffsetEnd": 191,
          "before": "",
          "after": ""
        },
        {
          "index": 2,
          "word": ":",
          "originalText": ":",
          "characterOffsetBegin": 191,
          "characterOffsetEnd": 192,
          "before": "",
          "after": " "
        },
        {
          "index": 3,
          "word": "@SpotifyCares",
          "originalText": "@SpotifyCares",
          "characterOffsetBegin": 193,
          "characterOffsetEnd": 206,
          "before": " ",
          "after": " "
        },
        {
          "index": 4,
          "word": "When",
          "originalText": "When",
          "characterOffsetBegin": 207,
          "characterOffsetEnd": 211,
          "before": " ",
          "after": " "
        },
        {
          "index": 5,
          "word": "I",
          "originalText": "I",
          "characterOffsetBegin": 212,
          "characterOffsetEnd": 213,
          "before": " ",
          "after": " "
        },
        {
          "index": 6,
          "word": "clicked",
          "originalText": "clicked",
          "characterOffsetBegin": 214,
          "characterOffsetEnd": 221,
          "before": " ",
          "after": " "
        },
        {
          "index": 7,
          "word": "on",
          "originalText": "on",
          "characterOffsetBegin": 222,
          "characterOffsetEnd": 224,
          "before": " ",
          "after": " "
        },
        {
          "index": 8,
          "word": "one",
          "originalText": "one",
          "characterOffsetBegin": 225,
          "characterOffsetEnd": 228,
          "before": " ",
          "after": " "
        },
        {
          "index": 9,
          "word": "of",
          "originalText": "of",
          "characterOffsetBegin": 229,
          "characterOffsetEnd": 231,
          "before": " ",
          "after": " "
        },
        {
          "index": 10,
          "word": "my",
          "originalText": "my",
          "characterOffsetBegin": 232,
          "characterOffsetEnd": 234,
          "before": " ",
          "after": " "
        },
        {
          "index": 11,
          "word": "music",
          "originalText": "music",
          "characterOffsetBegin": 235,
          "characterOffsetEnd": 240,
          "before": " ",
          "after": " "
        },
        {
          "index": 12,
          "word": ".",
          "originalText": ".",
          "characterOffsetBegin": 241,
          "characterOffsetEnd": 242,
          "before": " ",
          "after": ""
        }
      ]
    },
    {
      "index": 5,
      "tokens": [
        {
          "index": 1,
          "word": ".",
          "originalText": ".",
          "characterOffsetBegin": 242,
          "characterOffsetEnd": 243,
          "before": "",
          "after": " "
        }
      ]
    },
    {
      "index": 6,
      "tokens": [
        {
          "index": 1,
          "word": "the",
          "originalText": "the",
          "characterOffsetBegin": 244,
          "characterOffsetEnd": 247,
          "before": " ",
          "after": " "
        },
        {
          "index": 2,
          "word": "description",
          "originalText": "description",
          "characterOffsetBegin": 248,
          "characterOffsetEnd": 259,
          "before": " ",
          "after": " "
        },
        {
          "index": 3,
          "word": "says",
          "originalText": "says",
          "characterOffsetBegin": 260,
          "characterOffsetEnd": 264,
          "before": " ",
          "after": " "
        },
        {
          "index": 4,
          "word": "it",
          "originalText": "it",
          "characterOffsetBegin": 265,
          "characterOffsetEnd": 267,
          "before": " ",
          "after": " "
        },
        {
          "index": 5,
          "word": "otherwise",
          "originalText": "otherwise",
          "characterOffsetBegin": 268,
          "characterOffsetEnd": 277,
          "before": " ",
          "after": " "
        },
        {
          "index": 6,
          "word": "https://t.co/1FvN4YKrSe",
          "originalText": "https://t.co/1FvN4YKrSe",
          "characterOffsetBegin": 278,
          "characterOffsetEnd": 301,
          "before": " ",
          "after": ""
        }
      ]
    },
    {
      "index": 7,
      "tokens": [
        {
          "index": 1,
          "word": "Agent",
          "originalText": "Agent",
          "characterOffsetBegin": 303,
          "characterOffsetEnd": 308,
          "before": "",
          "after": ""
        },
        {
          "index": 2,
          "word": ":",
          "originalText": ":",
          "characterOffsetBegin": 308,
          "characterOffsetEnd": 309,
          "before": "",
          "after": " "
        },
        {
          "index": 3,
          "word": "@",
          "originalText": "@",
          "characterOffsetBegin": 310,
          "characterOffsetEnd": 311,
          "before": " ",
          "after": ""
        },
        {
          "index": 4,
          "word": "559512",
          "originalText": "559512",
          "characterOffsetBegin": 311,
          "characterOffsetEnd": 317,
          "before": "",
          "after": " "
        },
        {
          "index": 5,
          "word": "Thanks",
          "originalText": "Thanks",
          "characterOffsetBegin": 318,
          "characterOffsetEnd": 324,
          "before": " ",
          "after": " "
        },
        {
          "index": 6,
          "word": "for",
          "originalText": "for",
          "characterOffsetBegin": 325,
          "characterOffsetEnd": 328,
          "before": " ",
          "after": " "
        },
        {
          "index": 7,
          "word": "the",
          "originalText": "the",
          "characterOffsetBegin": 329,
          "characterOffsetEnd": 332,
          "before": " ",
          "after": " "
        },
        {
          "index": 8,
          "word": "info",
          "originalText": "info",
          "characterOffsetBegin": 333,
          "characterOffsetEnd": 337,
          "before": " ",
          "after": ""
        },
        {
          "index": 9,
          "word": ".",
          "originalText": ".",
          "characterOffsetBegin": 337,
          "characterOffsetEnd": 338,
          "before": "",
          "after": ""
        }
      ]
    },
    {
      "index": 8,
      "tokens": [
        {
          "index": 1,
          "word": "Can",
          "originalText": "Can",
          "characterOffsetBegin": 340,
          "characterOffsetEnd": 343,
          "before": "",
          "after": " "
        },
        {
          "index": 2,
          "word": "you",
          "originalText": "you",
          "characterOffsetBegin": 344,
          "characterOffsetEnd": 347,
          "before": " ",
          "after": " "
        },
        {
          "index": 3,
          "word": "let",
          "originalText": "let",
          "characterOffsetBegin": 348,
          "characterOffsetEnd": 351,
          "before": " ",
          "after": " "
        },
        {
          "index": 4,
          "word": "us",
          "originalText": "us",
          "characterOffsetBegin": 352,
          "characterOffsetEnd": 354,
          "before": " ",
          "after": " "
        },
        {
          "index": 5,
          "word": "know",
          "originalText": "know",
          "characterOffsetBegin": 355,
          "characterOffsetEnd": 359,
          "before": " ",
          "after": " "
        },
        {
          "index": 6,
          "word": "the",
          "originalText": "the",
          "characterOffsetBegin": 360,
          "characterOffsetEnd": 363,
          "before": " ",
          "after": " "
        },
        {
          "index": 7,
          "word": "device/OS",
          "originalText": "device/OS",
          "characterOffsetBegin": 364,
          "characterOffsetEnd": 373,
          "before": " ",
          "after": " "
        },
        {
          "index": 8,
          "word": "and",
          "originalText": "and",
          "characterOffsetBegin": 374,
          "characterOffsetEnd": 377,
          "before": " ",
          "after": " "
        },
        {
          "index": 9,
          "word": "Spotify",
          "originalText": "Spotify",
          "characterOffsetBegin": 378,
          "characterOffsetEnd": 385,
          "before": " ",
          "after": " "
        },
        {
          "index": 10,
          "word": "version",
          "originalText": "version",
          "characterOffsetBegin": 386,
          "characterOffsetEnd": 393,
          "before": " ",
          "after": " "
        },
        {
          "index": 11,
          "word": "you",
          "originalText": "you",
          "characterOffsetBegin": 394,
          "characterOffsetEnd": 397,
          "before": " ",
          "after": ""
        },
        {
          "index": 12,
          "word": "'re",
          "originalText": "'re",
          "characterOffsetBegin": 397,
          "characterOffsetEnd": 400,
          "before": "",
          "after": " "
        },
        {
          "index": 13,
          "word": "using",
          "originalText": "using",
          "characterOffsetBegin": 401,
          "characterOffsetEnd": 406,
          "before": " ",
          "after": ""
        },
        {
          "index": 14,
          "word": "?",
          "originalText": "?",
          "characterOffsetBegin": 406,
          "characterOffsetEnd": 407,
          "before": "",
          "after": ""
        }
      ]
    },
    {
      "index": 9,
      "tokens": [
        {
          "index": 1,
          "word": "/",
          "originalText": "/",
          "characterOffsetBegin": 409,
          "characterOffsetEnd": 410,
          "before": "",
          "after": ""
        },
        {
          "index": 2,
          "word": "NY",
          "originalText": "NY",
          "characterOffsetBegin": 410,
          "characterOffsetEnd": 412,
          "before": "",
          "after": ""
        }
      ]
    },
    {
      "index": 10,
      "tokens": [
        {
          "index": 1,
          "word": "Customer",
          "originalText": "Customer",
          "characterOffsetBegin": 414,
          "characterOffsetEnd": 422,
          "before": "",
          "after": ""
        },
        {
          "index": 2,
          "word": ":",
          "originalText": ":",
          "characterOffsetBegin": 422,
          "characterOffsetEnd": 423,
          "before": "",
          "after": " "
        },
        {
          "index": 3,
          "word": "@SpotifyCares",
          "originalText": "@SpotifyCares",
          "characterOffsetBegin": 424,
          "characterOffsetEnd": 437,
          "before": " ",
          "after": " "
        },
        {
          "index": 4,
          "word": "I",
          "originalText": "I",
          "characterOffsetBegin": 438,
          "characterOffsetEnd": 439,
          "before": " ",
          "after": ""
        },
        {
          "index": 5,
          "word": "'m",
          "originalText": "'m",
          "characterOffsetBegin": 439,
          "characterOffsetEnd": 441,
          "before": "",
          "after": " "
        },
        {
          "index": 6,
          "word": "using",
          "originalText": "using",
          "characterOffsetBegin": 442,
          "characterOffsetEnd": 447,
          "before": " ",
          "after": " "
        },
        {
          "index": 7,
          "word": "iOS",
          "originalText": "iOS",
          "characterOffsetBegin": 448,
          "characterOffsetEnd": 451,
          "before": " ",
          "after": " "
        },
        {
          "index": 8,
          "word": "10.2",
          "originalText": "10.2",
          "characterOffsetBegin": 452,
          "characterOffsetEnd": 456,
          "before": " ",
          "after": " "
        },
        {
          "index": 9,
          "word": "and",
          "originalText": "and",
          "characterOffsetBegin": 457,
          "characterOffsetEnd": 460,
          "before": " ",
          "after": " "
        },
        {
          "index": 10,
          "word": "my",
          "originalText": "my",
          "characterOffsetBegin": 461,
          "characterOffsetEnd": 463,
          "before": " ",
          "after": " "
        },
        {
          "index": 11,
          "word": "Spotify",
          "originalText": "Spotify",
          "characterOffsetBegin": 464,
          "characterOffsetEnd": 471,
          "before": " ",
          "after": " "
        },
        {
          "index": 12,
          "word": "version",
          "originalText": "version",
          "characterOffsetBegin": 472,
          "characterOffsetEnd": 479,
          "before": " ",
          "after": " "
        },
        {
          "index": 13,
          "word": "is",
          "originalText": "is",
          "characterOffsetBegin": 480,
          "characterOffsetEnd": 482,
          "before": " ",
          "after": " "
        },
        {
          "index": 14,
          "word": "8.4.22.515",
          "originalText": "8.4.22.515",
          "characterOffsetBegin": 483,
          "characterOffsetEnd": 493,
          "before": " ",
          "after": ""
        }
      ]
    },
    {
      "index": 11,
      "tokens": [
        {
          "index": 1,
          "word": "Agent",
          "originalText": "Agent",
          "characterOffsetBegin": 495,
          "characterOffsetEnd": 500,
          "before": "",
          "after": ""
        },
        {
          "index": 2,
          "word": ":",
          "originalText": ":",
          "characterOffsetBegin": 500,
          "characterOffsetEnd": 501,
          "before": "",
          "after": " "
        },
        {
          "index": 3,
          "word": "@",
          "originalText": "@",
          "characterOffsetBegin": 502,
          "characterOffsetEnd": 503,
          "before": " ",
          "after": ""
        },
        {
          "index": 4,
          "word": "559512",
          "originalText": "559512",
          "characterOffsetBegin": 503,
          "characterOffsetEnd": 509,
          "before": "",
          "after": " "
        },
        {
          "index": 5,
          "word": "Cool",
          "originalText": "Cool",
          "characterOffsetBegin": 510,
          "characterOffsetEnd": 514,
          "before": " ",
          "after": ""
        },
        {
          "index": 6,
          "word": "!",
          "originalText": "!",
          "characterOffsetBegin": 514,
          "characterOffsetEnd": 515,
          "before": "",
          "after": ""
        }
      ]
    },
    {
      "index": 12,
      "tokens": [
        {
          "index": 1,
          "word": "Just",
          "originalText": "Just",
          "characterOffsetBegin": 517,
          "characterOffsetEnd": 521,
          "before": "",
          "after": " "
        },
        {
          "index": 2,
          "word": "to",
          "originalText": "to",
          "characterOffsetBegin": 522,
          "characterOffsetEnd": 524,
          "before": " ",
          "after": " "
        },
        {
          "index": 3,
          "word": "check",
          "originalText": "check",
          "characterOffsetBegin": 525,
          "characterOffsetEnd": 530,
          "before": " ",
          "after": ""
        },
        {
          "index": 4,
          "word": ",",
          "originalText": ",",
          "characterOffsetBegin": 530,
          "characterOffsetEnd": 531,
          "before": "",
          "after": " "
        },
        {
          "index": 5,
          "word": "does",
          "originalText": "does",
          "characterOffsetBegin": 532,
          "characterOffsetEnd": 536,
          "before": " ",
          "after": " "
        },
        {
          "index": 6,
          "word": "logging",
          "originalText": "logging",
          "characterOffsetBegin": 537,
          "characterOffsetEnd": 544,
          "before": " ",
          "after": " "
        },
        {
          "index": 7,
          "word": "out",
          "originalText": "out",
          "characterOffsetBegin": 545,
          "characterOffsetEnd": 548,
          "before": " ",
          "after": " "
        },
        {
          "index": 8,
          "word": "of",
          "originalText": "of",
          "characterOffsetBegin": 549,
          "characterOffsetEnd": 551,
          "before": " ",
          "after": " "
        },
        {
          "index": 9,
          "word": "Spotify",
          "originalText": "Spotify",
          "characterOffsetBegin": 552,
          "characterOffsetEnd": 559,
          "before": " ",
          "after": ""
        },
        {
          "index": 10,
          "word": ",",
          "originalText": ",",
          "characterOffsetBegin": 559,
          "characterOffsetEnd": 560,
          "before": "",
          "after": " "
        },
        {
          "index": 11,
          "word": "restarting",
          "originalText": "restarting",
          "characterOffsetBegin": 561,
          "characterOffsetEnd": 571,
          "before": " ",
          "after": " "
        },
        {
          "index": 12,
          "word": "your",
          "originalText": "your",
          "characterOffsetBegin": 572,
          "characterOffsetEnd": 576,
          "before": " ",
          "after": " "
        },
        {
          "index": 13,
          "word": "device",
          "originalText": "device",
          "characterOffsetBegin": 577,
          "characterOffsetEnd": 583,
          "before": " ",
          "after": ""
        },
        {
          "index": 14,
          "word": ",",
          "originalText": ",",
          "characterOffsetBegin": 583,
          "characterOffsetEnd": 584,
          "before": "",
          "after": " "
        },
        {
          "index": 15,
          "word": "and",
          "originalText": "and",
          "characterOffsetBegin": 585,
          "characterOffsetEnd": 588,
          "before": " ",
          "after": " "
        },
        {
          "index": 16,
          "word": "logging",
          "originalText": "logging",
          "characterOffsetBegin": 589,
          "characterOffsetEnd": 596,
          "before": " ",
          "after": " "
        },
        {
          "index": 17,
          "word": "back",
          "originalText": "back",
          "characterOffsetBegin": 597,
          "characterOffsetEnd": 601,
          "before": " ",
          "after": " "
        },
        {
          "index": 18,
          "word": "in",
          "originalText": "in",
          "characterOffsetBegin": 602,
          "characterOffsetEnd": 604,
          "before": " ",
          "after": " "
        },
        {
          "index": 19,
          "word": "help",
          "originalText": "help",
          "characterOffsetBegin": 605,
          "characterOffsetEnd": 609,
          "before": " ",
          "after": " "
        },
        {
          "index": 20,
          "word": "at",
          "originalText": "at",
          "characterOffsetBegin": 610,
          "characterOffsetEnd": 612,
          "before": " ",
          "after": " "
        },
        {
          "index": 21,
          "word": "all",
          "originalText": "all",
          "characterOffsetBegin": 613,
          "characterOffsetEnd": 616,
          "before": " ",
          "after": ""
        },
        {
          "index": 22,
          "word": "?",
          "originalText": "?",
          "characterOffsetBegin": 616,
          "characterOffsetEnd": 617,
          "before": "",
          "after": ""
        }
      ]
    },
    {
      "index": 13,
      "tokens": [
        {
          "index": 1,
          "word": "Keep",
          "originalText": "Keep",
          "characterOffsetBegin": 619,
          "characterOffsetEnd": 623,
          "before": "",
          "after": " "
        },
        {
          "index": 2,
          "word": "us",
          "originalText": "us",
          "characterOffsetBegin": 624,
          "characterOffsetEnd": 626,
          "before": " ",
          "after": " "
        },
        {
          "index": 3,
          "word": "posted",
          "originalText": "posted",
          "characterOffsetBegin": 627,
          "characterOffsetEnd": 633,
          "before": " ",
          "after": " "
        },
        {
          "index": 4,
          "word": "/",
          "originalText": "/",
          "characterOffsetBegin": 634,
          "characterOffsetEnd": 635,
          "before": " ",
          "after": ""
        },
        {
          "index": 5,
          "word": "NY",
          "originalText": "NY",
          "characterOffsetBegin": 635,
          "characterOffsetEnd": 637,
          "before": "",
          "after": ""
        }
      ]
    },
    {
      "index": 14,
      "tokens": [
        {
          "index": 1,
          "word": "Customer",
          "originalText": "Customer",
          "characterOffsetBegin": 639,
          "characterOffsetEnd": 647,
          "before": "",
          "after": ""
        },
        {
          "index": 2,
          "word": ":",
          "originalText": ":",
          "characterOffsetBegin": 647,
          "characterOffsetEnd": 648,
          "before": "",
          "after": " "
        },
        {
          "index": 3,
          "word": "@SpotifyCares",
          "originalText": "@SpotifyCares",
          "characterOffsetBegin": 649,
          "characterOffsetEnd": 662,
          "before": " ",
          "after": " "
        },
        {
          "index": 4,
          "word": "Nope",
          "originalText": "Nope",
          "characterOffsetBegin": 663,
          "characterOffsetEnd": 667,
          "before": " ",
          "after": ""
        },
        {
          "index": 5,
          "word": ".",
          "originalText": ".",
          "characterOffsetBegin": 667,
          "characterOffsetEnd": 668,
          "before": "",
          "after": ""
        }
      ]
    },
    {
      "index": 15,
      "tokens": [
        {
          "index": 1,
          "word": ".",
          "originalText": ".",
          "characterOffsetBegin": 668,
          "characterOffsetEnd": 669,
          "before": "",
          "after": " "
        }
      ]
    },
    {
      "index": 16,
      "tokens": [
        {
          "index": 1,
          "word": "besides",
          "originalText": "besides",
          "characterOffsetBegin": 670,
          "characterOffsetEnd": 677,
          "before": " ",
          "after": " "
        },
        {
          "index": 2,
          "word": "I",
          "originalText": "I",
          "characterOffsetBegin": 678,
          "characterOffsetEnd": 679,
          "before": " ",
          "after": ""
        },
        {
          "index": 3,
          "word": "'m",
          "originalText": "'m",
          "characterOffsetBegin": 679,
          "characterOffsetEnd": 681,
          "before": "",
          "after": " "
        },
        {
          "index": 4,
          "word": "scared",
          "originalText": "scared",
          "characterOffsetBegin": 682,
          "characterOffsetEnd": 688,
          "before": " ",
          "after": " "
        },
        {
          "index": 5,
          "word": "that",
          "originalText": "that",
          "characterOffsetBegin": 689,
          "characterOffsetEnd": 693,
          "before": " ",
          "after": " "
        },
        {
          "index": 6,
          "word": "if",
          "originalText": "if",
          "characterOffsetBegin": 694,
          "characterOffsetEnd": 696,
          "before": " ",
          "after": " "
        },
        {
          "index": 7,
          "word": "i",
          "originalText": "i",
          "characterOffsetBegin": 697,
          "characterOffsetEnd": 698,
          "before": " ",
          "after": " "
        },
        {
          "index": 8,
          "word": "do",
          "originalText": "do",
          "characterOffsetBegin": 699,
          "characterOffsetEnd": 701,
          "before": " ",
          "after": " "
        },
        {
          "index": 9,
          "word": "logging",
          "originalText": "logging",
          "characterOffsetBegin": 702,
          "characterOffsetEnd": 709,
          "before": " ",
          "after": " "
        },
        {
          "index": 10,
          "word": "out",
          "originalText": "out",
          "characterOffsetBegin": 710,
          "characterOffsetEnd": 713,
          "before": " ",
          "after": " "
        },
        {
          "index": 11,
          "word": ",",
          "originalText": ",",
          "characterOffsetBegin": 714,
          "characterOffsetEnd": 715,
          "before": " ",
          "after": " "
        },
        {
          "index": 12,
          "word": "i",
          "originalText": "i",
          "characterOffsetBegin": 716,
          "characterOffsetEnd": 717,
          "before": " ",
          "after": " "
        },
        {
          "index": 13,
          "word": "cant",
          "originalText": "cant",
          "characterOffsetBegin": 718,
          "characterOffsetEnd": 722,
          "before": " ",
          "after": " "
        },
        {
          "index": 14,
          "word": "remember",
          "originalText": "remember",
          "characterOffsetBegin": 723,
          "characterOffsetEnd": 731,
          "before": " ",
          "after": " "
        },
        {
          "index": 15,
          "word": "the",
          "originalText": "the",
          "characterOffsetBegin": 732,
          "characterOffsetEnd": 735,
          "before": " ",
          "after": " "
        },
        {
          "index": 16,
          "word": "password",
          "originalText": "password",
          "characterOffsetBegin": 736,
          "characterOffsetEnd": 744,
          "before": " ",
          "after": ""
        },
        {
          "index": 17,
          "word": ".",
          "originalText": ".",
          "characterOffsetBegin": 744,
          "characterOffsetEnd": 745,
          "before": "",
          "after": ""
        }
      ]
    },
    {
      "index": 17,
      "tokens": [
        {
          "index": 1,
          "word": "And",
          "originalText": "And",
          "characterOffsetBegin": 747,
          "characterOffsetEnd": 750,
          "before": "",
          "after": " "
        },
        {
          "index": 2,
          "word": "my",
          "originalText": "my",
          "characterOffsetBegin": 751,
          "characterOffsetEnd": 753,
          "before": " ",
          "after": " "
        },
        {
          "index": 3,
          "word": "premium",
          "originalText": "premium",
          "characterOffsetBegin": 754,
          "characterOffsetEnd": 761,
          "before": " ",
          "after": " "
        },
        {
          "index": 4,
          "word": "will",
          "originalText": "will",
          "characterOffsetBegin": 762,
          "characterOffsetEnd": 766,
          "before": " ",
          "after": " "
        },
        {
          "index": 5,
          "word": "run",
          "originalText": "run",
          "characterOffsetBegin": 767,
          "characterOffsetEnd": 770,
          "before": " ",
          "after": " "
        },
        {
          "index": 6,
          "word": "out",
          "originalText": "out",
          "characterOffsetBegin": 771,
          "characterOffsetEnd": 774,
          "before": " ",
          "after": " "
        },
        {
          "index": 7,
          "word": "of",
          "originalText": "of",
          "characterOffsetBegin": 775,
          "characterOffsetEnd": 777,
          "before": " ",
          "after": " "
        },
        {
          "index": 8,
          "word": "the",
          "originalText": "the",
          "characterOffsetBegin": 778,
          "characterOffsetEnd": 781,
          "before": " ",
          "after": " "
        },
        {
          "index": 9,
          "word": "time",
          "originalText": "time",
          "characterOffsetBegin": 782,
          "characterOffsetEnd": 786,
          "before": " ",
          "after": ""
        }
      ]
    },
    {
      "index": 18,
      "tokens": [
        {
          "index": 1,
          "word": "Agent",
          "originalText": "Agent",
          "characterOffsetBegin": 788,
          "characterOffsetEnd": 793,
          "before": "",
          "after": ""
        },
        {
          "index": 2,
          "word": ":",
          "originalText": ":",
          "characterOffsetBegin": 793,
          "characterOffsetEnd": 794,
          "before": "",
          "after": " "
        },
        {
          "index": 3,
          "word": "@",
          "originalText": "@",
          "characterOffsetBegin": 795,
          "characterOffsetEnd": 796,
          "before": " ",
          "after": ""
        },
        {
          "index": 4,
          "word": "559512",
          "originalText": "559512",
          "characterOffsetBegin": 796,
          "characterOffsetEnd": 802,
          "before": "",
          "after": " "
        },
        {
          "index": 5,
          "word": "We",
          "originalText": "We",
          "characterOffsetBegin": 803,
          "characterOffsetEnd": 805,
          "before": " ",
          "after": ""
        },
        {
          "index": 6,
          "word": "'d",
          "originalText": "'d",
          "characterOffsetBegin": 805,
          "characterOffsetEnd": 807,
          "before": "",
          "after": " "
        },
        {
          "index": 7,
          "word": "suggest",
          "originalText": "suggest",
          "characterOffsetBegin": 808,
          "characterOffsetEnd": 815,
          "before": " ",
          "after": " "
        },
        {
          "index": 8,
          "word": "a",
          "originalText": "a",
          "characterOffsetBegin": 816,
          "characterOffsetEnd": 817,
          "before": " ",
          "after": " "
        },
        {
          "index": 9,
          "word": "reinstall",
          "originalText": "reinstall",
          "characterOffsetBegin": 818,
          "characterOffsetEnd": 827,
          "before": " ",
          "after": ""
        },
        {
          "index": 10,
          "word": ",",
          "originalText": ",",
          "characterOffsetBegin": 827,
          "characterOffsetEnd": 828,
          "before": "",
          "after": " "
        },
        {
          "index": 11,
          "word": "but",
          "originalText": "but",
          "characterOffsetBegin": 829,
          "characterOffsetEnd": 832,
          "before": " ",
          "after": " "
        },
        {
          "index": 12,
          "word": "it",
          "originalText": "it",
          "characterOffsetBegin": 833,
          "characterOffsetEnd": 835,
          "before": " ",
          "after": " "
        },
        {
          "index": 13,
          "word": "would",
          "originalText": "would",
          "characterOffsetBegin": 836,
          "characterOffsetEnd": 841,
          "before": " ",
          "after": " "
        },
        {
          "index": 14,
          "word": "remove",
          "originalText": "remove",
          "characterOffsetBegin": 842,
          "characterOffsetEnd": 848,
          "before": " ",
          "after": " "
        },
        {
          "index": 15,
          "word": "your",
          "originalText": "your",
          "characterOffsetBegin": 849,
          "characterOffsetEnd": 853,
          "before": " ",
          "after": " "
        },
        {
          "index": 16,
          "word": "downloads",
          "originalText": "downloads",
          "characterOffsetBegin": 854,
          "characterOffsetEnd": 863,
          "before": " ",
          "after": ""
        },
        {
          "index": 17,
          "word": ".",
          "originalText": ".",
          "characterOffsetBegin": 863,
          "characterOffsetEnd": 864,
          "before": "",
          "after": ""
        }
      ]
    },
    {
      "index": 19,
      "tokens": [
        {
          "index": 1,
          "word": "If",
          "originalText": "If",
          "characterOffsetBegin": 866,
          "characterOffsetEnd": 868,
          "before": "",
          "after": " "
        },
        {
          "index": 2,
          "word": "you",
          "originalText": "you",
          "characterOffsetBegin": 869,
          "characterOffsetEnd": 872,
          "before": " ",
          "after": ""
        },
        {
          "index": 3,
          "word": "'re",
          "originalText": "'re",
          "characterOffsetBegin": 872,
          "characterOffsetEnd": 875,
          "before": "",
          "after": " "
        },
        {
          "index": 4,
          "word": "cool",
          "originalText": "cool",
          "characterOffsetBegin": 876,
          "characterOffsetEnd": 880,
          "before": " ",
          "after": " "
        },
        {
          "index": 5,
          "word": "with",
          "originalText": "with",
          "characterOffsetBegin": 881,
          "characterOffsetEnd": 885,
          "before": " ",
          "after": " "
        },
        {
          "index": 6,
          "word": "this",
          "originalText": "this",
          "characterOffsetBegin": 886,
          "characterOffsetEnd": 890,
          "before": " ",
          "after": ""
        },
        {
          "index": 7,
          "word": ",",
          "originalText": ",",
          "characterOffsetBegin": 890,
          "characterOffsetEnd": 891,
          "before": "",
          "after": " "
        },
        {
          "index": 8,
          "word": "the",
          "originalText": "the",
          "characterOffsetBegin": 892,
          "characterOffsetEnd": 895,
          "before": " ",
          "after": " "
        },
        {
          "index": 9,
          "word": "steps",
          "originalText": "steps",
          "characterOffsetBegin": 896,
          "characterOffsetEnd": 901,
          "before": " ",
          "after": " "
        },
        {
          "index": 10,
          "word": "are",
          "originalText": "are",
          "characterOffsetBegin": 902,
          "characterOffsetEnd": 905,
          "before": " ",
          "after": " "
        },
        {
          "index": 11,
          "word": "here",
          "originalText": "here",
          "characterOffsetBegin": 906,
          "characterOffsetEnd": 910,
          "before": " ",
          "after": ""
        },
        {
          "index": 12,
          "word": ":",
          "originalText": ":",
          "characterOffsetBegin": 910,
          "characterOffsetEnd": 911,
          "before": "",
          "after": " "
        },
        {
          "index": 13,
          "word": "https://t.co/EqisDMwZAT",
          "originalText": "https://t.co/EqisDMwZAT",
          "characterOffsetBegin": 912,
          "characterOffsetEnd": 935,
          "before": " ",
          "after": " "
        },
        {
          "index": 14,
          "word": "/",
          "originalText": "/",
          "characterOffsetBegin": 936,
          "characterOffsetEnd": 937,
          "before": " ",
          "after": ""
        },
        {
          "index": 15,
          "word": "NY",
          "originalText": "NY",
          "characterOffsetBegin": 937,
          "characterOffsetEnd": 939,
          "before": "",
          "after": ""
        }
      ]
    },
    {
      "index": 20,
      "tokens": [
        {
          "index": 1,
          "word": "@highlight",
          "originalText": "@highlight",
          "characterOffsetBegin": 941,
          "characterOffsetEnd": 951,
          "before": "",
          "after": ""
        }
      ]
    },
    {
      "index": 21,
      "tokens": [
        {
          "index": 1,
          "word": "Customer",
          "originalText": "Customer",
          "characterOffsetBegin": 953,
          "characterOffsetEnd": 961,
          "before": "",
          "after": ""
        },
        {
          "index": 2,
          "word": ":",
          "originalText": ":",
          "characterOffsetBegin": 961,
          "characterOffsetEnd": 962,
          "before": "",
          "after": " "
        },
        {
          "index": 3,
          "word": "@SpotifyCares",
          "originalText": "@SpotifyCares",
          "characterOffsetBegin": 963,
          "characterOffsetEnd": 976,
          "before": " ",
          "after": " "
        },
        {
          "index": 4,
          "word": "When",
          "originalText": "When",
          "characterOffsetBegin": 977,
          "characterOffsetEnd": 981,
          "before": " ",
          "after": " "
        },
        {
          "index": 5,
          "word": "I",
          "originalText": "I",
          "characterOffsetBegin": 982,
          "characterOffsetEnd": 983,
          "before": " ",
          "after": " "
        },
        {
          "index": 6,
          "word": "clicked",
          "originalText": "clicked",
          "characterOffsetBegin": 984,
          "characterOffsetEnd": 991,
          "before": " ",
          "after": " "
        },
        {
          "index": 7,
          "word": "on",
          "originalText": "on",
          "characterOffsetBegin": 992,
          "characterOffsetEnd": 994,
          "before": " ",
          "after": " "
        },
        {
          "index": 8,
          "word": "one",
          "originalText": "one",
          "characterOffsetBegin": 995,
          "characterOffsetEnd": 998,
          "before": " ",
          "after": " "
        },
        {
          "index": 9,
          "word": "of",
          "originalText": "of",
          "characterOffsetBegin": 999,
          "characterOffsetEnd": 1001,
          "before": " ",
          "after": " "
        },
        {
          "index": 10,
          "word": "my",
          "originalText": "my",
          "characterOffsetBegin": 1002,
          "characterOffsetEnd": 1004,
          "before": " ",
          "after": " "
        },
        {
          "index": 11,
          "word": "music",
          "originalText": "music",
          "characterOffsetBegin": 1005,
          "characterOffsetEnd": 1010,
          "before": " ",
          "after": " "
        },
        {
          "index": 12,
          "word": ".",
          "originalText": ".",
          "characterOffsetBegin": 1011,
          "characterOffsetEnd": 1012,
          "before": " ",
          "after": ""
        }
      ]
    },
    {
      "index": 22,
      "tokens": [
        {
          "index": 1,
          "word": ".",
          "originalText": ".",
          "characterOffsetBegin": 1012,
          "characterOffsetEnd": 1013,
          "before": "",
          "after": " "
        }
      ]
    },
    {
      "index": 23,
      "tokens": [
        {
          "index": 1,
          "word": "the",
          "originalText": "the",
          "characterOffsetBegin": 1014,
          "characterOffsetEnd": 1017,
          "before": " ",
          "after": " "
        },
        {
          "index": 2,
          "word": "description",
          "originalText": "description",
          "characterOffsetBegin": 1018,
          "characterOffsetEnd": 1029,
          "before": " ",
          "after": " "
        },
        {
          "index": 3,
          "word": "says",
          "originalText": "says",
          "characterOffsetBegin": 1030,
          "characterOffsetEnd": 1034,
          "before": " ",
          "after": " "
        },
        {
          "index": 4,
          "word": "it",
          "originalText": "it",
          "characterOffsetBegin": 1035,
          "characterOffsetEnd": 1037,
          "before": " ",
          "after": " "
        },
        {
          "index": 5,
          "word": "otherwise",
          "originalText": "otherwise",
          "characterOffsetBegin": 1038,
          "characterOffsetEnd": 1047,
          "before": " ",
          "after": " "
        },
        {
          "index": 6,
          "word": "https://t.co/1FvN4YKrSe",
          "originalText": "https://t.co/1FvN4YKrSe",
          "characterOffsetBegin": 1048,
          "characterOffsetEnd": 1071,
          "before": " ",
          "after": ""
        }
      ]
    },
    {
      "index": 24,
      "tokens": [
        {
          "index": 1,
          "word": "@highlight",
          "originalText": "@highlight",
          "characterOffsetBegin": 1073,
          "characterOffsetEnd": 1083,
          "before": "",
          "after": ""
        }
      ]
    },
    {
      "index": 25,
      "tokens": [
        {
          "index": 1,
          "word": "@SpotifyCares",
          "originalText": "@SpotifyCares",
          "characterOffsetBegin": 1085,
          "characterOffsetEnd": 1098,
          "before": "",
          "after": " "
        },
        {
          "index": 2,
          "word": "I",
          "originalText": "I",
          "characterOffsetBegin": 1099,
          "characterOffsetEnd": 1100,
          "before": " ",
          "after": ""
        },
        {
          "index": 3,
          "word": "'m",
          "originalText": "'m",
          "characterOffsetBegin": 1100,
          "characterOffsetEnd": 1102,
          "before": "",
          "after": " "
        },
        {
          "index": 4,
          "word": "using",
          "originalText": "using",
          "characterOffsetBegin": 1103,
          "characterOffsetEnd": 1108,
          "before": " ",
          "after": " "
        },
        {
          "index": 5,
          "word": "iOS",
          "originalText": "iOS",
          "characterOffsetBegin": 1109,
          "characterOffsetEnd": 1112,
          "before": " ",
          "after": " "
        },
        {
          "index": 6,
          "word": "10.2",
          "originalText": "10.2",
          "characterOffsetBegin": 1113,
          "characterOffsetEnd": 1117,
          "before": " ",
          "after": " "
        },
        {
          "index": 7,
          "word": "and",
          "originalText": "and",
          "characterOffsetBegin": 1118,
          "characterOffsetEnd": 1121,
          "before": " ",
          "after": " "
        },
        {
          "index": 8,
          "word": "my",
          "originalText": "my",
          "characterOffsetBegin": 1122,
          "characterOffsetEnd": 1124,
          "before": " ",
          "after": " "
        },
        {
          "index": 9,
          "word": "Spotify",
          "originalText": "Spotify",
          "characterOffsetBegin": 1125,
          "characterOffsetEnd": 1132,
          "before": " ",
          "after": " "
        },
        {
          "index": 10,
          "word": "version",
          "originalText": "version",
          "characterOffsetBegin": 1133,
          "characterOffsetEnd": 1140,
          "before": " ",
          "after": " "
        },
        {
          "index": 11,
          "word": "is",
          "originalText": "is",
          "characterOffsetBegin": 1141,
          "characterOffsetEnd": 1143,
          "before": " ",
          "after": " "
        },
        {
          "index": 12,
          "word": "8.4.22.515",
          "originalText": "8.4.22.515",
          "characterOffsetBegin": 1144,
          "characterOffsetEnd": 1154,
          "before": " ",
          "after": ""
        }
      ]
    },
    {
      "index": 26,
      "tokens": [
        {
          "index": 1,
          "word": "@highlight",
          "originalText": "@highlight",
          "characterOffsetBegin": 1156,
          "characterOffsetEnd": 1166,
          "before": "",
          "after": ""
        }
      ]
    },
    {
      "index": 27,
      "tokens": [
        {
          "index": 1,
          "word": "Agent",
          "originalText": "Agent",
          "characterOffsetBegin": 1168,
          "characterOffsetEnd": 1173,
          "before": "",
          "after": ""
        },
        {
          "index": 2,
          "word": ":",
          "originalText": ":",
          "characterOffsetBegin": 1173,
          "characterOffsetEnd": 1174,
          "before": "",
          "after": " "
        },
        {
          "index": 3,
          "word": "Can",
          "originalText": "Can",
          "characterOffsetBegin": 1175,
          "characterOffsetEnd": 1178,
          "before": " ",
          "after": " "
        },
        {
          "index": 4,
          "word": "you",
          "originalText": "you",
          "characterOffsetBegin": 1179,
          "characterOffsetEnd": 1182,
          "before": " ",
          "after": " "
        },
        {
          "index": 5,
          "word": "let",
          "originalText": "let",
          "characterOffsetBegin": 1183,
          "characterOffsetEnd": 1186,
          "before": " ",
          "after": " "
        },
        {
          "index": 6,
          "word": "us",
          "originalText": "us",
          "characterOffsetBegin": 1187,
          "characterOffsetEnd": 1189,
          "before": " ",
          "after": " "
        },
        {
          "index": 7,
          "word": "know",
          "originalText": "know",
          "characterOffsetBegin": 1190,
          "characterOffsetEnd": 1194,
          "before": " ",
          "after": " "
        },
        {
          "index": 8,
          "word": "the",
          "originalText": "the",
          "characterOffsetBegin": 1195,
          "characterOffsetEnd": 1198,
          "before": " ",
          "after": " "
        },
        {
          "index": 9,
          "word": "device/OS",
          "originalText": "device/OS",
          "characterOffsetBegin": 1199,
          "characterOffsetEnd": 1208,
          "before": " ",
          "after": " "
        },
        {
          "index": 10,
          "word": "and",
          "originalText": "and",
          "characterOffsetBegin": 1209,
          "characterOffsetEnd": 1212,
          "before": " ",
          "after": " "
        },
        {
          "index": 11,
          "word": "Spotify",
          "originalText": "Spotify",
          "characterOffsetBegin": 1213,
          "characterOffsetEnd": 1220,
          "before": " ",
          "after": " "
        },
        {
          "index": 12,
          "word": "version",
          "originalText": "version",
          "characterOffsetBegin": 1221,
          "characterOffsetEnd": 1228,
          "before": " ",
          "after": " "
        },
        {
          "index": 13,
          "word": "you",
          "originalText": "you",
          "characterOffsetBegin": 1229,
          "characterOffsetEnd": 1232,
          "before": " ",
          "after": ""
        },
        {
          "index": 14,
          "word": "'re",
          "originalText": "'re",
          "characterOffsetBegin": 1232,
          "characterOffsetEnd": 1235,
          "before": "",
          "after": " "
        },
        {
          "index": 15,
          "word": "using",
          "originalText": "using",
          "characterOffsetBegin": 1236,
          "characterOffsetEnd": 1241,
          "before": " ",
          "after": ""
        },
        {
          "index": 16,
          "word": "?",
          "originalText": "?",
          "characterOffsetBegin": 1241,
          "characterOffsetEnd": 1242,
          "before": "",
          "after": ""
        }
      ]
    },
    {
      "index": 28,
      "tokens": [
        {
          "index": 1,
          "word": "@highlight",
          "originalText": "@highlight",
          "characterOffsetBegin": 1244,
          "characterOffsetEnd": 1254,
          "before": "",
          "after": ""
        }
      ]
    },
    {
      "index": 29,
      "tokens": [
        {
          "index": 1,
          "word": "Just",
          "originalText": "Just",
          "characterOffsetBegin": 1256,
          "characterOffsetEnd": 1260,
          "before": "",
          "after": " "
        },
        {
          "index": 2,
          "word": "to",
          "originalText": "to",
          "characterOffsetBegin": 1261,
          "characterOffsetEnd": 1263,
          "before": " ",
          "after": " "
        },
        {
          "index": 3,
          "word": "check",
          "originalText": "check",
          "characterOffsetBegin": 1264,
          "characterOffsetEnd": 1269,
          "before": " ",
          "after": ""
        },
        {
          "index": 4,
          "word": ",",
          "originalText": ",",
          "characterOffsetBegin": 1269,
          "characterOffsetEnd": 1270,
          "before": "",
          "after": " "
        },
        {
          "index": 5,
          "word": "does",
          "originalText": "does",
          "characterOffsetBegin": 1271,
          "characterOffsetEnd": 1275,
          "before": " ",
          "after": " "
        },
        {
          "index": 6,
          "word": "logging",
          "originalText": "logging",
          "characterOffsetBegin": 1276,
          "characterOffsetEnd": 1283,
          "before": " ",
          "after": " "
        },
        {
          "index": 7,
          "word": "out",
          "originalText": "out",
          "characterOffsetBegin": 1284,
          "characterOffsetEnd": 1287,
          "before": " ",
          "after": " "
        },
        {
          "index": 8,
          "word": "of",
          "originalText": "of",
          "characterOffsetBegin": 1288,
          "characterOffsetEnd": 1290,
          "before": " ",
          "after": " "
        },
        {
          "index": 9,
          "word": "Spotify",
          "originalText": "Spotify",
          "characterOffsetBegin": 1291,
          "characterOffsetEnd": 1298,
          "before": " ",
          "after": ""
        },
        {
          "index": 10,
          "word": ",",
          "originalText": ",",
          "characterOffsetBegin": 1298,
          "characterOffsetEnd": 1299,
          "before": "",
          "after": " "
        },
        {
          "index": 11,
          "word": "restarting",
          "originalText": "restarting",
          "characterOffsetBegin": 1300,
          "characterOffsetEnd": 1310,
          "before": " ",
          "after": " "
        },
        {
          "index": 12,
          "word": "your",
          "originalText": "your",
          "characterOffsetBegin": 1311,
          "characterOffsetEnd": 1315,
          "before": " ",
          "after": " "
        },
        {
          "index": 13,
          "word": "device",
          "originalText": "device",
          "characterOffsetBegin": 1316,
          "characterOffsetEnd": 1322,
          "before": " ",
          "after": ""
        },
        {
          "index": 14,
          "word": ",",
          "originalText": ",",
          "characterOffsetBegin": 1322,
          "characterOffsetEnd": 1323,
          "before": "",
          "after": " "
        },
        {
          "index": 15,
          "word": "and",
          "originalText": "and",
          "characterOffsetBegin": 1324,
          "characterOffsetEnd": 1327,
          "before": " ",
          "after": " "
        },
        {
          "index": 16,
          "word": "logging",
          "originalText": "logging",
          "characterOffsetBegin": 1328,
          "characterOffsetEnd": 1335,
          "before": " ",
          "after": " "
        },
        {
          "index": 17,
          "word": "back",
          "originalText": "back",
          "characterOffsetBegin": 1336,
          "characterOffsetEnd": 1340,
          "before": " ",
          "after": " "
        },
        {
          "index": 18,
          "word": "in",
          "originalText": "in",
          "characterOffsetBegin": 1341,
          "characterOffsetEnd": 1343,
          "before": " ",
          "after": " "
        },
        {
          "index": 19,
          "word": "help",
          "originalText": "help",
          "characterOffsetBegin": 1344,
          "characterOffsetEnd": 1348,
          "before": " ",
          "after": " "
        },
        {
          "index": 20,
          "word": "at",
          "originalText": "at",
          "characterOffsetBegin": 1349,
          "characterOffsetEnd": 1351,
          "before": " ",
          "after": " "
        },
        {
          "index": 21,
          "word": "all",
          "originalText": "all",
          "characterOffsetBegin": 1352,
          "characterOffsetEnd": 1355,
          "before": " ",
          "after": ""
        },
        {
          "index": 22,
          "word": "?",
          "originalText": "?",
          "characterOffsetBegin": 1355,
          "characterOffsetEnd": 1356,
          "before": "",
          "after": ""
        }
      ]
    },
    {
      "index": 30,
      "tokens": [
        {
          "index": 1,
          "word": "@highlight",
          "originalText": "@highlight",
          "characterOffsetBegin": 1358,
          "characterOffsetEnd": 1368,
          "before": "",
          "after": ""
        }
      ]
    },
    {
      "index": 31,
      "tokens": [
        {
          "index": 1,
          "word": "@",
          "originalText": "@",
          "characterOffsetBegin": 1370,
          "characterOffsetEnd": 1371,
          "before": "",
          "after": ""
        },
        {
          "index": 2,
          "word": "559512",
          "originalText": "559512",
          "characterOffsetBegin": 1371,
          "characterOffsetEnd": 1377,
          "before": "",
          "after": " "
        },
        {
          "index": 3,
          "word": "We",
          "originalText": "We",
          "characterOffsetBegin": 1378,
          "characterOffsetEnd": 1380,
          "before": " ",
          "after": ""
        },
        {
          "index": 4,
          "word": "'d",
          "originalText": "'d",
          "characterOffsetBegin": 1380,
          "characterOffsetEnd": 1382,
          "before": "",
          "after": " "
        },
        {
          "index": 5,
          "word": "suggest",
          "originalText": "suggest",
          "characterOffsetBegin": 1383,
          "characterOffsetEnd": 1390,
          "before": " ",
          "after": " "
        },
        {
          "index": 6,
          "word": "a",
          "originalText": "a",
          "characterOffsetBegin": 1391,
          "characterOffsetEnd": 1392,
          "before": " ",
          "after": " "
        },
        {
          "index": 7,
          "word": "reinstall",
          "originalText": "reinstall",
          "characterOffsetBegin": 1393,
          "characterOffsetEnd": 1402,
          "before": " ",
          "after": ""
        },
        {
          "index": 8,
          "word": ",",
          "originalText": ",",
          "characterOffsetBegin": 1402,
          "characterOffsetEnd": 1403,
          "before": "",
          "after": " "
        },
        {
          "index": 9,
          "word": "but",
          "originalText": "but",
          "characterOffsetBegin": 1404,
          "characterOffsetEnd": 1407,
          "before": " ",
          "after": " "
        },
        {
          "index": 10,
          "word": "it",
          "originalText": "it",
          "characterOffsetBegin": 1408,
          "characterOffsetEnd": 1410,
          "before": " ",
          "after": " "
        },
        {
          "index": 11,
          "word": "would",
          "originalText": "would",
          "characterOffsetBegin": 1411,
          "characterOffsetEnd": 1416,
          "before": " ",
          "after": " "
        },
        {
          "index": 12,
          "word": "remove",
          "originalText": "remove",
          "characterOffsetBegin": 1417,
          "characterOffsetEnd": 1423,
          "before": " ",
          "after": " "
        },
        {
          "index": 13,
          "word": "your",
          "originalText": "your",
          "characterOffsetBegin": 1424,
          "characterOffsetEnd": 1428,
          "before": " ",
          "after": " "
        },
        {
          "index": 14,
          "word": "downloads",
          "originalText": "downloads",
          "characterOffsetBegin": 1429,
          "characterOffsetEnd": 1438,
          "before": " ",
          "after": ""
        },
        {
          "index": 15,
          "word": ".",
          "originalText": ".",
          "characterOffsetBegin": 1438,
          "characterOffsetEnd": 1439,
          "before": "",
          "after": ""
        }
      ]
    }
  ]
}