{
  "sentences": [
    {
      "index": 0,
      "tokens": [
        {
          "index": 1,
          "word": "Customer",
          "originalText": "Customer",
          "characterOffsetBegin": 0,
          "characterOffsetEnd": 8,
          "before": "",
          "after": ""
        },
        {
          "index": 2,
          "word": ":",
          "originalText": ":",
          "characterOffsetBegin": 8,
          "characterOffsetEnd": 9,
          "before": "",
          "after": " "
        },
        {
          "index": 3,
          "word": "@GWRHelp",
          "originalText": "@GWRHelp",
          "characterOffsetBegin": 10,
          "characterOffsetEnd": 18,
          "before": " ",
          "after": " "
        },
        {
          "index": 4,
          "word": "please",
          "originalText": "please",
          "characterOffsetBegin": 19,
          "characterOffsetEnd": 25,
          "before": " ",
          "after": " "
        },
        {
          "index": 5,
          "word": "explain",
          "originalText": "explain",
          "characterOffsetBegin": 26,
          "characterOffsetEnd": 33,
          "before": " ",
          "after": " "
        },
        {
          "index": 6,
          "word": "and",
          "originalText": "and",
          "characterOffsetBegin": 34,
          "characterOffsetEnd": 37,
          "before": " ",
          "after": " "
        },
        {
          "index": 7,
          "word": "justify",
          "originalText": "justify",
          "characterOffsetBegin": 38,
          "characterOffsetEnd": 45,
          "before": " ",
          "after": " "
        },
        {
          "index": 8,
          "word": "why",
          "originalText": "why",
          "characterOffsetBegin": 46,
          "characterOffsetEnd": 49,
          "before": " ",
          "after": " "
        },
        {
          "index": 9,
          "word": "it",
          "originalText": "it",
          "characterOffsetBegin": 50,
          "characterOffsetEnd": 52,
          "before": " ",
          "after": ""
        },
        {
          "index": 10,
          "word": "'s",
          "originalText": "'s",
          "characterOffsetBegin": 52,
          "characterOffsetEnd": 54,
          "before": "",
          "after": " "
        },
        {
          "index": 11,
          "word": "#",
          "originalText": "£",
          "characterOffsetBegin": 55,
          "characterOffsetEnd": 56,
          "before": " ",
          "after": ""
        },
        {
          "index": 12,
          "word": "55",
          "originalText": "55",
          "characterOffsetBegin": 56,
          "characterOffsetEnd": 58,
          "before": "",
          "after": " "
        },
        {
          "index": 13,
          "word": "to",
          "originalText": "to",
          "characterOffsetBegin": 59,
          "characterOffsetEnd": 61,
          "before": " ",
          "after": " "
        },
        {
          "index": 14,
          "word": "Exeter",
          "originalText": "Exeter",
          "characterOffsetBegin": 62,
          "characterOffsetEnd": 68,
          "before": " ",
          "after": " "
        },
        {
          "index": 15,
          "word": "on",
          "originalText": "on",
          "characterOffsetBegin": 69,
          "characterOffsetEnd": 71,
          "before": " ",
          "after": " "
        },
        {
          "index": 16,
          "word": "22",
          "originalText": "22",
          "characterOffsetBegin": 72,
          "characterOffsetEnd": 74,
          "before": " ",
          "after": " "
        },
        {
          "index": 17,
          "word": "Nov",
          "originalText": "Nov",
          "characterOffsetBegin": 75,
          "characterOffsetEnd": 78,
          "before": " ",
          "after": " "
        },
        {
          "index": 18,
          "word": "and",
          "originalText": "and",
          "characterOffsetBegin": 79,
          "characterOffsetEnd": 82,
          "before": " ",
          "after": " "
        },
        {
          "index": 19,
          "word": "#",
          "originalText": "£",
          "characterOffsetBegin": 83,
          "characterOffsetEnd": 84,
          "before": " ",
          "after": ""
        },
        {
          "index": 20,
          "word": "135",
          "originalText": "135",
          "characterOffsetBegin": 84,
          "characterOffsetEnd": 87,
          "before": "",
          "after": " "
        },
        {
          "index": 21,
          "word": "for",
          "originalText": "for",
          "characterOffsetBegin": 88,
          "characterOffsetEnd": 91,
          "before": " ",
          "after": " "
        },
        {
          "index": 22,
          "word": "same",
          "originalText": "same",
          "characterOffsetBegin": 92,
          "characterOffsetEnd": 96,
          "before": " ",
          "after": " "
        },
        {
          "index": 23,
          "word": "journey",
          "originalText": "journey",
          "characterOffsetBegin": 97,
          "characterOffsetEnd": 104,
          "before": " ",
          "after": " "
        },
        {
          "index": 24,
          "word": "on",
          "originalText": "on",
          "characterOffsetBegin": 105,
          "characterOffsetEnd": 107,
          "before": " ",
          "after": " "
        },
        {
          "index": 25,
          "word": "22",
          "originalText": "22",
          "characterOffsetBegin": 108,
          "characterOffsetEnd": 110,
          "before": " ",
          "after": " "
        },
        {
          "index": 26,
          "word": "Dec.",
          "originalText": "Dec",
          "characterOffsetBegin": 111,
          "characterOffsetEnd": 114,
          "before": " ",
          "after": ""
        },
        {
          "index": 27,
          "word": ".",
          "originalText": ".",
          "characterOffsetBegin": 114,
          "characterOffsetEnd": 115,
          "before": "",
          "after": ""
        }
      ]
    },
    {
      "index": 1,
      "tokens": [
        {
          "index": 1,
          "word": "Many",
          "originalText": "Many",
          "characterOffsetBegin": 117,
          "characterOffsetEnd": 121,
          "before": "",
          "after": " "
        },
        {
          "index": 2,
          "word": "thanks",
          "originalText": "thanks",
          "characterOffsetBegin": 122,
          "characterOffsetEnd": 128,
          "before": " ",
          "after": " "
        },
        {
          "index": 3,
          "word": "in",
          "originalText": "in",
          "characterOffsetBegin": 129,
          "characterOffsetEnd": 131,
          "before": " ",
          "after": " "
        },
        {
          "index": 4,
          "word": "advance",
          "originalText": "advance",
          "characterOffsetBegin": 132,
          "characterOffsetEnd": 139,
          "before": " ",
          "after": ""
        },
        {
          "index": 5,
          "word": ".",
          "originalText": ".",
          "characterOffsetBegin": 139,
          "characterOffsetEnd": 140,
          "before": "",
          "after": ""
        }
      ]
    },
    {
      "index": 2,
      "tokens": [
        {
          "index": 1,
          "word": "Agent",
          "originalText": "Agent",
          "characterOffsetBegin": 142,
          "characterOffsetEnd": 147,
          "before": "",
          "after": ""
        },
        {
          "index": 2,
          "word": ":",
          "originalText": ":",
          "characterOffsetBegin": 147,
          "characterOffsetEnd": 148,
          "before": "",
          "after": " "
        },
        {
          "index": 3,
          "word": "@",
          "originalText": "@",
          "characterOffsetBegin": 149,
          "characterOffsetEnd": 150,
          "before": " ",
          "after": ""
        },
        {
          "index": 4,
          "word": "452732",
          "originalText": "452732",
          "characterOffsetBegin": 150,
          "characterOffsetEnd": 156,
          "before": "",
          "after": " "
        },
        {
          "index": 5,
          "word": "Hi",
          "originalText": "Hi",
          "characterOffsetBegin": 157,
          "characterOffsetEnd": 159,
          "before": " ",
          "after": " "
        },
        {
          "index": 6,
          "word": "there",
          "originalText": "there",
          "characterOffsetBegin": 160,
          "characterOffsetEnd": 165,
          "before": " ",
          "after": " "
        },
        {
          "index": 7,
          "word": "Luke",
          "originalText": "Luke",
          "characterOffsetBegin": 166,
          "characterOffsetEnd": 170,
          "before": " ",
          "after": ""
        },
        {
          "index": 8,
          "word": ".",
          "originalText": ".",
          "characterOffsetBegin": 170,
          "characterOffsetEnd": 171,
          "before": "",
          "after": ""
        }
      ]
    },
    {
      "index": 3,
      "tokens": [
        {
          "index": 1,
          "word": "What",
          "originalText": "What",
          "characterOffsetBegin": 173,
          "characterOffsetEnd": 177,
          "before": "",
          "after": " "
        },
        {
          "index": 2,
          "word": "date",
          "originalText": "date",
          "characterOffsetBegin": 178,
          "characterOffsetEnd": 182,
          "before": " ",
          "after": " "
        },
        {
          "index": 3,
          "word": "and",
          "originalText": "and",
          "characterOffsetBegin": 183,
          "characterOffsetEnd": 186,
          "before": " ",
          "after": " "
        },
        {
          "index": 4,
          "word": "trains",
          "originalText": "trains",
          "characterOffsetBegin": 187,
          "characterOffsetEnd": 193,
          "before": " ",
          "after": " "
        },
        {
          "index": 5,
          "word": "are",
          "originalText": "are",
          "characterOffsetBegin": 194,
          "characterOffsetEnd": 197,
          "before": " ",
          "after": " "
        },
        {
          "index": 6,
          "word": "you",
          "originalText": "you",
          "characterOffsetBegin": 198,
          "characterOffsetEnd": 201,
          "before": " ",
          "after": " "
        },
        {
          "index": 7,
          "word": "looking",
          "originalText": "looking",
          "characterOffsetBegin": 202,
          "characterOffsetEnd": 209,
          "before": " ",
          "after": " "
        },
        {
          "index": 8,
          "word": "at",
          "originalText": "at",
          "characterOffsetBegin": 210,
          "characterOffsetEnd": 212,
          "before": " ",
          "after": " "
        },
        {
          "index": 9,
          "word": "specifically",
          "originalText": "specifically",
          "characterOffsetBegin": 213,
          "characterOffsetEnd": 225,
          "before": " ",
          "after": " "
        },
        {
          "index": 10,
          "word": "please",
          "originalText": "please",
          "characterOffsetBegin": 226,
          "characterOffsetEnd": 232,
          "before": " ",
          "after": ""
        },
        {
          "index": 11,
          "word": "?",
          "originalText": "?",
          "characterOffsetBegin": 232,
          "characterOffsetEnd": 233,
          "before": "",
          "after": ""
        }
      ]
    },
    {
      "index": 4,
      "tokens": [
        {
          "index": 1,
          "word": "-",
          "originalText": "-",
          "characterOffsetBegin": 235,
          "characterOffsetEnd": 236,
          "before": "",
          "after": " "
        },
        {
          "index": 2,
          "word": "Josh",
          "originalText": "Josh",
          "characterOffsetBegin": 237,
          "characterOffsetEnd": 241,
          "before": " ",
          "after": ""
        }
      ]
    },
    {
      "index": 5,
      "tokens": [
        {
          "index": 1,
          "word": "Customer",
          "originalText": "Customer",
          "characterOffsetBegin": 243,
          "characterOffsetEnd": 251,
          "before": "",
          "after": ""
        },
        {
          "index": 2,
          "word": ":",
          "originalText": ":",
          "characterOffsetBegin": 251,
          "characterOffsetEnd": 252,
          "before": "",
          "after": " "
        },
        {
          "index": 3,
          "word": "@GWRHelp",
          "originalText": "@GWRHelp",
          "characterOffsetBegin": 253,
          "characterOffsetEnd": 261,
          "before": " ",
          "after": " "
        },
        {
          "index": 4,
          "word": "Cambridge",
          "originalText": "Cambridge",
          "characterOffsetBegin": 262,
          "characterOffsetEnd": 271,
          "before": " ",
          "after": " "
        },
        {
          "index": 5,
          "word": "to",
          "originalText": "to",
          "characterOffsetBegin": 272,
          "characterOffsetEnd": 274,
          "before": " ",
          "after": " "
        },
        {
          "index": 6,
          "word": "Exeter",
          "originalText": "Exeter",
          "characterOffsetBegin": 275,
          "characterOffsetEnd": 281,
          "before": " ",
          "after": " "
        },
        {
          "index": 7,
          "word": "st",
          "originalText": "st",
          "characterOffsetBegin": 282,
          "characterOffsetEnd": 284,
          "before": " ",
          "after": " "
        },
        {
          "index": 8,
          "word": "David",
          "originalText": "David",
          "characterOffsetBegin": 285,
          "characterOffsetEnd": 290,
          "before": " ",
          "after": ""
        },
        {
          "index": 9,
          "word": "'s",
          "originalText": "'s",
          "characterOffsetBegin": 290,
          "characterOffsetEnd": 292,
          "before": "",
          "after": ""
        },
        {
          "index": 10,
          "word": ".",
          "originalText": ".",
          "characterOffsetBegin": 292,
          "characterOffsetEnd": 293,
          "before": "",
          "after": ""
        }
      ]
    },
    {
      "index": 6,
      "tokens": [
        {
          "index": 1,
          "word": "Around",
          "originalText": "Around",
          "characterOffsetBegin": 295,
          "characterOffsetEnd": 301,
          "before": "",
          "after": " "
        },
        {
          "index": 2,
          "word": "8am",
          "originalText": "8am",
          "characterOffsetBegin": 302,
          "characterOffsetEnd": 305,
          "before": " ",
          "after": ""
        },
        {
          "index": 3,
          "word": ".",
          "originalText": ".",
          "characterOffsetBegin": 305,
          "characterOffsetEnd": 306,
          "before": "",
          "after": ""
        }
      ]
    },
    {
      "index": 7,
      "tokens": [
        {
          "index": 1,
          "word": "Agent",
          "originalText": "Agent",
          "characterOffsetBegin": 308,
          "characterOffsetEnd": 313,
          "before": "",
          "after": ""
        },
        {
          "index": 2,
          "word": ":",
          "originalText": ":",
          "characterOffsetBegin": 313,
          "characterOffsetEnd": 314,
          "before": "",
          "after": " "
        },
        {
          "index": 3,
          "word": "@",
          "originalText": "@",
          "characterOffsetBegin": 315,
          "characterOffsetEnd": 316,
          "before": " ",
          "after": ""
        },
        {
          "index": 4,
          "word": "452732",
          "originalText": "452732",
          "characterOffsetBegin": 316,
          "characterOffsetEnd": 322,
          "before": "",
          "after": " "
        },
        {
          "index": 5,
          "word": "1/2Pricing",
          "originalText": "1/2Pricing",
          "characterOffsetBegin": 323,
          "characterOffsetEnd": 333,
          "before": " ",
          "after": " "
        },
        {
          "index": 6,
          "word": "does",
          "originalText": "does",
          "characterOffsetBegin": 334,
          "characterOffsetEnd": 338,
          "before": " ",
          "after": " "
        },
        {
          "index": 7,
          "word": "vary",
          "originalText": "vary",
          "characterOffsetBegin": 339,
          "characterOffsetEnd": 343,
          "before": " ",
          "after": " "
        },
        {
          "index": 8,
          "word": "on",
          "originalText": "on",
          "characterOffsetBegin": 344,
          "characterOffsetEnd": 346,
          "before": " ",
          "after": " "
        },
        {
          "index": 9,
          "word": "advance",
          "originalText": "advance",
          "characterOffsetBegin": 347,
          "characterOffsetEnd": 354,
          "before": " ",
          "after": " "
        },
        {
          "index": 10,
          "word": "tickets",
          "originalText": "tickets",
          "characterOffsetBegin": 355,
          "characterOffsetEnd": 362,
          "before": " ",
          "after": " "
        },
        {
          "index": 11,
          "word": "as",
          "originalText": "as",
          "characterOffsetBegin": 363,
          "characterOffsetEnd": 365,
          "before": " ",
          "after": " "
        },
        {
          "index": 12,
          "word": "they",
          "originalText": "they",
          "characterOffsetBegin": 366,
          "characterOffsetEnd": 370,
          "before": " ",
          "after": " "
        },
        {
          "index": 13,
          "word": "are",
          "originalText": "are",
          "characterOffsetBegin": 371,
          "characterOffsetEnd": 374,
          "before": " ",
          "after": " "
        },
        {
          "index": 14,
          "word": "first",
          "originalText": "first",
          "characterOffsetBegin": 375,
          "characterOffsetEnd": 380,
          "before": " ",
          "after": " "
        },
        {
          "index": 15,
          "word": "come",
          "originalText": "come",
          "characterOffsetBegin": 381,
          "characterOffsetEnd": 385,
          "before": " ",
          "after": " "
        },
        {
          "index": 16,
          "word": "first",
          "originalText": "first",
          "characterOffsetBegin": 386,
          "characterOffsetEnd": 391,
          "before": " ",
          "after": " "
        },
        {
          "index": 17,
          "word": "serve",
          "originalText": "serve",
          "characterOffsetBegin": 392,
          "characterOffsetEnd": 397,
          "before": " ",
          "after": ""
        },
        {
          "index": 18,
          "word": ",",
          "originalText": ",",
          "characterOffsetBegin": 397,
          "characterOffsetEnd": 398,
          "before": "",
          "after": " "
        },
        {
          "index": 19,
          "word": "so",
          "originalText": "so",
          "characterOffsetBegin": 399,
          "characterOffsetEnd": 401,
          "before": " ",
          "after": " "
        },
        {
          "index": 20,
          "word": "when",
          "originalText": "when",
          "characterOffsetBegin": 402,
          "characterOffsetEnd": 406,
          "before": " ",
          "after": " "
        },
        {
          "index": 21,
          "word": "the",
          "originalText": "the",
          "characterOffsetBegin": 407,
          "characterOffsetEnd": 410,
          "before": " ",
          "after": " "
        },
        {
          "index": 22,
          "word": "cheaper",
          "originalText": "cheaper",
          "characterOffsetBegin": 411,
          "characterOffsetEnd": 418,
          "before": " ",
          "after": " "
        },
        {
          "index": 23,
          "word": "tickets",
          "originalText": "tickets",
          "characterOffsetBegin": 419,
          "characterOffsetEnd": 426,
          "before": " ",
          "after": " "
        },
        {
          "index": 24,
          "word": "have",
          "originalText": "have",
          "characterOffsetBegin": 427,
          "characterOffsetEnd": 431,
          "before": " ",
          "after": " "
        },
        {
          "index": 25,
          "word": "sold",
          "originalText": "sold",
          "characterOffsetBegin": 432,
          "characterOffsetEnd": 436,
          "before": " ",
          "after": " "
        },
        {
          "index": 26,
          "word": "only",
          "originalText": "only",
          "characterOffsetBegin": 437,
          "characterOffsetEnd": 441,
          "before": " ",
          "after": " "
        },
        {
          "index": 27,
          "word": "standard",
          "originalText": "standard",
          "characterOffsetBegin": 442,
          "characterOffsetEnd": 450,
          "before": " ",
          "after": " "
        },
        {
          "index": 28,
          "word": "fares",
          "originalText": "fares",
          "characterOffsetBegin": 451,
          "characterOffsetEnd": 456,
          "before": " ",
          "after": " "
        },
        {
          "index": 29,
          "word": "remain",
          "originalText": "remain",
          "characterOffsetBegin": 457,
          "characterOffsetEnd": 463,
          "before": " ",
          "after": ""
        }
      ]
    },
    {
      "index": 8,
      "tokens": [
        {
          "index": 1,
          "word": "Agent",
          "originalText": "Agent",
          "characterOffsetBegin": 465,
          "characterOffsetEnd": 470,
          "before": "",
          "after": ""
        },
        {
          "index": 2,
          "word": ":",
          "originalText": ":",
          "characterOffsetBegin": 470,
          "characterOffsetEnd": 471,
          "before": "",
          "after": " "
        },
        {
          "index": 3,
          "word": "@",
          "originalText": "@",
          "characterOffsetBegin": 472,
          "characterOffsetEnd": 473,
          "before": " ",
          "after": ""
        },
        {
          "index": 4,
          "word": "452732",
          "originalText": "452732",
          "characterOffsetBegin": 473,
          "characterOffsetEnd": 479,
          "before": "",
          "after": " "
        },
        {
          "index": 5,
          "word": "2/2",
          "originalText": "2/2",
          "characterOffsetBegin": 480,
          "characterOffsetEnd": 483,
          "before": " ",
          "after": " "
        },
        {
          "index": 6,
          "word": "I",
          "originalText": "I",
          "characterOffsetBegin": 484,
          "characterOffsetEnd": 485,
          "before": " ",
          "after": " "
        },
        {
          "index": 7,
          "word": "can",
          "originalText": "can",
          "characterOffsetBegin": 486,
          "characterOffsetEnd": 489,
          "before": " ",
          "after": " "
        },
        {
          "index": 8,
          "word": "see",
          "originalText": "see",
          "characterOffsetBegin": 490,
          "characterOffsetEnd": 493,
          "before": " ",
          "after": " "
        },
        {
          "index": 9,
          "word": "a",
          "originalText": "a",
          "characterOffsetBegin": 494,
          "characterOffsetEnd": 495,
          "before": " ",
          "after": " "
        },
        {
          "index": 10,
          "word": "single",
          "originalText": "single",
          "characterOffsetBegin": 496,
          "characterOffsetEnd": 502,
          "before": " ",
          "after": " "
        },
        {
          "index": 11,
          "word": "on",
          "originalText": "on",
          "characterOffsetBegin": 503,
          "characterOffsetEnd": 505,
          "before": " ",
          "after": " "
        },
        {
          "index": 12,
          "word": "the",
          "originalText": "the",
          "characterOffsetBegin": 506,
          "characterOffsetEnd": 509,
          "before": " ",
          "after": " "
        },
        {
          "index": 13,
          "word": "08.15",
          "originalText": "08.15",
          "characterOffsetBegin": 510,
          "characterOffsetEnd": 515,
          "before": " ",
          "after": " "
        },
        {
          "index": 14,
          "word": "for",
          "originalText": "for",
          "characterOffsetBegin": 516,
          "characterOffsetEnd": 519,
          "before": " ",
          "after": " "
        },
        {
          "index": 15,
          "word": "22/11/2017",
          "originalText": "22/11/2017",
          "characterOffsetBegin": 520,
          "characterOffsetEnd": 530,
          "before": " ",
          "after": " "
        },
        {
          "index": 16,
          "word": "priced",
          "originalText": "priced",
          "characterOffsetBegin": 531,
          "characterOffsetEnd": 537,
          "before": " ",
          "after": " "
        },
        {
          "index": 17,
          "word": "at",
          "originalText": "at",
          "characterOffsetBegin": 538,
          "characterOffsetEnd": 540,
          "before": " ",
          "after": " "
        },
        {
          "index": 18,
          "word": "#",
          "originalText": "£",
          "characterOffsetBegin": 541,
          "characterOffsetEnd": 542,
          "before": " ",
          "after": ""
        },
        {
          "index": 19,
          "word": "34.00",
          "originalText": "34.00",
          "characterOffsetBegin": 542,
          "characterOffsetEnd": 547,
          "before": "",
          "after": " "
        },
        {
          "index": 20,
          "word": "and",
          "originalText": "and",
          "characterOffsetBegin": 548,
          "characterOffsetEnd": 551,
          "before": " ",
          "after": " "
        },
        {
          "index": 21,
          "word": "a",
          "originalText": "a",
          "characterOffsetBegin": 552,
          "characterOffsetEnd": 553,
          "before": " ",
          "after": " "
        },
        {
          "index": 22,
          "word": "fare",
          "originalText": "fare",
          "characterOffsetBegin": 554,
          "characterOffsetEnd": 558,
          "before": " ",
          "after": " "
        },
        {
          "index": 23,
          "word": "for",
          "originalText": "for",
          "characterOffsetBegin": 559,
          "characterOffsetEnd": 562,
          "before": " ",
          "after": " "
        },
        {
          "index": 24,
          "word": "#",
          "originalText": "£",
          "characterOffsetBegin": 563,
          "characterOffsetEnd": 564,
          "before": " ",
          "after": ""
        },
        {
          "index": 25,
          "word": "43.00",
          "originalText": "43.00",
          "characterOffsetBegin": 564,
          "characterOffsetEnd": 569,
          "before": "",
          "after": " "
        },
        {
          "index": 26,
          "word": "on",
          "originalText": "on",
          "characterOffsetBegin": 570,
          "characterOffsetEnd": 572,
          "before": " ",
          "after": " "
        },
        {
          "index": 27,
          "word": "the",
          "originalText": "the",
          "characterOffsetBegin": 573,
          "characterOffsetEnd": 576,
          "before": " ",
          "after": " "
        },
        {
          "index": 28,
          "word": "same",
          "originalText": "same",
          "characterOffsetBegin": 577,
          "characterOffsetEnd": 581,
          "before": " ",
          "after": " "
        },
        {
          "index": 29,
          "word": "train",
          "originalText": "train",
          "characterOffsetBegin": 582,
          "characterOffsetEnd": 587,
          "before": " ",
          "after": " "
        },
        {
          "index": 30,
          "word": "but",
          "originalText": "but",
          "characterOffsetBegin": 588,
          "characterOffsetEnd": 591,
          "before": " ",
          "after": " "
        },
        {
          "index": 31,
          "word": "for",
          "originalText": "for",
          "characterOffsetBegin": 592,
          "characterOffsetEnd": 595,
          "before": " ",
          "after": " "
        },
        {
          "index": 32,
          "word": "the",
          "originalText": "the",
          "characterOffsetBegin": 596,
          "characterOffsetEnd": 599,
          "before": " ",
          "after": " "
        },
        {
          "index": 33,
          "word": "22/12/2017",
          "originalText": "22/12/2017",
          "characterOffsetBegin": 600,
          "characterOffsetEnd": 610,
          "before": " ",
          "after": " "
        },
        {
          "index": 34,
          "word": "-",
          "originalText": "-",
          "characterOffsetBegin": 611,
          "characterOffsetEnd": 612,
          "before": " ",
          "after": " "
        },
        {
          "index": 35,
          "word": "Josh",
          "originalText": "Josh",
          "characterOffsetBegin": 613,
          "characterOffsetEnd": 617,
          "before": " ",
          "after": ""
        }
      ]
    },
    {
      "index": 9,
      "tokens": [
        {
          "index": 1,
          "word": "Customer",
          "originalText": "Customer",
          "characterOffsetBegin": 619,
          "characterOffsetEnd": 627,
          "before": "",
          "after": ""
        },
        {
          "index": 2,
          "word": ":",
          "originalText": ":",
          "characterOffsetBegin": 627,
          "characterOffsetEnd": 628,
          "before": "",
          "after": " "
        },
        {
          "index": 3,
          "word": "@GWRHelp",
          "originalText": "@GWRHelp",
          "characterOffsetBegin": 629,
          "characterOffsetEnd": 637,
          "before": " ",
          "after": " "
        },
        {
          "index": 4,
          "word": "Try",
          "originalText": "Try",
          "characterOffsetBegin": 638,
          "characterOffsetEnd": 641,
          "before": " ",
          "after": " "
        },
        {
          "index": 5,
          "word": "it",
          "originalText": "it",
          "characterOffsetBegin": 642,
          "characterOffsetEnd": 644,
          "before": " ",
          "after": " "
        },
        {
          "index": 6,
          "word": "for",
          "originalText": "for",
          "characterOffsetBegin": 645,
          "characterOffsetEnd": 648,
          "before": " ",
          "after": " "
        },
        {
          "index": 7,
          "word": "a",
          "originalText": "a",
          "characterOffsetBegin": 649,
          "characterOffsetEnd": 650,
          "before": " ",
          "after": " "
        },
        {
          "index": 8,
          "word": "return",
          "originalText": "return",
          "characterOffsetBegin": 651,
          "characterOffsetEnd": 657,
          "before": " ",
          "after": " "
        },
        {
          "index": 9,
          "word": "journey",
          "originalText": "journey",
          "characterOffsetBegin": 658,
          "characterOffsetEnd": 665,
          "before": " ",
          "after": " "
        },
        {
          "index": 10,
          "word": "coming",
          "originalText": "coming",
          "characterOffsetBegin": 666,
          "characterOffsetEnd": 672,
          "before": " ",
          "after": " "
        },
        {
          "index": 11,
          "word": "back",
          "originalText": "back",
          "characterOffsetBegin": 673,
          "characterOffsetEnd": 677,
          "before": " ",
          "after": " "
        },
        {
          "index": 12,
          "word": "on",
          "originalText": "on",
          "characterOffsetBegin": 678,
          "characterOffsetEnd": 680,
          "before": " ",
          "after": " "
        },
        {
          "index": 13,
          "word": "27th",
          "originalText": "27th",
          "characterOffsetBegin": 681,
          "characterOffsetEnd": 685,
          "before": " ",
          "after": ""
        },
        {
          "index": 14,
          "word": ".",
          "originalText": ".",
          "characterOffsetBegin": 685,
          "characterOffsetEnd": 686,
          "before": "",
          "after": ""
        }
      ]
    },
    {
      "index": 10,
      "tokens": [
        {
          "index": 1,
          "word": "Agent",
          "originalText": "Agent",
          "characterOffsetBegin": 688,
          "characterOffsetEnd": 693,
          "before": "",
          "after": ""
        },
        {
          "index": 2,
          "word": ":",
          "originalText": ":",
          "characterOffsetBegin": 693,
          "characterOffsetEnd": 694,
          "before": "",
          "after": " "
        },
        {
          "index": 3,
          "word": "@",
          "originalText": "@",
          "characterOffsetBegin": 695,
          "characterOffsetEnd": 696,
          "before": " ",
          "after": ""
        },
        {
          "index": 4,
          "word": "452732",
          "originalText": "452732",
          "characterOffsetBegin": 696,
          "characterOffsetEnd": 702,
          "before": "",
          "after": " "
        },
        {
          "index": 5,
          "word": "What",
          "originalText": "What",
          "characterOffsetBegin": 703,
          "characterOffsetEnd": 707,
          "before": " ",
          "after": " "
        },
        {
          "index": 6,
          "word": "sort",
          "originalText": "sort",
          "characterOffsetBegin": 708,
          "characterOffsetEnd": 712,
          "before": " ",
          "after": " "
        },
        {
          "index": 7,
          "word": "of",
          "originalText": "of",
          "characterOffsetBegin": 713,
          "characterOffsetEnd": 715,
          "before": " ",
          "after": " "
        },
        {
          "index": 8,
          "word": "time",
          "originalText": "time",
          "characterOffsetBegin": 716,
          "characterOffsetEnd": 720,
          "before": " ",
          "after": " "
        },
        {
          "index": 9,
          "word": "are",
          "originalText": "are",
          "characterOffsetBegin": 721,
          "characterOffsetEnd": 724,
          "before": " ",
          "after": " "
        },
        {
          "index": 10,
          "word": "you",
          "originalText": "you",
          "characterOffsetBegin": 725,
          "characterOffsetEnd": 728,
          "before": " ",
          "after": " "
        },
        {
          "index": 11,
          "word": "looking",
          "originalText": "looking",
          "characterOffsetBegin": 729,
          "characterOffsetEnd": 736,
          "before": " ",
          "after": " "
        },
        {
          "index": 12,
          "word": "to",
          "originalText": "to",
          "characterOffsetBegin": 737,
          "characterOffsetEnd": 739,
          "before": " ",
          "after": " "
        },
        {
          "index": 13,
          "word": "travel",
          "originalText": "travel",
          "characterOffsetBegin": 740,
          "characterOffsetEnd": 746,
          "before": " ",
          "after": ""
        },
        {
          "index": 14,
          "word": "?",
          "originalText": "?",
          "characterOffsetBegin": 746,
          "characterOffsetEnd": 747,
          "before": "",
          "after": ""
        }
      ]
    },
    {
      "index": 11,
      "tokens": [
        {
          "index": 1,
          "word": "-",
          "originalText": "-",
          "characterOffsetBegin": 749,
          "characterOffsetEnd": 750,
          "before": "",
          "after": " "
        },
        {
          "index": 2,
          "word": "Josh",
          "originalText": "Josh",
          "characterOffsetBegin": 751,
          "characterOffsetEnd": 755,
          "before": " ",
          "after": ""
        }
      ]
    },
    {
      "index": 12,
      "tokens": [
        {
          "index": 1,
          "word": "Customer",
          "originalText": "Customer",
          "characterOffsetBegin": 757,
          "characterOffsetEnd": 765,
          "before": "",
          "after": ""
        },
        {
          "index": 2,
          "word": ":",
          "originalText": ":",
          "characterOffsetBegin": 765,
          "characterOffsetEnd": 766,
          "before": "",
          "after": " "
        },
        {
          "index": 3,
          "word": "@GWRHelp",
          "originalText": "@GWRHelp",
          "characterOffsetBegin": 767,
          "characterOffsetEnd": 775,
          "before": " ",
          "after": " "
        },
        {
          "index": 4,
          "word": "Ideally",
          "originalText": "Ideally",
          "characterOffsetBegin": 776,
          "characterOffsetEnd": 783,
          "before": " ",
          "after": " "
        },
        {
          "index": 5,
          "word": "around",
          "originalText": "around",
          "characterOffsetBegin": 784,
          "characterOffsetEnd": 790,
          "before": " ",
          "after": " "
        },
        {
          "index": 6,
          "word": "8am",
          "originalText": "8am",
          "characterOffsetBegin": 791,
          "characterOffsetEnd": 794,
          "before": " ",
          "after": ""
        },
        {
          "index": 7,
          "word": ".",
          "originalText": ".",
          "characterOffsetBegin": 794,
          "characterOffsetEnd": 795,
          "before": "",
          "after": ""
        }
      ]
    },
    {
      "index": 13,
      "tokens": [
        {
          "index": 1,
          "word": "Agent",
          "originalText": "Agent",
          "characterOffsetBegin": 797,
          "characterOffsetEnd": 802,
          "before": "",
          "after": ""
        },
        {
          "index": 2,
          "word": ":",
          "originalText": ":",
          "characterOffsetBegin": 802,
          "characterOffsetEnd": 803,
          "before": "",
          "after": " "
        },
        {
          "index": 3,
          "word": "@",
          "originalText": "@",
          "characterOffsetBegin": 804,
          "characterOffsetEnd": 805,
          "before": " ",
          "after": ""
        },
        {
          "index": 4,
          "word": "452732",
          "originalText": "452732",
          "characterOffsetBegin": 805,
          "characterOffsetEnd": 811,
          "before": "",
          "after": " "
        },
        {
          "index": 5,
          "word": "There",
          "originalText": "There",
          "characterOffsetBegin": 812,
          "characterOffsetEnd": 817,
          "before": " ",
          "after": " "
        },
        {
          "index": 6,
          "word": "is",
          "originalText": "is",
          "characterOffsetBegin": 818,
          "characterOffsetEnd": 820,
          "before": " ",
          "after": ""
        },
        {
          "index": 7,
          "word": "n't",
          "originalText": "n't",
          "characterOffsetBegin": 820,
          "characterOffsetEnd": 823,
          "before": "",
          "after": " "
        },
        {
          "index": 8,
          "word": "as",
          "originalText": "as",
          "characterOffsetBegin": 824,
          "characterOffsetEnd": 826,
          "before": " ",
          "after": " "
        },
        {
          "index": 9,
          "word": "much",
          "originalText": "much",
          "characterOffsetBegin": 827,
          "characterOffsetEnd": 831,
          "before": " ",
          "after": " "
        },
        {
          "index": 10,
          "word": "advance",
          "originalText": "advance",
          "characterOffsetBegin": 832,
          "characterOffsetEnd": 839,
          "before": " ",
          "after": " "
        },
        {
          "index": 11,
          "word": "fare",
          "originalText": "fare",
          "characterOffsetBegin": 840,
          "characterOffsetEnd": 844,
          "before": " ",
          "after": " "
        },
        {
          "index": 12,
          "word": "availability",
          "originalText": "availability",
          "characterOffsetBegin": 845,
          "characterOffsetEnd": 857,
          "before": " ",
          "after": " "
        },
        {
          "index": 13,
          "word": "around",
          "originalText": "around",
          "characterOffsetBegin": 858,
          "characterOffsetEnd": 864,
          "before": " ",
          "after": " "
        },
        {
          "index": 14,
          "word": "Christmas",
          "originalText": "Christmas",
          "characterOffsetBegin": 865,
          "characterOffsetEnd": 874,
          "before": " ",
          "after": " "
        },
        {
          "index": 15,
          "word": "as",
          "originalText": "as",
          "characterOffsetBegin": 875,
          "characterOffsetEnd": 877,
          "before": " ",
          "after": " "
        },
        {
          "index": 16,
          "word": "we",
          "originalText": "we",
          "characterOffsetBegin": 878,
          "characterOffsetEnd": 880,
          "before": " ",
          "after": " "
        },
        {
          "index": 17,
          "word": "expect",
          "originalText": "expect",
          "characterOffsetBegin": 881,
          "characterOffsetEnd": 887,
          "before": " ",
          "after": " "
        },
        {
          "index": 18,
          "word": "it",
          "originalText": "it",
          "characterOffsetBegin": 888,
          "characterOffsetEnd": 890,
          "before": " ",
          "after": " "
        },
        {
          "index": 19,
          "word": "to",
          "originalText": "to",
          "characterOffsetBegin": 891,
          "characterOffsetEnd": 893,
          "before": " ",
          "after": " "
        },
        {
          "index": 20,
          "word": "be",
          "originalText": "be",
          "characterOffsetBegin": 894,
          "characterOffsetEnd": 896,
          "before": " ",
          "after": " "
        },
        {
          "index": 21,
          "word": "a",
          "originalText": "a",
          "characterOffsetBegin": 897,
          "characterOffsetEnd": 898,
          "before": " ",
          "after": " "
        },
        {
          "index": 22,
          "word": "busy",
          "originalText": "busy",
          "characterOffsetBegin": 899,
          "characterOffsetEnd": 903,
          "before": " ",
          "after": " "
        },
        {
          "index": 23,
          "word": "time",
          "originalText": "time",
          "characterOffsetBegin": 904,
          "characterOffsetEnd": 908,
          "before": " ",
          "after": " "
        },
        {
          "index": 24,
          "word": "for",
          "originalText": "for",
          "characterOffsetBegin": 909,
          "characterOffsetEnd": 912,
          "before": " ",
          "after": " "
        },
        {
          "index": 25,
          "word": "travelling",
          "originalText": "travelling",
          "characterOffsetBegin": 913,
          "characterOffsetEnd": 923,
          "before": " ",
          "after": ""
        },
        {
          "index": 26,
          "word": ".",
          "originalText": ".",
          "characterOffsetBegin": 923,
          "characterOffsetEnd": 924,
          "before": "",
          "after": ""
        }
      ]
    },
    {
      "index": 14,
      "tokens": [
        {
          "index": 1,
          "word": "-",
          "originalText": "-",
          "characterOffsetBegin": 926,
          "characterOffsetEnd": 927,
          "before": "",
          "after": ""
        },
        {
          "index": 2,
          "word": "Andy",
          "originalText": "Andy",
          "characterOffsetBegin": 927,
          "characterOffsetEnd": 931,
          "before": "",
          "after": ""
        }
      ]
    },
    {
      "index": 15,
      "tokens": [
        {
          "index": 1,
          "word": "Customer",
          "originalText": "Customer",
          "characterOffsetBegin": 933,
          "characterOffsetEnd": 941,
          "before": "",
          "after": ""
        },
        {
          "index": 2,
          "word": ":",
          "originalText": ":",
          "characterOffsetBegin": 941,
          "characterOffsetEnd": 942,
          "before": "",
          "after": " "
        },
        {
          "index": 3,
          "word": "@GWRHelp",
          "originalText": "@GWRHelp",
          "characterOffsetBegin": 943,
          "characterOffsetEnd": 951,
          "before": " ",
          "after": " "
        },
        {
          "index": 4,
          "word": "And",
          "originalText": "And",
          "characterOffsetBegin": 952,
          "characterOffsetEnd": 955,
          "before": " ",
          "after": " "
        },
        {
          "index": 5,
          "word": "around",
          "originalText": "around",
          "characterOffsetBegin": 956,
          "characterOffsetEnd": 962,
          "before": " ",
          "after": " "
        },
        {
          "index": 6,
          "word": "midday",
          "originalText": "midday",
          "characterOffsetBegin": 963,
          "characterOffsetEnd": 969,
          "before": " ",
          "after": " "
        },
        {
          "index": 7,
          "word": "on",
          "originalText": "on",
          "characterOffsetBegin": 970,
          "characterOffsetEnd": 972,
          "before": " ",
          "after": " "
        },
        {
          "index": 8,
          "word": "return",
          "originalText": "return",
          "characterOffsetBegin": 973,
          "characterOffsetEnd": 979,
          "before": " ",
          "after": " "
        },
        {
          "index": 9,
          "word": "journey",
          "originalText": "journey",
          "characterOffsetBegin": 980,
          "characterOffsetEnd": 987,
          "before": " ",
          "after": " "
        },
        {
          "index": 10,
          "word": "on",
          "originalText": "on",
          "characterOffsetBegin": 988,
          "characterOffsetEnd": 990,
          "before": " ",
          "after": " "
        },
        {
          "index": 11,
          "word": "27th",
          "originalText": "27th",
          "characterOffsetBegin": 991,
          "characterOffsetEnd": 995,
          "before": " ",
          "after": ""
        },
        {
          "index": 12,
          "word": ".",
          "originalText": ".",
          "characterOffsetBegin": 995,
          "characterOffsetEnd": 996,
          "before": "",
          "after": ""
        }
      ]
    },
    {
      "index": 16,
      "tokens": [
        {
          "index": 1,
          "word": "Customer",
          "originalText": "Customer",
          "characterOffsetBegin": 998,
          "characterOffsetEnd": 1006,
          "before": "",
          "after": ""
        },
        {
          "index": 2,
          "word": ":",
          "originalText": ":",
          "characterOffsetBegin": 1006,
          "characterOffsetEnd": 1007,
          "before": "",
          "after": " "
        },
        {
          "index": 3,
          "word": "@GWRHelp",
          "originalText": "@GWRHelp",
          "characterOffsetBegin": 1008,
          "characterOffsetEnd": 1016,
          "before": " ",
          "after": " "
        },
        {
          "index": 4,
          "word": "So",
          "originalText": "So",
          "characterOffsetBegin": 1017,
          "characterOffsetEnd": 1019,
          "before": " ",
          "after": " "
        },
        {
          "index": 5,
          "word": "you",
          "originalText": "you",
          "characterOffsetBegin": 1020,
          "characterOffsetEnd": 1023,
          "before": " ",
          "after": " "
        },
        {
          "index": 6,
          "word": "nearly",
          "originalText": "nearly",
          "characterOffsetBegin": 1024,
          "characterOffsetEnd": 1030,
          "before": " ",
          "after": " "
        },
        {
          "index": 7,
          "word": "triple",
          "originalText": "triple",
          "characterOffsetBegin": 1031,
          "characterOffsetEnd": 1037,
          "before": " ",
          "after": " "
        },
        {
          "index": 8,
          "word": "the",
          "originalText": "the",
          "characterOffsetBegin": 1038,
          "characterOffsetEnd": 1041,
          "before": " ",
          "after": " "
        },
        {
          "index": 9,
          "word": "price",
          "originalText": "price",
          "characterOffsetBegin": 1042,
          "characterOffsetEnd": 1047,
          "before": " ",
          "after": ""
        },
        {
          "index": 10,
          "word": "?",
          "originalText": "?",
          "characterOffsetBegin": 1047,
          "characterOffsetEnd": 1048,
          "before": "",
          "after": ""
        }
      ]
    },
    {
      "index": 17,
      "tokens": [
        {
          "index": 1,
          "word": "That",
          "originalText": "That",
          "characterOffsetBegin": 1050,
          "characterOffsetEnd": 1054,
          "before": "",
          "after": ""
        },
        {
          "index": 2,
          "word": "'s",
          "originalText": "'s",
          "characterOffsetBegin": 1054,
          "characterOffsetEnd": 1056,
          "before": "",
          "after": " "
        },
        {
          "index": 3,
          "word": "thoughtful",
          "originalText": "thoughtful",
          "characterOffsetBegin": 1057,
          "characterOffsetEnd": 1067,
          "before": " ",
          "after": ""
        },
        {
          "index": 4,
          "word": ".",
          "originalText": ".",
          "characterOffsetBegin": 1067,
          "characterOffsetEnd": 1068,
          "before": "",
          "after": ""
        }
      ]
    },
    {
      "index": 18,
      "tokens": [
        {
          "index": 1,
          "word": "Customer",
          "originalText": "Customer",
          "characterOffsetBegin": 1070,
          "characterOffsetEnd": 1078,
          "before": "",
          "after": ""
        },
        {
          "index": 2,
          "word": ":",
          "originalText": ":",
          "characterOffsetBegin": 1078,
          "characterOffsetEnd": 1079,
          "before": "",
          "after": " "
        },
        {
          "index": 3,
          "word": "@GWRHelp",
          "originalText": "@GWRHelp",
          "characterOffsetBegin": 1080,
          "characterOffsetEnd": 1088,
          "before": " ",
          "after": " "
        },
        {
          "index": 4,
          "word": "And",
          "originalText": "And",
          "characterOffsetBegin": 1089,
          "characterOffsetEnd": 1092,
          "before": " ",
          "after": " "
        },
        {
          "index": 5,
          "word": "also",
          "originalText": "also",
          "characterOffsetBegin": 1093,
          "characterOffsetEnd": 1097,
          "before": " ",
          "after": " "
        },
        {
          "index": 6,
          "word": "-",
          "originalText": "-",
          "characterOffsetBegin": 1098,
          "characterOffsetEnd": 1099,
          "before": " ",
          "after": " "
        },
        {
          "index": 7,
          "word": "after",
          "originalText": "after",
          "characterOffsetBegin": 1100,
          "characterOffsetEnd": 1105,
          "before": " ",
          "after": " "
        },
        {
          "index": 8,
          "word": "paying",
          "originalText": "paying",
          "characterOffsetBegin": 1106,
          "characterOffsetEnd": 1112,
          "before": " ",
          "after": " "
        },
        {
          "index": 9,
          "word": "#",
          "originalText": "£",
          "characterOffsetBegin": 1113,
          "characterOffsetEnd": 1114,
          "before": " ",
          "after": ""
        },
        {
          "index": 10,
          "word": "135",
          "originalText": "135",
          "characterOffsetBegin": 1114,
          "characterOffsetEnd": 1117,
          "before": "",
          "after": ""
        },
        {
          "index": 11,
          "word": ",",
          "originalText": ",",
          "characterOffsetBegin": 1117,
          "characterOffsetEnd": 1118,
          "before": "",
          "after": " "
        },
        {
          "index": 12,
          "word": "I",
          "originalText": "I",
          "characterOffsetBegin": 1119,
          "characterOffsetEnd": 1120,
          "before": " ",
          "after": ""
        },
        {
          "index": 13,
          "word": "'m",
          "originalText": "'m",
          "characterOffsetBegin": 1120,
          "characterOffsetEnd": 1122,
          "before": "",
          "after": " "
        },
        {
          "index": 14,
          "word": "told",
          "originalText": "told",
          "characterOffsetBegin": 1123,
          "characterOffsetEnd": 1127,
          "before": " ",
          "after": " "
        },
        {
          "index": 15,
          "word": "that",
          "originalText": "that",
          "characterOffsetBegin": 1128,
          "characterOffsetEnd": 1132,
          "before": " ",
          "after": " "
        },
        {
          "index": 16,
          "word": "it",
          "originalText": "it",
          "characterOffsetBegin": 1133,
          "characterOffsetEnd": 1135,
          "before": " ",
          "after": ""
        },
        {
          "index": 17,
          "word": "'s",
          "originalText": "'s",
          "characterOffsetBegin": 1135,
          "characterOffsetEnd": 1137,
          "before": "",
          "after": " "
        },
        {
          "index": 18,
          "word": "not",
          "originalText": "not",
          "characterOffsetBegin": 1138,
          "characterOffsetEnd": 1141,
          "before": " ",
          "after": " "
        },
        {
          "index": 19,
          "word": "possible",
          "originalText": "possible",
          "characterOffsetBegin": 1142,
          "characterOffsetEnd": 1150,
          "before": " ",
          "after": " "
        },
        {
          "index": 20,
          "word": "to",
          "originalText": "to",
          "characterOffsetBegin": 1151,
          "characterOffsetEnd": 1153,
          "before": " ",
          "after": " "
        },
        {
          "index": 21,
          "word": "even",
          "originalText": "even",
          "characterOffsetBegin": 1154,
          "characterOffsetEnd": 1158,
          "before": " ",
          "after": " "
        },
        {
          "index": 22,
          "word": "reserve",
          "originalText": "reserve",
          "characterOffsetBegin": 1159,
          "characterOffsetEnd": 1166,
          "before": " ",
          "after": " "
        },
        {
          "index": 23,
          "word": "a",
          "originalText": "a",
          "characterOffsetBegin": 1167,
          "characterOffsetEnd": 1168,
          "before": " ",
          "after": " "
        },
        {
          "index": 24,
          "word": "seat",
          "originalText": "seat",
          "characterOffsetBegin": 1169,
          "characterOffsetEnd": 1173,
          "before": " ",
          "after": " "
        },
        {
          "index": 25,
          "word": "on",
          "originalText": "on",
          "characterOffsetBegin": 1174,
          "characterOffsetEnd": 1176,
          "before": " ",
          "after": " "
        },
        {
          "index": 26,
          "word": "the",
          "originalText": "the",
          "characterOffsetBegin": 1177,
          "characterOffsetEnd": 1180,
          "before": " ",
          "after": " "
        },
        {
          "index": 27,
          "word": "return",
          "originalText": "return",
          "characterOffsetBegin": 1181,
          "characterOffsetEnd": 1187,
          "before": " ",
          "after": " "
        },
        {
          "index": 28,
          "word": "journey",
          "originalText": "journey",
          "characterOffsetBegin": 1188,
          "characterOffsetEnd": 1195,
          "before": " ",
          "after": ""
        },
        {
          "index": 29,
          "word": ".",
          "originalText": ".",
          "characterOffsetBegin": 1195,
          "characterOffsetEnd": 1196,
          "before": "",
          "after": ""
        }
      ]
    },
    {
      "index": 19,
      "tokens": [
        {
          "index": 1,
          "word": "Agent",
          "originalText": "Agent",
          "characterOffsetBegin": 1198,
          "characterOffsetEnd": 1203,
          "before": "",
          "after": ""
        },
        {
          "index": 2,
          "word": ":",
          "originalText": ":",
          "characterOffsetBegin": 1203,
          "characterOffsetEnd": 1204,
          "before": "",
          "after": " "
        },
        {
          "index": 3,
          "word": "@",
          "originalText": "@",
          "characterOffsetBegin": 1205,
          "characterOffsetEnd": 1206,
          "before": " ",
          "after": ""
        },
        {
          "index": 4,
          "word": "452732",
          "originalText": "452732",
          "characterOffsetBegin": 1206,
          "characterOffsetEnd": 1212,
          "before": "",
          "after": " "
        },
        {
          "index": 5,
          "word": "What",
          "originalText": "What",
          "characterOffsetBegin": 1213,
          "characterOffsetEnd": 1217,
          "before": " ",
          "after": " "
        },
        {
          "index": 6,
          "word": "time",
          "originalText": "time",
          "characterOffsetBegin": 1218,
          "characterOffsetEnd": 1222,
          "before": " ",
          "after": " "
        },
        {
          "index": 7,
          "word": "are",
          "originalText": "are",
          "characterOffsetBegin": 1223,
          "characterOffsetEnd": 1226,
          "before": " ",
          "after": " "
        },
        {
          "index": 8,
          "word": "you",
          "originalText": "you",
          "characterOffsetBegin": 1227,
          "characterOffsetEnd": 1230,
          "before": " ",
          "after": " "
        },
        {
          "index": 9,
          "word": "travelling",
          "originalText": "travelling",
          "characterOffsetBegin": 1231,
          "characterOffsetEnd": 1241,
          "before": " ",
          "after": ""
        },
        {
          "index": 10,
          "word": "?",
          "originalText": "?",
          "characterOffsetBegin": 1241,
          "characterOffsetEnd": 1242,
          "before": "",
          "after": ""
        }
      ]
    },
    {
      "index": 20,
      "tokens": [
        {
          "index": 1,
          "word": "As",
          "originalText": "As",
          "characterOffsetBegin": 1244,
          "characterOffsetEnd": 1246,
          "before": "",
          "after": " "
        },
        {
          "index": 2,
          "word": "our",
          "originalText": "our",
          "characterOffsetBegin": 1247,
          "characterOffsetEnd": 1250,
          "before": " ",
          "after": " "
        },
        {
          "index": 3,
          "word": "trains",
          "originalText": "trains",
          "characterOffsetBegin": 1251,
          "characterOffsetEnd": 1257,
          "before": " ",
          "after": " "
        },
        {
          "index": 4,
          "word": "are",
          "originalText": "are",
          "characterOffsetBegin": 1258,
          "characterOffsetEnd": 1261,
          "before": " ",
          "after": " "
        },
        {
          "index": 5,
          "word": "running",
          "originalText": "running",
          "characterOffsetBegin": 1262,
          "characterOffsetEnd": 1269,
          "before": " ",
          "after": " "
        },
        {
          "index": 6,
          "word": "from",
          "originalText": "from",
          "characterOffsetBegin": 1270,
          "characterOffsetEnd": 1274,
          "before": " ",
          "after": " "
        },
        {
          "index": 7,
          "word": "Marylebone",
          "originalText": "Marylebone",
          "characterOffsetBegin": 1275,
          "characterOffsetEnd": 1285,
          "before": " ",
          "after": " "
        },
        {
          "index": 8,
          "word": "instead",
          "originalText": "instead",
          "characterOffsetBegin": 1286,
          "characterOffsetEnd": 1293,
          "before": " ",
          "after": " "
        },
        {
          "index": 9,
          "word": "of",
          "originalText": "of",
          "characterOffsetBegin": 1294,
          "characterOffsetEnd": 1296,
          "before": " ",
          "after": " "
        },
        {
          "index": 10,
          "word": "Paddington",
          "originalText": "Paddington",
          "characterOffsetBegin": 1297,
          "characterOffsetEnd": 1307,
          "before": " ",
          "after": " "
        },
        {
          "index": 11,
          "word": "reservations",
          "originalText": "reservations",
          "characterOffsetBegin": 1308,
          "characterOffsetEnd": 1320,
          "before": " ",
          "after": " "
        },
        {
          "index": 12,
          "word": "not",
          "originalText": "not",
          "characterOffsetBegin": 1321,
          "characterOffsetEnd": 1324,
          "before": " ",
          "after": " "
        },
        {
          "index": 13,
          "word": "possible",
          "originalText": "possible",
          "characterOffsetBegin": 1325,
          "characterOffsetEnd": 1333,
          "before": " ",
          "after": " "
        },
        {
          "index": 14,
          "word": "on",
          "originalText": "on",
          "characterOffsetBegin": 1334,
          "characterOffsetEnd": 1336,
          "before": " ",
          "after": " "
        },
        {
          "index": 15,
          "word": "all",
          "originalText": "all",
          "characterOffsetBegin": 1337,
          "characterOffsetEnd": 1340,
          "before": " ",
          "after": ""
        },
        {
          "index": 16,
          "word": ".",
          "originalText": ".",
          "characterOffsetBegin": 1340,
          "characterOffsetEnd": 1341,
          "before": "",
          "after": ""
        }
      ]
    },
    {
      "index": 21,
      "tokens": [
        {
          "index": 1,
          "word": "-",
          "originalText": "-",
          "characterOffsetBegin": 1343,
          "characterOffsetEnd": 1344,
          "before": "",
          "after": ""
        },
        {
          "index": 2,
          "word": "Andy",
          "originalText": "Andy",
          "characterOffsetBegin": 1344,
          "characterOffsetEnd": 1348,
          "before": "",
          "after": ""
        }
      ]
    },
    {
      "index": 22,
      "tokens": [
        {
          "index": 1,
          "word": "@highlight",
          "originalText": "@highlight",
          "characterOffsetBegin": 1350,
          "characterOffsetEnd": 1360,
          "before": "",
          "after": ""
        }
      ]
    },
    {
      "index": 23,
      "tokens": [
        {
          "index": 1,
          "word": "Customer",
          "originalText": "Customer",
          "characterOffsetBegin": 1362,
          "characterOffsetEnd": 1370,
          "before": "",
          "after": ""
        },
        {
          "index": 2,
          "word": ":",
          "originalText": ":",
          "characterOffsetBegin": 1370,
          "characterOffsetEnd": 1371,
          "before": "",
          "after": " "
        },
        {
          "index": 3,
          "word": "@GWRHelp",
          "originalText": "@GWRHelp",
          "characterOffsetBegin": 1372,
          "characterOffsetEnd": 1380,
          "before": " ",
          "after": " "
        },
        {
          "index": 4,
          "word": "please",
          "originalText": "please",
          "characterOffsetBegin": 1381,
          "characterOffsetEnd": 1387,
          "before": " ",
          "after": " "
        },
        {
          "index": 5,
          "word": "explain",
          "originalText": "explain",
          "characterOffsetBegin": 1388,
          "characterOffsetEnd": 1395,
          "before": " ",
          "after": " "
        },
        {
          "index": 6,
          "word": "and",
          "originalText": "and",
          "characterOffsetBegin": 1396,
          "characterOffsetEnd": 1399,
          "before": " ",
          "after": " "
        },
        {
          "index": 7,
          "word": "justify",
          "originalText": "justify",
          "characterOffsetBegin": 1400,
          "characterOffsetEnd": 1407,
          "before": " ",
          "after": " "
        },
        {
          "index": 8,
          "word": "why",
          "originalText": "why",
          "characterOffsetBegin": 1408,
          "characterOffsetEnd": 1411,
          "before": " ",
          "after": " "
        },
        {
          "index": 9,
          "word": "it",
          "originalText": "it",
          "characterOffsetBegin": 1412,
          "characterOffsetEnd": 1414,
          "before": " ",
          "after": ""
        },
        {
          "index": 10,
          "word": "'s",
          "originalText": "'s",
          "characterOffsetBegin": 1414,
          "characterOffsetEnd": 1416,
          "before": "",
          "after": " "
        },
        {
          "index": 11,
          "word": "#",
          "originalText": "£",
          "characterOffsetBegin": 1417,
          "characterOffsetEnd": 1418,
          "before": " ",
          "after": ""
        },
        {
          "index": 12,
          "word": "55",
          "originalText": "55",
          "characterOffsetBegin": 1418,
          "characterOffsetEnd": 1420,
          "before": "",
          "after": " "
        },
        {
          "index": 13,
          "word": "to",
          "originalText": "to",
          "characterOffsetBegin": 1421,
          "characterOffsetEnd": 1423,
          "before": " ",
          "after": " "
        },
        {
          "index": 14,
          "word": "Exeter",
          "originalText": "Exeter",
          "characterOffsetBegin": 1424,
          "characterOffsetEnd": 1430,
          "before": " ",
          "after": " "
        },
        {
          "index": 15,
          "word": "on",
          "originalText": "on",
          "characterOffsetBegin": 1431,
          "characterOffsetEnd": 1433,
          "before": " ",
          "after": " "
        },
        {
          "index": 16,
          "word": "22",
          "originalText": "22",
          "characterOffsetBegin": 1434,
          "characterOffsetEnd": 1436,
          "before": " ",
          "after": " "
        },
        {
          "index": 17,
          "word": "Nov",
          "originalText": "Nov",
          "characterOffsetBegin": 1437,
          "characterOffsetEnd": 1440,
          "before": " ",
          "after": " "
        },
        {
          "index": 18,
          "word": "and",
          "originalText": "and",
          "characterOffsetBegin": 1441,
          "characterOffsetEnd": 1444,
          "before": " ",
          "after": " "
        },
        {
          "index": 19,
          "word": "#",
          "originalText": "£",
          "characterOffsetBegin": 1445,
          "characterOffsetEnd": 1446,
          "before": " ",
          "after": ""
        },
        {
          "index": 20,
          "word": "135",
          "originalText": "135",
          "characterOffsetBegin": 1446,
          "characterOffsetEnd": 1449,
          "before": "",
          "after": " "
        },
        {
          "index": 21,
          "word": "for",
          "originalText": "for",
          "characterOffsetBegin": 1450,
          "characterOffsetEnd": 1453,
          "before": " ",
          "after": " "
        },
        {
          "index": 22,
          "word": "same",
          "originalText": "same",
          "characterOffsetBegin": 1454,
          "characterOffsetEnd": 1458,
          "before": " ",
          "after": " "
        },
        {
          "index": 23,
          "word": "journey",
          "originalText": "journey",
          "characterOffsetBegin": 1459,
          "characterOffsetEnd": 1466,
          "before": " ",
          "after": " "
        },
        {
          "index": 24,
          "word": "on",
          "originalText": "on",
          "characterOffsetBegin": 1467,
          "characterOffsetEnd": 1469,
          "before": " ",
          "after": " "
        },
        {
          "index": 25,
          "word": "22",
          "originalText": "22",
          "characterOffsetBegin": 1470,
          "characterOffsetEnd": 1472,
          "before": " ",
          "after": " "
        },
        {
          "index": 26,
          "word": "Dec.",
          "originalText": "Dec",
          "characterOffsetBegin": 1473,
          "characterOffsetEnd": 1476,
          "before": " ",
          "after": ""
        },
        {
          "index": 27,
          "word": ".",
          "originalText": ".",
          "characterOffsetBegin": 1476,
          "characterOffsetEnd": 1477,
          "before": "",
          "after": ""
        }
      ]
    },
    {
      "index": 24,
      "tokens": [
        {
          "index": 1,
          "word": "@highlight",
          "originalText": "@highlight",
          "characterOffsetBegin": 1479,
          "characterOffsetEnd": 1489,
          "before": "",
          "after": ""
        }
      ]
    },
    {
      "index": 25,
      "tokens": [
        {
          "index": 1,
          "word": "@GWRHelp",
          "originalText": "@GWRHelp",
          "characterOffsetBegin": 1491,
          "characterOffsetEnd": 1499,
          "before": "",
          "after": " "
        },
        {
          "index": 2,
          "word": "Try",
          "originalText": "Try",
          "characterOffsetBegin": 1500,
          "characterOffsetEnd": 1503,
          "before": " ",
          "after": " "
        },
        {
          "index": 3,
          "word": "it",
          "originalText": "it",
          "characterOffsetBegin": 1504,
          "characterOffsetEnd": 1506,
          "before": " ",
          "after": " "
        },
        {
          "index": 4,
          "word": "for",
          "originalText": "for",
          "characterOffsetBegin": 1507,
          "characterOffsetEnd": 1510,
          "before": " ",
          "after": " "
        },
        {
          "index": 5,
          "word": "a",
          "originalText": "a",
          "characterOffsetBegin": 1511,
          "characterOffsetEnd": 1512,
          "before": " ",
          "after": " "
        },
        {
          "index": 6,
          "word": "return",
          "originalText": "return",
          "characterOffsetBegin": 1513,
          "characterOffsetEnd": 1519,
          "before": " ",
          "after": " "
        },
        {
          "index": 7,
          "word": "journey",
          "originalText": "journey",
          "characterOffsetBegin": 1520,
          "characterOffsetEnd": 1527,
          "before": " ",
          "after": " "
        },
        {
          "index": 8,
          "word": "coming",
          "originalText": "coming",
          "characterOffsetBegin": 1528,
          "characterOffsetEnd": 1534,
          "before": " ",
          "after": " "
        },
        {
          "index": 9,
          "word": "back",
          "originalText": "back",
          "characterOffsetBegin": 1535,
          "characterOffsetEnd": 1539,
          "before": " ",
          "after": " "
        },
        {
          "index": 10,
          "word": "on",
          "originalText": "on",
          "characterOffsetBegin": 1540,
          "characterOffsetEnd": 1542,
          "before": " ",
          "after": " "
        },
        {
          "index": 11,
          "word": "27th",
          "originalText": "27th",
          "characterOffsetBegin": 1543,
          "characterOffsetEnd": 1547,
          "before": " ",
          "after": ""
        },
        {
          "index": 12,
          "word": ".",
          "originalText": ".",
          "characterOffsetBegin": 1547,
          "characterOffsetEnd": 1548,
          "before": "",
          "after": ""
        }
      ]
    },
    {
      "index": 26,
      "tokens": [
        {
          "index": 1,
          "word": "@highlight",
          "originalText": "@highlight",
          "characterOffsetBegin": 1550,
          "characterOffsetEnd": 1560,
          "before": "",
          "after": ""
        }
      ]
    },
    {
      "index": 27,
      "tokens": [
        {
          "index": 1,
          "word": "Agent",
          "originalText": "Agent",
          "characterOffsetBegin": 1562,
          "characterOffsetEnd": 1567,
          "before": "",
          "after": ""
        },
        {
          "index": 2,
          "word": ":",
          "originalText": ":",
          "characterOffsetBegin": 1567,
          "characterOffsetEnd": 1568,
          "before": "",
          "after": " "
        },
        {
          "index": 3,
          "word": "@",
          "originalText": "@",
          "characterOffsetBegin": 1569,
          "characterOffsetEnd": 1570,
          "before": " ",
          "after": ""
        },
        {
          "index": 4,
          "word": "452732",
          "originalText": "452732",
          "characterOffsetBegin": 1570,
          "characterOffsetEnd": 1576,
          "before": "",
          "after": " "
        },
        {
          "index": 5,
          "word": "1/2Pricing",
          "originalText": "1/2Pricing",
          "characterOffsetBegin": 1577,
          "characterOffsetEnd": 1587,
          "before": " ",
          "after": " "
        },
        {
          "index": 6,
          "word": "does",
          "originalText": "does",
          "characterOffsetBegin": 1588,
          "characterOffsetEnd": 1592,
          "before": " ",
          "after": " "
        },
        {
          "index": 7,
          "word": "vary",
          "originalText": "vary",
          "characterOffsetBegin": 1593,
          "characterOffsetEnd": 1597,
          "before": " ",
          "after": " "
        },
        {
          "index": 8,
          "word": "on",
          "originalText": "on",
          "characterOffsetBegin": 1598,
          "characterOffsetEnd": 1600,
          "before": " ",
          "after": " "
        },
        {
          "index": 9,
          "word": "advance",
          "originalText": "advance",
          "characterOffsetBegin": 1601,
          "characterOffsetEnd": 1608,
          "before": " ",
          "after": " "
        },
        {
          "index": 10,
          "word": "tickets",
          "originalText": "tickets",
          "characterOffsetBegin": 1609,
          "characterOffsetEnd": 1616,
          "before": " ",
          "after": " "
        },
        {
          "index": 11,
          "word": "as",
          "originalText": "as",
          "characterOffsetBegin": 1617,
          "characterOffsetEnd": 1619,
          "before": " ",
          "after": " "
        },
        {
          "index": 12,
          "word": "they",
          "originalText": "they",
          "characterOffsetBegin": 1620,
          "characterOffsetEnd": 1624,
          "before": " ",
          "after": " "
        },
        {
          "index": 13,
          "word": "are",
          "originalText": "are",
          "characterOffsetBegin": 1625,
          "characterOffsetEnd": 1628,
          "before": " ",
          "after": " "
        },
        {
          "index": 14,
          "word": "first",
          "originalText": "first",
          "characterOffsetBegin": 1629,
          "characterOffsetEnd": 1634,
          "before": " ",
          "after": " "
        },
        {
          "index": 15,
          "word": "come",
          "originalText": "come",
          "characterOffsetBegin": 1635,
          "characterOffsetEnd": 1639,
          "before": " ",
          "after": " "
        },
        {
          "index": 16,
          "word": "first",
          "originalText": "first",
          "characterOffsetBegin": 1640,
          "characterOffsetEnd": 1645,
          "before": " ",
          "after": " "
        },
        {
          "index": 17,
          "word": "serve",
          "originalText": "serve",
          "characterOffsetBegin": 1646,
          "characterOffsetEnd": 1651,
          "before": " ",
          "after": ""
        },
        {
          "index": 18,
          "word": ",",
          "originalText": ",",
          "characterOffsetBegin": 1651,
          "characterOffsetEnd": 1652,
          "before": "",
          "after": " "
        },
        {
          "index": 19,
          "word": "so",
          "originalText": "so",
          "characterOffsetBegin": 1653,
          "characterOffsetEnd": 1655,
          "before": " ",
          "after": " "
        },
        {
          "index": 20,
          "word": "when",
          "originalText": "when",
          "characterOffsetBegin": 1656,
          "characterOffsetEnd": 1660,
          "before": " ",
          "after": " "
        },
        {
          "index": 21,
          "word": "the",
          "originalText": "the",
          "characterOffsetBegin": 1661,
          "characterOffsetEnd": 1664,
          "before": " ",
          "after": " "
        },
        {
          "index": 22,
          "word": "cheaper",
          "originalText": "cheaper",
          "characterOffsetBegin": 1665,
          "characterOffsetEnd": 1672,
          "before": " ",
          "after": " "
        },
        {
          "index": 23,
          "word": "tickets",
          "originalText": "tickets",
          "characterOffsetBegin": 1673,
          "characterOffsetEnd": 1680,
          "before": " ",
          "after": " "
        },
        {
          "index": 24,
          "word": "have",
          "originalText": "have",
          "characterOffsetBegin": 1681,
          "characterOffsetEnd": 1685,
          "before": " ",
          "after": " "
        },
        {
          "index": 25,
          "word": "sold",
          "originalText": "sold",
          "characterOffsetBegin": 1686,
          "characterOffsetEnd": 1690,
          "before": " ",
          "after": " "
        },
        {
          "index": 26,
          "word": "only",
          "originalText": "only",
          "characterOffsetBegin": 1691,
          "characterOffsetEnd": 1695,
          "before": " ",
          "after": " "
        },
        {
          "index": 27,
          "word": "standard",
          "originalText": "standard",
          "characterOffsetBegin": 1696,
          "characterOffsetEnd": 1704,
          "before": " ",
          "after": " "
        },
        {
          "index": 28,
          "word": "fares",
          "originalText": "fares",
          "characterOffsetBegin": 1705,
          "characterOffsetEnd": 1710,
          "before": " ",
          "after": " "
        },
        {
          "index": 29,
          "word": "remain",
          "originalText": "remain",
          "characterOffsetBegin": 1711,
          "characterOffsetEnd": 1717,
          "before": " ",
          "after": ""
        }
      ]
    },
    {
      "index": 28,
      "tokens": [
        {
          "index": 1,
          "word": "@highlight",
          "originalText": "@highlight",
          "characterOffsetBegin": 1719,
          "characterOffsetEnd": 1729,
          "before": "",
          "after": ""
        }
      ]
    },
    {
      "index": 29,
      "tokens": [
        {
          "index": 1,
          "word": "@",
          "originalText": "@",
          "characterOffsetBegin": 1731,
          "characterOffsetEnd": 1732,
          "before": "",
          "after": ""
        },
        {
          "index": 2,
          "word": "452732",
          "originalText": "452732",
          "characterOffsetBegin": 1732,
          "characterOffsetEnd": 1738,
          "before": "",
          "after": " "
        },
        {
          "index": 3,
          "word": "2/2",
          "originalText": "2/2",
          "characterOffsetBegin": 1739,
          "characterOffsetEnd": 1742,
          "before": " ",
          "after": " "
        },
        {
          "index": 4,
          "word": "I",
          "originalText": "I",
          "characterOffsetBegin": 1743,
          "characterOffsetEnd": 1744,
          "before": " ",
          "after": " "
        },
        {
          "index": 5,
          "word": "can",
          "originalText": "can",
          "characterOffsetBegin": 1745,
          "characterOffsetEnd": 1748,
          "before": " ",
          "after": " "
        },
        {
          "index": 6,
          "word": "see",
          "originalText": "see",
          "characterOffsetBegin": 1749,
          "characterOffsetEnd": 1752,
          "before": " ",
          "after": " "
        },
        {
          "index": 7,
          "word": "a",
          "originalText": "a",
          "characterOffsetBegin": 1753,
          "characterOffsetEnd": 1754,
          "before": " ",
          "after": " "
        },
        {
          "index": 8,
          "word": "single",
          "originalText": "single",
          "characterOffsetBegin": 1755,
          "characterOffsetEnd": 1761,
          "before": " ",
          "after": " "
        },
        {
          "index": 9,
          "word": "on",
          "originalText": "on",
          "characterOffsetBegin": 1762,
          "characterOffsetEnd": 1764,
          "before": " ",
          "after": " "
        },
        {
          "index": 10,
          "word": "the",
          "originalText": "the",
          "characterOffsetBegin": 1765,
          "characterOffsetEnd": 1768,
          "before": " ",
          "after": " "
        },
        {
          "index": 11,
          "word": "08.15",
          "originalText": "08.15",
          "characterOffsetBegin": 1769,
          "characterOffsetEnd": 1774,
          "before": " ",
          "after": " "
        },
        {
          "index": 12,
          "word": "for",
          "originalText": "for",
          "characterOffsetBegin": 1775,
          "characterOffsetEnd": 1778,
          "before": " ",
          "after": " "
        },
        {
          "index": 13,
          "word": "22/11/2017",
          "originalText": "22/11/2017",
          "characterOffsetBegin": 1779,
          "characterOffsetEnd": 1789,
          "before": " ",
          "after": " "
        },
        {
          "index": 14,
          "word": "priced",
          "originalText": "priced",
          "characterOffsetBegin": 1790,
          "characterOffsetEnd": 1796,
          "before": " ",
          "after": " "
        },
        {
          "index": 15,
          "word": "at",
          "originalText": "at",
          "characterOffsetBegin": 1797,
          "characterOffsetEnd": 1799,
          "before": " ",
          "after": " "
        },
        {
          "index": 16,
          "word": "#",
          "originalText": "£",
          "characterOffsetBegin": 1800,
          "characterOffsetEnd": 1801,
          "before": " ",
          "after": ""
        },
        {
          "index": 17,
          "word": "34.00",
          "originalText": "34.00",
          "characterOffsetBegin": 1801,
          "characterOffsetEnd": 1806,
          "before": "",
          "after": " "
        },
        {
          "index": 18,
          "word": "and",
          "originalText": "and",
          "characterOffsetBegin": 1807,
          "characterOffsetEnd": 1810,
          "before": " ",
          "after": " "
        },
        {
          "index": 19,
          "word": "a",
          "originalText": "a",
          "characterOffsetBegin": 1811,
          "characterOffsetEnd": 1812,
          "before": " ",
          "after": " "
        },
        {
          "index": 20,
          "word": "fare",
          "originalText": "fare",
          "characterOffsetBegin": 1813,
          "characterOffsetEnd": 1817,
          "before": " ",
          "after": " "
        },
        {
          "index": 21,
          "word": "for",
          "originalText": "for",
          "characterOffsetBegin": 1818,
          "characterOffsetEnd": 1821,
          "before": " ",
          "after": " "
        },
        {
          "index": 22,
          "word": "#",
          "originalText": "£",
          "characterOffsetBegin": 1822,
          "characterOffsetEnd": 1823,
          "before": " ",
          "after": ""
        },
        {
          "index": 23,
          "word": "43.00",
          "originalText": "43.00",
          "characterOffsetBegin": 1823,
          "characterOffsetEnd": 1828,
          "before": "",
          "after": " "
        },
        {
          "index": 24,
          "word": "on",
          "originalText": "on",
          "characterOffsetBegin": 1829,
          "characterOffsetEnd": 1831,
          "before": " ",
          "after": " "
        },
        {
          "index": 25,
          "word": "the",
          "originalText": "the",
          "characterOffsetBegin": 1832,
          "characterOffsetEnd": 1835,
          "before": " ",
          "after": " "
        },
        {
          "index": 26,
          "word": "same",
          "originalText": "same",
          "characterOffsetBegin": 1836,
          "characterOffsetEnd": 1840,
          "before": " ",
          "after": " "
        },
        {
          "index": 27,
          "word": "train",
          "originalText": "train",
          "characterOffsetBegin": 1841,
          "characterOffsetEnd": 1846,
          "before": " ",
          "after": " "
        },
        {
          "index": 28,
          "word": "but",
          "originalText": "but",
          "characterOffsetBegin": 1847,
          "characterOffsetEnd": 1850,
          "before": " ",
          "after": " "
        },
        {
          "index": 29,
          "word": "for",
          "originalText": "for",
          "characterOffsetBegin": 1851,
          "characterOffsetEnd": 1854,
          "before": " ",
          "after": " "
        },
        {
          "index": 30,
          "word": "the",
          "originalText": "the",
          "characterOffsetBegin": 1855,
          "characterOffsetEnd": 1858,
          "before": " ",
          "after": " "
        },
        {
          "index": 31,
          "word": "22/12/2017",
          "originalText": "22/12/2017",
          "characterOffsetBegin": 1859,
          "characterOffsetEnd": 1869,
          "before": " ",
          "after": " "
        },
        {
          "index": 32,
          "word": "-",
          "originalText": "-",
          "characterOffsetBegin": 1870,
          "characterOffsetEnd": 1871,
          "before": " ",
          "after": " "
        },
        {
          "index": 33,
          "word": "Josh",
          "originalText": "Josh",
          "characterOffsetBegin": 1872,
          "characterOffsetEnd": 1876,
          "before": " ",
          "after": ""
        }
      ]
    },
    {
      "index": 30,
      "tokens": [
        {
          "index": 1,
          "word": "@highlight",
          "originalText": "@highlight",
          "characterOffsetBegin": 1878,
          "characterOffsetEnd": 1888,
          "before": "",
          "after": ""
        }
      ]
    },
    {
      "index": 31,
      "tokens": [
        {
          "index": 1,
          "word": "As",
          "originalText": "As",
          "characterOffsetBegin": 1890,
          "characterOffsetEnd": 1892,
          "before": "",
          "after": " "
        },
        {
          "index": 2,
          "word": "our",
          "originalText": "our",
          "characterOffsetBegin": 1893,
          "characterOffsetEnd": 1896,
          "before": " ",
          "after": " "
        },
        {
          "index": 3,
          "word": "trains",
          "originalText": "trains",
          "characterOffsetBegin": 1897,
          "characterOffsetEnd": 1903,
          "before": " ",
          "after": " "
        },
        {
          "index": 4,
          "word": "are",
          "originalText": "are",
          "characterOffsetBegin": 1904,
          "characterOffsetEnd": 1907,
          "before": " ",
          "after": " "
        },
        {
          "index": 5,
          "word": "running",
          "originalText": "running",
          "characterOffsetBegin": 1908,
          "characterOffsetEnd": 1915,
          "before": " ",
          "after": " "
        },
        {
          "index": 6,
          "word": "from",
          "originalText": "from",
          "characterOffsetBegin": 1916,
          "characterOffsetEnd": 1920,
          "before": " ",
          "after": " "
        },
        {
          "index": 7,
          "word": "Marylebone",
          "originalText": "Marylebone",
          "characterOffsetBegin": 1921,
          "characterOffsetEnd": 1931,
          "before": " ",
          "after": " "
        },
        {
          "index": 8,
          "word": "instead",
          "originalText": "instead",
          "characterOffsetBegin": 1932,
          "characterOffsetEnd": 1939,
          "before": " ",
          "after": " "
        },
        {
          "index": 9,
          "word": "of",
          "originalText": "of",
          "characterOffsetBegin": 1940,
          "characterOffsetEnd": 1942,
          "before": " ",
          "after": " "
        },
        {
          "index": 10,
          "word": "Paddington",
          "originalText": "Paddington",
          "characterOffsetBegin": 1943,
          "characterOffsetEnd": 1953,
          "before": " ",
          "after": " "
        },
        {
          "index": 11,
          "word": "reservations",
          "originalText": "reservations",
          "characterOffsetBegin": 1954,
          "characterOffsetEnd": 1966,
          "before": " ",
          "after": " "
        },
        {
          "index": 12,
          "word": "not",
          "originalText": "not",
          "characterOffsetBegin": 1967,
          "characterOffsetEnd": 1970,
          "before": " ",
          "after": " "
        },
        {
          "index": 13,
          "word": "possible",
          "originalText": "possible",
          "characterOffsetBegin": 1971,
          "characterOffsetEnd": 1979,
          "before": " ",
          "after": " "
        },
        {
          "index": 14,
          "word": "on",
          "originalText": "on",
          "characterOffsetBegin": 1980,
          "characterOffsetEnd": 1982,
          "before": " ",
          "after": " "
        },
        {
          "index": 15,
          "word": "all",
          "originalText": "all",
          "characterOffsetBegin": 1983,
          "characterOffsetEnd": 1986,
          "before": " ",
          "after": ""
        },
        {
          "index": 16,
          "word": ".",
          "originalText": ".",
          "characterOffsetBegin": 1986,
          "characterOffsetEnd": 1987,
          "before": "",
          "after": ""
        }
      ]
    }
  ]
}