{
  "sentences": [
    {
      "index": 0,
      "tokens": [
        {
          "index": 1,
          "word": "Customer",
          "originalText": "Customer",
          "characterOffsetBegin": 0,
          "characterOffsetEnd": 8,
          "before": "",
          "after": ""
        },
        {
          "index": 2,
          "word": ":",
          "originalText": ":",
          "characterOffsetBegin": 8,
          "characterOffsetEnd": 9,
          "before": "",
          "after": " "
        },
        {
          "index": 3,
          "word": "@",
          "originalText": "@",
          "characterOffsetBegin": 10,
          "characterOffsetEnd": 11,
          "before": " ",
          "after": ""
        },
        {
          "index": 4,
          "word": "115888",
          "originalText": "115888",
          "characterOffsetBegin": 11,
          "characterOffsetEnd": 17,
          "before": "",
          "after": " "
        },
        {
          "index": 5,
          "word": "any",
          "originalText": "any",
          "characterOffsetBegin": 18,
          "characterOffsetEnd": 21,
          "before": " ",
          "after": " "
        },
        {
          "index": 6,
          "word": "idea",
          "originalText": "idea",
          "characterOffsetBegin": 22,
          "characterOffsetEnd": 26,
          "before": " ",
          "after": " "
        },
        {
          "index": 7,
          "word": "when",
          "originalText": "when",
          "characterOffsetBegin": 27,
          "characterOffsetEnd": 31,
          "before": " ",
          "after": " "
        },
        {
          "index": 8,
          "word": "you",
          "originalText": "you",
          "characterOffsetBegin": 32,
          "characterOffsetEnd": 35,
          "before": " ",
          "after": ""
        },
        {
          "index": 9,
          "word": "'ll",
          "originalText": "’ll",
          "characterOffsetBegin": 35,
          "characterOffsetEnd": 38,
          "before": "",
          "after": " "
        },
        {
          "index": 10,
          "word": "fix",
          "originalText": "fix",
          "characterOffsetBegin": 39,
          "characterOffsetEnd": 42,
          "before": " ",
          "after": " "
        },
        {
          "index": 11,
          "word": "the",
          "originalText": "the",
          "characterOffsetBegin": 43,
          "characterOffsetEnd": 46,
          "before": " ",
          "after": " "
        },
        {
          "index": 12,
          "word": "WiFi",
          "originalText": "WiFi",
          "characterOffsetBegin": 47,
          "characterOffsetEnd": 51,
          "before": " ",
          "after": " "
        },
        {
          "index": 13,
          "word": "glitch",
          "originalText": "glitch",
          "characterOffsetBegin": 52,
          "characterOffsetEnd": 58,
          "before": " ",
          "after": ""
        },
        {
          "index": 14,
          "word": "?",
          "originalText": "?",
          "characterOffsetBegin": 58,
          "characterOffsetEnd": 59,
          "before": "",
          "after": ""
        }
      ]
    },
    {
      "index": 1,
      "tokens": [
        {
          "index": 1,
          "word": "Music",
          "originalText": "Music",
          "characterOffsetBegin": 61,
          "characterOffsetEnd": 66,
          "before": "",
          "after": " "
        },
        {
          "index": 2,
          "word": "wo",
          "originalText": "wo",
          "characterOffsetBegin": 67,
          "characterOffsetEnd": 69,
          "before": " ",
          "after": ""
        },
        {
          "index": 3,
          "word": "n't",
          "originalText": "n’t",
          "characterOffsetBegin": 69,
          "characterOffsetEnd": 72,
          "before": "",
          "after": " "
        },
        {
          "index": 4,
          "word": "load",
          "originalText": "load",
          "characterOffsetBegin": 73,
          "characterOffsetEnd": 77,
          "before": " ",
          "after": " "
        },
        {
          "index": 5,
          "word": "when",
          "originalText": "when",
          "characterOffsetBegin": 78,
          "characterOffsetEnd": 82,
          "before": " ",
          "after": " "
        },
        {
          "index": 6,
          "word": "connected",
          "originalText": "connected",
          "characterOffsetBegin": 83,
          "characterOffsetEnd": 92,
          "before": " ",
          "after": " "
        },
        {
          "index": 7,
          "word": "to",
          "originalText": "to",
          "characterOffsetBegin": 93,
          "characterOffsetEnd": 95,
          "before": " ",
          "after": " "
        },
        {
          "index": 8,
          "word": "work",
          "originalText": "work",
          "characterOffsetBegin": 96,
          "characterOffsetEnd": 100,
          "before": " ",
          "after": " "
        },
        {
          "index": 9,
          "word": "WiFi",
          "originalText": "WiFi",
          "characterOffsetBegin": 101,
          "characterOffsetEnd": 105,
          "before": " ",
          "after": ""
        },
        {
          "index": 10,
          "word": ".",
          "originalText": ".",
          "characterOffsetBegin": 105,
          "characterOffsetEnd": 106,
          "before": "",
          "after": ""
        }
      ]
    },
    {
      "index": 2,
      "tokens": [
        {
          "index": 1,
          "word": "Forums",
          "originalText": "Forums",
          "characterOffsetBegin": 108,
          "characterOffsetEnd": 114,
          "before": "",
          "after": " "
        },
        {
          "index": 2,
          "word": "show",
          "originalText": "show",
          "characterOffsetBegin": 115,
          "characterOffsetEnd": 119,
          "before": " ",
          "after": " "
        },
        {
          "index": 3,
          "word": "this",
          "originalText": "this",
          "characterOffsetBegin": 120,
          "characterOffsetEnd": 124,
          "before": " ",
          "after": " "
        },
        {
          "index": 4,
          "word": "is",
          "originalText": "is",
          "characterOffsetBegin": 125,
          "characterOffsetEnd": 127,
          "before": " ",
          "after": " "
        },
        {
          "index": 5,
          "word": "a",
          "originalText": "a",
          "characterOffsetBegin": 128,
          "characterOffsetEnd": 129,
          "before": " ",
          "after": " "
        },
        {
          "index": 6,
          "word": "known",
          "originalText": "known",
          "characterOffsetBegin": 130,
          "characterOffsetEnd": 135,
          "before": " ",
          "after": " "
        },
        {
          "index": 7,
          "word": "issue",
          "originalText": "issue",
          "characterOffsetBegin": 136,
          "characterOffsetEnd": 141,
          "before": " ",
          "after": ""
        },
        {
          "index": 8,
          "word": "?",
          "originalText": "?",
          "characterOffsetBegin": 141,
          "characterOffsetEnd": 142,
          "before": "",
          "after": ""
        }
      ]
    },
    {
      "index": 3,
      "tokens": [
        {
          "index": 1,
          "word": "Agent",
          "originalText": "Agent",
          "characterOffsetBegin": 144,
          "characterOffsetEnd": 149,
          "before": "",
          "after": ""
        },
        {
          "index": 2,
          "word": ":",
          "originalText": ":",
          "characterOffsetBegin": 149,
          "characterOffsetEnd": 150,
          "before": "",
          "after": " "
        },
        {
          "index": 3,
          "word": "@",
          "originalText": "@",
          "characterOffsetBegin": 151,
          "characterOffsetEnd": 152,
          "before": " ",
          "after": ""
        },
        {
          "index": 4,
          "word": "524904",
          "originalText": "524904",
          "characterOffsetBegin": 152,
          "characterOffsetEnd": 158,
          "before": "",
          "after": " "
        },
        {
          "index": 5,
          "word": "Hi",
          "originalText": "Hi",
          "characterOffsetBegin": 159,
          "characterOffsetEnd": 161,
          "before": " ",
          "after": " "
        },
        {
          "index": 6,
          "word": "Nicole",
          "originalText": "Nicole",
          "characterOffsetBegin": 162,
          "characterOffsetEnd": 168,
          "before": " ",
          "after": ""
        },
        {
          "index": 7,
          "word": ",",
          "originalText": ",",
          "characterOffsetBegin": 168,
          "characterOffsetEnd": 169,
          "before": "",
          "after": " "
        },
        {
          "index": 8,
          "word": "help",
          "originalText": "help",
          "characterOffsetBegin": 170,
          "characterOffsetEnd": 174,
          "before": " ",
          "after": ""
        },
        {
          "index": 9,
          "word": "'s",
          "originalText": "'s",
          "characterOffsetBegin": 174,
          "characterOffsetEnd": 176,
          "before": "",
          "after": " "
        },
        {
          "index": 10,
          "word": "here",
          "originalText": "here",
          "characterOffsetBegin": 177,
          "characterOffsetEnd": 181,
          "before": " ",
          "after": ""
        },
        {
          "index": 11,
          "word": "!",
          "originalText": "!",
          "characterOffsetBegin": 181,
          "characterOffsetEnd": 182,
          "before": "",
          "after": ""
        }
      ]
    },
    {
      "index": 4,
      "tokens": [
        {
          "index": 1,
          "word": "Can",
          "originalText": "Can",
          "characterOffsetBegin": 184,
          "characterOffsetEnd": 187,
          "before": "",
          "after": " "
        },
        {
          "index": 2,
          "word": "you",
          "originalText": "you",
          "characterOffsetBegin": 188,
          "characterOffsetEnd": 191,
          "before": " ",
          "after": " "
        },
        {
          "index": 3,
          "word": "let",
          "originalText": "let",
          "characterOffsetBegin": 192,
          "characterOffsetEnd": 195,
          "before": " ",
          "after": " "
        },
        {
          "index": 4,
          "word": "us",
          "originalText": "us",
          "characterOffsetBegin": 196,
          "characterOffsetEnd": 198,
          "before": " ",
          "after": " "
        },
        {
          "index": 5,
          "word": "know",
          "originalText": "know",
          "characterOffsetBegin": 199,
          "characterOffsetEnd": 203,
          "before": " ",
          "after": " "
        },
        {
          "index": 6,
          "word": "your",
          "originalText": "your",
          "characterOffsetBegin": 204,
          "characterOffsetEnd": 208,
          "before": " ",
          "after": " "
        },
        {
          "index": 7,
          "word": "device",
          "originalText": "device",
          "characterOffsetBegin": 209,
          "characterOffsetEnd": 215,
          "before": " ",
          "after": ""
        },
        {
          "index": 8,
          "word": "'s",
          "originalText": "'s",
          "characterOffsetBegin": 215,
          "characterOffsetEnd": 217,
          "before": "",
          "after": " "
        },
        {
          "index": 9,
          "word": "model",
          "originalText": "model",
          "characterOffsetBegin": 218,
          "characterOffsetEnd": 223,
          "before": " ",
          "after": ""
        },
        {
          "index": 10,
          "word": ",",
          "originalText": ",",
          "characterOffsetBegin": 223,
          "characterOffsetEnd": 224,
          "before": "",
          "after": " "
        },
        {
          "index": 11,
          "word": "OS",
          "originalText": "OS",
          "characterOffsetBegin": 225,
          "characterOffsetEnd": 227,
          "before": " ",
          "after": ""
        },
        {
          "index": 12,
          "word": ",",
          "originalText": ",",
          "characterOffsetBegin": 227,
          "characterOffsetEnd": 228,
          "before": "",
          "after": " "
        },
        {
          "index": 13,
          "word": "and",
          "originalText": "and",
          "characterOffsetBegin": 229,
          "characterOffsetEnd": 232,
          "before": " ",
          "after": " "
        },
        {
          "index": 14,
          "word": "Spotify",
          "originalText": "Spotify",
          "characterOffsetBegin": 233,
          "characterOffsetEnd": 240,
          "before": " ",
          "after": " "
        },
        {
          "index": 15,
          "word": "version",
          "originalText": "version",
          "characterOffsetBegin": 241,
          "characterOffsetEnd": 248,
          "before": " ",
          "after": ""
        },
        {
          "index": 16,
          "word": "?",
          "originalText": "?",
          "characterOffsetBegin": 248,
          "characterOffsetEnd": 249,
          "before": "",
          "after": ""
        }
      ]
    },
    {
      "index": 5,
      "tokens": [
        {
          "index": 1,
          "word": "We",
          "originalText": "We",
          "characterOffsetBegin": 251,
          "characterOffsetEnd": 253,
          "before": "",
          "after": ""
        },
        {
          "index": 2,
          "word": "'ll",
          "originalText": "'ll",
          "characterOffsetBegin": 253,
          "characterOffsetEnd": 256,
          "before": "",
          "after": " "
        },
        {
          "index": 3,
          "word": "see",
          "originalText": "see",
          "characterOffsetBegin": 257,
          "characterOffsetEnd": 260,
          "before": " ",
          "after": " "
        },
        {
          "index": 4,
          "word": "what",
          "originalText": "what",
          "characterOffsetBegin": 261,
          "characterOffsetEnd": 265,
          "before": " ",
          "after": " "
        },
        {
          "index": 5,
          "word": "we",
          "originalText": "we",
          "characterOffsetBegin": 266,
          "characterOffsetEnd": 268,
          "before": " ",
          "after": " "
        },
        {
          "index": 6,
          "word": "can",
          "originalText": "can",
          "characterOffsetBegin": 269,
          "characterOffsetEnd": 272,
          "before": " ",
          "after": " "
        },
        {
          "index": 7,
          "word": "suggest",
          "originalText": "suggest",
          "characterOffsetBegin": 273,
          "characterOffsetEnd": 280,
          "before": " ",
          "after": " "
        },
        {
          "index": 8,
          "word": "/",
          "originalText": "/",
          "characterOffsetBegin": 281,
          "characterOffsetEnd": 282,
          "before": " ",
          "after": ""
        },
        {
          "index": 9,
          "word": "DV",
          "originalText": "DV",
          "characterOffsetBegin": 282,
          "characterOffsetEnd": 284,
          "before": "",
          "after": ""
        }
      ]
    },
    {
      "index": 6,
      "tokens": [
        {
          "index": 1,
          "word": "Customer",
          "originalText": "Customer",
          "characterOffsetBegin": 286,
          "characterOffsetEnd": 294,
          "before": "",
          "after": ""
        },
        {
          "index": 2,
          "word": ":",
          "originalText": ":",
          "characterOffsetBegin": 294,
          "characterOffsetEnd": 295,
          "before": "",
          "after": " "
        },
        {
          "index": 3,
          "word": "@SpotifyCares",
          "originalText": "@SpotifyCares",
          "characterOffsetBegin": 296,
          "characterOffsetEnd": 309,
          "before": " ",
          "after": " "
        },
        {
          "index": 4,
          "word": "Spotify",
          "originalText": "Spotify",
          "characterOffsetBegin": 310,
          "characterOffsetEnd": 317,
          "before": " ",
          "after": " "
        },
        {
          "index": 5,
          "word": "version",
          "originalText": "version",
          "characterOffsetBegin": 318,
          "characterOffsetEnd": 325,
          "before": " ",
          "after": " "
        },
        {
          "index": 6,
          "word": "8.4.25.906",
          "originalText": "8.4.25.906",
          "characterOffsetBegin": 326,
          "characterOffsetEnd": 336,
          "before": " ",
          "after": ""
        },
        {
          "index": 7,
          "word": "/",
          "originalText": "/",
          "characterOffsetBegin": 336,
          "characterOffsetEnd": 337,
          "before": "",
          "after": ""
        },
        {
          "index": 8,
          "word": "happening",
          "originalText": "happening",
          "characterOffsetBegin": 337,
          "characterOffsetEnd": 346,
          "before": "",
          "after": " "
        },
        {
          "index": 9,
          "word": "since",
          "originalText": "since",
          "characterOffsetBegin": 347,
          "characterOffsetEnd": 352,
          "before": " ",
          "after": " "
        },
        {
          "index": 10,
          "word": "September",
          "originalText": "September",
          "characterOffsetBegin": 353,
          "characterOffsetEnd": 362,
          "before": " ",
          "after": " "
        },
        {
          "index": 11,
          "word": "20th",
          "originalText": "20th",
          "characterOffsetBegin": 363,
          "characterOffsetEnd": 367,
          "before": " ",
          "after": " "
        },
        {
          "index": 12,
          "word": "on",
          "originalText": "on",
          "characterOffsetBegin": 368,
          "characterOffsetEnd": 370,
          "before": " ",
          "after": " "
        },
        {
          "index": 13,
          "word": "my",
          "originalText": "my",
          "characterOffsetBegin": 371,
          "characterOffsetEnd": 373,
          "before": " ",
          "after": " "
        },
        {
          "index": 14,
          "word": "old",
          "originalText": "old",
          "characterOffsetBegin": 374,
          "characterOffsetEnd": 377,
          "before": " ",
          "after": " "
        },
        {
          "index": 15,
          "word": "iPhone",
          "originalText": "iPhone",
          "characterOffsetBegin": 378,
          "characterOffsetEnd": 384,
          "before": " ",
          "after": " "
        },
        {
          "index": 16,
          "word": "6",
          "originalText": "6",
          "characterOffsetBegin": 385,
          "characterOffsetEnd": 386,
          "before": " ",
          "after": ""
        },
        {
          "index": 17,
          "word": ",",
          "originalText": ",",
          "characterOffsetBegin": 386,
          "characterOffsetEnd": 387,
          "before": "",
          "after": " "
        },
        {
          "index": 18,
          "word": "my",
          "originalText": "my",
          "characterOffsetBegin": 388,
          "characterOffsetEnd": 390,
          "before": " ",
          "after": " "
        },
        {
          "index": 19,
          "word": "new",
          "originalText": "new",
          "characterOffsetBegin": 391,
          "characterOffsetEnd": 394,
          "before": " ",
          "after": " "
        },
        {
          "index": 20,
          "word": "8",
          "originalText": "8",
          "characterOffsetBegin": 395,
          "characterOffsetEnd": 396,
          "before": " ",
          "after": ""
        },
        {
          "index": 21,
          "word": "+",
          "originalText": "+",
          "characterOffsetBegin": 396,
          "characterOffsetEnd": 397,
          "before": "",
          "after": " "
        },
        {
          "index": 22,
          "word": "and",
          "originalText": "and",
          "characterOffsetBegin": 398,
          "characterOffsetEnd": 401,
          "before": " ",
          "after": " "
        },
        {
          "index": 23,
          "word": "iPad",
          "originalText": "iPad",
          "characterOffsetBegin": 402,
          "characterOffsetEnd": 406,
          "before": " ",
          "after": " "
        },
        {
          "index": 24,
          "word": "Pro",
          "originalText": "Pro",
          "characterOffsetBegin": 407,
          "characterOffsetEnd": 410,
          "before": " ",
          "after": ""
        },
        {
          "index": 25,
          "word": ".",
          "originalText": ".",
          "characterOffsetBegin": 410,
          "characterOffsetEnd": 411,
          "before": "",
          "after": ""
        }
      ]
    },
    {
      "index": 7,
      "tokens": [
        {
          "index": 1,
          "word": "iOS",
          "originalText": "iOS",
          "characterOffsetBegin": 413,
          "characterOffsetEnd": 416,
          "before": "",
          "after": " "
        },
        {
          "index": 2,
          "word": "versions",
          "originalText": "versions",
          "characterOffsetBegin": 417,
          "characterOffsetEnd": 425,
          "before": " ",
          "after": " "
        },
        {
          "index": 3,
          "word": "10",
          "originalText": "10",
          "characterOffsetBegin": 426,
          "characterOffsetEnd": 428,
          "before": " ",
          "after": ""
        },
        {
          "index": 4,
          "word": ",",
          "originalText": ",",
          "characterOffsetBegin": 428,
          "characterOffsetEnd": 429,
          "before": "",
          "after": " "
        },
        {
          "index": 5,
          "word": "11",
          "originalText": "11",
          "characterOffsetBegin": 430,
          "characterOffsetEnd": 432,
          "before": " ",
          "after": ""
        },
        {
          "index": 6,
          "word": ",",
          "originalText": ",",
          "characterOffsetBegin": 432,
          "characterOffsetEnd": 433,
          "before": "",
          "after": " "
        },
        {
          "index": 7,
          "word": "11.1",
          "originalText": "11.1",
          "characterOffsetBegin": 434,
          "characterOffsetEnd": 438,
          "before": " ",
          "after": ""
        },
        {
          "index": 8,
          "word": ",",
          "originalText": ",",
          "characterOffsetBegin": 438,
          "characterOffsetEnd": 439,
          "before": "",
          "after": " "
        },
        {
          "index": 9,
          "word": "and",
          "originalText": "and",
          "characterOffsetBegin": 440,
          "characterOffsetEnd": 443,
          "before": " ",
          "after": " "
        },
        {
          "index": 10,
          "word": "11.2",
          "originalText": "11.2",
          "characterOffsetBegin": 444,
          "characterOffsetEnd": 448,
          "before": " ",
          "after": ""
        },
        {
          "index": 11,
          "word": ".",
          "originalText": ".",
          "characterOffsetBegin": 448,
          "characterOffsetEnd": 449,
          "before": "",
          "after": ""
        }
      ]
    },
    {
      "index": 8,
      "tokens": [
        {
          "index": 1,
          "word": "Agent",
          "originalText": "Agent",
          "characterOffsetBegin": 451,
          "characterOffsetEnd": 456,
          "before": "",
          "after": ""
        },
        {
          "index": 2,
          "word": ":",
          "originalText": ":",
          "characterOffsetBegin": 456,
          "characterOffsetEnd": 457,
          "before": "",
          "after": " "
        },
        {
          "index": 3,
          "word": "@",
          "originalText": "@",
          "characterOffsetBegin": 458,
          "characterOffsetEnd": 459,
          "before": " ",
          "after": ""
        },
        {
          "index": 4,
          "word": "524904",
          "originalText": "524904",
          "characterOffsetBegin": 459,
          "characterOffsetEnd": 465,
          "before": "",
          "after": " "
        },
        {
          "index": 5,
          "word": "Got",
          "originalText": "Got",
          "characterOffsetBegin": 466,
          "characterOffsetEnd": 469,
          "before": " ",
          "after": " "
        },
        {
          "index": 6,
          "word": "it",
          "originalText": "it",
          "characterOffsetBegin": 470,
          "characterOffsetEnd": 472,
          "before": " ",
          "after": ""
        },
        {
          "index": 7,
          "word": ".",
          "originalText": ".",
          "characterOffsetBegin": 472,
          "characterOffsetEnd": 473,
          "before": "",
          "after": ""
        }
      ]
    },
    {
      "index": 9,
      "tokens": [
        {
          "index": 1,
          "word": "Can",
          "originalText": "Can",
          "characterOffsetBegin": 475,
          "characterOffsetEnd": 478,
          "before": "",
          "after": " "
        },
        {
          "index": 2,
          "word": "you",
          "originalText": "you",
          "characterOffsetBegin": 479,
          "characterOffsetEnd": 482,
          "before": " ",
          "after": " "
        },
        {
          "index": 3,
          "word": "try",
          "originalText": "try",
          "characterOffsetBegin": 483,
          "characterOffsetEnd": 486,
          "before": " ",
          "after": " "
        },
        {
          "index": 4,
          "word": "to",
          "originalText": "to",
          "characterOffsetBegin": 487,
          "characterOffsetEnd": 489,
          "before": " ",
          "after": " "
        },
        {
          "index": 5,
          "word": "see",
          "originalText": "see",
          "characterOffsetBegin": 490,
          "characterOffsetEnd": 493,
          "before": " ",
          "after": " "
        },
        {
          "index": 6,
          "word": "if",
          "originalText": "if",
          "characterOffsetBegin": 494,
          "characterOffsetEnd": 496,
          "before": " ",
          "after": " "
        },
        {
          "index": 7,
          "word": "logging",
          "originalText": "logging",
          "characterOffsetBegin": 497,
          "characterOffsetEnd": 504,
          "before": " ",
          "after": " "
        },
        {
          "index": 8,
          "word": "out",
          "originalText": "out",
          "characterOffsetBegin": 505,
          "characterOffsetEnd": 508,
          "before": " ",
          "after": " "
        },
        {
          "index": 9,
          "word": ">",
          "originalText": "&gt;",
          "characterOffsetBegin": 509,
          "characterOffsetEnd": 513,
          "before": " ",
          "after": " "
        },
        {
          "index": 10,
          "word": "restarting",
          "originalText": "restarting",
          "characterOffsetBegin": 514,
          "characterOffsetEnd": 524,
          "before": " ",
          "after": " "
        },
        {
          "index": 11,
          "word": "your",
          "originalText": "your",
          "characterOffsetBegin": 525,
          "characterOffsetEnd": 529,
          "before": " ",
          "after": " "
        },
        {
          "index": 12,
          "word": "phone",
          "originalText": "phone",
          "characterOffsetBegin": 530,
          "characterOffsetEnd": 535,
          "before": " ",
          "after": " "
        },
        {
          "index": 13,
          "word": ">",
          "originalText": "&gt;",
          "characterOffsetBegin": 536,
          "characterOffsetEnd": 540,
          "before": " ",
          "after": " "
        },
        {
          "index": 14,
          "word": "logging",
          "originalText": "logging",
          "characterOffsetBegin": 541,
          "characterOffsetEnd": 548,
          "before": " ",
          "after": " "
        },
        {
          "index": 15,
          "word": "back",
          "originalText": "back",
          "characterOffsetBegin": 549,
          "characterOffsetEnd": 553,
          "before": " ",
          "after": " "
        },
        {
          "index": 16,
          "word": "in",
          "originalText": "in",
          "characterOffsetBegin": 554,
          "characterOffsetEnd": 556,
          "before": " ",
          "after": " "
        },
        {
          "index": 17,
          "word": "to",
          "originalText": "to",
          "characterOffsetBegin": 557,
          "characterOffsetEnd": 559,
          "before": " ",
          "after": " "
        },
        {
          "index": 18,
          "word": "your",
          "originalText": "your",
          "characterOffsetBegin": 560,
          "characterOffsetEnd": 564,
          "before": " ",
          "after": " "
        },
        {
          "index": 19,
          "word": "account",
          "originalText": "account",
          "characterOffsetBegin": 565,
          "characterOffsetEnd": 572,
          "before": " ",
          "after": " "
        },
        {
          "index": 20,
          "word": "makes",
          "originalText": "makes",
          "characterOffsetBegin": 573,
          "characterOffsetEnd": 578,
          "before": " ",
          "after": " "
        },
        {
          "index": 21,
          "word": "a",
          "originalText": "a",
          "characterOffsetBegin": 579,
          "characterOffsetEnd": 580,
          "before": " ",
          "after": " "
        },
        {
          "index": 22,
          "word": "difference",
          "originalText": "difference",
          "characterOffsetBegin": 581,
          "characterOffsetEnd": 591,
          "before": " ",
          "after": ""
        },
        {
          "index": 23,
          "word": "?",
          "originalText": "?",
          "characterOffsetBegin": 591,
          "characterOffsetEnd": 592,
          "before": "",
          "after": ""
        }
      ]
    },
    {
      "index": 10,
      "tokens": [
        {
          "index": 1,
          "word": "/",
          "originalText": "/",
          "characterOffsetBegin": 594,
          "characterOffsetEnd": 595,
          "before": "",
          "after": ""
        },
        {
          "index": 2,
          "word": "DV",
          "originalText": "DV",
          "characterOffsetBegin": 595,
          "characterOffsetEnd": 597,
          "before": "",
          "after": ""
        }
      ]
    },
    {
      "index": 11,
      "tokens": [
        {
          "index": 1,
          "word": "Customer",
          "originalText": "Customer",
          "characterOffsetBegin": 599,
          "characterOffsetEnd": 607,
          "before": "",
          "after": ""
        },
        {
          "index": 2,
          "word": ":",
          "originalText": ":",
          "characterOffsetBegin": 607,
          "characterOffsetEnd": 608,
          "before": "",
          "after": " "
        },
        {
          "index": 3,
          "word": "@SpotifyCares",
          "originalText": "@SpotifyCares",
          "characterOffsetBegin": 609,
          "characterOffsetEnd": 622,
          "before": " ",
          "after": " "
        },
        {
          "index": 4,
          "word": "Now",
          "originalText": "Now",
          "characterOffsetBegin": 623,
          "characterOffsetEnd": 626,
          "before": " ",
          "after": " "
        },
        {
          "index": 5,
          "word": "I",
          "originalText": "I",
          "characterOffsetBegin": 627,
          "characterOffsetEnd": 628,
          "before": " ",
          "after": " "
        },
        {
          "index": 6,
          "word": "ca",
          "originalText": "ca",
          "characterOffsetBegin": 629,
          "characterOffsetEnd": 631,
          "before": " ",
          "after": ""
        },
        {
          "index": 7,
          "word": "n't",
          "originalText": "n’t",
          "characterOffsetBegin": 631,
          "characterOffsetEnd": 634,
          "before": "",
          "after": " "
        },
        {
          "index": 8,
          "word": "log",
          "originalText": "log",
          "characterOffsetBegin": 635,
          "characterOffsetEnd": 638,
          "before": " ",
          "after": " "
        },
        {
          "index": 9,
          "word": "in",
          "originalText": "in",
          "characterOffsetBegin": 639,
          "characterOffsetEnd": 641,
          "before": " ",
          "after": " "
        },
        {
          "index": 10,
          "word": "but",
          "originalText": "but",
          "characterOffsetBegin": 642,
          "characterOffsetEnd": 645,
          "before": " ",
          "after": " "
        },
        {
          "index": 11,
          "word": "our",
          "originalText": "our",
          "characterOffsetBegin": 646,
          "characterOffsetEnd": 649,
          "before": " ",
          "after": " "
        },
        {
          "index": 12,
          "word": "network",
          "originalText": "network",
          "characterOffsetBegin": 650,
          "characterOffsetEnd": 657,
          "before": " ",
          "after": " "
        },
        {
          "index": 13,
          "word": "is",
          "originalText": "is",
          "characterOffsetBegin": 658,
          "characterOffsetEnd": 660,
          "before": " ",
          "after": " "
        },
        {
          "index": 14,
          "word": "fine",
          "originalText": "fine",
          "characterOffsetBegin": 661,
          "characterOffsetEnd": 665,
          "before": " ",
          "after": " "
        },
        {
          "index": 15,
          "word": "https://t.co/83HBYez2BU",
          "originalText": "https://t.co/83HBYez2BU",
          "characterOffsetBegin": 666,
          "characterOffsetEnd": 689,
          "before": " ",
          "after": ""
        }
      ]
    },
    {
      "index": 12,
      "tokens": [
        {
          "index": 1,
          "word": "Agent",
          "originalText": "Agent",
          "characterOffsetBegin": 691,
          "characterOffsetEnd": 696,
          "before": "",
          "after": ""
        },
        {
          "index": 2,
          "word": ":",
          "originalText": ":",
          "characterOffsetBegin": 696,
          "characterOffsetEnd": 697,
          "before": "",
          "after": " "
        },
        {
          "index": 3,
          "word": "@",
          "originalText": "@",
          "characterOffsetBegin": 698,
          "characterOffsetEnd": 699,
          "before": " ",
          "after": ""
        },
        {
          "index": 4,
          "word": "524904",
          "originalText": "524904",
          "characterOffsetBegin": 699,
          "characterOffsetEnd": 705,
          "before": "",
          "after": " "
        },
        {
          "index": 5,
          "word": "No",
          "originalText": "No",
          "characterOffsetBegin": 706,
          "characterOffsetEnd": 708,
          "before": " ",
          "after": " "
        },
        {
          "index": 6,
          "word": "worries",
          "originalText": "worries",
          "characterOffsetBegin": 709,
          "characterOffsetEnd": 716,
          "before": " ",
          "after": ""
        },
        {
          "index": 7,
          "word": ".",
          "originalText": ".",
          "characterOffsetBegin": 716,
          "characterOffsetEnd": 717,
          "before": "",
          "after": ""
        }
      ]
    },
    {
      "index": 13,
      "tokens": [
        {
          "index": 1,
          "word": "If",
          "originalText": "If",
          "characterOffsetBegin": 719,
          "characterOffsetEnd": 721,
          "before": "",
          "after": " "
        },
        {
          "index": 2,
          "word": "possible",
          "originalText": "possible",
          "characterOffsetBegin": 722,
          "characterOffsetEnd": 730,
          "before": " ",
          "after": ""
        },
        {
          "index": 3,
          "word": ",",
          "originalText": ",",
          "characterOffsetBegin": 730,
          "characterOffsetEnd": 731,
          "before": "",
          "after": " "
        },
        {
          "index": 4,
          "word": "does",
          "originalText": "does",
          "characterOffsetBegin": 732,
          "characterOffsetEnd": 736,
          "before": " ",
          "after": " "
        },
        {
          "index": 5,
          "word": "restarting",
          "originalText": "restarting",
          "characterOffsetBegin": 737,
          "characterOffsetEnd": 747,
          "before": " ",
          "after": " "
        },
        {
          "index": 6,
          "word": "your",
          "originalText": "your",
          "characterOffsetBegin": 748,
          "characterOffsetEnd": 752,
          "before": " ",
          "after": " "
        },
        {
          "index": 7,
          "word": "router",
          "originalText": "router",
          "characterOffsetBegin": 753,
          "characterOffsetEnd": 759,
          "before": " ",
          "after": " "
        },
        {
          "index": 8,
          "word": "help",
          "originalText": "help",
          "characterOffsetBegin": 760,
          "characterOffsetEnd": 764,
          "before": " ",
          "after": ""
        },
        {
          "index": 9,
          "word": "?",
          "originalText": "?",
          "characterOffsetBegin": 764,
          "characterOffsetEnd": 765,
          "before": "",
          "after": ""
        }
      ]
    },
    {
      "index": 14,
      "tokens": [
        {
          "index": 1,
          "word": "Also",
          "originalText": "Also",
          "characterOffsetBegin": 767,
          "characterOffsetEnd": 771,
          "before": "",
          "after": ""
        },
        {
          "index": 2,
          "word": ",",
          "originalText": ",",
          "characterOffsetBegin": 771,
          "characterOffsetEnd": 772,
          "before": "",
          "after": " "
        },
        {
          "index": 3,
          "word": "does",
          "originalText": "does",
          "characterOffsetBegin": 773,
          "characterOffsetEnd": 777,
          "before": " ",
          "after": " "
        },
        {
          "index": 4,
          "word": "this",
          "originalText": "this",
          "characterOffsetBegin": 778,
          "characterOffsetEnd": 782,
          "before": " ",
          "after": " "
        },
        {
          "index": 5,
          "word": "happen",
          "originalText": "happen",
          "characterOffsetBegin": 783,
          "characterOffsetEnd": 789,
          "before": " ",
          "after": " "
        },
        {
          "index": 6,
          "word": "with",
          "originalText": "with",
          "characterOffsetBegin": 790,
          "characterOffsetEnd": 794,
          "before": " ",
          "after": " "
        },
        {
          "index": 7,
          "word": "our",
          "originalText": "our",
          "characterOffsetBegin": 795,
          "characterOffsetEnd": 798,
          "before": " ",
          "after": " "
        },
        {
          "index": 8,
          "word": "WiFi",
          "originalText": "WiFi",
          "characterOffsetBegin": 799,
          "characterOffsetEnd": 803,
          "before": " ",
          "after": " "
        },
        {
          "index": 9,
          "word": "networks",
          "originalText": "networks",
          "characterOffsetBegin": 804,
          "characterOffsetEnd": 812,
          "before": " ",
          "after": ""
        },
        {
          "index": 10,
          "word": "?",
          "originalText": "?",
          "characterOffsetBegin": 812,
          "characterOffsetEnd": 813,
          "before": "",
          "after": ""
        }
      ]
    },
    {
      "index": 15,
      "tokens": [
        {
          "index": 1,
          "word": "/",
          "originalText": "/",
          "characterOffsetBegin": 815,
          "characterOffsetEnd": 816,
          "before": "",
          "after": ""
        },
        {
          "index": 2,
          "word": "DV",
          "originalText": "DV",
          "characterOffsetBegin": 816,
          "characterOffsetEnd": 818,
          "before": "",
          "after": ""
        }
      ]
    },
    {
      "index": 16,
      "tokens": [
        {
          "index": 1,
          "word": "Customer",
          "originalText": "Customer",
          "characterOffsetBegin": 820,
          "characterOffsetEnd": 828,
          "before": "",
          "after": ""
        },
        {
          "index": 2,
          "word": ":",
          "originalText": ":",
          "characterOffsetBegin": 828,
          "characterOffsetEnd": 829,
          "before": "",
          "after": " "
        },
        {
          "index": 3,
          "word": "@SpotifyCares",
          "originalText": "@SpotifyCares",
          "characterOffsetBegin": 830,
          "characterOffsetEnd": 843,
          "before": " ",
          "after": " "
        },
        {
          "index": 4,
          "word": "Router",
          "originalText": "Router",
          "characterOffsetBegin": 844,
          "characterOffsetEnd": 850,
          "before": " ",
          "after": " "
        },
        {
          "index": 5,
          "word": "restarted",
          "originalText": "restarted",
          "characterOffsetBegin": 851,
          "characterOffsetEnd": 860,
          "before": " ",
          "after": ""
        },
        {
          "index": 6,
          "word": ".",
          "originalText": ".",
          "characterOffsetBegin": 860,
          "characterOffsetEnd": 861,
          "before": "",
          "after": ""
        }
      ]
    },
    {
      "index": 17,
      "tokens": [
        {
          "index": 1,
          "word": "Only",
          "originalText": "Only",
          "characterOffsetBegin": 863,
          "characterOffsetEnd": 867,
          "before": "",
          "after": " "
        },
        {
          "index": 2,
          "word": "able",
          "originalText": "able",
          "characterOffsetBegin": 868,
          "characterOffsetEnd": 872,
          "before": " ",
          "after": " "
        },
        {
          "index": 3,
          "word": "to",
          "originalText": "to",
          "characterOffsetBegin": 873,
          "characterOffsetEnd": 875,
          "before": " ",
          "after": " "
        },
        {
          "index": 4,
          "word": "login",
          "originalText": "login",
          "characterOffsetBegin": 876,
          "characterOffsetEnd": 881,
          "before": " ",
          "after": " "
        },
        {
          "index": 5,
          "word": "if",
          "originalText": "if",
          "characterOffsetBegin": 882,
          "characterOffsetEnd": 884,
          "before": " ",
          "after": " "
        },
        {
          "index": 6,
          "word": "not",
          "originalText": "not",
          "characterOffsetBegin": 885,
          "characterOffsetEnd": 888,
          "before": " ",
          "after": " "
        },
        {
          "index": 7,
          "word": "connected",
          "originalText": "connected",
          "characterOffsetBegin": 889,
          "characterOffsetEnd": 898,
          "before": " ",
          "after": " "
        },
        {
          "index": 8,
          "word": "to",
          "originalText": "to",
          "characterOffsetBegin": 899,
          "characterOffsetEnd": 901,
          "before": " ",
          "after": " "
        },
        {
          "index": 9,
          "word": "WiFi",
          "originalText": "WiFi",
          "characterOffsetBegin": 902,
          "characterOffsetEnd": 906,
          "before": " ",
          "after": ""
        },
        {
          "index": 10,
          "word": ".",
          "originalText": ".",
          "characterOffsetBegin": 906,
          "characterOffsetEnd": 907,
          "before": "",
          "after": ""
        }
      ]
    },
    {
      "index": 18,
      "tokens": [
        {
          "index": 1,
          "word": "IT",
          "originalText": "IT",
          "characterOffsetBegin": 909,
          "characterOffsetEnd": 911,
          "before": "",
          "after": " "
        },
        {
          "index": 2,
          "word": "dept",
          "originalText": "dept",
          "characterOffsetBegin": 912,
          "characterOffsetEnd": 916,
          "before": " ",
          "after": " "
        },
        {
          "index": 3,
          "word": "says",
          "originalText": "says",
          "characterOffsetBegin": 917,
          "characterOffsetEnd": 921,
          "before": " ",
          "after": " "
        },
        {
          "index": 4,
          "word": "``",
          "originalText": "“",
          "characterOffsetBegin": 922,
          "characterOffsetEnd": 923,
          "before": " ",
          "after": ""
        },
        {
          "index": 5,
          "word": "it",
          "originalText": "it",
          "characterOffsetBegin": 923,
          "characterOffsetEnd": 925,
          "before": "",
          "after": ""
        },
        {
          "index": 6,
          "word": "'s",
          "originalText": "’s",
          "characterOffsetBegin": 925,
          "characterOffsetEnd": 927,
          "before": "",
          "after": " "
        },
        {
          "index": 7,
          "word": "a",
          "originalText": "a",
          "characterOffsetBegin": 928,
          "characterOffsetEnd": 929,
          "before": " ",
          "after": " "
        },
        {
          "index": 8,
          "word": "known",
          "originalText": "known",
          "characterOffsetBegin": 930,
          "characterOffsetEnd": 935,
          "before": " ",
          "after": " "
        },
        {
          "index": 9,
          "word": "Spotify",
          "originalText": "Spotify",
          "characterOffsetBegin": 936,
          "characterOffsetEnd": 943,
          "before": " ",
          "after": " "
        },
        {
          "index": 10,
          "word": "issue",
          "originalText": "issue",
          "characterOffsetBegin": 944,
          "characterOffsetEnd": 949,
          "before": " ",
          "after": ""
        },
        {
          "index": 11,
          "word": "''",
          "originalText": "”",
          "characterOffsetBegin": 949,
          "characterOffsetEnd": 950,
          "before": "",
          "after": " "
        },
        {
          "index": 12,
          "word": "🙄",
          "originalText": "🙄",
          "characterOffsetBegin": 951,
          "characterOffsetEnd": 953,
          "before": " ",
          "after": ""
        },
        {
          "index": 13,
          "word": "🤷🏼",
          "originalText": "🤷🏼",
          "characterOffsetBegin": 953,
          "characterOffsetEnd": 957,
          "before": "",
          "after": "‍"
        },
        {
          "index": 14,
          "word": "♀️",
          "originalText": "♀️",
          "characterOffsetBegin": 958,
          "characterOffsetEnd": 960,
          "before": "‍",
          "after": " "
        },
        {
          "index": 15,
          "word": "Works",
          "originalText": "Works",
          "characterOffsetBegin": 961,
          "characterOffsetEnd": 966,
          "before": " ",
          "after": " "
        },
        {
          "index": 16,
          "word": "fine",
          "originalText": "fine",
          "characterOffsetBegin": 967,
          "characterOffsetEnd": 971,
          "before": " ",
          "after": " "
        },
        {
          "index": 17,
          "word": "on",
          "originalText": "on",
          "characterOffsetBegin": 972,
          "characterOffsetEnd": 974,
          "before": " ",
          "after": " "
        },
        {
          "index": 18,
          "word": "other",
          "originalText": "other",
          "characterOffsetBegin": 975,
          "characterOffsetEnd": 980,
          "before": " ",
          "after": " "
        },
        {
          "index": 19,
          "word": "WiFi",
          "originalText": "WiFi",
          "characterOffsetBegin": 981,
          "characterOffsetEnd": 985,
          "before": " ",
          "after": ""
        },
        {
          "index": 20,
          "word": "'s",
          "originalText": "’s",
          "characterOffsetBegin": 985,
          "characterOffsetEnd": 987,
          "before": "",
          "after": ""
        },
        {
          "index": 21,
          "word": ".",
          "originalText": ".",
          "characterOffsetBegin": 987,
          "characterOffsetEnd": 988,
          "before": "",
          "after": ""
        }
      ]
    },
    {
      "index": 19,
      "tokens": [
        {
          "index": 1,
          "word": "Agent",
          "originalText": "Agent",
          "characterOffsetBegin": 990,
          "characterOffsetEnd": 995,
          "before": "",
          "after": ""
        },
        {
          "index": 2,
          "word": ":",
          "originalText": ":",
          "characterOffsetBegin": 995,
          "characterOffsetEnd": 996,
          "before": "",
          "after": " "
        },
        {
          "index": 3,
          "word": "@",
          "originalText": "@",
          "characterOffsetBegin": 997,
          "characterOffsetEnd": 998,
          "before": " ",
          "after": ""
        },
        {
          "index": 4,
          "word": "524904",
          "originalText": "524904",
          "characterOffsetBegin": 998,
          "characterOffsetEnd": 1004,
          "before": "",
          "after": " "
        },
        {
          "index": 5,
          "word": "Just",
          "originalText": "Just",
          "characterOffsetBegin": 1005,
          "characterOffsetEnd": 1009,
          "before": " ",
          "after": " "
        },
        {
          "index": 6,
          "word": "to",
          "originalText": "to",
          "characterOffsetBegin": 1010,
          "characterOffsetEnd": 1012,
          "before": " ",
          "after": " "
        },
        {
          "index": 7,
          "word": "confirm",
          "originalText": "confirm",
          "characterOffsetBegin": 1013,
          "characterOffsetEnd": 1020,
          "before": " ",
          "after": ""
        },
        {
          "index": 8,
          "word": ",",
          "originalText": ",",
          "characterOffsetBegin": 1020,
          "characterOffsetEnd": 1021,
          "before": "",
          "after": " "
        },
        {
          "index": 9,
          "word": "are",
          "originalText": "are",
          "characterOffsetBegin": 1022,
          "characterOffsetEnd": 1025,
          "before": " ",
          "after": " "
        },
        {
          "index": 10,
          "word": "you",
          "originalText": "you",
          "characterOffsetBegin": 1026,
          "characterOffsetEnd": 1029,
          "before": " ",
          "after": " "
        },
        {
          "index": 11,
          "word": "using",
          "originalText": "using",
          "characterOffsetBegin": 1030,
          "characterOffsetEnd": 1035,
          "before": " ",
          "after": " "
        },
        {
          "index": 12,
          "word": "a",
          "originalText": "a",
          "characterOffsetBegin": 1036,
          "characterOffsetEnd": 1037,
          "before": " ",
          "after": " "
        },
        {
          "index": 13,
          "word": "private",
          "originalText": "private",
          "characterOffsetBegin": 1038,
          "characterOffsetEnd": 1045,
          "before": " ",
          "after": " "
        },
        {
          "index": 14,
          "word": "or",
          "originalText": "or",
          "characterOffsetBegin": 1046,
          "characterOffsetEnd": 1048,
          "before": " ",
          "after": " "
        },
        {
          "index": 15,
          "word": "public",
          "originalText": "public",
          "characterOffsetBegin": 1049,
          "characterOffsetEnd": 1055,
          "before": " ",
          "after": " "
        },
        {
          "index": 16,
          "word": "WiFi",
          "originalText": "WiFi",
          "characterOffsetBegin": 1056,
          "characterOffsetEnd": 1060,
          "before": " ",
          "after": " "
        },
        {
          "index": 17,
          "word": "network",
          "originalText": "network",
          "characterOffsetBegin": 1061,
          "characterOffsetEnd": 1068,
          "before": " ",
          "after": ""
        },
        {
          "index": 18,
          "word": "?",
          "originalText": "?",
          "characterOffsetBegin": 1068,
          "characterOffsetEnd": 1069,
          "before": "",
          "after": ""
        }
      ]
    },
    {
      "index": 20,
      "tokens": [
        {
          "index": 1,
          "word": "Also",
          "originalText": "Also",
          "characterOffsetBegin": 1071,
          "characterOffsetEnd": 1075,
          "before": "",
          "after": ""
        },
        {
          "index": 2,
          "word": ",",
          "originalText": ",",
          "characterOffsetBegin": 1075,
          "characterOffsetEnd": 1076,
          "before": "",
          "after": " "
        },
        {
          "index": 3,
          "word": "do",
          "originalText": "do",
          "characterOffsetBegin": 1077,
          "characterOffsetEnd": 1079,
          "before": " ",
          "after": " "
        },
        {
          "index": 4,
          "word": "you",
          "originalText": "you",
          "characterOffsetBegin": 1080,
          "characterOffsetEnd": 1083,
          "before": " ",
          "after": " "
        },
        {
          "index": 5,
          "word": "have",
          "originalText": "have",
          "characterOffsetBegin": 1084,
          "characterOffsetEnd": 1088,
          "before": " ",
          "after": " "
        },
        {
          "index": 6,
          "word": "access",
          "originalText": "access",
          "characterOffsetBegin": 1089,
          "characterOffsetEnd": 1095,
          "before": " ",
          "after": " "
        },
        {
          "index": 7,
          "word": "to",
          "originalText": "to",
          "characterOffsetBegin": 1096,
          "characterOffsetEnd": 1098,
          "before": " ",
          "after": " "
        },
        {
          "index": 8,
          "word": "a",
          "originalText": "a",
          "characterOffsetBegin": 1099,
          "characterOffsetEnd": 1100,
          "before": " ",
          "after": " "
        },
        {
          "index": 9,
          "word": "different",
          "originalText": "different",
          "characterOffsetBegin": 1101,
          "characterOffsetEnd": 1110,
          "before": " ",
          "after": " "
        },
        {
          "index": 10,
          "word": "network",
          "originalText": "network",
          "characterOffsetBegin": 1111,
          "characterOffsetEnd": 1118,
          "before": " ",
          "after": " "
        },
        {
          "index": 11,
          "word": "you",
          "originalText": "you",
          "characterOffsetBegin": 1119,
          "characterOffsetEnd": 1122,
          "before": " ",
          "after": " "
        },
        {
          "index": 12,
          "word": "could",
          "originalText": "could",
          "characterOffsetBegin": 1123,
          "characterOffsetEnd": 1128,
          "before": " ",
          "after": " "
        },
        {
          "index": 13,
          "word": "try",
          "originalText": "try",
          "characterOffsetBegin": 1129,
          "characterOffsetEnd": 1132,
          "before": " ",
          "after": " "
        },
        {
          "index": 14,
          "word": "with",
          "originalText": "with",
          "characterOffsetBegin": 1133,
          "characterOffsetEnd": 1137,
          "before": " ",
          "after": ""
        },
        {
          "index": 15,
          "word": "?",
          "originalText": "?",
          "characterOffsetBegin": 1137,
          "characterOffsetEnd": 1138,
          "before": "",
          "after": ""
        }
      ]
    },
    {
      "index": 21,
      "tokens": [
        {
          "index": 1,
          "word": "/",
          "originalText": "/",
          "characterOffsetBegin": 1140,
          "characterOffsetEnd": 1141,
          "before": "",
          "after": ""
        },
        {
          "index": 2,
          "word": "BH",
          "originalText": "BH",
          "characterOffsetBegin": 1141,
          "characterOffsetEnd": 1143,
          "before": "",
          "after": ""
        }
      ]
    },
    {
      "index": 22,
      "tokens": [
        {
          "index": 1,
          "word": "Customer",
          "originalText": "Customer",
          "characterOffsetBegin": 1145,
          "characterOffsetEnd": 1153,
          "before": "",
          "after": ""
        },
        {
          "index": 2,
          "word": ":",
          "originalText": ":",
          "characterOffsetBegin": 1153,
          "characterOffsetEnd": 1154,
          "before": "",
          "after": " "
        },
        {
          "index": 3,
          "word": "@SpotifyCares",
          "originalText": "@SpotifyCares",
          "characterOffsetBegin": 1155,
          "characterOffsetEnd": 1168,
          "before": " ",
          "after": " "
        },
        {
          "index": 4,
          "word": "Private",
          "originalText": "Private",
          "characterOffsetBegin": 1169,
          "characterOffsetEnd": 1176,
          "before": " ",
          "after": " "
        },
        {
          "index": 5,
          "word": "WiFi",
          "originalText": "WiFi",
          "characterOffsetBegin": 1177,
          "characterOffsetEnd": 1181,
          "before": " ",
          "after": ""
        },
        {
          "index": 6,
          "word": ".",
          "originalText": ".",
          "characterOffsetBegin": 1181,
          "characterOffsetEnd": 1182,
          "before": "",
          "after": ""
        }
      ]
    },
    {
      "index": 23,
      "tokens": [
        {
          "index": 1,
          "word": "No",
          "originalText": "No",
          "characterOffsetBegin": 1184,
          "characterOffsetEnd": 1186,
          "before": "",
          "after": " "
        },
        {
          "index": 2,
          "word": "issues",
          "originalText": "issues",
          "characterOffsetBegin": 1187,
          "characterOffsetEnd": 1193,
          "before": " ",
          "after": " "
        },
        {
          "index": 3,
          "word": "w/home",
          "originalText": "w/home",
          "characterOffsetBegin": 1194,
          "characterOffsetEnd": 1200,
          "before": " ",
          "after": " "
        },
        {
          "index": 4,
          "word": "WiFi",
          "originalText": "WiFi",
          "characterOffsetBegin": 1201,
          "characterOffsetEnd": 1205,
          "before": " ",
          "after": ""
        },
        {
          "index": 5,
          "word": ".",
          "originalText": ".",
          "characterOffsetBegin": 1205,
          "characterOffsetEnd": 1206,
          "before": "",
          "after": ""
        }
      ]
    },
    {
      "index": 24,
      "tokens": [
        {
          "index": 1,
          "word": "My",
          "originalText": "My",
          "characterOffsetBegin": 1208,
          "characterOffsetEnd": 1210,
          "before": "",
          "after": " "
        },
        {
          "index": 2,
          "word": "IT",
          "originalText": "IT",
          "characterOffsetBegin": 1211,
          "characterOffsetEnd": 1213,
          "before": " ",
          "after": " "
        },
        {
          "index": 3,
          "word": "dept",
          "originalText": "dept",
          "characterOffsetBegin": 1214,
          "characterOffsetEnd": 1218,
          "before": " ",
          "after": " "
        },
        {
          "index": 4,
          "word": "says",
          "originalText": "says",
          "characterOffsetBegin": 1219,
          "characterOffsetEnd": 1223,
          "before": " ",
          "after": " "
        },
        {
          "index": 5,
          "word": "it",
          "originalText": "it",
          "characterOffsetBegin": 1224,
          "characterOffsetEnd": 1226,
          "before": " ",
          "after": ""
        },
        {
          "index": 6,
          "word": "'s",
          "originalText": "’s",
          "characterOffsetBegin": 1226,
          "characterOffsetEnd": 1228,
          "before": "",
          "after": " "
        },
        {
          "index": 7,
          "word": "a",
          "originalText": "a",
          "characterOffsetBegin": 1229,
          "characterOffsetEnd": 1230,
          "before": " ",
          "after": " "
        },
        {
          "index": 8,
          "word": "``",
          "originalText": "“",
          "characterOffsetBegin": 1231,
          "characterOffsetEnd": 1232,
          "before": " ",
          "after": ""
        },
        {
          "index": 9,
          "word": "known",
          "originalText": "known",
          "characterOffsetBegin": 1232,
          "characterOffsetEnd": 1237,
          "before": "",
          "after": " "
        },
        {
          "index": 10,
          "word": "Spotify",
          "originalText": "Spotify",
          "characterOffsetBegin": 1238,
          "characterOffsetEnd": 1245,
          "before": " ",
          "after": " "
        },
        {
          "index": 11,
          "word": "issue",
          "originalText": "issue",
          "characterOffsetBegin": 1246,
          "characterOffsetEnd": 1251,
          "before": " ",
          "after": ""
        },
        {
          "index": 12,
          "word": "''",
          "originalText": "”",
          "characterOffsetBegin": 1251,
          "characterOffsetEnd": 1252,
          "before": "",
          "after": ""
        },
        {
          "index": 13,
          "word": ";",
          "originalText": ";",
          "characterOffsetBegin": 1252,
          "characterOffsetEnd": 1253,
          "before": "",
          "after": " "
        },
        {
          "index": 14,
          "word": "but",
          "originalText": "but",
          "characterOffsetBegin": 1254,
          "characterOffsetEnd": 1257,
          "before": " ",
          "after": " "
        },
        {
          "index": 15,
          "word": "they",
          "originalText": "they",
          "characterOffsetBegin": 1258,
          "characterOffsetEnd": 1262,
          "before": " ",
          "after": " "
        },
        {
          "index": 16,
          "word": "are",
          "originalText": "are",
          "characterOffsetBegin": 1263,
          "characterOffsetEnd": 1266,
          "before": " ",
          "after": " "
        },
        {
          "index": 17,
          "word": "likely",
          "originalText": "likely",
          "characterOffsetBegin": 1267,
          "characterOffsetEnd": 1273,
          "before": " ",
          "after": " "
        },
        {
          "index": 18,
          "word": "wrong",
          "originalText": "wrong",
          "characterOffsetBegin": 1274,
          "characterOffsetEnd": 1279,
          "before": " ",
          "after": ""
        },
        {
          "index": 19,
          "word": ".",
          "originalText": ".",
          "characterOffsetBegin": 1279,
          "characterOffsetEnd": 1280,
          "before": "",
          "after": ""
        }
      ]
    },
    {
      "index": 25,
      "tokens": [
        {
          "index": 1,
          "word": "TY",
          "originalText": "TY",
          "characterOffsetBegin": 1282,
          "characterOffsetEnd": 1284,
          "before": "",
          "after": " "
        },
        {
          "index": 2,
          "word": "for",
          "originalText": "for",
          "characterOffsetBegin": 1285,
          "characterOffsetEnd": 1288,
          "before": " ",
          "after": " "
        },
        {
          "index": 3,
          "word": "troubleshooting",
          "originalText": "troubleshooting",
          "characterOffsetBegin": 1289,
          "characterOffsetEnd": 1304,
          "before": " ",
          "after": ""
        }
      ]
    },
    {
      "index": 26,
      "tokens": [
        {
          "index": 1,
          "word": "Agent",
          "originalText": "Agent",
          "characterOffsetBegin": 1306,
          "characterOffsetEnd": 1311,
          "before": "",
          "after": ""
        },
        {
          "index": 2,
          "word": ":",
          "originalText": ":",
          "characterOffsetBegin": 1311,
          "characterOffsetEnd": 1312,
          "before": "",
          "after": " "
        },
        {
          "index": 3,
          "word": "@",
          "originalText": "@",
          "characterOffsetBegin": 1313,
          "characterOffsetEnd": 1314,
          "before": " ",
          "after": ""
        },
        {
          "index": 4,
          "word": "524904",
          "originalText": "524904",
          "characterOffsetBegin": 1314,
          "characterOffsetEnd": 1320,
          "before": "",
          "after": " "
        },
        {
          "index": 5,
          "word": "Could",
          "originalText": "Could",
          "characterOffsetBegin": 1321,
          "characterOffsetEnd": 1326,
          "before": " ",
          "after": " "
        },
        {
          "index": 6,
          "word": "you",
          "originalText": "you",
          "characterOffsetBegin": 1327,
          "characterOffsetEnd": 1330,
          "before": " ",
          "after": " "
        },
        {
          "index": 7,
          "word": "send",
          "originalText": "send",
          "characterOffsetBegin": 1331,
          "characterOffsetEnd": 1335,
          "before": " ",
          "after": " "
        },
        {
          "index": 8,
          "word": "us",
          "originalText": "us",
          "characterOffsetBegin": 1336,
          "characterOffsetEnd": 1338,
          "before": " ",
          "after": " "
        },
        {
          "index": 9,
          "word": "your",
          "originalText": "your",
          "characterOffsetBegin": 1339,
          "characterOffsetEnd": 1343,
          "before": " ",
          "after": " "
        },
        {
          "index": 10,
          "word": "account",
          "originalText": "account",
          "characterOffsetBegin": 1344,
          "characterOffsetEnd": 1351,
          "before": " ",
          "after": ""
        },
        {
          "index": 11,
          "word": "'s",
          "originalText": "'s",
          "characterOffsetBegin": 1351,
          "characterOffsetEnd": 1353,
          "before": "",
          "after": " "
        },
        {
          "index": 12,
          "word": "username",
          "originalText": "username",
          "characterOffsetBegin": 1354,
          "characterOffsetEnd": 1362,
          "before": " ",
          "after": " "
        },
        {
          "index": 13,
          "word": "or",
          "originalText": "or",
          "characterOffsetBegin": 1363,
          "characterOffsetEnd": 1365,
          "before": " ",
          "after": " "
        },
        {
          "index": 14,
          "word": "email",
          "originalText": "email",
          "characterOffsetBegin": 1366,
          "characterOffsetEnd": 1371,
          "before": " ",
          "after": " "
        },
        {
          "index": 15,
          "word": "address",
          "originalText": "address",
          "characterOffsetBegin": 1372,
          "characterOffsetEnd": 1379,
          "before": " ",
          "after": ""
        },
        {
          "index": 16,
          "word": "?",
          "originalText": "?",
          "characterOffsetBegin": 1379,
          "characterOffsetEnd": 1380,
          "before": "",
          "after": ""
        }
      ]
    },
    {
      "index": 27,
      "tokens": [
        {
          "index": 1,
          "word": "We",
          "originalText": "We",
          "characterOffsetBegin": 1382,
          "characterOffsetEnd": 1384,
          "before": "",
          "after": ""
        },
        {
          "index": 2,
          "word": "'ll",
          "originalText": "'ll",
          "characterOffsetBegin": 1384,
          "characterOffsetEnd": 1387,
          "before": "",
          "after": " "
        },
        {
          "index": 3,
          "word": "take",
          "originalText": "take",
          "characterOffsetBegin": 1388,
          "characterOffsetEnd": 1392,
          "before": " ",
          "after": " "
        },
        {
          "index": 4,
          "word": "a",
          "originalText": "a",
          "characterOffsetBegin": 1393,
          "characterOffsetEnd": 1394,
          "before": " ",
          "after": " "
        },
        {
          "index": 5,
          "word": "look",
          "originalText": "look",
          "characterOffsetBegin": 1395,
          "characterOffsetEnd": 1399,
          "before": " ",
          "after": " "
        },
        {
          "index": 6,
          "word": "backstage",
          "originalText": "backstage",
          "characterOffsetBegin": 1400,
          "characterOffsetEnd": 1409,
          "before": " ",
          "after": " "
        },
        {
          "index": 7,
          "word": "/",
          "originalText": "/",
          "characterOffsetBegin": 1410,
          "characterOffsetEnd": 1411,
          "before": " ",
          "after": ""
        },
        {
          "index": 8,
          "word": "TM",
          "originalText": "TM",
          "characterOffsetBegin": 1411,
          "characterOffsetEnd": 1413,
          "before": "",
          "after": ""
        }
      ]
    },
    {
      "index": 28,
      "tokens": [
        {
          "index": 1,
          "word": "@highlight",
          "originalText": "@highlight",
          "characterOffsetBegin": 1415,
          "characterOffsetEnd": 1425,
          "before": "",
          "after": ""
        }
      ]
    },
    {
      "index": 29,
      "tokens": [
        {
          "index": 1,
          "word": "Customer",
          "originalText": "Customer",
          "characterOffsetBegin": 1427,
          "characterOffsetEnd": 1435,
          "before": "",
          "after": ""
        },
        {
          "index": 2,
          "word": ":",
          "originalText": ":",
          "characterOffsetBegin": 1435,
          "characterOffsetEnd": 1436,
          "before": "",
          "after": " "
        },
        {
          "index": 3,
          "word": "Music",
          "originalText": "Music",
          "characterOffsetBegin": 1437,
          "characterOffsetEnd": 1442,
          "before": " ",
          "after": " "
        },
        {
          "index": 4,
          "word": "wo",
          "originalText": "wo",
          "characterOffsetBegin": 1443,
          "characterOffsetEnd": 1445,
          "before": " ",
          "after": ""
        },
        {
          "index": 5,
          "word": "n't",
          "originalText": "n’t",
          "characterOffsetBegin": 1445,
          "characterOffsetEnd": 1448,
          "before": "",
          "after": " "
        },
        {
          "index": 6,
          "word": "load",
          "originalText": "load",
          "characterOffsetBegin": 1449,
          "characterOffsetEnd": 1453,
          "before": " ",
          "after": " "
        },
        {
          "index": 7,
          "word": "when",
          "originalText": "when",
          "characterOffsetBegin": 1454,
          "characterOffsetEnd": 1458,
          "before": " ",
          "after": " "
        },
        {
          "index": 8,
          "word": "connected",
          "originalText": "connected",
          "characterOffsetBegin": 1459,
          "characterOffsetEnd": 1468,
          "before": " ",
          "after": " "
        },
        {
          "index": 9,
          "word": "to",
          "originalText": "to",
          "characterOffsetBegin": 1469,
          "characterOffsetEnd": 1471,
          "before": " ",
          "after": " "
        },
        {
          "index": 10,
          "word": "work",
          "originalText": "work",
          "characterOffsetBegin": 1472,
          "characterOffsetEnd": 1476,
          "before": " ",
          "after": " "
        },
        {
          "index": 11,
          "word": "WiFi",
          "originalText": "WiFi",
          "characterOffsetBegin": 1477,
          "characterOffsetEnd": 1481,
          "before": " ",
          "after": ""
        },
        {
          "index": 12,
          "word": ".",
          "originalText": ".",
          "characterOffsetBegin": 1481,
          "characterOffsetEnd": 1482,
          "before": "",
          "after": ""
        }
      ]
    },
    {
      "index": 30,
      "tokens": [
        {
          "index": 1,
          "word": "@highlight",
          "originalText": "@highlight",
          "characterOffsetBegin": 1484,
          "characterOffsetEnd": 1494,
          "before": "",
          "after": ""
        }
      ]
    },
    {
      "index": 31,
      "tokens": [
        {
          "index": 1,
          "word": "Agent",
          "originalText": "Agent",
          "characterOffsetBegin": 1496,
          "characterOffsetEnd": 1501,
          "before": "",
          "after": ""
        },
        {
          "index": 2,
          "word": ":",
          "originalText": ":",
          "characterOffsetBegin": 1501,
          "characterOffsetEnd": 1502,
          "before": "",
          "after": " "
        },
        {
          "index": 3,
          "word": "@",
          "originalText": "@",
          "characterOffsetBegin": 1503,
          "characterOffsetEnd": 1504,
          "before": " ",
          "after": ""
        },
        {
          "index": 4,
          "word": "524904",
          "originalText": "524904",
          "characterOffsetBegin": 1504,
          "characterOffsetEnd": 1510,
          "before": "",
          "after": " "
        },
        {
          "index": 5,
          "word": "Could",
          "originalText": "Could",
          "characterOffsetBegin": 1511,
          "characterOffsetEnd": 1516,
          "before": " ",
          "after": " "
        },
        {
          "index": 6,
          "word": "you",
          "originalText": "you",
          "characterOffsetBegin": 1517,
          "characterOffsetEnd": 1520,
          "before": " ",
          "after": " "
        },
        {
          "index": 7,
          "word": "send",
          "originalText": "send",
          "characterOffsetBegin": 1521,
          "characterOffsetEnd": 1525,
          "before": " ",
          "after": " "
        },
        {
          "index": 8,
          "word": "us",
          "originalText": "us",
          "characterOffsetBegin": 1526,
          "characterOffsetEnd": 1528,
          "before": " ",
          "after": " "
        },
        {
          "index": 9,
          "word": "your",
          "originalText": "your",
          "characterOffsetBegin": 1529,
          "characterOffsetEnd": 1533,
          "before": " ",
          "after": " "
        },
        {
          "index": 10,
          "word": "account",
          "originalText": "account",
          "characterOffsetBegin": 1534,
          "characterOffsetEnd": 1541,
          "before": " ",
          "after": ""
        },
        {
          "index": 11,
          "word": "'s",
          "originalText": "'s",
          "characterOffsetBegin": 1541,
          "characterOffsetEnd": 1543,
          "before": "",
          "after": " "
        },
        {
          "index": 12,
          "word": "username",
          "originalText": "username",
          "characterOffsetBegin": 1544,
          "characterOffsetEnd": 1552,
          "before": " ",
          "after": " "
        },
        {
          "index": 13,
          "word": "or",
          "originalText": "or",
          "characterOffsetBegin": 1553,
          "characterOffsetEnd": 1555,
          "before": " ",
          "after": " "
        },
        {
          "index": 14,
          "word": "email",
          "originalText": "email",
          "characterOffsetBegin": 1556,
          "characterOffsetEnd": 1561,
          "before": " ",
          "after": " "
        },
        {
          "index": 15,
          "word": "address",
          "originalText": "address",
          "characterOffsetBegin": 1562,
          "characterOffsetEnd": 1569,
          "before": " ",
          "after": ""
        },
        {
          "index": 16,
          "word": "?",
          "originalText": "?",
          "characterOffsetBegin": 1569,
          "characterOffsetEnd": 1570,
          "before": "",
          "after": ""
        }
      ]
    }
  ]
}