{
  "sentences": [
    {
      "index": 0,
      "tokens": [
        {
          "index": 1,
          "word": "Customer",
          "originalText": "Customer",
          "characterOffsetBegin": 0,
          "characterOffsetEnd": 8,
          "before": "",
          "after": ""
        },
        {
          "index": 2,
          "word": ":",
          "originalText": ":",
          "characterOffsetBegin": 8,
          "characterOffsetEnd": 9,
          "before": "",
          "after": " "
        },
        {
          "index": 3,
          "word": "@Delta",
          "originalText": "@Delta",
          "characterOffsetBegin": 10,
          "characterOffsetEnd": 16,
          "before": " ",
          "after": " "
        },
        {
          "index": 4,
          "word": "Upgraded",
          "originalText": "Upgraded",
          "characterOffsetBegin": 17,
          "characterOffsetEnd": 25,
          "before": " ",
          "after": " "
        },
        {
          "index": 5,
          "word": "to",
          "originalText": "to",
          "characterOffsetBegin": 26,
          "characterOffsetEnd": 28,
          "before": " ",
          "after": " "
        },
        {
          "index": 6,
          "word": "economy",
          "originalText": "economy",
          "characterOffsetBegin": 29,
          "characterOffsetEnd": 36,
          "before": " ",
          "after": " "
        },
        {
          "index": 7,
          "word": "plus",
          "originalText": "plus",
          "characterOffsetBegin": 37,
          "characterOffsetEnd": 41,
          "before": " ",
          "after": ""
        },
        {
          "index": 8,
          "word": ".",
          "originalText": ".",
          "characterOffsetBegin": 41,
          "characterOffsetEnd": 42,
          "before": "",
          "after": ""
        }
      ]
    },
    {
      "index": 1,
      "tokens": [
        {
          "index": 1,
          "word": "Wo",
          "originalText": "Wo",
          "characterOffsetBegin": 44,
          "characterOffsetEnd": 46,
          "before": "",
          "after": ""
        },
        {
          "index": 2,
          "word": "n't",
          "originalText": "n't",
          "characterOffsetBegin": 46,
          "characterOffsetEnd": 49,
          "before": "",
          "after": " "
        },
        {
          "index": 3,
          "word": "assign",
          "originalText": "assign",
          "characterOffsetBegin": 50,
          "characterOffsetEnd": 56,
          "before": " ",
          "after": " "
        },
        {
          "index": 4,
          "word": "seat",
          "originalText": "seat",
          "characterOffsetBegin": 57,
          "characterOffsetEnd": 61,
          "before": " ",
          "after": " "
        },
        {
          "index": 5,
          "word": "forSecond",
          "originalText": "forSecond",
          "characterOffsetBegin": 62,
          "characterOffsetEnd": 71,
          "before": " ",
          "after": " "
        },
        {
          "index": 6,
          "word": "flight",
          "originalText": "flight",
          "characterOffsetBegin": 72,
          "characterOffsetEnd": 78,
          "before": " ",
          "after": ""
        },
        {
          "index": 7,
          "word": ".",
          "originalText": ".",
          "characterOffsetBegin": 78,
          "characterOffsetEnd": 79,
          "before": "",
          "after": ""
        }
      ]
    },
    {
      "index": 2,
      "tokens": [
        {
          "index": 1,
          "word": "Shrug",
          "originalText": "Shrug",
          "characterOffsetBegin": 81,
          "characterOffsetEnd": 86,
          "before": "",
          "after": " "
        },
        {
          "index": 2,
          "word": "&",
          "originalText": "&amp;",
          "characterOffsetBegin": 87,
          "characterOffsetEnd": 92,
          "before": " ",
          "after": " "
        },
        {
          "index": 3,
          "word": "say",
          "originalText": "say",
          "characterOffsetBegin": 93,
          "characterOffsetEnd": 96,
          "before": " ",
          "after": " "
        },
        {
          "index": 4,
          "word": "it",
          "originalText": "it",
          "characterOffsetBegin": 97,
          "characterOffsetEnd": 99,
          "before": " ",
          "after": " "
        },
        {
          "index": 5,
          "word": "may",
          "originalText": "may",
          "characterOffsetBegin": 100,
          "characterOffsetEnd": 103,
          "before": " ",
          "after": " "
        },
        {
          "index": 6,
          "word": "be",
          "originalText": "be",
          "characterOffsetBegin": 104,
          "characterOffsetEnd": 106,
          "before": " ",
          "after": " "
        },
        {
          "index": 7,
          "word": "a",
          "originalText": "a",
          "characterOffsetBegin": 107,
          "characterOffsetEnd": 108,
          "before": " ",
          "after": " "
        },
        {
          "index": 8,
          "word": "middle",
          "originalText": "middle",
          "characterOffsetBegin": 109,
          "characterOffsetEnd": 115,
          "before": " ",
          "after": " "
        },
        {
          "index": 9,
          "word": "seat",
          "originalText": "seat",
          "characterOffsetBegin": 116,
          "characterOffsetEnd": 120,
          "before": " ",
          "after": ""
        },
        {
          "index": 10,
          "word": ".",
          "originalText": ".",
          "characterOffsetBegin": 120,
          "characterOffsetEnd": 121,
          "before": "",
          "after": ""
        }
      ]
    },
    {
      "index": 3,
      "tokens": [
        {
          "index": 1,
          "word": "What",
          "originalText": "What",
          "characterOffsetBegin": 123,
          "characterOffsetEnd": 127,
          "before": "",
          "after": " "
        },
        {
          "index": 2,
          "word": "did",
          "originalText": "did",
          "characterOffsetBegin": 128,
          "characterOffsetEnd": 131,
          "before": " ",
          "after": " "
        },
        {
          "index": 3,
          "word": "I",
          "originalText": "I",
          "characterOffsetBegin": 132,
          "characterOffsetEnd": 133,
          "before": " ",
          "after": " "
        },
        {
          "index": 4,
          "word": "pay",
          "originalText": "pay",
          "characterOffsetBegin": 134,
          "characterOffsetEnd": 137,
          "before": " ",
          "after": " "
        },
        {
          "index": 5,
          "word": "for",
          "originalText": "for",
          "characterOffsetBegin": 138,
          "characterOffsetEnd": 141,
          "before": " ",
          "after": ""
        },
        {
          "index": 6,
          "word": "?",
          "originalText": "?",
          "characterOffsetBegin": 141,
          "characterOffsetEnd": 142,
          "before": "",
          "after": ""
        }
      ]
    },
    {
      "index": 4,
      "tokens": [
        {
          "index": 1,
          "word": "#Deltastinks",
          "originalText": "#Deltastinks",
          "characterOffsetBegin": 144,
          "characterOffsetEnd": 156,
          "before": "",
          "after": ""
        }
      ]
    },
    {
      "index": 5,
      "tokens": [
        {
          "index": 1,
          "word": "Agent",
          "originalText": "Agent",
          "characterOffsetBegin": 158,
          "characterOffsetEnd": 163,
          "before": "",
          "after": ""
        },
        {
          "index": 2,
          "word": ":",
          "originalText": ":",
          "characterOffsetBegin": 163,
          "characterOffsetEnd": 164,
          "before": "",
          "after": " "
        },
        {
          "index": 3,
          "word": "@",
          "originalText": "@",
          "characterOffsetBegin": 165,
          "characterOffsetEnd": 166,
          "before": " ",
          "after": ""
        },
        {
          "index": 4,
          "word": "326212",
          "originalText": "326212",
          "characterOffsetBegin": 166,
          "characterOffsetEnd": 172,
          "before": "",
          "after": " "
        },
        {
          "index": 5,
          "word": "Hello",
          "originalText": "Hello",
          "characterOffsetBegin": 173,
          "characterOffsetEnd": 178,
          "before": " ",
          "after": ""
        },
        {
          "index": 6,
          "word": ",",
          "originalText": ",",
          "characterOffsetBegin": 178,
          "characterOffsetEnd": 179,
          "before": "",
          "after": " "
        },
        {
          "index": 7,
          "word": "Sonia",
          "originalText": "Sonia",
          "characterOffsetBegin": 180,
          "characterOffsetEnd": 185,
          "before": " ",
          "after": ""
        },
        {
          "index": 8,
          "word": ".",
          "originalText": ".",
          "characterOffsetBegin": 185,
          "characterOffsetEnd": 186,
          "before": "",
          "after": ""
        }
      ]
    },
    {
      "index": 6,
      "tokens": [
        {
          "index": 1,
          "word": "Follow/DM",
          "originalText": "Follow/DM",
          "characterOffsetBegin": 188,
          "characterOffsetEnd": 197,
          "before": "",
          "after": " "
        },
        {
          "index": 2,
          "word": "your",
          "originalText": "your",
          "characterOffsetBegin": 198,
          "characterOffsetEnd": 202,
          "before": " ",
          "after": " "
        },
        {
          "index": 3,
          "word": "confirm",
          "originalText": "confirm",
          "characterOffsetBegin": 203,
          "characterOffsetEnd": 210,
          "before": " ",
          "after": " "
        },
        {
          "index": 4,
          "word": "#",
          "originalText": "#",
          "characterOffsetBegin": 211,
          "characterOffsetEnd": 212,
          "before": " ",
          "after": " "
        },
        {
          "index": 5,
          "word": "for",
          "originalText": "for",
          "characterOffsetBegin": 213,
          "characterOffsetEnd": 216,
          "before": " ",
          "after": " "
        },
        {
          "index": 6,
          "word": "assistance",
          "originalText": "assistance",
          "characterOffsetBegin": 217,
          "characterOffsetEnd": 227,
          "before": " ",
          "after": ""
        },
        {
          "index": 7,
          "word": ".",
          "originalText": ".",
          "characterOffsetBegin": 227,
          "characterOffsetEnd": 228,
          "before": "",
          "after": ""
        }
      ]
    },
    {
      "index": 7,
      "tokens": [
        {
          "index": 1,
          "word": "*",
          "originalText": "*",
          "characterOffsetBegin": 230,
          "characterOffsetEnd": 231,
          "before": "",
          "after": ""
        },
        {
          "index": 2,
          "word": "ARD",
          "originalText": "ARD",
          "characterOffsetBegin": 231,
          "characterOffsetEnd": 234,
          "before": "",
          "after": ""
        }
      ]
    },
    {
      "index": 8,
      "tokens": [
        {
          "index": 1,
          "word": "Customer",
          "originalText": "Customer",
          "characterOffsetBegin": 236,
          "characterOffsetEnd": 244,
          "before": "",
          "after": ""
        },
        {
          "index": 2,
          "word": ":",
          "originalText": ":",
          "characterOffsetBegin": 244,
          "characterOffsetEnd": 245,
          "before": "",
          "after": " "
        },
        {
          "index": 3,
          "word": "@Delta",
          "originalText": "@Delta",
          "characterOffsetBegin": 246,
          "characterOffsetEnd": 252,
          "before": " ",
          "after": " "
        },
        {
          "index": 4,
          "word": "Do",
          "originalText": "Do",
          "characterOffsetBegin": 253,
          "characterOffsetEnd": 255,
          "before": " ",
          "after": ""
        },
        {
          "index": 5,
          "word": "n't",
          "originalText": "n't",
          "characterOffsetBegin": 255,
          "characterOffsetEnd": 258,
          "before": "",
          "after": " "
        },
        {
          "index": 6,
          "word": "know",
          "originalText": "know",
          "characterOffsetBegin": 259,
          "characterOffsetEnd": 263,
          "before": " ",
          "after": " "
        },
        {
          "index": 7,
          "word": "what",
          "originalText": "what",
          "characterOffsetBegin": 264,
          "characterOffsetEnd": 268,
          "before": " ",
          "after": " "
        },
        {
          "index": 8,
          "word": "confirm",
          "originalText": "confirm",
          "characterOffsetBegin": 269,
          "characterOffsetEnd": 276,
          "before": " ",
          "after": " "
        },
        {
          "index": 9,
          "word": "#",
          "originalText": "#",
          "characterOffsetBegin": 277,
          "characterOffsetEnd": 278,
          "before": " ",
          "after": " "
        },
        {
          "index": 10,
          "word": "means",
          "originalText": "means",
          "characterOffsetBegin": 279,
          "characterOffsetEnd": 284,
          "before": " ",
          "after": ""
        }
      ]
    },
    {
      "index": 9,
      "tokens": [
        {
          "index": 1,
          "word": "Agent",
          "originalText": "Agent",
          "characterOffsetBegin": 286,
          "characterOffsetEnd": 291,
          "before": "",
          "after": ""
        },
        {
          "index": 2,
          "word": ":",
          "originalText": ":",
          "characterOffsetBegin": 291,
          "characterOffsetEnd": 292,
          "before": "",
          "after": " "
        },
        {
          "index": 3,
          "word": "@",
          "originalText": "@",
          "characterOffsetBegin": 293,
          "characterOffsetEnd": 294,
          "before": " ",
          "after": ""
        },
        {
          "index": 4,
          "word": "326212",
          "originalText": "326212",
          "characterOffsetBegin": 294,
          "characterOffsetEnd": 300,
          "before": "",
          "after": " "
        },
        {
          "index": 5,
          "word": "Your",
          "originalText": "Your",
          "characterOffsetBegin": 301,
          "characterOffsetEnd": 305,
          "before": " ",
          "after": " "
        },
        {
          "index": 6,
          "word": "confirmation",
          "originalText": "confirmation",
          "characterOffsetBegin": 306,
          "characterOffsetEnd": 318,
          "before": " ",
          "after": " "
        },
        {
          "index": 7,
          "word": "number",
          "originalText": "number",
          "characterOffsetBegin": 319,
          "characterOffsetEnd": 325,
          "before": " ",
          "after": ""
        },
        {
          "index": 8,
          "word": ".",
          "originalText": ".",
          "characterOffsetBegin": 325,
          "characterOffsetEnd": 326,
          "before": "",
          "after": ""
        }
      ]
    },
    {
      "index": 10,
      "tokens": [
        {
          "index": 1,
          "word": "*",
          "originalText": "*",
          "characterOffsetBegin": 328,
          "characterOffsetEnd": 329,
          "before": "",
          "after": ""
        },
        {
          "index": 2,
          "word": "ARD",
          "originalText": "ARD",
          "characterOffsetBegin": 329,
          "characterOffsetEnd": 332,
          "before": "",
          "after": ""
        }
      ]
    },
    {
      "index": 11,
      "tokens": [
        {
          "index": 1,
          "word": "Customer",
          "originalText": "Customer",
          "characterOffsetBegin": 334,
          "characterOffsetEnd": 342,
          "before": "",
          "after": ""
        },
        {
          "index": 2,
          "word": ":",
          "originalText": ":",
          "characterOffsetBegin": 342,
          "characterOffsetEnd": 343,
          "before": "",
          "after": " "
        },
        {
          "index": 3,
          "word": "@Delta",
          "originalText": "@Delta",
          "characterOffsetBegin": 344,
          "characterOffsetEnd": 350,
          "before": " ",
          "after": " "
        },
        {
          "index": 4,
          "word": "My",
          "originalText": "My",
          "characterOffsetBegin": 351,
          "characterOffsetEnd": 353,
          "before": " ",
          "after": " "
        },
        {
          "index": 5,
          "word": "confirmation",
          "originalText": "confirmation",
          "characterOffsetBegin": 354,
          "characterOffsetEnd": 366,
          "before": " ",
          "after": " "
        },
        {
          "index": 6,
          "word": "#",
          "originalText": "#",
          "characterOffsetBegin": 367,
          "characterOffsetEnd": 368,
          "before": " ",
          "after": " "
        },
        {
          "index": 7,
          "word": "H8g4fb",
          "originalText": "H8g4fb",
          "characterOffsetBegin": 369,
          "characterOffsetEnd": 375,
          "before": " ",
          "after": ""
        },
        {
          "index": 8,
          "word": ".",
          "originalText": ".",
          "characterOffsetBegin": 375,
          "characterOffsetEnd": 376,
          "before": "",
          "after": ""
        }
      ]
    },
    {
      "index": 12,
      "tokens": [
        {
          "index": 1,
          "word": "Do",
          "originalText": "Do",
          "characterOffsetBegin": 378,
          "characterOffsetEnd": 380,
          "before": "",
          "after": ""
        },
        {
          "index": 2,
          "word": "n't",
          "originalText": "n't",
          "characterOffsetBegin": 380,
          "characterOffsetEnd": 383,
          "before": "",
          "after": " "
        },
        {
          "index": 3,
          "word": "have",
          "originalText": "have",
          "characterOffsetBegin": 384,
          "characterOffsetEnd": 388,
          "before": " ",
          "after": " "
        },
        {
          "index": 4,
          "word": "even",
          "originalText": "even",
          "characterOffsetBegin": 389,
          "characterOffsetEnd": 393,
          "before": " ",
          "after": " "
        },
        {
          "index": 5,
          "word": "a",
          "originalText": "a",
          "characterOffsetBegin": 394,
          "characterOffsetEnd": 395,
          "before": " ",
          "after": " "
        },
        {
          "index": 6,
          "word": "boarding",
          "originalText": "boarding",
          "characterOffsetBegin": 396,
          "characterOffsetEnd": 404,
          "before": " ",
          "after": " "
        },
        {
          "index": 7,
          "word": "pass",
          "originalText": "pass",
          "characterOffsetBegin": 405,
          "characterOffsetEnd": 409,
          "before": " ",
          "after": " "
        },
        {
          "index": 8,
          "word": "for",
          "originalText": "for",
          "characterOffsetBegin": 410,
          "characterOffsetEnd": 413,
          "before": " ",
          "after": " "
        },
        {
          "index": 9,
          "word": "next",
          "originalText": "next",
          "characterOffsetBegin": 414,
          "characterOffsetEnd": 418,
          "before": " ",
          "after": " "
        },
        {
          "index": 10,
          "word": "flight",
          "originalText": "flight",
          "characterOffsetBegin": 419,
          "characterOffsetEnd": 425,
          "before": " ",
          "after": ""
        },
        {
          "index": 11,
          "word": ",",
          "originalText": ",",
          "characterOffsetBegin": 425,
          "characterOffsetEnd": 426,
          "before": "",
          "after": " "
        },
        {
          "index": 12,
          "word": "or",
          "originalText": "or",
          "characterOffsetBegin": 427,
          "characterOffsetEnd": 429,
          "before": " ",
          "after": " "
        },
        {
          "index": 13,
          "word": "a",
          "originalText": "a",
          "characterOffsetBegin": 430,
          "characterOffsetEnd": 431,
          "before": " ",
          "after": " "
        },
        {
          "index": 14,
          "word": "seat",
          "originalText": "seat",
          "characterOffsetBegin": 432,
          "characterOffsetEnd": 436,
          "before": " ",
          "after": " "
        },
        {
          "index": 15,
          "word": "even",
          "originalText": "even",
          "characterOffsetBegin": 437,
          "characterOffsetEnd": 441,
          "before": " ",
          "after": " "
        },
        {
          "index": 16,
          "word": "though",
          "originalText": "though",
          "characterOffsetBegin": 442,
          "characterOffsetEnd": 448,
          "before": " ",
          "after": " "
        },
        {
          "index": 17,
          "word": "I",
          "originalText": "I",
          "characterOffsetBegin": 449,
          "characterOffsetEnd": 450,
          "before": " ",
          "after": " "
        },
        {
          "index": 18,
          "word": "paid",
          "originalText": "paid",
          "characterOffsetBegin": 451,
          "characterOffsetEnd": 455,
          "before": " ",
          "after": " "
        },
        {
          "index": 19,
          "word": "for",
          "originalText": "for",
          "characterOffsetBegin": 456,
          "characterOffsetEnd": 459,
          "before": " ",
          "after": " "
        },
        {
          "index": 20,
          "word": "upgrade",
          "originalText": "upgrade",
          "characterOffsetBegin": 460,
          "characterOffsetEnd": 467,
          "before": " ",
          "after": ""
        },
        {
          "index": 21,
          "word": ".",
          "originalText": ".",
          "characterOffsetBegin": 467,
          "characterOffsetEnd": 468,
          "before": "",
          "after": ""
        }
      ]
    },
    {
      "index": 13,
      "tokens": [
        {
          "index": 1,
          "word": "Not",
          "originalText": "Not",
          "characterOffsetBegin": 470,
          "characterOffsetEnd": 473,
          "before": "",
          "after": " "
        },
        {
          "index": 2,
          "word": "flying",
          "originalText": "flying",
          "characterOffsetBegin": 474,
          "characterOffsetEnd": 480,
          "before": " ",
          "after": " "
        },
        {
          "index": 3,
          "word": "Delta",
          "originalText": "Delta",
          "characterOffsetBegin": 481,
          "characterOffsetEnd": 486,
          "before": " ",
          "after": " "
        },
        {
          "index": 4,
          "word": "again",
          "originalText": "again",
          "characterOffsetBegin": 487,
          "characterOffsetEnd": 492,
          "before": " ",
          "after": ""
        },
        {
          "index": 5,
          "word": ".",
          "originalText": ".",
          "characterOffsetBegin": 492,
          "characterOffsetEnd": 493,
          "before": "",
          "after": ""
        }
      ]
    },
    {
      "index": 14,
      "tokens": [
        {
          "index": 1,
          "word": "Agent",
          "originalText": "Agent",
          "characterOffsetBegin": 495,
          "characterOffsetEnd": 500,
          "before": "",
          "after": ""
        },
        {
          "index": 2,
          "word": ":",
          "originalText": ":",
          "characterOffsetBegin": 500,
          "characterOffsetEnd": 501,
          "before": "",
          "after": " "
        },
        {
          "index": 3,
          "word": "@",
          "originalText": "@",
          "characterOffsetBegin": 502,
          "characterOffsetEnd": 503,
          "before": " ",
          "after": ""
        },
        {
          "index": 4,
          "word": "326212",
          "originalText": "326212",
          "characterOffsetBegin": 503,
          "characterOffsetEnd": 509,
          "before": "",
          "after": " "
        },
        {
          "index": 5,
          "word": "Yes",
          "originalText": "Yes",
          "characterOffsetBegin": 510,
          "characterOffsetEnd": 513,
          "before": " ",
          "after": ""
        },
        {
          "index": 6,
          "word": ",",
          "originalText": ",",
          "characterOffsetBegin": 513,
          "characterOffsetEnd": 514,
          "before": "",
          "after": " "
        },
        {
          "index": 7,
          "word": "unfortunately",
          "originalText": "unfortunately",
          "characterOffsetBegin": 515,
          "characterOffsetEnd": 528,
          "before": " ",
          "after": ""
        },
        {
          "index": 8,
          "word": ",",
          "originalText": ",",
          "characterOffsetBegin": 528,
          "characterOffsetEnd": 529,
          "before": "",
          "after": " "
        },
        {
          "index": 9,
          "word": "we",
          "originalText": "we",
          "characterOffsetBegin": 530,
          "characterOffsetEnd": 532,
          "before": " ",
          "after": " "
        },
        {
          "index": 10,
          "word": "only",
          "originalText": "only",
          "characterOffsetBegin": 533,
          "characterOffsetEnd": 537,
          "before": " ",
          "after": " "
        },
        {
          "index": 11,
          "word": "have",
          "originalText": "have",
          "characterOffsetBegin": 538,
          "characterOffsetEnd": 542,
          "before": " ",
          "after": " "
        },
        {
          "index": 12,
          "word": "the",
          "originalText": "the",
          "characterOffsetBegin": 543,
          "characterOffsetEnd": 546,
          "before": " ",
          "after": " "
        },
        {
          "index": 13,
          "word": "middle",
          "originalText": "middle",
          "characterOffsetBegin": 547,
          "characterOffsetEnd": 553,
          "before": " ",
          "after": " "
        },
        {
          "index": 14,
          "word": "seat",
          "originalText": "seat",
          "characterOffsetBegin": 554,
          "characterOffsetEnd": 558,
          "before": " ",
          "after": " "
        },
        {
          "index": 15,
          "word": "via",
          "originalText": "via",
          "characterOffsetBegin": 559,
          "characterOffsetEnd": 562,
          "before": " ",
          "after": " "
        },
        {
          "index": 16,
          "word": "ATL-RIC",
          "originalText": "ATL-RIC",
          "characterOffsetBegin": 563,
          "characterOffsetEnd": 570,
          "before": " ",
          "after": " "
        },
        {
          "index": 17,
          "word": "for",
          "originalText": "for",
          "characterOffsetBegin": 571,
          "characterOffsetEnd": 574,
          "before": " ",
          "after": " "
        },
        {
          "index": 18,
          "word": "Comfort",
          "originalText": "Comfort",
          "characterOffsetBegin": 575,
          "characterOffsetEnd": 582,
          "before": " ",
          "after": " "
        },
        {
          "index": 19,
          "word": "+",
          "originalText": "+",
          "characterOffsetBegin": 583,
          "characterOffsetEnd": 584,
          "before": " ",
          "after": ""
        },
        {
          "index": 20,
          "word": ".",
          "originalText": ".",
          "characterOffsetBegin": 584,
          "characterOffsetEnd": 585,
          "before": "",
          "after": ""
        }
      ]
    },
    {
      "index": 15,
      "tokens": [
        {
          "index": 1,
          "word": "*",
          "originalText": "*",
          "characterOffsetBegin": 587,
          "characterOffsetEnd": 588,
          "before": "",
          "after": ""
        },
        {
          "index": 2,
          "word": "ARD",
          "originalText": "ARD",
          "characterOffsetBegin": 588,
          "characterOffsetEnd": 591,
          "before": "",
          "after": ""
        }
      ]
    },
    {
      "index": 16,
      "tokens": [
        {
          "index": 1,
          "word": "Agent",
          "originalText": "Agent",
          "characterOffsetBegin": 593,
          "characterOffsetEnd": 598,
          "before": "",
          "after": ""
        },
        {
          "index": 2,
          "word": ":",
          "originalText": ":",
          "characterOffsetBegin": 598,
          "characterOffsetEnd": 599,
          "before": "",
          "after": " "
        },
        {
          "index": 3,
          "word": "@",
          "originalText": "@",
          "characterOffsetBegin": 600,
          "characterOffsetEnd": 601,
          "before": " ",
          "after": ""
        },
        {
          "index": 4,
          "word": "326212",
          "originalText": "326212",
          "characterOffsetBegin": 601,
          "characterOffsetEnd": 607,
          "before": "",
          "after": " "
        },
        {
          "index": 5,
          "word": "Did",
          "originalText": "Did",
          "characterOffsetBegin": 608,
          "characterOffsetEnd": 611,
          "before": " ",
          "after": " "
        },
        {
          "index": 6,
          "word": "you",
          "originalText": "you",
          "characterOffsetBegin": 612,
          "characterOffsetEnd": 615,
          "before": " ",
          "after": " "
        },
        {
          "index": 7,
          "word": "want",
          "originalText": "want",
          "characterOffsetBegin": 616,
          "characterOffsetEnd": 620,
          "before": " ",
          "after": " "
        },
        {
          "index": 8,
          "word": "me",
          "originalText": "me",
          "characterOffsetBegin": 621,
          "characterOffsetEnd": 623,
          "before": " ",
          "after": " "
        },
        {
          "index": 9,
          "word": "to",
          "originalText": "to",
          "characterOffsetBegin": 624,
          "characterOffsetEnd": 626,
          "before": " ",
          "after": " "
        },
        {
          "index": 10,
          "word": "assign",
          "originalText": "assign",
          "characterOffsetBegin": 627,
          "characterOffsetEnd": 633,
          "before": " ",
          "after": " "
        },
        {
          "index": 11,
          "word": "your",
          "originalText": "your",
          "characterOffsetBegin": 634,
          "characterOffsetEnd": 638,
          "before": " ",
          "after": " "
        },
        {
          "index": 12,
          "word": "seat",
          "originalText": "seat",
          "characterOffsetBegin": 639,
          "characterOffsetEnd": 643,
          "before": " ",
          "after": ""
        },
        {
          "index": 13,
          "word": "?",
          "originalText": "?",
          "characterOffsetBegin": 643,
          "characterOffsetEnd": 644,
          "before": "",
          "after": ""
        }
      ]
    },
    {
      "index": 17,
      "tokens": [
        {
          "index": 1,
          "word": "From",
          "originalText": "From",
          "characterOffsetBegin": 646,
          "characterOffsetEnd": 650,
          "before": "",
          "after": " "
        },
        {
          "index": 2,
          "word": "there",
          "originalText": "there",
          "characterOffsetBegin": 651,
          "characterOffsetEnd": 656,
          "before": " ",
          "after": " "
        },
        {
          "index": 3,
          "word": "you",
          "originalText": "you",
          "characterOffsetBegin": 657,
          "characterOffsetEnd": 660,
          "before": " ",
          "after": " "
        },
        {
          "index": 4,
          "word": "should",
          "originalText": "should",
          "characterOffsetBegin": 661,
          "characterOffsetEnd": 667,
          "before": " ",
          "after": " "
        },
        {
          "index": 5,
          "word": "be",
          "originalText": "be",
          "characterOffsetBegin": 668,
          "characterOffsetEnd": 670,
          "before": " ",
          "after": " "
        },
        {
          "index": 6,
          "word": "able",
          "originalText": "able",
          "characterOffsetBegin": 671,
          "characterOffsetEnd": 675,
          "before": " ",
          "after": " "
        },
        {
          "index": 7,
          "word": "to",
          "originalText": "to",
          "characterOffsetBegin": 676,
          "characterOffsetEnd": 678,
          "before": " ",
          "after": " "
        },
        {
          "index": 8,
          "word": "retrieve",
          "originalText": "retrieve",
          "characterOffsetBegin": 679,
          "characterOffsetEnd": 687,
          "before": " ",
          "after": " "
        },
        {
          "index": 9,
          "word": "your",
          "originalText": "your",
          "characterOffsetBegin": 688,
          "characterOffsetEnd": 692,
          "before": " ",
          "after": " "
        },
        {
          "index": 10,
          "word": "boarding",
          "originalText": "boarding",
          "characterOffsetBegin": 693,
          "characterOffsetEnd": 701,
          "before": " ",
          "after": " "
        },
        {
          "index": 11,
          "word": "pass",
          "originalText": "pass",
          "characterOffsetBegin": 702,
          "characterOffsetEnd": 706,
          "before": " ",
          "after": ""
        },
        {
          "index": 12,
          "word": ".",
          "originalText": ".",
          "characterOffsetBegin": 706,
          "characterOffsetEnd": 707,
          "before": "",
          "after": ""
        }
      ]
    },
    {
      "index": 18,
      "tokens": [
        {
          "index": 1,
          "word": "*",
          "originalText": "*",
          "characterOffsetBegin": 709,
          "characterOffsetEnd": 710,
          "before": "",
          "after": ""
        },
        {
          "index": 2,
          "word": "ARD",
          "originalText": "ARD",
          "characterOffsetBegin": 710,
          "characterOffsetEnd": 713,
          "before": "",
          "after": ""
        }
      ]
    },
    {
      "index": 19,
      "tokens": [
        {
          "index": 1,
          "word": "Customer",
          "originalText": "Customer",
          "characterOffsetBegin": 715,
          "characterOffsetEnd": 723,
          "before": "",
          "after": ""
        },
        {
          "index": 2,
          "word": ":",
          "originalText": ":",
          "characterOffsetBegin": 723,
          "characterOffsetEnd": 724,
          "before": "",
          "after": " "
        },
        {
          "index": 3,
          "word": "@Delta",
          "originalText": "@Delta",
          "characterOffsetBegin": 725,
          "characterOffsetEnd": 731,
          "before": " ",
          "after": " "
        },
        {
          "index": 4,
          "word": "Just",
          "originalText": "Just",
          "characterOffsetBegin": 732,
          "characterOffsetEnd": 736,
          "before": " ",
          "after": " "
        },
        {
          "index": 5,
          "word": "landed",
          "originalText": "landed",
          "characterOffsetBegin": 737,
          "characterOffsetEnd": 743,
          "before": " ",
          "after": ""
        },
        {
          "index": 6,
          "word": ".",
          "originalText": ".",
          "characterOffsetBegin": 743,
          "characterOffsetEnd": 744,
          "before": "",
          "after": ""
        }
      ]
    },
    {
      "index": 20,
      "tokens": [
        {
          "index": 1,
          "word": "Yes",
          "originalText": "Yes",
          "characterOffsetBegin": 746,
          "characterOffsetEnd": 749,
          "before": "",
          "after": " "
        },
        {
          "index": 2,
          "word": ".",
          "originalText": ".",
          "characterOffsetBegin": 750,
          "characterOffsetEnd": 751,
          "before": " ",
          "after": ""
        }
      ]
    },
    {
      "index": 21,
      "tokens": [
        {
          "index": 1,
          "word": "Aisle",
          "originalText": "Aisle",
          "characterOffsetBegin": 751,
          "characterOffsetEnd": 756,
          "before": "",
          "after": " "
        },
        {
          "index": 2,
          "word": "seat",
          "originalText": "seat",
          "characterOffsetBegin": 757,
          "characterOffsetEnd": 761,
          "before": " ",
          "after": " "
        },
        {
          "index": 3,
          "word": "economy",
          "originalText": "economy",
          "characterOffsetBegin": 762,
          "characterOffsetEnd": 769,
          "before": " ",
          "after": " "
        },
        {
          "index": 4,
          "word": "plus",
          "originalText": "plus",
          "characterOffsetBegin": 770,
          "characterOffsetEnd": 774,
          "before": " ",
          "after": ""
        },
        {
          "index": 5,
          "word": ".",
          "originalText": ".",
          "characterOffsetBegin": 774,
          "characterOffsetEnd": 775,
          "before": "",
          "after": ""
        }
      ]
    },
    {
      "index": 22,
      "tokens": [
        {
          "index": 1,
          "word": "Should",
          "originalText": "Should",
          "characterOffsetBegin": 777,
          "characterOffsetEnd": 783,
          "before": "",
          "after": " "
        },
        {
          "index": 2,
          "word": "have",
          "originalText": "have",
          "characterOffsetBegin": 784,
          "characterOffsetEnd": 788,
          "before": " ",
          "after": " "
        },
        {
          "index": 3,
          "word": "been",
          "originalText": "been",
          "characterOffsetBegin": 789,
          "characterOffsetEnd": 793,
          "before": " ",
          "after": " "
        },
        {
          "index": 4,
          "word": "able",
          "originalText": "able",
          "characterOffsetBegin": 794,
          "characterOffsetEnd": 798,
          "before": " ",
          "after": " "
        },
        {
          "index": 5,
          "word": "to",
          "originalText": "to",
          "characterOffsetBegin": 799,
          "characterOffsetEnd": 801,
          "before": " ",
          "after": " "
        },
        {
          "index": 6,
          "word": "do",
          "originalText": "do",
          "characterOffsetBegin": 802,
          "characterOffsetEnd": 804,
          "before": " ",
          "after": " "
        },
        {
          "index": 7,
          "word": "that",
          "originalText": "that",
          "characterOffsetBegin": 805,
          "characterOffsetEnd": 809,
          "before": " ",
          "after": " "
        },
        {
          "index": 8,
          "word": "before",
          "originalText": "before",
          "characterOffsetBegin": 810,
          "characterOffsetEnd": 816,
          "before": " ",
          "after": " "
        },
        {
          "index": 9,
          "word": "I",
          "originalText": "I",
          "characterOffsetBegin": 817,
          "characterOffsetEnd": 818,
          "before": " ",
          "after": " "
        },
        {
          "index": 10,
          "word": "left",
          "originalText": "left",
          "characterOffsetBegin": 819,
          "characterOffsetEnd": 823,
          "before": " ",
          "after": ""
        },
        {
          "index": 11,
          "word": ".",
          "originalText": ".",
          "characterOffsetBegin": 823,
          "characterOffsetEnd": 824,
          "before": "",
          "after": ""
        }
      ]
    },
    {
      "index": 23,
      "tokens": [
        {
          "index": 1,
          "word": "Agent",
          "originalText": "Agent",
          "characterOffsetBegin": 826,
          "characterOffsetEnd": 831,
          "before": "",
          "after": ""
        },
        {
          "index": 2,
          "word": ":",
          "originalText": ":",
          "characterOffsetBegin": 831,
          "characterOffsetEnd": 832,
          "before": "",
          "after": " "
        },
        {
          "index": 3,
          "word": "@",
          "originalText": "@",
          "characterOffsetBegin": 833,
          "characterOffsetEnd": 834,
          "before": " ",
          "after": ""
        },
        {
          "index": 4,
          "word": "326212",
          "originalText": "326212",
          "characterOffsetBegin": 834,
          "characterOffsetEnd": 840,
          "before": "",
          "after": " "
        },
        {
          "index": 5,
          "word": "No",
          "originalText": "No",
          "characterOffsetBegin": 841,
          "characterOffsetEnd": 843,
          "before": " ",
          "after": " "
        },
        {
          "index": 6,
          "word": "aisle",
          "originalText": "aisle",
          "characterOffsetBegin": 844,
          "characterOffsetEnd": 849,
          "before": " ",
          "after": " "
        },
        {
          "index": 7,
          "word": "seats",
          "originalText": "seats",
          "characterOffsetBegin": 850,
          "characterOffsetEnd": 855,
          "before": " ",
          "after": ""
        },
        {
          "index": 8,
          "word": ",",
          "originalText": ",",
          "characterOffsetBegin": 855,
          "characterOffsetEnd": 856,
          "before": "",
          "after": " "
        },
        {
          "index": 9,
          "word": "only",
          "originalText": "only",
          "characterOffsetBegin": 857,
          "characterOffsetEnd": 861,
          "before": " ",
          "after": " "
        },
        {
          "index": 10,
          "word": "a",
          "originalText": "a",
          "characterOffsetBegin": 862,
          "characterOffsetEnd": 863,
          "before": " ",
          "after": " "
        },
        {
          "index": 11,
          "word": "middle",
          "originalText": "middle",
          "characterOffsetBegin": 864,
          "characterOffsetEnd": 870,
          "before": " ",
          "after": " "
        },
        {
          "index": 12,
          "word": "seat",
          "originalText": "seat",
          "characterOffsetBegin": 871,
          "characterOffsetEnd": 875,
          "before": " ",
          "after": " "
        },
        {
          "index": 13,
          "word": "is",
          "originalText": "is",
          "characterOffsetBegin": 876,
          "characterOffsetEnd": 878,
          "before": " ",
          "after": " "
        },
        {
          "index": 14,
          "word": "available",
          "originalText": "available",
          "characterOffsetBegin": 879,
          "characterOffsetEnd": 888,
          "before": " ",
          "after": ""
        },
        {
          "index": 15,
          "word": ".",
          "originalText": ".",
          "characterOffsetBegin": 888,
          "characterOffsetEnd": 889,
          "before": "",
          "after": ""
        }
      ]
    },
    {
      "index": 24,
      "tokens": [
        {
          "index": 1,
          "word": "*",
          "originalText": "*",
          "characterOffsetBegin": 891,
          "characterOffsetEnd": 892,
          "before": "",
          "after": ""
        },
        {
          "index": 2,
          "word": "ARD",
          "originalText": "ARD",
          "characterOffsetBegin": 892,
          "characterOffsetEnd": 895,
          "before": "",
          "after": ""
        }
      ]
    },
    {
      "index": 25,
      "tokens": [
        {
          "index": 1,
          "word": "@highlight",
          "originalText": "@highlight",
          "characterOffsetBegin": 897,
          "characterOffsetEnd": 907,
          "before": "",
          "after": ""
        }
      ]
    },
    {
      "index": 26,
      "tokens": [
        {
          "index": 1,
          "word": "Customer",
          "originalText": "Customer",
          "characterOffsetBegin": 909,
          "characterOffsetEnd": 917,
          "before": "",
          "after": ""
        },
        {
          "index": 2,
          "word": ":",
          "originalText": ":",
          "characterOffsetBegin": 917,
          "characterOffsetEnd": 918,
          "before": "",
          "after": " "
        },
        {
          "index": 3,
          "word": "Wo",
          "originalText": "Wo",
          "characterOffsetBegin": 919,
          "characterOffsetEnd": 921,
          "before": " ",
          "after": ""
        },
        {
          "index": 4,
          "word": "n't",
          "originalText": "n't",
          "characterOffsetBegin": 921,
          "characterOffsetEnd": 924,
          "before": "",
          "after": " "
        },
        {
          "index": 5,
          "word": "assign",
          "originalText": "assign",
          "characterOffsetBegin": 925,
          "characterOffsetEnd": 931,
          "before": " ",
          "after": " "
        },
        {
          "index": 6,
          "word": "seat",
          "originalText": "seat",
          "characterOffsetBegin": 932,
          "characterOffsetEnd": 936,
          "before": " ",
          "after": " "
        },
        {
          "index": 7,
          "word": "forSecond",
          "originalText": "forSecond",
          "characterOffsetBegin": 937,
          "characterOffsetEnd": 946,
          "before": " ",
          "after": " "
        },
        {
          "index": 8,
          "word": "flight",
          "originalText": "flight",
          "characterOffsetBegin": 947,
          "characterOffsetEnd": 953,
          "before": " ",
          "after": ""
        },
        {
          "index": 9,
          "word": ".",
          "originalText": ".",
          "characterOffsetBegin": 953,
          "characterOffsetEnd": 954,
          "before": "",
          "after": ""
        }
      ]
    },
    {
      "index": 27,
      "tokens": [
        {
          "index": 1,
          "word": "@highlight",
          "originalText": "@highlight",
          "characterOffsetBegin": 956,
          "characterOffsetEnd": 966,
          "before": "",
          "after": ""
        }
      ]
    },
    {
      "index": 28,
      "tokens": [
        {
          "index": 1,
          "word": "Agent",
          "originalText": "Agent",
          "characterOffsetBegin": 968,
          "characterOffsetEnd": 973,
          "before": "",
          "after": ""
        },
        {
          "index": 2,
          "word": ":",
          "originalText": ":",
          "characterOffsetBegin": 973,
          "characterOffsetEnd": 974,
          "before": "",
          "after": " "
        },
        {
          "index": 3,
          "word": "Follow/DM",
          "originalText": "Follow/DM",
          "characterOffsetBegin": 975,
          "characterOffsetEnd": 984,
          "before": " ",
          "after": " "
        },
        {
          "index": 4,
          "word": "your",
          "originalText": "your",
          "characterOffsetBegin": 985,
          "characterOffsetEnd": 989,
          "before": " ",
          "after": " "
        },
        {
          "index": 5,
          "word": "confirm",
          "originalText": "confirm",
          "characterOffsetBegin": 990,
          "characterOffsetEnd": 997,
          "before": " ",
          "after": " "
        },
        {
          "index": 6,
          "word": "#",
          "originalText": "#",
          "characterOffsetBegin": 998,
          "characterOffsetEnd": 999,
          "before": " ",
          "after": " "
        },
        {
          "index": 7,
          "word": "for",
          "originalText": "for",
          "characterOffsetBegin": 1000,
          "characterOffsetEnd": 1003,
          "before": " ",
          "after": " "
        },
        {
          "index": 8,
          "word": "assistance",
          "originalText": "assistance",
          "characterOffsetBegin": 1004,
          "characterOffsetEnd": 1014,
          "before": " ",
          "after": ""
        },
        {
          "index": 9,
          "word": ".",
          "originalText": ".",
          "characterOffsetBegin": 1014,
          "characterOffsetEnd": 1015,
          "before": "",
          "after": ""
        }
      ]
    },
    {
      "index": 29,
      "tokens": [
        {
          "index": 1,
          "word": "@highlight",
          "originalText": "@highlight",
          "characterOffsetBegin": 1017,
          "characterOffsetEnd": 1027,
          "before": "",
          "after": ""
        }
      ]
    },
    {
      "index": 30,
      "tokens": [
        {
          "index": 1,
          "word": "@",
          "originalText": "@",
          "characterOffsetBegin": 1029,
          "characterOffsetEnd": 1030,
          "before": "",
          "after": ""
        },
        {
          "index": 2,
          "word": "326212",
          "originalText": "326212",
          "characterOffsetBegin": 1030,
          "characterOffsetEnd": 1036,
          "before": "",
          "after": " "
        },
        {
          "index": 3,
          "word": "No",
          "originalText": "No",
          "characterOffsetBegin": 1037,
          "characterOffsetEnd": 1039,
          "before": " ",
          "after": " "
        },
        {
          "index": 4,
          "word": "aisle",
          "originalText": "aisle",
          "characterOffsetBegin": 1040,
          "characterOffsetEnd": 1045,
          "before": " ",
          "after": " "
        },
        {
          "index": 5,
          "word": "seats",
          "originalText": "seats",
          "characterOffsetBegin": 1046,
          "characterOffsetEnd": 1051,
          "before": " ",
          "after": ""
        },
        {
          "index": 6,
          "word": ",",
          "originalText": ",",
          "characterOffsetBegin": 1051,
          "characterOffsetEnd": 1052,
          "before": "",
          "after": " "
        },
        {
          "index": 7,
          "word": "only",
          "originalText": "only",
          "characterOffsetBegin": 1053,
          "characterOffsetEnd": 1057,
          "before": " ",
          "after": " "
        },
        {
          "index": 8,
          "word": "a",
          "originalText": "a",
          "characterOffsetBegin": 1058,
          "characterOffsetEnd": 1059,
          "before": " ",
          "after": " "
        },
        {
          "index": 9,
          "word": "middle",
          "originalText": "middle",
          "characterOffsetBegin": 1060,
          "characterOffsetEnd": 1066,
          "before": " ",
          "after": " "
        },
        {
          "index": 10,
          "word": "seat",
          "originalText": "seat",
          "characterOffsetBegin": 1067,
          "characterOffsetEnd": 1071,
          "before": " ",
          "after": " "
        },
        {
          "index": 11,
          "word": "is",
          "originalText": "is",
          "characterOffsetBegin": 1072,
          "characterOffsetEnd": 1074,
          "before": " ",
          "after": " "
        },
        {
          "index": 12,
          "word": "available",
          "originalText": "available",
          "characterOffsetBegin": 1075,
          "characterOffsetEnd": 1084,
          "before": " ",
          "after": ""
        },
        {
          "index": 13,
          "word": ".",
          "originalText": ".",
          "characterOffsetBegin": 1084,
          "characterOffsetEnd": 1085,
          "before": "",
          "after": ""
        }
      ]
    }
  ]
}