{
  "sentences": [
    {
      "index": 0,
      "tokens": [
        {
          "index": 1,
          "word": "Customer",
          "originalText": "Customer",
          "characterOffsetBegin": 0,
          "characterOffsetEnd": 8,
          "before": "",
          "after": ""
        },
        {
          "index": 2,
          "word": ":",
          "originalText": ":",
          "characterOffsetBegin": 8,
          "characterOffsetEnd": 9,
          "before": "",
          "after": " "
        },
        {
          "index": 3,
          "word": "@AskPlayStation",
          "originalText": "@AskPlayStation",
          "characterOffsetBegin": 10,
          "characterOffsetEnd": 25,
          "before": " ",
          "after": " "
        },
        {
          "index": 4,
          "word": "I",
          "originalText": "I",
          "characterOffsetBegin": 26,
          "characterOffsetEnd": 27,
          "before": " ",
          "after": " "
        },
        {
          "index": 5,
          "word": "have",
          "originalText": "have",
          "characterOffsetBegin": 28,
          "characterOffsetEnd": 32,
          "before": " ",
          "after": " "
        },
        {
          "index": 6,
          "word": "being",
          "originalText": "being",
          "characterOffsetBegin": 33,
          "characterOffsetEnd": 38,
          "before": " ",
          "after": " "
        },
        {
          "index": 7,
          "word": "trying",
          "originalText": "trying",
          "characterOffsetBegin": 39,
          "characterOffsetEnd": 45,
          "before": " ",
          "after": " "
        },
        {
          "index": 8,
          "word": "to",
          "originalText": "to",
          "characterOffsetBegin": 46,
          "characterOffsetEnd": 48,
          "before": " ",
          "after": " "
        },
        {
          "index": 9,
          "word": "purchase",
          "originalText": "purchase",
          "characterOffsetBegin": 49,
          "characterOffsetEnd": 57,
          "before": " ",
          "after": " "
        },
        {
          "index": 10,
          "word": "Call",
          "originalText": "Call",
          "characterOffsetBegin": 58,
          "characterOffsetEnd": 62,
          "before": " ",
          "after": " "
        },
        {
          "index": 11,
          "word": "Of",
          "originalText": "Of",
          "characterOffsetBegin": 63,
          "characterOffsetEnd": 65,
          "before": " ",
          "after": " "
        },
        {
          "index": 12,
          "word": "Duty",
          "originalText": "Duty",
          "characterOffsetBegin": 66,
          "characterOffsetEnd": 70,
          "before": " ",
          "after": " "
        },
        {
          "index": 13,
          "word": "WW2",
          "originalText": "WW2",
          "characterOffsetBegin": 71,
          "characterOffsetEnd": 74,
          "before": " ",
          "after": " "
        },
        {
          "index": 14,
          "word": "since",
          "originalText": "since",
          "characterOffsetBegin": 75,
          "characterOffsetEnd": 80,
          "before": " ",
          "after": " "
        },
        {
          "index": 15,
          "word": "yesterday",
          "originalText": "yesterday",
          "characterOffsetBegin": 81,
          "characterOffsetEnd": 90,
          "before": " ",
          "after": ""
        },
        {
          "index": 16,
          "word": ",",
          "originalText": ",",
          "characterOffsetBegin": 90,
          "characterOffsetEnd": 91,
          "before": "",
          "after": " "
        },
        {
          "index": 17,
          "word": "my",
          "originalText": "my",
          "characterOffsetBegin": 92,
          "characterOffsetEnd": 94,
          "before": " ",
          "after": " "
        },
        {
          "index": 18,
          "word": "credit",
          "originalText": "credit",
          "characterOffsetBegin": 95,
          "characterOffsetEnd": 101,
          "before": " ",
          "after": " "
        },
        {
          "index": 19,
          "word": "card",
          "originalText": "card",
          "characterOffsetBegin": 102,
          "characterOffsetEnd": 106,
          "before": " ",
          "after": " "
        },
        {
          "index": 20,
          "word": "and",
          "originalText": "and",
          "characterOffsetBegin": 107,
          "characterOffsetEnd": 110,
          "before": " ",
          "after": " "
        },
        {
          "index": 21,
          "word": "PayPal",
          "originalText": "PayPal",
          "characterOffsetBegin": 111,
          "characterOffsetEnd": 117,
          "before": " ",
          "after": " "
        },
        {
          "index": 22,
          "word": "keeps",
          "originalText": "keeps",
          "characterOffsetBegin": 118,
          "characterOffsetEnd": 123,
          "before": " ",
          "after": " "
        },
        {
          "index": 23,
          "word": "coming",
          "originalText": "coming",
          "characterOffsetBegin": 124,
          "characterOffsetEnd": 130,
          "before": " ",
          "after": " "
        },
        {
          "index": 24,
          "word": "up",
          "originalText": "up",
          "characterOffsetBegin": 131,
          "characterOffsetEnd": 133,
          "before": " ",
          "after": " "
        },
        {
          "index": 25,
          "word": "invalid",
          "originalText": "invalid",
          "characterOffsetBegin": 134,
          "characterOffsetEnd": 141,
          "before": " ",
          "after": ""
        }
      ]
    },
    {
      "index": 1,
      "tokens": [
        {
          "index": 1,
          "word": "Agent",
          "originalText": "Agent",
          "characterOffsetBegin": 143,
          "characterOffsetEnd": 148,
          "before": "",
          "after": ""
        },
        {
          "index": 2,
          "word": ":",
          "originalText": ":",
          "characterOffsetBegin": 148,
          "characterOffsetEnd": 149,
          "before": "",
          "after": " "
        },
        {
          "index": 3,
          "word": "@",
          "originalText": "@",
          "characterOffsetBegin": 150,
          "characterOffsetEnd": 151,
          "before": " ",
          "after": ""
        },
        {
          "index": 4,
          "word": "323008",
          "originalText": "323008",
          "characterOffsetBegin": 151,
          "characterOffsetEnd": 157,
          "before": "",
          "after": " "
        },
        {
          "index": 5,
          "word": "That",
          "originalText": "That",
          "characterOffsetBegin": 158,
          "characterOffsetEnd": 162,
          "before": " ",
          "after": ""
        },
        {
          "index": 6,
          "word": "'s",
          "originalText": "'s",
          "characterOffsetBegin": 162,
          "characterOffsetEnd": 164,
          "before": "",
          "after": " "
        },
        {
          "index": 7,
          "word": "odd",
          "originalText": "odd",
          "characterOffsetBegin": 165,
          "characterOffsetEnd": 168,
          "before": " ",
          "after": ""
        },
        {
          "index": 8,
          "word": ".",
          "originalText": ".",
          "characterOffsetBegin": 168,
          "characterOffsetEnd": 169,
          "before": "",
          "after": ""
        }
      ]
    },
    {
      "index": 2,
      "tokens": [
        {
          "index": 1,
          "word": "Try",
          "originalText": "Try",
          "characterOffsetBegin": 171,
          "characterOffsetEnd": 174,
          "before": "",
          "after": " "
        },
        {
          "index": 2,
          "word": "making",
          "originalText": "making",
          "characterOffsetBegin": 175,
          "characterOffsetEnd": 181,
          "before": " ",
          "after": " "
        },
        {
          "index": 3,
          "word": "the",
          "originalText": "the",
          "characterOffsetBegin": 182,
          "characterOffsetEnd": 185,
          "before": " ",
          "after": " "
        },
        {
          "index": 4,
          "word": "purchase",
          "originalText": "purchase",
          "characterOffsetBegin": 186,
          "characterOffsetEnd": 194,
          "before": " ",
          "after": " "
        },
        {
          "index": 5,
          "word": "via",
          "originalText": "via",
          "characterOffsetBegin": 195,
          "characterOffsetEnd": 198,
          "before": " ",
          "after": " "
        },
        {
          "index": 6,
          "word": "PC",
          "originalText": "PC",
          "characterOffsetBegin": 199,
          "characterOffsetEnd": 201,
          "before": " ",
          "after": ""
        },
        {
          "index": 7,
          "word": ":",
          "originalText": ":",
          "characterOffsetBegin": 201,
          "characterOffsetEnd": 202,
          "before": "",
          "after": " "
        },
        {
          "index": 8,
          "word": "https://t.co/qiQQSTNCQc",
          "originalText": "https://t.co/qiQQSTNCQc",
          "characterOffsetBegin": 203,
          "characterOffsetEnd": 226,
          "before": " ",
          "after": " "
        },
        {
          "index": 9,
          "word": "Keep",
          "originalText": "Keep",
          "characterOffsetBegin": 227,
          "characterOffsetEnd": 231,
          "before": " ",
          "after": " "
        },
        {
          "index": 10,
          "word": "us",
          "originalText": "us",
          "characterOffsetBegin": 232,
          "characterOffsetEnd": 234,
          "before": " ",
          "after": " "
        },
        {
          "index": 11,
          "word": "posted",
          "originalText": "posted",
          "characterOffsetBegin": 235,
          "characterOffsetEnd": 241,
          "before": " ",
          "after": ""
        },
        {
          "index": 12,
          "word": "!",
          "originalText": "!",
          "characterOffsetBegin": 241,
          "characterOffsetEnd": 242,
          "before": "",
          "after": ""
        }
      ]
    },
    {
      "index": 3,
      "tokens": [
        {
          "index": 1,
          "word": "Customer",
          "originalText": "Customer",
          "characterOffsetBegin": 244,
          "characterOffsetEnd": 252,
          "before": "",
          "after": ""
        },
        {
          "index": 2,
          "word": ":",
          "originalText": ":",
          "characterOffsetBegin": 252,
          "characterOffsetEnd": 253,
          "before": "",
          "after": " "
        },
        {
          "index": 3,
          "word": "@AskPlayStation",
          "originalText": "@AskPlayStation",
          "characterOffsetBegin": 254,
          "characterOffsetEnd": 269,
          "before": " ",
          "after": " "
        },
        {
          "index": 4,
          "word": "Just",
          "originalText": "Just",
          "characterOffsetBegin": 270,
          "characterOffsetEnd": 274,
          "before": " ",
          "after": " "
        },
        {
          "index": 5,
          "word": "tried",
          "originalText": "tried",
          "characterOffsetBegin": 275,
          "characterOffsetEnd": 280,
          "before": " ",
          "after": " "
        },
        {
          "index": 6,
          "word": "on",
          "originalText": "on",
          "characterOffsetBegin": 281,
          "characterOffsetEnd": 283,
          "before": " ",
          "after": " "
        },
        {
          "index": 7,
          "word": "pc",
          "originalText": "pc",
          "characterOffsetBegin": 284,
          "characterOffsetEnd": 286,
          "before": " ",
          "after": " "
        },
        {
          "index": 8,
          "word": "it",
          "originalText": "it",
          "characterOffsetBegin": 287,
          "characterOffsetEnd": 289,
          "before": " ",
          "after": " "
        },
        {
          "index": 9,
          "word": "did",
          "originalText": "did",
          "characterOffsetBegin": 290,
          "characterOffsetEnd": 293,
          "before": " ",
          "after": ""
        },
        {
          "index": 10,
          "word": "n't",
          "originalText": "n’t",
          "characterOffsetBegin": 293,
          "characterOffsetEnd": 296,
          "before": "",
          "after": " "
        },
        {
          "index": 11,
          "word": "take",
          "originalText": "take",
          "characterOffsetBegin": 297,
          "characterOffsetEnd": 301,
          "before": " ",
          "after": " "
        },
        {
          "index": 12,
          "word": "it",
          "originalText": "it",
          "characterOffsetBegin": 302,
          "characterOffsetEnd": 304,
          "before": " ",
          "after": ""
        },
        {
          "index": 13,
          "word": ".",
          "originalText": ".",
          "characterOffsetBegin": 304,
          "characterOffsetEnd": 305,
          "before": "",
          "after": ""
        }
      ]
    },
    {
      "index": 4,
      "tokens": [
        {
          "index": 1,
          "word": "Said",
          "originalText": "Said",
          "characterOffsetBegin": 307,
          "characterOffsetEnd": 311,
          "before": "",
          "after": " "
        },
        {
          "index": 2,
          "word": "check",
          "originalText": "check",
          "characterOffsetBegin": 312,
          "characterOffsetEnd": 317,
          "before": " ",
          "after": " "
        },
        {
          "index": 3,
          "word": "transaction",
          "originalText": "transaction",
          "characterOffsetBegin": 318,
          "characterOffsetEnd": 329,
          "before": " ",
          "after": " "
        },
        {
          "index": 4,
          "word": "history",
          "originalText": "history",
          "characterOffsetBegin": 330,
          "characterOffsetEnd": 337,
          "before": " ",
          "after": ""
        }
      ]
    },
    {
      "index": 5,
      "tokens": [
        {
          "index": 1,
          "word": "Agent",
          "originalText": "Agent",
          "characterOffsetBegin": 339,
          "characterOffsetEnd": 344,
          "before": "",
          "after": ""
        },
        {
          "index": 2,
          "word": ":",
          "originalText": ":",
          "characterOffsetBegin": 344,
          "characterOffsetEnd": 345,
          "before": "",
          "after": " "
        },
        {
          "index": 3,
          "word": "@",
          "originalText": "@",
          "characterOffsetBegin": 346,
          "characterOffsetEnd": 347,
          "before": " ",
          "after": ""
        },
        {
          "index": 4,
          "word": "323008",
          "originalText": "323008",
          "characterOffsetBegin": 347,
          "characterOffsetEnd": 353,
          "before": "",
          "after": " "
        },
        {
          "index": 5,
          "word": "Have",
          "originalText": "Have",
          "characterOffsetBegin": 354,
          "characterOffsetEnd": 358,
          "before": " ",
          "after": " "
        },
        {
          "index": 6,
          "word": "you",
          "originalText": "you",
          "characterOffsetBegin": 359,
          "characterOffsetEnd": 362,
          "before": " ",
          "after": " "
        },
        {
          "index": 7,
          "word": "tried",
          "originalText": "tried",
          "characterOffsetBegin": 363,
          "characterOffsetEnd": 368,
          "before": " ",
          "after": " "
        },
        {
          "index": 8,
          "word": "deleting",
          "originalText": "deleting",
          "characterOffsetBegin": 369,
          "characterOffsetEnd": 377,
          "before": " ",
          "after": " "
        },
        {
          "index": 9,
          "word": "the",
          "originalText": "the",
          "characterOffsetBegin": 378,
          "characterOffsetEnd": 381,
          "before": " ",
          "after": " "
        },
        {
          "index": 10,
          "word": "card",
          "originalText": "card",
          "characterOffsetBegin": 382,
          "characterOffsetEnd": 386,
          "before": " ",
          "after": " "
        },
        {
          "index": 11,
          "word": "from",
          "originalText": "from",
          "characterOffsetBegin": 387,
          "characterOffsetEnd": 391,
          "before": " ",
          "after": " "
        },
        {
          "index": 12,
          "word": "the",
          "originalText": "the",
          "characterOffsetBegin": 392,
          "characterOffsetEnd": 395,
          "before": " ",
          "after": " "
        },
        {
          "index": 13,
          "word": "account",
          "originalText": "account",
          "characterOffsetBegin": 396,
          "characterOffsetEnd": 403,
          "before": " ",
          "after": " "
        },
        {
          "index": 14,
          "word": "just",
          "originalText": "just",
          "characterOffsetBegin": 404,
          "characterOffsetEnd": 408,
          "before": " ",
          "after": " "
        },
        {
          "index": 15,
          "word": "to",
          "originalText": "to",
          "characterOffsetBegin": 409,
          "characterOffsetEnd": 411,
          "before": " ",
          "after": " "
        },
        {
          "index": 16,
          "word": "make",
          "originalText": "make",
          "characterOffsetBegin": 412,
          "characterOffsetEnd": 416,
          "before": " ",
          "after": " "
        },
        {
          "index": 17,
          "word": "the",
          "originalText": "the",
          "characterOffsetBegin": 417,
          "characterOffsetEnd": 420,
          "before": " ",
          "after": " "
        },
        {
          "index": 18,
          "word": "purchase",
          "originalText": "purchase",
          "characterOffsetBegin": 421,
          "characterOffsetEnd": 429,
          "before": " ",
          "after": ""
        },
        {
          "index": 19,
          "word": "?",
          "originalText": "?",
          "characterOffsetBegin": 429,
          "characterOffsetEnd": 430,
          "before": "",
          "after": ""
        }
      ]
    },
    {
      "index": 6,
      "tokens": [
        {
          "index": 1,
          "word": "https://t.co/U9RjogtIgi",
          "originalText": "https://t.co/U9RjogtIgi",
          "characterOffsetBegin": 432,
          "characterOffsetEnd": 455,
          "before": "",
          "after": ""
        }
      ]
    },
    {
      "index": 7,
      "tokens": [
        {
          "index": 1,
          "word": "Customer",
          "originalText": "Customer",
          "characterOffsetBegin": 457,
          "characterOffsetEnd": 465,
          "before": "",
          "after": ""
        },
        {
          "index": 2,
          "word": ":",
          "originalText": ":",
          "characterOffsetBegin": 465,
          "characterOffsetEnd": 466,
          "before": "",
          "after": " "
        },
        {
          "index": 3,
          "word": "@AskPlayStation",
          "originalText": "@AskPlayStation",
          "characterOffsetBegin": 467,
          "characterOffsetEnd": 482,
          "before": " ",
          "after": " "
        },
        {
          "index": 4,
          "word": "Removed",
          "originalText": "Removed",
          "characterOffsetBegin": 483,
          "characterOffsetEnd": 490,
          "before": " ",
          "after": " "
        },
        {
          "index": 5,
          "word": "it",
          "originalText": "it",
          "characterOffsetBegin": 491,
          "characterOffsetEnd": 493,
          "before": " ",
          "after": " "
        },
        {
          "index": 6,
          "word": "and",
          "originalText": "and",
          "characterOffsetBegin": 494,
          "characterOffsetEnd": 497,
          "before": " ",
          "after": " "
        },
        {
          "index": 7,
          "word": "put",
          "originalText": "put",
          "characterOffsetBegin": 498,
          "characterOffsetEnd": 501,
          "before": " ",
          "after": " "
        },
        {
          "index": 8,
          "word": "in",
          "originalText": "in",
          "characterOffsetBegin": 502,
          "characterOffsetEnd": 504,
          "before": " ",
          "after": " "
        },
        {
          "index": 9,
          "word": "back",
          "originalText": "back",
          "characterOffsetBegin": 505,
          "characterOffsetEnd": 509,
          "before": " ",
          "after": " "
        },
        {
          "index": 10,
          "word": "in",
          "originalText": "in",
          "characterOffsetBegin": 510,
          "characterOffsetEnd": 512,
          "before": " ",
          "after": " "
        },
        {
          "index": 11,
          "word": "card",
          "originalText": "card",
          "characterOffsetBegin": 513,
          "characterOffsetEnd": 517,
          "before": " ",
          "after": " "
        },
        {
          "index": 12,
          "word": "and",
          "originalText": "and",
          "characterOffsetBegin": 518,
          "characterOffsetEnd": 521,
          "before": " ",
          "after": " "
        },
        {
          "index": 13,
          "word": "PayPal",
          "originalText": "PayPal",
          "characterOffsetBegin": 522,
          "characterOffsetEnd": 528,
          "before": " ",
          "after": " "
        },
        {
          "index": 14,
          "word": "still",
          "originalText": "still",
          "characterOffsetBegin": 529,
          "characterOffsetEnd": 534,
          "before": " ",
          "after": " "
        },
        {
          "index": 15,
          "word": "got",
          "originalText": "got",
          "characterOffsetBegin": 535,
          "characterOffsetEnd": 538,
          "before": " ",
          "after": " "
        },
        {
          "index": 16,
          "word": "invalid",
          "originalText": "invalid",
          "characterOffsetBegin": 539,
          "characterOffsetEnd": 546,
          "before": " ",
          "after": " "
        },
        {
          "index": 17,
          "word": "message",
          "originalText": "message",
          "characterOffsetBegin": 547,
          "characterOffsetEnd": 554,
          "before": " ",
          "after": ""
        }
      ]
    },
    {
      "index": 8,
      "tokens": [
        {
          "index": 1,
          "word": "Agent",
          "originalText": "Agent",
          "characterOffsetBegin": 556,
          "characterOffsetEnd": 561,
          "before": "",
          "after": ""
        },
        {
          "index": 2,
          "word": ":",
          "originalText": ":",
          "characterOffsetBegin": 561,
          "characterOffsetEnd": 562,
          "before": "",
          "after": " "
        },
        {
          "index": 3,
          "word": "@",
          "originalText": "@",
          "characterOffsetBegin": 563,
          "characterOffsetEnd": 564,
          "before": " ",
          "after": ""
        },
        {
          "index": 4,
          "word": "323008",
          "originalText": "323008",
          "characterOffsetBegin": 564,
          "characterOffsetEnd": 570,
          "before": "",
          "after": " "
        },
        {
          "index": 5,
          "word": "Thanks",
          "originalText": "Thanks",
          "characterOffsetBegin": 571,
          "characterOffsetEnd": 577,
          "before": " ",
          "after": " "
        },
        {
          "index": 6,
          "word": "for",
          "originalText": "for",
          "characterOffsetBegin": 578,
          "characterOffsetEnd": 581,
          "before": " ",
          "after": " "
        },
        {
          "index": 7,
          "word": "trying",
          "originalText": "trying",
          "characterOffsetBegin": 582,
          "characterOffsetEnd": 588,
          "before": " ",
          "after": " "
        },
        {
          "index": 8,
          "word": "that",
          "originalText": "that",
          "characterOffsetBegin": 589,
          "characterOffsetEnd": 593,
          "before": " ",
          "after": ""
        },
        {
          "index": 9,
          "word": ".",
          "originalText": ".",
          "characterOffsetBegin": 593,
          "characterOffsetEnd": 594,
          "before": "",
          "after": ""
        }
      ]
    },
    {
      "index": 9,
      "tokens": [
        {
          "index": 1,
          "word": "Please",
          "originalText": "Please",
          "characterOffsetBegin": 596,
          "characterOffsetEnd": 602,
          "before": "",
          "after": " "
        },
        {
          "index": 2,
          "word": "make",
          "originalText": "make",
          "characterOffsetBegin": 603,
          "characterOffsetEnd": 607,
          "before": " ",
          "after": " "
        },
        {
          "index": 3,
          "word": "sure",
          "originalText": "sure",
          "characterOffsetBegin": 608,
          "characterOffsetEnd": 612,
          "before": " ",
          "after": " "
        },
        {
          "index": 4,
          "word": "you",
          "originalText": "you",
          "characterOffsetBegin": 613,
          "characterOffsetEnd": 616,
          "before": " ",
          "after": " "
        },
        {
          "index": 5,
          "word": "are",
          "originalText": "are",
          "characterOffsetBegin": 617,
          "characterOffsetEnd": 620,
          "before": " ",
          "after": " "
        },
        {
          "index": 6,
          "word": "following",
          "originalText": "following",
          "characterOffsetBegin": 621,
          "characterOffsetEnd": 630,
          "before": " ",
          "after": " "
        },
        {
          "index": 7,
          "word": "us",
          "originalText": "us",
          "characterOffsetBegin": 631,
          "characterOffsetEnd": 633,
          "before": " ",
          "after": ""
        },
        {
          "index": 8,
          "word": ",",
          "originalText": ",",
          "characterOffsetBegin": 633,
          "characterOffsetEnd": 634,
          "before": "",
          "after": " "
        },
        {
          "index": 9,
          "word": "so",
          "originalText": "so",
          "characterOffsetBegin": 635,
          "characterOffsetEnd": 637,
          "before": " ",
          "after": " "
        },
        {
          "index": 10,
          "word": "we",
          "originalText": "we",
          "characterOffsetBegin": 638,
          "characterOffsetEnd": 640,
          "before": " ",
          "after": " "
        },
        {
          "index": 11,
          "word": "can",
          "originalText": "can",
          "characterOffsetBegin": 641,
          "characterOffsetEnd": 644,
          "before": " ",
          "after": " "
        },
        {
          "index": 12,
          "word": "assist",
          "originalText": "assist",
          "characterOffsetBegin": 645,
          "characterOffsetEnd": 651,
          "before": " ",
          "after": " "
        },
        {
          "index": 13,
          "word": "you",
          "originalText": "you",
          "characterOffsetBegin": 652,
          "characterOffsetEnd": 655,
          "before": " ",
          "after": " "
        },
        {
          "index": 14,
          "word": "better",
          "originalText": "better",
          "characterOffsetBegin": 656,
          "characterOffsetEnd": 662,
          "before": " ",
          "after": " "
        },
        {
          "index": 15,
          "word": "via",
          "originalText": "via",
          "characterOffsetBegin": 663,
          "characterOffsetEnd": 666,
          "before": " ",
          "after": " "
        },
        {
          "index": 16,
          "word": "a",
          "originalText": "a",
          "characterOffsetBegin": 667,
          "characterOffsetEnd": 668,
          "before": " ",
          "after": " "
        },
        {
          "index": 17,
          "word": "Direct",
          "originalText": "Direct",
          "characterOffsetBegin": 669,
          "characterOffsetEnd": 675,
          "before": " ",
          "after": " "
        },
        {
          "index": 18,
          "word": "Message",
          "originalText": "Message",
          "characterOffsetBegin": 676,
          "characterOffsetEnd": 683,
          "before": " ",
          "after": ""
        },
        {
          "index": 19,
          "word": ".",
          "originalText": ".",
          "characterOffsetBegin": 683,
          "characterOffsetEnd": 684,
          "before": "",
          "after": ""
        }
      ]
    },
    {
      "index": 10,
      "tokens": [
        {
          "index": 1,
          "word": "Customer",
          "originalText": "Customer",
          "characterOffsetBegin": 686,
          "characterOffsetEnd": 694,
          "before": "",
          "after": ""
        },
        {
          "index": 2,
          "word": ":",
          "originalText": ":",
          "characterOffsetBegin": 694,
          "characterOffsetEnd": 695,
          "before": "",
          "after": " "
        },
        {
          "index": 3,
          "word": "@AskPlayStation",
          "originalText": "@AskPlayStation",
          "characterOffsetBegin": 696,
          "characterOffsetEnd": 711,
          "before": " ",
          "after": " "
        },
        {
          "index": 4,
          "word": "Just",
          "originalText": "Just",
          "characterOffsetBegin": 712,
          "characterOffsetEnd": 716,
          "before": " ",
          "after": " "
        },
        {
          "index": 5,
          "word": "followed",
          "originalText": "followed",
          "characterOffsetBegin": 717,
          "characterOffsetEnd": 725,
          "before": " ",
          "after": " "
        },
        {
          "index": 6,
          "word": "you",
          "originalText": "you",
          "characterOffsetBegin": 726,
          "characterOffsetEnd": 729,
          "before": " ",
          "after": " "
        },
        {
          "index": 7,
          "word": "still",
          "originalText": "still",
          "characterOffsetBegin": 730,
          "characterOffsetEnd": 735,
          "before": " ",
          "after": " "
        },
        {
          "index": 8,
          "word": "trying",
          "originalText": "trying",
          "characterOffsetBegin": 736,
          "characterOffsetEnd": 742,
          "before": " ",
          "after": " "
        },
        {
          "index": 9,
          "word": "it",
          "originalText": "it",
          "characterOffsetBegin": 743,
          "characterOffsetEnd": 745,
          "before": " ",
          "after": ""
        },
        {
          "index": 10,
          "word": "'s",
          "originalText": "’s",
          "characterOffsetBegin": 745,
          "characterOffsetEnd": 747,
          "before": "",
          "after": " "
        },
        {
          "index": 11,
          "word": "not",
          "originalText": "not",
          "characterOffsetBegin": 748,
          "characterOffsetEnd": 751,
          "before": " ",
          "after": " "
        },
        {
          "index": 12,
          "word": "working",
          "originalText": "working",
          "characterOffsetBegin": 752,
          "characterOffsetEnd": 759,
          "before": " ",
          "after": " "
        },
        {
          "index": 13,
          "word": "though",
          "originalText": "though",
          "characterOffsetBegin": 760,
          "characterOffsetEnd": 766,
          "before": " ",
          "after": ""
        }
      ]
    },
    {
      "index": 11,
      "tokens": [
        {
          "index": 1,
          "word": "Agent",
          "originalText": "Agent",
          "characterOffsetBegin": 768,
          "characterOffsetEnd": 773,
          "before": "",
          "after": ""
        },
        {
          "index": 2,
          "word": ":",
          "originalText": ":",
          "characterOffsetBegin": 773,
          "characterOffsetEnd": 774,
          "before": "",
          "after": " "
        },
        {
          "index": 3,
          "word": "@",
          "originalText": "@",
          "characterOffsetBegin": 775,
          "characterOffsetEnd": 776,
          "before": " ",
          "after": ""
        },
        {
          "index": 4,
          "word": "323008",
          "originalText": "323008",
          "characterOffsetBegin": 776,
          "characterOffsetEnd": 782,
          "before": "",
          "after": " "
        },
        {
          "index": 5,
          "word": "Thanks",
          "originalText": "Thanks",
          "characterOffsetBegin": 783,
          "characterOffsetEnd": 789,
          "before": " ",
          "after": " "
        },
        {
          "index": 6,
          "word": "for",
          "originalText": "for",
          "characterOffsetBegin": 790,
          "characterOffsetEnd": 793,
          "before": " ",
          "after": " "
        },
        {
          "index": 7,
          "word": "the",
          "originalText": "the",
          "characterOffsetBegin": 794,
          "characterOffsetEnd": 797,
          "before": " ",
          "after": " "
        },
        {
          "index": 8,
          "word": "follow",
          "originalText": "follow",
          "characterOffsetBegin": 798,
          "characterOffsetEnd": 804,
          "before": " ",
          "after": ""
        },
        {
          "index": 9,
          "word": ".",
          "originalText": ".",
          "characterOffsetBegin": 804,
          "characterOffsetEnd": 805,
          "before": "",
          "after": ""
        }
      ]
    },
    {
      "index": 12,
      "tokens": [
        {
          "index": 1,
          "word": "Please",
          "originalText": "Please",
          "characterOffsetBegin": 807,
          "characterOffsetEnd": 813,
          "before": "",
          "after": " "
        },
        {
          "index": 2,
          "word": "check",
          "originalText": "check",
          "characterOffsetBegin": 814,
          "characterOffsetEnd": 819,
          "before": " ",
          "after": " "
        },
        {
          "index": 3,
          "word": "your",
          "originalText": "your",
          "characterOffsetBegin": 820,
          "characterOffsetEnd": 824,
          "before": " ",
          "after": " "
        },
        {
          "index": 4,
          "word": "DM",
          "originalText": "DM",
          "characterOffsetBegin": 825,
          "characterOffsetEnd": 827,
          "before": " ",
          "after": ""
        },
        {
          "index": 5,
          "word": "'s",
          "originalText": "'s",
          "characterOffsetBegin": 827,
          "characterOffsetEnd": 829,
          "before": "",
          "after": " "
        },
        {
          "index": 6,
          "word": "for",
          "originalText": "for",
          "characterOffsetBegin": 830,
          "characterOffsetEnd": 833,
          "before": " ",
          "after": " "
        },
        {
          "index": 7,
          "word": "further",
          "originalText": "further",
          "characterOffsetBegin": 834,
          "characterOffsetEnd": 841,
          "before": " ",
          "after": " "
        },
        {
          "index": 8,
          "word": "instructions",
          "originalText": "instructions",
          "characterOffsetBegin": 842,
          "characterOffsetEnd": 854,
          "before": " ",
          "after": ""
        },
        {
          "index": 9,
          "word": ".",
          "originalText": ".",
          "characterOffsetBegin": 854,
          "characterOffsetEnd": 855,
          "before": "",
          "after": ""
        }
      ]
    },
    {
      "index": 13,
      "tokens": [
        {
          "index": 1,
          "word": "@highlight",
          "originalText": "@highlight",
          "characterOffsetBegin": 857,
          "characterOffsetEnd": 867,
          "before": "",
          "after": ""
        }
      ]
    },
    {
      "index": 14,
      "tokens": [
        {
          "index": 1,
          "word": "Customer",
          "originalText": "Customer",
          "characterOffsetBegin": 869,
          "characterOffsetEnd": 877,
          "before": "",
          "after": ""
        },
        {
          "index": 2,
          "word": ":",
          "originalText": ":",
          "characterOffsetBegin": 877,
          "characterOffsetEnd": 878,
          "before": "",
          "after": " "
        },
        {
          "index": 3,
          "word": "@AskPlayStation",
          "originalText": "@AskPlayStation",
          "characterOffsetBegin": 879,
          "characterOffsetEnd": 894,
          "before": " ",
          "after": " "
        },
        {
          "index": 4,
          "word": "I",
          "originalText": "I",
          "characterOffsetBegin": 895,
          "characterOffsetEnd": 896,
          "before": " ",
          "after": " "
        },
        {
          "index": 5,
          "word": "have",
          "originalText": "have",
          "characterOffsetBegin": 897,
          "characterOffsetEnd": 901,
          "before": " ",
          "after": " "
        },
        {
          "index": 6,
          "word": "being",
          "originalText": "being",
          "characterOffsetBegin": 902,
          "characterOffsetEnd": 907,
          "before": " ",
          "after": " "
        },
        {
          "index": 7,
          "word": "trying",
          "originalText": "trying",
          "characterOffsetBegin": 908,
          "characterOffsetEnd": 914,
          "before": " ",
          "after": " "
        },
        {
          "index": 8,
          "word": "to",
          "originalText": "to",
          "characterOffsetBegin": 915,
          "characterOffsetEnd": 917,
          "before": " ",
          "after": " "
        },
        {
          "index": 9,
          "word": "purchase",
          "originalText": "purchase",
          "characterOffsetBegin": 918,
          "characterOffsetEnd": 926,
          "before": " ",
          "after": " "
        },
        {
          "index": 10,
          "word": "Call",
          "originalText": "Call",
          "characterOffsetBegin": 927,
          "characterOffsetEnd": 931,
          "before": " ",
          "after": " "
        },
        {
          "index": 11,
          "word": "Of",
          "originalText": "Of",
          "characterOffsetBegin": 932,
          "characterOffsetEnd": 934,
          "before": " ",
          "after": " "
        },
        {
          "index": 12,
          "word": "Duty",
          "originalText": "Duty",
          "characterOffsetBegin": 935,
          "characterOffsetEnd": 939,
          "before": " ",
          "after": " "
        },
        {
          "index": 13,
          "word": "WW2",
          "originalText": "WW2",
          "characterOffsetBegin": 940,
          "characterOffsetEnd": 943,
          "before": " ",
          "after": " "
        },
        {
          "index": 14,
          "word": "since",
          "originalText": "since",
          "characterOffsetBegin": 944,
          "characterOffsetEnd": 949,
          "before": " ",
          "after": " "
        },
        {
          "index": 15,
          "word": "yesterday",
          "originalText": "yesterday",
          "characterOffsetBegin": 950,
          "characterOffsetEnd": 959,
          "before": " ",
          "after": ""
        },
        {
          "index": 16,
          "word": ",",
          "originalText": ",",
          "characterOffsetBegin": 959,
          "characterOffsetEnd": 960,
          "before": "",
          "after": " "
        },
        {
          "index": 17,
          "word": "my",
          "originalText": "my",
          "characterOffsetBegin": 961,
          "characterOffsetEnd": 963,
          "before": " ",
          "after": " "
        },
        {
          "index": 18,
          "word": "credit",
          "originalText": "credit",
          "characterOffsetBegin": 964,
          "characterOffsetEnd": 970,
          "before": " ",
          "after": " "
        },
        {
          "index": 19,
          "word": "card",
          "originalText": "card",
          "characterOffsetBegin": 971,
          "characterOffsetEnd": 975,
          "before": " ",
          "after": " "
        },
        {
          "index": 20,
          "word": "and",
          "originalText": "and",
          "characterOffsetBegin": 976,
          "characterOffsetEnd": 979,
          "before": " ",
          "after": " "
        },
        {
          "index": 21,
          "word": "PayPal",
          "originalText": "PayPal",
          "characterOffsetBegin": 980,
          "characterOffsetEnd": 986,
          "before": " ",
          "after": " "
        },
        {
          "index": 22,
          "word": "keeps",
          "originalText": "keeps",
          "characterOffsetBegin": 987,
          "characterOffsetEnd": 992,
          "before": " ",
          "after": " "
        },
        {
          "index": 23,
          "word": "coming",
          "originalText": "coming",
          "characterOffsetBegin": 993,
          "characterOffsetEnd": 999,
          "before": " ",
          "after": " "
        },
        {
          "index": 24,
          "word": "up",
          "originalText": "up",
          "characterOffsetBegin": 1000,
          "characterOffsetEnd": 1002,
          "before": " ",
          "after": " "
        },
        {
          "index": 25,
          "word": "invalid",
          "originalText": "invalid",
          "characterOffsetBegin": 1003,
          "characterOffsetEnd": 1010,
          "before": " ",
          "after": ""
        }
      ]
    },
    {
      "index": 15,
      "tokens": [
        {
          "index": 1,
          "word": "@highlight",
          "originalText": "@highlight",
          "characterOffsetBegin": 1012,
          "characterOffsetEnd": 1022,
          "before": "",
          "after": ""
        }
      ]
    },
    {
      "index": 16,
      "tokens": [
        {
          "index": 1,
          "word": "@AskPlayStation",
          "originalText": "@AskPlayStation",
          "characterOffsetBegin": 1024,
          "characterOffsetEnd": 1039,
          "before": "",
          "after": " "
        },
        {
          "index": 2,
          "word": "Removed",
          "originalText": "Removed",
          "characterOffsetBegin": 1040,
          "characterOffsetEnd": 1047,
          "before": " ",
          "after": " "
        },
        {
          "index": 3,
          "word": "it",
          "originalText": "it",
          "characterOffsetBegin": 1048,
          "characterOffsetEnd": 1050,
          "before": " ",
          "after": " "
        },
        {
          "index": 4,
          "word": "and",
          "originalText": "and",
          "characterOffsetBegin": 1051,
          "characterOffsetEnd": 1054,
          "before": " ",
          "after": " "
        },
        {
          "index": 5,
          "word": "put",
          "originalText": "put",
          "characterOffsetBegin": 1055,
          "characterOffsetEnd": 1058,
          "before": " ",
          "after": " "
        },
        {
          "index": 6,
          "word": "in",
          "originalText": "in",
          "characterOffsetBegin": 1059,
          "characterOffsetEnd": 1061,
          "before": " ",
          "after": " "
        },
        {
          "index": 7,
          "word": "back",
          "originalText": "back",
          "characterOffsetBegin": 1062,
          "characterOffsetEnd": 1066,
          "before": " ",
          "after": " "
        },
        {
          "index": 8,
          "word": "in",
          "originalText": "in",
          "characterOffsetBegin": 1067,
          "characterOffsetEnd": 1069,
          "before": " ",
          "after": " "
        },
        {
          "index": 9,
          "word": "card",
          "originalText": "card",
          "characterOffsetBegin": 1070,
          "characterOffsetEnd": 1074,
          "before": " ",
          "after": " "
        },
        {
          "index": 10,
          "word": "and",
          "originalText": "and",
          "characterOffsetBegin": 1075,
          "characterOffsetEnd": 1078,
          "before": " ",
          "after": " "
        },
        {
          "index": 11,
          "word": "PayPal",
          "originalText": "PayPal",
          "characterOffsetBegin": 1079,
          "characterOffsetEnd": 1085,
          "before": " ",
          "after": " "
        },
        {
          "index": 12,
          "word": "still",
          "originalText": "still",
          "characterOffsetBegin": 1086,
          "characterOffsetEnd": 1091,
          "before": " ",
          "after": " "
        },
        {
          "index": 13,
          "word": "got",
          "originalText": "got",
          "characterOffsetBegin": 1092,
          "characterOffsetEnd": 1095,
          "before": " ",
          "after": " "
        },
        {
          "index": 14,
          "word": "invalid",
          "originalText": "invalid",
          "characterOffsetBegin": 1096,
          "characterOffsetEnd": 1103,
          "before": " ",
          "after": " "
        },
        {
          "index": 15,
          "word": "message",
          "originalText": "message",
          "characterOffsetBegin": 1104,
          "characterOffsetEnd": 1111,
          "before": " ",
          "after": ""
        }
      ]
    },
    {
      "index": 17,
      "tokens": [
        {
          "index": 1,
          "word": "@highlight",
          "originalText": "@highlight",
          "characterOffsetBegin": 1113,
          "characterOffsetEnd": 1123,
          "before": "",
          "after": ""
        }
      ]
    },
    {
      "index": 18,
      "tokens": [
        {
          "index": 1,
          "word": "@AskPlayStation",
          "originalText": "@AskPlayStation",
          "characterOffsetBegin": 1125,
          "characterOffsetEnd": 1140,
          "before": "",
          "after": " "
        },
        {
          "index": 2,
          "word": "Just",
          "originalText": "Just",
          "characterOffsetBegin": 1141,
          "characterOffsetEnd": 1145,
          "before": " ",
          "after": " "
        },
        {
          "index": 3,
          "word": "followed",
          "originalText": "followed",
          "characterOffsetBegin": 1146,
          "characterOffsetEnd": 1154,
          "before": " ",
          "after": " "
        },
        {
          "index": 4,
          "word": "you",
          "originalText": "you",
          "characterOffsetBegin": 1155,
          "characterOffsetEnd": 1158,
          "before": " ",
          "after": " "
        },
        {
          "index": 5,
          "word": "still",
          "originalText": "still",
          "characterOffsetBegin": 1159,
          "characterOffsetEnd": 1164,
          "before": " ",
          "after": " "
        },
        {
          "index": 6,
          "word": "trying",
          "originalText": "trying",
          "characterOffsetBegin": 1165,
          "characterOffsetEnd": 1171,
          "before": " ",
          "after": " "
        },
        {
          "index": 7,
          "word": "it",
          "originalText": "it",
          "characterOffsetBegin": 1172,
          "characterOffsetEnd": 1174,
          "before": " ",
          "after": ""
        },
        {
          "index": 8,
          "word": "'s",
          "originalText": "’s",
          "characterOffsetBegin": 1174,
          "characterOffsetEnd": 1176,
          "before": "",
          "after": " "
        },
        {
          "index": 9,
          "word": "not",
          "originalText": "not",
          "characterOffsetBegin": 1177,
          "characterOffsetEnd": 1180,
          "before": " ",
          "after": " "
        },
        {
          "index": 10,
          "word": "working",
          "originalText": "working",
          "characterOffsetBegin": 1181,
          "characterOffsetEnd": 1188,
          "before": " ",
          "after": " "
        },
        {
          "index": 11,
          "word": "though",
          "originalText": "though",
          "characterOffsetBegin": 1189,
          "characterOffsetEnd": 1195,
          "before": " ",
          "after": ""
        }
      ]
    },
    {
      "index": 19,
      "tokens": [
        {
          "index": 1,
          "word": "@highlight",
          "originalText": "@highlight",
          "characterOffsetBegin": 1197,
          "characterOffsetEnd": 1207,
          "before": "",
          "after": ""
        }
      ]
    },
    {
      "index": 20,
      "tokens": [
        {
          "index": 1,
          "word": "Agent",
          "originalText": "Agent",
          "characterOffsetBegin": 1209,
          "characterOffsetEnd": 1214,
          "before": "",
          "after": ""
        },
        {
          "index": 2,
          "word": ":",
          "originalText": ":",
          "characterOffsetBegin": 1214,
          "characterOffsetEnd": 1215,
          "before": "",
          "after": " "
        },
        {
          "index": 3,
          "word": "Try",
          "originalText": "Try",
          "characterOffsetBegin": 1216,
          "characterOffsetEnd": 1219,
          "before": " ",
          "after": " "
        },
        {
          "index": 4,
          "word": "making",
          "originalText": "making",
          "characterOffsetBegin": 1220,
          "characterOffsetEnd": 1226,
          "before": " ",
          "after": " "
        },
        {
          "index": 5,
          "word": "the",
          "originalText": "the",
          "characterOffsetBegin": 1227,
          "characterOffsetEnd": 1230,
          "before": " ",
          "after": " "
        },
        {
          "index": 6,
          "word": "purchase",
          "originalText": "purchase",
          "characterOffsetBegin": 1231,
          "characterOffsetEnd": 1239,
          "before": " ",
          "after": " "
        },
        {
          "index": 7,
          "word": "via",
          "originalText": "via",
          "characterOffsetBegin": 1240,
          "characterOffsetEnd": 1243,
          "before": " ",
          "after": " "
        },
        {
          "index": 8,
          "word": "PC",
          "originalText": "PC",
          "characterOffsetBegin": 1244,
          "characterOffsetEnd": 1246,
          "before": " ",
          "after": ""
        },
        {
          "index": 9,
          "word": ":",
          "originalText": ":",
          "characterOffsetBegin": 1246,
          "characterOffsetEnd": 1247,
          "before": "",
          "after": " "
        },
        {
          "index": 10,
          "word": "https://t.co/qiQQSTNCQc",
          "originalText": "https://t.co/qiQQSTNCQc",
          "characterOffsetBegin": 1248,
          "characterOffsetEnd": 1271,
          "before": " ",
          "after": " "
        },
        {
          "index": 11,
          "word": "Keep",
          "originalText": "Keep",
          "characterOffsetBegin": 1272,
          "characterOffsetEnd": 1276,
          "before": " ",
          "after": " "
        },
        {
          "index": 12,
          "word": "us",
          "originalText": "us",
          "characterOffsetBegin": 1277,
          "characterOffsetEnd": 1279,
          "before": " ",
          "after": " "
        },
        {
          "index": 13,
          "word": "posted",
          "originalText": "posted",
          "characterOffsetBegin": 1280,
          "characterOffsetEnd": 1286,
          "before": " ",
          "after": ""
        },
        {
          "index": 14,
          "word": "!",
          "originalText": "!",
          "characterOffsetBegin": 1286,
          "characterOffsetEnd": 1287,
          "before": "",
          "after": ""
        }
      ]
    },
    {
      "index": 21,
      "tokens": [
        {
          "index": 1,
          "word": "@highlight",
          "originalText": "@highlight",
          "characterOffsetBegin": 1289,
          "characterOffsetEnd": 1299,
          "before": "",
          "after": ""
        }
      ]
    },
    {
      "index": 22,
      "tokens": [
        {
          "index": 1,
          "word": "@",
          "originalText": "@",
          "characterOffsetBegin": 1301,
          "characterOffsetEnd": 1302,
          "before": "",
          "after": ""
        },
        {
          "index": 2,
          "word": "323008",
          "originalText": "323008",
          "characterOffsetBegin": 1302,
          "characterOffsetEnd": 1308,
          "before": "",
          "after": " "
        },
        {
          "index": 3,
          "word": "Have",
          "originalText": "Have",
          "characterOffsetBegin": 1309,
          "characterOffsetEnd": 1313,
          "before": " ",
          "after": " "
        },
        {
          "index": 4,
          "word": "you",
          "originalText": "you",
          "characterOffsetBegin": 1314,
          "characterOffsetEnd": 1317,
          "before": " ",
          "after": " "
        },
        {
          "index": 5,
          "word": "tried",
          "originalText": "tried",
          "characterOffsetBegin": 1318,
          "characterOffsetEnd": 1323,
          "before": " ",
          "after": " "
        },
        {
          "index": 6,
          "word": "deleting",
          "originalText": "deleting",
          "characterOffsetBegin": 1324,
          "characterOffsetEnd": 1332,
          "before": " ",
          "after": " "
        },
        {
          "index": 7,
          "word": "the",
          "originalText": "the",
          "characterOffsetBegin": 1333,
          "characterOffsetEnd": 1336,
          "before": " ",
          "after": " "
        },
        {
          "index": 8,
          "word": "card",
          "originalText": "card",
          "characterOffsetBegin": 1337,
          "characterOffsetEnd": 1341,
          "before": " ",
          "after": " "
        },
        {
          "index": 9,
          "word": "from",
          "originalText": "from",
          "characterOffsetBegin": 1342,
          "characterOffsetEnd": 1346,
          "before": " ",
          "after": " "
        },
        {
          "index": 10,
          "word": "the",
          "originalText": "the",
          "characterOffsetBegin": 1347,
          "characterOffsetEnd": 1350,
          "before": " ",
          "after": " "
        },
        {
          "index": 11,
          "word": "account",
          "originalText": "account",
          "characterOffsetBegin": 1351,
          "characterOffsetEnd": 1358,
          "before": " ",
          "after": " "
        },
        {
          "index": 12,
          "word": "just",
          "originalText": "just",
          "characterOffsetBegin": 1359,
          "characterOffsetEnd": 1363,
          "before": " ",
          "after": " "
        },
        {
          "index": 13,
          "word": "to",
          "originalText": "to",
          "characterOffsetBegin": 1364,
          "characterOffsetEnd": 1366,
          "before": " ",
          "after": " "
        },
        {
          "index": 14,
          "word": "make",
          "originalText": "make",
          "characterOffsetBegin": 1367,
          "characterOffsetEnd": 1371,
          "before": " ",
          "after": " "
        },
        {
          "index": 15,
          "word": "the",
          "originalText": "the",
          "characterOffsetBegin": 1372,
          "characterOffsetEnd": 1375,
          "before": " ",
          "after": " "
        },
        {
          "index": 16,
          "word": "purchase",
          "originalText": "purchase",
          "characterOffsetBegin": 1376,
          "characterOffsetEnd": 1384,
          "before": " ",
          "after": ""
        },
        {
          "index": 17,
          "word": "?",
          "originalText": "?",
          "characterOffsetBegin": 1384,
          "characterOffsetEnd": 1385,
          "before": "",
          "after": ""
        }
      ]
    }
  ]
}