{
  "sentences": [
    {
      "index": 0,
      "tokens": [
        {
          "index": 1,
          "word": "Customer",
          "originalText": "Customer",
          "characterOffsetBegin": 0,
          "characterOffsetEnd": 8,
          "before": "",
          "after": ""
        },
        {
          "index": 2,
          "word": ":",
          "originalText": ":",
          "characterOffsetBegin": 8,
          "characterOffsetEnd": 9,
          "before": "",
          "after": " "
        },
        {
          "index": 3,
          "word": "@AdobeCare",
          "originalText": "@AdobeCare",
          "characterOffsetBegin": 10,
          "characterOffsetEnd": 20,
          "before": " ",
          "after": " "
        },
        {
          "index": 4,
          "word": "I",
          "originalText": "I",
          "characterOffsetBegin": 21,
          "characterOffsetEnd": 22,
          "before": " ",
          "after": " "
        },
        {
          "index": 5,
          "word": "tried",
          "originalText": "tried",
          "characterOffsetBegin": 23,
          "characterOffsetEnd": 28,
          "before": " ",
          "after": " "
        },
        {
          "index": 6,
          "word": "to",
          "originalText": "to",
          "characterOffsetBegin": 29,
          "characterOffsetEnd": 31,
          "before": " ",
          "after": " "
        },
        {
          "index": 7,
          "word": "utilize",
          "originalText": "utilize",
          "characterOffsetBegin": 32,
          "characterOffsetEnd": 39,
          "before": " ",
          "after": " "
        },
        {
          "index": 8,
          "word": "the",
          "originalText": "the",
          "characterOffsetBegin": 40,
          "characterOffsetEnd": 43,
          "before": " ",
          "after": " "
        },
        {
          "index": 9,
          "word": "trial",
          "originalText": "trial",
          "characterOffsetBegin": 44,
          "characterOffsetEnd": 49,
          "before": " ",
          "after": " "
        },
        {
          "index": 10,
          "word": "period",
          "originalText": "period",
          "characterOffsetBegin": 50,
          "characterOffsetEnd": 56,
          "before": " ",
          "after": " "
        },
        {
          "index": 11,
          "word": "for",
          "originalText": "for",
          "characterOffsetBegin": 57,
          "characterOffsetEnd": 60,
          "before": " ",
          "after": " "
        },
        {
          "index": 12,
          "word": "Creative",
          "originalText": "Creative",
          "characterOffsetBegin": 61,
          "characterOffsetEnd": 69,
          "before": " ",
          "after": " "
        },
        {
          "index": 13,
          "word": "Suite",
          "originalText": "Suite",
          "characterOffsetBegin": 70,
          "characterOffsetEnd": 75,
          "before": " ",
          "after": ""
        },
        {
          "index": 14,
          "word": ",",
          "originalText": ",",
          "characterOffsetBegin": 75,
          "characterOffsetEnd": 76,
          "before": "",
          "after": " "
        },
        {
          "index": 15,
          "word": "but",
          "originalText": "but",
          "characterOffsetBegin": 77,
          "characterOffsetEnd": 80,
          "before": " ",
          "after": " "
        },
        {
          "index": 16,
          "word": "got",
          "originalText": "got",
          "characterOffsetBegin": 81,
          "characterOffsetEnd": 84,
          "before": " ",
          "after": " "
        },
        {
          "index": 17,
          "word": "sick",
          "originalText": "sick",
          "characterOffsetBegin": 85,
          "characterOffsetEnd": 89,
          "before": " ",
          "after": " "
        },
        {
          "index": 18,
          "word": "and",
          "originalText": "and",
          "characterOffsetBegin": 90,
          "characterOffsetEnd": 93,
          "before": " ",
          "after": " "
        },
        {
          "index": 19,
          "word": "could",
          "originalText": "could",
          "characterOffsetBegin": 94,
          "characterOffsetEnd": 99,
          "before": " ",
          "after": ""
        },
        {
          "index": 20,
          "word": "n't",
          "originalText": "n't",
          "characterOffsetBegin": 99,
          "characterOffsetEnd": 102,
          "before": "",
          "after": " "
        },
        {
          "index": 21,
          "word": "do",
          "originalText": "do",
          "characterOffsetBegin": 103,
          "characterOffsetEnd": 105,
          "before": " ",
          "after": " "
        },
        {
          "index": 22,
          "word": "so",
          "originalText": "so",
          "characterOffsetBegin": 106,
          "characterOffsetEnd": 108,
          "before": " ",
          "after": ""
        },
        {
          "index": 23,
          "word": ".",
          "originalText": ".",
          "characterOffsetBegin": 108,
          "characterOffsetEnd": 109,
          "before": "",
          "after": ""
        }
      ]
    },
    {
      "index": 1,
      "tokens": [
        {
          "index": 1,
          "word": "Is",
          "originalText": "Is",
          "characterOffsetBegin": 111,
          "characterOffsetEnd": 113,
          "before": "",
          "after": " "
        },
        {
          "index": 2,
          "word": "there",
          "originalText": "there",
          "characterOffsetBegin": 114,
          "characterOffsetEnd": 119,
          "before": " ",
          "after": " "
        },
        {
          "index": 3,
          "word": "any",
          "originalText": "any",
          "characterOffsetBegin": 120,
          "characterOffsetEnd": 123,
          "before": " ",
          "after": " "
        },
        {
          "index": 4,
          "word": "way",
          "originalText": "way",
          "characterOffsetBegin": 124,
          "characterOffsetEnd": 127,
          "before": " ",
          "after": " "
        },
        {
          "index": 5,
          "word": "I",
          "originalText": "I",
          "characterOffsetBegin": 128,
          "characterOffsetEnd": 129,
          "before": " ",
          "after": " "
        },
        {
          "index": 6,
          "word": "can",
          "originalText": "can",
          "characterOffsetBegin": 130,
          "characterOffsetEnd": 133,
          "before": " ",
          "after": " "
        },
        {
          "index": 7,
          "word": "have",
          "originalText": "have",
          "characterOffsetBegin": 134,
          "characterOffsetEnd": 138,
          "before": " ",
          "after": " "
        },
        {
          "index": 8,
          "word": "another",
          "originalText": "another",
          "characterOffsetBegin": 139,
          "characterOffsetEnd": 146,
          "before": " ",
          "after": " "
        },
        {
          "index": 9,
          "word": "trial",
          "originalText": "trial",
          "characterOffsetBegin": 147,
          "characterOffsetEnd": 152,
          "before": " ",
          "after": ""
        },
        {
          "index": 10,
          "word": "?",
          "originalText": "?",
          "characterOffsetBegin": 152,
          "characterOffsetEnd": 153,
          "before": "",
          "after": ""
        }
      ]
    },
    {
      "index": 2,
      "tokens": [
        {
          "index": 1,
          "word": "Agent",
          "originalText": "Agent",
          "characterOffsetBegin": 155,
          "characterOffsetEnd": 160,
          "before": "",
          "after": ""
        },
        {
          "index": 2,
          "word": ":",
          "originalText": ":",
          "characterOffsetBegin": 160,
          "characterOffsetEnd": 161,
          "before": "",
          "after": " "
        },
        {
          "index": 3,
          "word": "@",
          "originalText": "@",
          "characterOffsetBegin": 162,
          "characterOffsetEnd": 163,
          "before": " ",
          "after": ""
        },
        {
          "index": 4,
          "word": "159229",
          "originalText": "159229",
          "characterOffsetBegin": 163,
          "characterOffsetEnd": 169,
          "before": "",
          "after": " "
        },
        {
          "index": 5,
          "word": "The",
          "originalText": "The",
          "characterOffsetBegin": 170,
          "characterOffsetEnd": 173,
          "before": " ",
          "after": " "
        },
        {
          "index": 6,
          "word": "trial",
          "originalText": "trial",
          "characterOffsetBegin": 174,
          "characterOffsetEnd": 179,
          "before": " ",
          "after": " "
        },
        {
          "index": 7,
          "word": "for",
          "originalText": "for",
          "characterOffsetBegin": 180,
          "characterOffsetEnd": 183,
          "before": " ",
          "after": " "
        },
        {
          "index": 8,
          "word": "Creative",
          "originalText": "Creative",
          "characterOffsetBegin": 184,
          "characterOffsetEnd": 192,
          "before": " ",
          "after": " "
        },
        {
          "index": 9,
          "word": "cloud",
          "originalText": "cloud",
          "characterOffsetBegin": 193,
          "characterOffsetEnd": 198,
          "before": " ",
          "after": " "
        },
        {
          "index": 10,
          "word": "is",
          "originalText": "is",
          "characterOffsetBegin": 199,
          "characterOffsetEnd": 201,
          "before": " ",
          "after": " "
        },
        {
          "index": 11,
          "word": "for",
          "originalText": "for",
          "characterOffsetBegin": 202,
          "characterOffsetEnd": 205,
          "before": " ",
          "after": " "
        },
        {
          "index": 12,
          "word": "7",
          "originalText": "7",
          "characterOffsetBegin": 206,
          "characterOffsetEnd": 207,
          "before": " ",
          "after": " "
        },
        {
          "index": 13,
          "word": "days",
          "originalText": "days",
          "characterOffsetBegin": 208,
          "characterOffsetEnd": 212,
          "before": " ",
          "after": ""
        },
        {
          "index": 14,
          "word": ".",
          "originalText": ".",
          "characterOffsetBegin": 212,
          "characterOffsetEnd": 213,
          "before": "",
          "after": ""
        }
      ]
    },
    {
      "index": 3,
      "tokens": [
        {
          "index": 1,
          "word": "Have",
          "originalText": "Have",
          "characterOffsetBegin": 215,
          "characterOffsetEnd": 219,
          "before": "",
          "after": " "
        },
        {
          "index": 2,
          "word": "you",
          "originalText": "you",
          "characterOffsetBegin": 220,
          "characterOffsetEnd": 223,
          "before": " ",
          "after": " "
        },
        {
          "index": 3,
          "word": "tried",
          "originalText": "tried",
          "characterOffsetBegin": 224,
          "characterOffsetEnd": 229,
          "before": " ",
          "after": " "
        },
        {
          "index": 4,
          "word": "it",
          "originalText": "it",
          "characterOffsetBegin": 230,
          "characterOffsetEnd": 232,
          "before": " ",
          "after": ""
        },
        {
          "index": 5,
          "word": "?",
          "originalText": "?",
          "characterOffsetBegin": 232,
          "characterOffsetEnd": 233,
          "before": "",
          "after": ""
        }
      ]
    },
    {
      "index": 4,
      "tokens": [
        {
          "index": 1,
          "word": "https://t.co/hOaxLaZuRm",
          "originalText": "https://t.co/hOaxLaZuRm",
          "characterOffsetBegin": 235,
          "characterOffsetEnd": 258,
          "before": "",
          "after": " "
        },
        {
          "index": 2,
          "word": ".",
          "originalText": ".",
          "characterOffsetBegin": 259,
          "characterOffsetEnd": 260,
          "before": " ",
          "after": ""
        }
      ]
    },
    {
      "index": 5,
      "tokens": [
        {
          "index": 1,
          "word": "^",
          "originalText": "^",
          "characterOffsetBegin": 262,
          "characterOffsetEnd": 263,
          "before": "",
          "after": ""
        },
        {
          "index": 2,
          "word": "Raj",
          "originalText": "Raj",
          "characterOffsetBegin": 263,
          "characterOffsetEnd": 266,
          "before": "",
          "after": ""
        }
      ]
    },
    {
      "index": 6,
      "tokens": [
        {
          "index": 1,
          "word": "Customer",
          "originalText": "Customer",
          "characterOffsetBegin": 268,
          "characterOffsetEnd": 276,
          "before": "",
          "after": ""
        },
        {
          "index": 2,
          "word": ":",
          "originalText": ":",
          "characterOffsetBegin": 276,
          "characterOffsetEnd": 277,
          "before": "",
          "after": " "
        },
        {
          "index": 3,
          "word": "@AdobeCare",
          "originalText": "@AdobeCare",
          "characterOffsetBegin": 278,
          "characterOffsetEnd": 288,
          "before": " ",
          "after": " "
        },
        {
          "index": 4,
          "word": "That",
          "originalText": "That",
          "characterOffsetBegin": 289,
          "characterOffsetEnd": 293,
          "before": " ",
          "after": ""
        },
        {
          "index": 5,
          "word": "'s",
          "originalText": "'s",
          "characterOffsetBegin": 293,
          "characterOffsetEnd": 295,
          "before": "",
          "after": " "
        },
        {
          "index": 6,
          "word": "just",
          "originalText": "just",
          "characterOffsetBegin": 296,
          "characterOffsetEnd": 300,
          "before": " ",
          "after": " "
        },
        {
          "index": 7,
          "word": "it",
          "originalText": "it",
          "characterOffsetBegin": 301,
          "characterOffsetEnd": 303,
          "before": " ",
          "after": ""
        },
        {
          "index": 8,
          "word": ",",
          "originalText": ",",
          "characterOffsetBegin": 303,
          "characterOffsetEnd": 304,
          "before": "",
          "after": " "
        },
        {
          "index": 9,
          "word": "I",
          "originalText": "I",
          "characterOffsetBegin": 305,
          "characterOffsetEnd": 306,
          "before": " ",
          "after": " "
        },
        {
          "index": 10,
          "word": "could",
          "originalText": "could",
          "characterOffsetBegin": 307,
          "characterOffsetEnd": 312,
          "before": " ",
          "after": ""
        },
        {
          "index": 11,
          "word": "n't",
          "originalText": "n't",
          "characterOffsetBegin": 312,
          "characterOffsetEnd": 315,
          "before": "",
          "after": " "
        },
        {
          "index": 12,
          "word": "use",
          "originalText": "use",
          "characterOffsetBegin": 316,
          "characterOffsetEnd": 319,
          "before": " ",
          "after": " "
        },
        {
          "index": 13,
          "word": "it",
          "originalText": "it",
          "characterOffsetBegin": 320,
          "characterOffsetEnd": 322,
          "before": " ",
          "after": " "
        },
        {
          "index": 14,
          "word": "before",
          "originalText": "before",
          "characterOffsetBegin": 323,
          "characterOffsetEnd": 329,
          "before": " ",
          "after": " "
        },
        {
          "index": 15,
          "word": "it",
          "originalText": "it",
          "characterOffsetBegin": 330,
          "characterOffsetEnd": 332,
          "before": " ",
          "after": " "
        },
        {
          "index": 16,
          "word": "expired",
          "originalText": "expired",
          "characterOffsetBegin": 333,
          "characterOffsetEnd": 340,
          "before": " ",
          "after": ""
        },
        {
          "index": 17,
          "word": ".",
          "originalText": ".",
          "characterOffsetBegin": 340,
          "characterOffsetEnd": 341,
          "before": "",
          "after": ""
        }
      ]
    },
    {
      "index": 7,
      "tokens": [
        {
          "index": 1,
          "word": "I",
          "originalText": "I",
          "characterOffsetBegin": 343,
          "characterOffsetEnd": 344,
          "before": "",
          "after": ""
        },
        {
          "index": 2,
          "word": "'m",
          "originalText": "'m",
          "characterOffsetBegin": 344,
          "characterOffsetEnd": 346,
          "before": "",
          "after": " "
        },
        {
          "index": 3,
          "word": "also",
          "originalText": "also",
          "characterOffsetBegin": 347,
          "characterOffsetEnd": 351,
          "before": " ",
          "after": " "
        },
        {
          "index": 4,
          "word": "having",
          "originalText": "having",
          "characterOffsetBegin": 352,
          "characterOffsetEnd": 358,
          "before": " ",
          "after": " "
        },
        {
          "index": 5,
          "word": "trouble",
          "originalText": "trouble",
          "characterOffsetBegin": 359,
          "characterOffsetEnd": 366,
          "before": " ",
          "after": " "
        },
        {
          "index": 6,
          "word": "downloading",
          "originalText": "downloading",
          "characterOffsetBegin": 367,
          "characterOffsetEnd": 378,
          "before": " ",
          "after": " "
        },
        {
          "index": 7,
          "word": "Acrobat",
          "originalText": "Acrobat",
          "characterOffsetBegin": 379,
          "characterOffsetEnd": 386,
          "before": " ",
          "after": " "
        },
        {
          "index": 8,
          "word": "back",
          "originalText": "back",
          "characterOffsetBegin": 387,
          "characterOffsetEnd": 391,
          "before": " ",
          "after": " "
        },
        {
          "index": 9,
          "word": "to",
          "originalText": "to",
          "characterOffsetBegin": 392,
          "characterOffsetEnd": 394,
          "before": " ",
          "after": " "
        },
        {
          "index": 10,
          "word": "my",
          "originalText": "my",
          "characterOffsetBegin": 395,
          "characterOffsetEnd": 397,
          "before": " ",
          "after": " "
        },
        {
          "index": 11,
          "word": "hard",
          "originalText": "hard",
          "characterOffsetBegin": 398,
          "characterOffsetEnd": 402,
          "before": " ",
          "after": " "
        },
        {
          "index": 12,
          "word": "drive",
          "originalText": "drive",
          "characterOffsetBegin": 403,
          "characterOffsetEnd": 408,
          "before": " ",
          "after": " "
        },
        {
          "index": 13,
          "word": "on",
          "originalText": "on",
          "characterOffsetBegin": 409,
          "characterOffsetEnd": 411,
          "before": " ",
          "after": " "
        },
        {
          "index": 14,
          "word": "my",
          "originalText": "my",
          "characterOffsetBegin": 412,
          "characterOffsetEnd": 414,
          "before": " ",
          "after": " "
        },
        {
          "index": 15,
          "word": "MacBook",
          "originalText": "MacBook",
          "characterOffsetBegin": 415,
          "characterOffsetEnd": 422,
          "before": " ",
          "after": " "
        },
        {
          "index": 16,
          "word": "Pro",
          "originalText": "Pro",
          "characterOffsetBegin": 423,
          "characterOffsetEnd": 426,
          "before": " ",
          "after": ""
        },
        {
          "index": 17,
          "word": ".",
          "originalText": ".",
          "characterOffsetBegin": 426,
          "characterOffsetEnd": 427,
          "before": "",
          "after": ""
        }
      ]
    },
    {
      "index": 8,
      "tokens": [
        {
          "index": 1,
          "word": "Is",
          "originalText": "Is",
          "characterOffsetBegin": 429,
          "characterOffsetEnd": 431,
          "before": "",
          "after": " "
        },
        {
          "index": 2,
          "word": "it",
          "originalText": "it",
          "characterOffsetBegin": 432,
          "characterOffsetEnd": 434,
          "before": " ",
          "after": " "
        },
        {
          "index": 3,
          "word": "no",
          "originalText": "no",
          "characterOffsetBegin": 435,
          "characterOffsetEnd": 437,
          "before": " ",
          "after": " "
        },
        {
          "index": 4,
          "word": "longer",
          "originalText": "longer",
          "characterOffsetBegin": 438,
          "characterOffsetEnd": 444,
          "before": " ",
          "after": " "
        },
        {
          "index": 5,
          "word": "free",
          "originalText": "free",
          "characterOffsetBegin": 445,
          "characterOffsetEnd": 449,
          "before": " ",
          "after": " "
        },
        {
          "index": 6,
          "word": "even",
          "originalText": "even",
          "characterOffsetBegin": 450,
          "characterOffsetEnd": 454,
          "before": " ",
          "after": " "
        },
        {
          "index": 7,
          "word": "if",
          "originalText": "if",
          "characterOffsetBegin": 455,
          "characterOffsetEnd": 457,
          "before": " ",
          "after": " "
        },
        {
          "index": 8,
          "word": "it",
          "originalText": "it",
          "characterOffsetBegin": 458,
          "characterOffsetEnd": 460,
          "before": " ",
          "after": ""
        },
        {
          "index": 9,
          "word": "'s",
          "originalText": "'s",
          "characterOffsetBegin": 460,
          "characterOffsetEnd": 462,
          "before": "",
          "after": " "
        },
        {
          "index": 10,
          "word": "not",
          "originalText": "not",
          "characterOffsetBegin": 463,
          "characterOffsetEnd": 466,
          "before": " ",
          "after": " "
        },
        {
          "index": 11,
          "word": "the",
          "originalText": "the",
          "characterOffsetBegin": 467,
          "characterOffsetEnd": 470,
          "before": " ",
          "after": " "
        },
        {
          "index": 12,
          "word": "Pro",
          "originalText": "Pro",
          "characterOffsetBegin": 471,
          "characterOffsetEnd": 474,
          "before": " ",
          "after": " "
        },
        {
          "index": 13,
          "word": "version",
          "originalText": "version",
          "characterOffsetBegin": 475,
          "characterOffsetEnd": 482,
          "before": " ",
          "after": ""
        },
        {
          "index": 14,
          "word": "?",
          "originalText": "?",
          "characterOffsetBegin": 482,
          "characterOffsetEnd": 483,
          "before": "",
          "after": ""
        }
      ]
    },
    {
      "index": 9,
      "tokens": [
        {
          "index": 1,
          "word": "Agent",
          "originalText": "Agent",
          "characterOffsetBegin": 485,
          "characterOffsetEnd": 490,
          "before": "",
          "after": ""
        },
        {
          "index": 2,
          "word": ":",
          "originalText": ":",
          "characterOffsetBegin": 490,
          "characterOffsetEnd": 491,
          "before": "",
          "after": " "
        },
        {
          "index": 3,
          "word": "@",
          "originalText": "@",
          "characterOffsetBegin": 492,
          "characterOffsetEnd": 493,
          "before": " ",
          "after": ""
        },
        {
          "index": 4,
          "word": "159229",
          "originalText": "159229",
          "characterOffsetBegin": 493,
          "characterOffsetEnd": 499,
          "before": "",
          "after": " "
        },
        {
          "index": 5,
          "word": "We",
          "originalText": "We",
          "characterOffsetBegin": 500,
          "characterOffsetEnd": 502,
          "before": " ",
          "after": " "
        },
        {
          "index": 6,
          "word": "have",
          "originalText": "have",
          "characterOffsetBegin": 503,
          "characterOffsetEnd": 507,
          "before": " ",
          "after": " "
        },
        {
          "index": 7,
          "word": "the",
          "originalText": "the",
          "characterOffsetBegin": 508,
          "characterOffsetEnd": 511,
          "before": " ",
          "after": " "
        },
        {
          "index": 8,
          "word": "trial",
          "originalText": "trial",
          "characterOffsetBegin": 512,
          "characterOffsetEnd": 517,
          "before": " ",
          "after": " "
        },
        {
          "index": 9,
          "word": "only",
          "originalText": "only",
          "characterOffsetBegin": 518,
          "characterOffsetEnd": 522,
          "before": " ",
          "after": " "
        },
        {
          "index": 10,
          "word": "for",
          "originalText": "for",
          "characterOffsetBegin": 523,
          "characterOffsetEnd": 526,
          "before": " ",
          "after": " "
        },
        {
          "index": 11,
          "word": "7",
          "originalText": "7",
          "characterOffsetBegin": 527,
          "characterOffsetEnd": 528,
          "before": " ",
          "after": " "
        },
        {
          "index": 12,
          "word": "days",
          "originalText": "days",
          "characterOffsetBegin": 529,
          "characterOffsetEnd": 533,
          "before": " ",
          "after": " "
        },
        {
          "index": 13,
          "word": "for",
          "originalText": "for",
          "characterOffsetBegin": 534,
          "characterOffsetEnd": 537,
          "before": " ",
          "after": " "
        },
        {
          "index": 14,
          "word": "the",
          "originalText": "the",
          "characterOffsetBegin": 538,
          "characterOffsetEnd": 541,
          "before": " ",
          "after": " "
        },
        {
          "index": 15,
          "word": "latest",
          "originalText": "latest",
          "characterOffsetBegin": 542,
          "characterOffsetEnd": 548,
          "before": " ",
          "after": " "
        },
        {
          "index": 16,
          "word": "version",
          "originalText": "version",
          "characterOffsetBegin": 549,
          "characterOffsetEnd": 556,
          "before": " ",
          "after": " "
        },
        {
          "index": 17,
          "word": "of",
          "originalText": "of",
          "characterOffsetBegin": 557,
          "characterOffsetEnd": 559,
          "before": " ",
          "after": " "
        },
        {
          "index": 18,
          "word": "the",
          "originalText": "the",
          "characterOffsetBegin": 560,
          "characterOffsetEnd": 563,
          "before": " ",
          "after": " "
        },
        {
          "index": 19,
          "word": "Creative",
          "originalText": "Creative",
          "characterOffsetBegin": 564,
          "characterOffsetEnd": 572,
          "before": " ",
          "after": " "
        },
        {
          "index": 20,
          "word": "Cloud",
          "originalText": "Cloud",
          "characterOffsetBegin": 573,
          "characterOffsetEnd": 578,
          "before": " ",
          "after": ""
        },
        {
          "index": 21,
          "word": ".",
          "originalText": ".",
          "characterOffsetBegin": 578,
          "characterOffsetEnd": 579,
          "before": "",
          "after": ""
        }
      ]
    },
    {
      "index": 10,
      "tokens": [
        {
          "index": 1,
          "word": "^",
          "originalText": "^",
          "characterOffsetBegin": 581,
          "characterOffsetEnd": 582,
          "before": "",
          "after": ""
        },
        {
          "index": 2,
          "word": "Raj",
          "originalText": "Raj",
          "characterOffsetBegin": 582,
          "characterOffsetEnd": 585,
          "before": "",
          "after": ""
        }
      ]
    },
    {
      "index": 11,
      "tokens": [
        {
          "index": 1,
          "word": "Agent",
          "originalText": "Agent",
          "characterOffsetBegin": 587,
          "characterOffsetEnd": 592,
          "before": "",
          "after": ""
        },
        {
          "index": 2,
          "word": ":",
          "originalText": ":",
          "characterOffsetBegin": 592,
          "characterOffsetEnd": 593,
          "before": "",
          "after": " "
        },
        {
          "index": 3,
          "word": "@",
          "originalText": "@",
          "characterOffsetBegin": 594,
          "characterOffsetEnd": 595,
          "before": " ",
          "after": ""
        },
        {
          "index": 4,
          "word": "159229",
          "originalText": "159229",
          "characterOffsetBegin": 595,
          "characterOffsetEnd": 601,
          "before": "",
          "after": " "
        },
        {
          "index": 5,
          "word": "https://t.co/ZwvBfWDNji",
          "originalText": "https://t.co/ZwvBfWDNji",
          "characterOffsetBegin": 602,
          "characterOffsetEnd": 625,
          "before": " ",
          "after": " "
        },
        {
          "index": 6,
          "word": "^",
          "originalText": "^",
          "characterOffsetBegin": 626,
          "characterOffsetEnd": 627,
          "before": " ",
          "after": ""
        },
        {
          "index": 7,
          "word": "Raj",
          "originalText": "Raj",
          "characterOffsetBegin": 627,
          "characterOffsetEnd": 630,
          "before": "",
          "after": ""
        }
      ]
    },
    {
      "index": 12,
      "tokens": [
        {
          "index": 1,
          "word": "Customer",
          "originalText": "Customer",
          "characterOffsetBegin": 632,
          "characterOffsetEnd": 640,
          "before": "",
          "after": ""
        },
        {
          "index": 2,
          "word": ":",
          "originalText": ":",
          "characterOffsetBegin": 640,
          "characterOffsetEnd": 641,
          "before": "",
          "after": " "
        },
        {
          "index": 3,
          "word": "@AdobeCare",
          "originalText": "@AdobeCare",
          "characterOffsetBegin": 642,
          "characterOffsetEnd": 652,
          "before": " ",
          "after": " "
        },
        {
          "index": 4,
          "word": "Why",
          "originalText": "Why",
          "characterOffsetBegin": 653,
          "characterOffsetEnd": 656,
          "before": " ",
          "after": " "
        },
        {
          "index": 5,
          "word": "is",
          "originalText": "is",
          "characterOffsetBegin": 657,
          "characterOffsetEnd": 659,
          "before": " ",
          "after": " "
        },
        {
          "index": 6,
          "word": "it",
          "originalText": "it",
          "characterOffsetBegin": 660,
          "characterOffsetEnd": 662,
          "before": " ",
          "after": " "
        },
        {
          "index": 7,
          "word": "telling",
          "originalText": "telling",
          "characterOffsetBegin": 663,
          "characterOffsetEnd": 670,
          "before": " ",
          "after": " "
        },
        {
          "index": 8,
          "word": "me",
          "originalText": "me",
          "characterOffsetBegin": 671,
          "characterOffsetEnd": 673,
          "before": " ",
          "after": " "
        },
        {
          "index": 9,
          "word": "I",
          "originalText": "I",
          "characterOffsetBegin": 674,
          "characterOffsetEnd": 675,
          "before": " ",
          "after": " "
        },
        {
          "index": 10,
          "word": "can",
          "originalText": "can",
          "characterOffsetBegin": 676,
          "characterOffsetEnd": 679,
          "before": " ",
          "after": " "
        },
        {
          "index": 11,
          "word": "download",
          "originalText": "download",
          "characterOffsetBegin": 680,
          "characterOffsetEnd": 688,
          "before": " ",
          "after": " "
        },
        {
          "index": 12,
          "word": "without",
          "originalText": "without",
          "characterOffsetBegin": 689,
          "characterOffsetEnd": 696,
          "before": " ",
          "after": " "
        },
        {
          "index": 13,
          "word": "a",
          "originalText": "a",
          "characterOffsetBegin": 697,
          "characterOffsetEnd": 698,
          "before": " ",
          "after": " "
        },
        {
          "index": 14,
          "word": "credit",
          "originalText": "credit",
          "characterOffsetBegin": 699,
          "characterOffsetEnd": 705,
          "before": " ",
          "after": " "
        },
        {
          "index": 15,
          "word": "or",
          "originalText": "or",
          "characterOffsetBegin": 706,
          "characterOffsetEnd": 708,
          "before": " ",
          "after": " "
        },
        {
          "index": 16,
          "word": "debit",
          "originalText": "debit",
          "characterOffsetBegin": 709,
          "characterOffsetEnd": 714,
          "before": " ",
          "after": " "
        },
        {
          "index": 17,
          "word": "card",
          "originalText": "card",
          "characterOffsetBegin": 715,
          "characterOffsetEnd": 719,
          "before": " ",
          "after": " "
        },
        {
          "index": 18,
          "word": "and",
          "originalText": "and",
          "characterOffsetBegin": 720,
          "characterOffsetEnd": 723,
          "before": " ",
          "after": " "
        },
        {
          "index": 19,
          "word": "then",
          "originalText": "then",
          "characterOffsetBegin": 724,
          "characterOffsetEnd": 728,
          "before": " ",
          "after": " "
        },
        {
          "index": 20,
          "word": "the",
          "originalText": "the",
          "characterOffsetBegin": 729,
          "characterOffsetEnd": 732,
          "before": " ",
          "after": " "
        },
        {
          "index": 21,
          "word": "trial",
          "originalText": "trial",
          "characterOffsetBegin": 733,
          "characterOffsetEnd": 738,
          "before": " ",
          "after": " "
        },
        {
          "index": 22,
          "word": "activation",
          "originalText": "activation",
          "characterOffsetBegin": 739,
          "characterOffsetEnd": 749,
          "before": " ",
          "after": " "
        },
        {
          "index": 23,
          "word": "fails",
          "originalText": "fails",
          "characterOffsetBegin": 750,
          "characterOffsetEnd": 755,
          "before": " ",
          "after": " "
        },
        {
          "index": 24,
          "word": "precisely",
          "originalText": "precisely",
          "characterOffsetBegin": 756,
          "characterOffsetEnd": 765,
          "before": " ",
          "after": " "
        },
        {
          "index": 25,
          "word": "because",
          "originalText": "because",
          "characterOffsetBegin": 766,
          "characterOffsetEnd": 773,
          "before": " ",
          "after": " "
        },
        {
          "index": 26,
          "word": "of",
          "originalText": "of",
          "characterOffsetBegin": 774,
          "characterOffsetEnd": 776,
          "before": " ",
          "after": " "
        },
        {
          "index": 27,
          "word": "that",
          "originalText": "that",
          "characterOffsetBegin": 777,
          "characterOffsetEnd": 781,
          "before": " ",
          "after": " "
        },
        {
          "index": 28,
          "word": "not",
          "originalText": "not",
          "characterOffsetBegin": 782,
          "characterOffsetEnd": 785,
          "before": " ",
          "after": " "
        },
        {
          "index": 29,
          "word": "being",
          "originalText": "being",
          "characterOffsetBegin": 786,
          "characterOffsetEnd": 791,
          "before": " ",
          "after": " "
        },
        {
          "index": 30,
          "word": "the",
          "originalText": "the",
          "characterOffsetBegin": 792,
          "characterOffsetEnd": 795,
          "before": " ",
          "after": " "
        },
        {
          "index": 31,
          "word": "case",
          "originalText": "case",
          "characterOffsetBegin": 796,
          "characterOffsetEnd": 800,
          "before": " ",
          "after": ""
        },
        {
          "index": 32,
          "word": "?",
          "originalText": "?",
          "characterOffsetBegin": 800,
          "characterOffsetEnd": 801,
          "before": "",
          "after": ""
        }
      ]
    },
    {
      "index": 13,
      "tokens": [
        {
          "index": 1,
          "word": "Customer",
          "originalText": "Customer",
          "characterOffsetBegin": 803,
          "characterOffsetEnd": 811,
          "before": "",
          "after": ""
        },
        {
          "index": 2,
          "word": ":",
          "originalText": ":",
          "characterOffsetBegin": 811,
          "characterOffsetEnd": 812,
          "before": "",
          "after": " "
        },
        {
          "index": 3,
          "word": "@AdobeCare",
          "originalText": "@AdobeCare",
          "characterOffsetBegin": 813,
          "characterOffsetEnd": 823,
          "before": " ",
          "after": " "
        },
        {
          "index": 4,
          "word": "If",
          "originalText": "If",
          "characterOffsetBegin": 824,
          "characterOffsetEnd": 826,
          "before": " ",
          "after": " "
        },
        {
          "index": 5,
          "word": "I",
          "originalText": "I",
          "characterOffsetBegin": 827,
          "characterOffsetEnd": 828,
          "before": " ",
          "after": " "
        },
        {
          "index": 6,
          "word": "tried",
          "originalText": "tried",
          "characterOffsetBegin": 829,
          "characterOffsetEnd": 834,
          "before": " ",
          "after": " "
        },
        {
          "index": 7,
          "word": "the",
          "originalText": "the",
          "characterOffsetBegin": 835,
          "characterOffsetEnd": 838,
          "before": " ",
          "after": " "
        },
        {
          "index": 8,
          "word": "Photoshop",
          "originalText": "Photoshop",
          "characterOffsetBegin": 839,
          "characterOffsetEnd": 848,
          "before": " ",
          "after": " "
        },
        {
          "index": 9,
          "word": "trial",
          "originalText": "trial",
          "characterOffsetBegin": 849,
          "characterOffsetEnd": 854,
          "before": " ",
          "after": ""
        },
        {
          "index": 10,
          "word": ",",
          "originalText": ",",
          "characterOffsetBegin": 854,
          "characterOffsetEnd": 855,
          "before": "",
          "after": " "
        },
        {
          "index": 11,
          "word": "would",
          "originalText": "would",
          "characterOffsetBegin": 856,
          "characterOffsetEnd": 861,
          "before": " ",
          "after": " "
        },
        {
          "index": 12,
          "word": "it",
          "originalText": "it",
          "characterOffsetBegin": 862,
          "characterOffsetEnd": 864,
          "before": " ",
          "after": " "
        },
        {
          "index": 13,
          "word": "be",
          "originalText": "be",
          "characterOffsetBegin": 865,
          "characterOffsetEnd": 867,
          "before": " ",
          "after": " "
        },
        {
          "index": 14,
          "word": "the",
          "originalText": "the",
          "characterOffsetBegin": 868,
          "characterOffsetEnd": 871,
          "before": " ",
          "after": " "
        },
        {
          "index": 15,
          "word": "same",
          "originalText": "same",
          "characterOffsetBegin": 872,
          "characterOffsetEnd": 876,
          "before": " ",
          "after": " "
        },
        {
          "index": 16,
          "word": "thing",
          "originalText": "thing",
          "characterOffsetBegin": 877,
          "characterOffsetEnd": 882,
          "before": " ",
          "after": ""
        },
        {
          "index": 17,
          "word": "?",
          "originalText": "?",
          "characterOffsetBegin": 882,
          "characterOffsetEnd": 883,
          "before": "",
          "after": ""
        }
      ]
    },
    {
      "index": 14,
      "tokens": [
        {
          "index": 1,
          "word": "The",
          "originalText": "The",
          "characterOffsetBegin": 885,
          "characterOffsetEnd": 888,
          "before": "",
          "after": " "
        },
        {
          "index": 2,
          "word": "trials",
          "originalText": "trials",
          "characterOffsetBegin": 889,
          "characterOffsetEnd": 895,
          "before": " ",
          "after": " "
        },
        {
          "index": 3,
          "word": "seem",
          "originalText": "seem",
          "characterOffsetBegin": 896,
          "characterOffsetEnd": 900,
          "before": " ",
          "after": " "
        },
        {
          "index": 4,
          "word": "more",
          "originalText": "more",
          "characterOffsetBegin": 901,
          "characterOffsetEnd": 905,
          "before": " ",
          "after": " "
        },
        {
          "index": 5,
          "word": "irritating",
          "originalText": "irritating",
          "characterOffsetBegin": 906,
          "characterOffsetEnd": 916,
          "before": " ",
          "after": " "
        },
        {
          "index": 6,
          "word": "than",
          "originalText": "than",
          "characterOffsetBegin": 917,
          "characterOffsetEnd": 921,
          "before": " ",
          "after": " "
        },
        {
          "index": 7,
          "word": "the",
          "originalText": "the",
          "characterOffsetBegin": 922,
          "characterOffsetEnd": 925,
          "before": " ",
          "after": " "
        },
        {
          "index": 8,
          "word": "subscriptions",
          "originalText": "subscriptions",
          "characterOffsetBegin": 926,
          "characterOffsetEnd": 939,
          "before": " ",
          "after": ""
        },
        {
          "index": 9,
          "word": ".",
          "originalText": ".",
          "characterOffsetBegin": 939,
          "characterOffsetEnd": 940,
          "before": "",
          "after": ""
        }
      ]
    },
    {
      "index": 15,
      "tokens": [
        {
          "index": 1,
          "word": "Agent",
          "originalText": "Agent",
          "characterOffsetBegin": 942,
          "characterOffsetEnd": 947,
          "before": "",
          "after": ""
        },
        {
          "index": 2,
          "word": ":",
          "originalText": ":",
          "characterOffsetBegin": 947,
          "characterOffsetEnd": 948,
          "before": "",
          "after": " "
        },
        {
          "index": 3,
          "word": "@",
          "originalText": "@",
          "characterOffsetBegin": 949,
          "characterOffsetEnd": 950,
          "before": " ",
          "after": ""
        },
        {
          "index": 4,
          "word": "159229",
          "originalText": "159229",
          "characterOffsetBegin": 950,
          "characterOffsetEnd": 956,
          "before": "",
          "after": " "
        },
        {
          "index": 5,
          "word": "Hi",
          "originalText": "Hi",
          "characterOffsetBegin": 957,
          "characterOffsetEnd": 959,
          "before": " ",
          "after": ""
        },
        {
          "index": 6,
          "word": ",",
          "originalText": ",",
          "characterOffsetBegin": 959,
          "characterOffsetEnd": 960,
          "before": "",
          "after": " "
        },
        {
          "index": 7,
          "word": "we",
          "originalText": "we",
          "characterOffsetBegin": 961,
          "characterOffsetEnd": 963,
          "before": " ",
          "after": ""
        },
        {
          "index": 8,
          "word": "'re",
          "originalText": "'re",
          "characterOffsetBegin": 963,
          "characterOffsetEnd": 966,
          "before": "",
          "after": " "
        },
        {
          "index": 9,
          "word": "so",
          "originalText": "so",
          "characterOffsetBegin": 967,
          "characterOffsetEnd": 969,
          "before": " ",
          "after": " "
        },
        {
          "index": 10,
          "word": "sorry",
          "originalText": "sorry",
          "characterOffsetBegin": 970,
          "characterOffsetEnd": 975,
          "before": " ",
          "after": " "
        },
        {
          "index": 11,
          "word": "for",
          "originalText": "for",
          "characterOffsetBegin": 976,
          "characterOffsetEnd": 979,
          "before": " ",
          "after": " "
        },
        {
          "index": 12,
          "word": "the",
          "originalText": "the",
          "characterOffsetBegin": 980,
          "characterOffsetEnd": 983,
          "before": " ",
          "after": " "
        },
        {
          "index": 13,
          "word": "frustrating",
          "originalText": "frustrating",
          "characterOffsetBegin": 984,
          "characterOffsetEnd": 995,
          "before": " ",
          "after": " "
        },
        {
          "index": 14,
          "word": "experience",
          "originalText": "experience",
          "characterOffsetBegin": 996,
          "characterOffsetEnd": 1006,
          "before": " ",
          "after": ""
        },
        {
          "index": 15,
          "word": ".",
          "originalText": ".",
          "characterOffsetBegin": 1006,
          "characterOffsetEnd": 1007,
          "before": "",
          "after": ""
        }
      ]
    },
    {
      "index": 16,
      "tokens": [
        {
          "index": 1,
          "word": "The",
          "originalText": "The",
          "characterOffsetBegin": 1009,
          "characterOffsetEnd": 1012,
          "before": "",
          "after": " "
        },
        {
          "index": 2,
          "word": "software",
          "originalText": "software",
          "characterOffsetBegin": 1013,
          "characterOffsetEnd": 1021,
          "before": " ",
          "after": " "
        },
        {
          "index": 3,
          "word": "is",
          "originalText": "is",
          "characterOffsetBegin": 1022,
          "characterOffsetEnd": 1024,
          "before": " ",
          "after": " "
        },
        {
          "index": 4,
          "word": "same",
          "originalText": "same",
          "characterOffsetBegin": 1025,
          "characterOffsetEnd": 1029,
          "before": " ",
          "after": " "
        },
        {
          "index": 5,
          "word": "for",
          "originalText": "for",
          "characterOffsetBegin": 1030,
          "characterOffsetEnd": 1033,
          "before": " ",
          "after": " "
        },
        {
          "index": 6,
          "word": "both",
          "originalText": "both",
          "characterOffsetBegin": 1034,
          "characterOffsetEnd": 1038,
          "before": " ",
          "after": " "
        },
        {
          "index": 7,
          "word": "trial",
          "originalText": "trial",
          "characterOffsetBegin": 1039,
          "characterOffsetEnd": 1044,
          "before": " ",
          "after": " "
        },
        {
          "index": 8,
          "word": "and",
          "originalText": "and",
          "characterOffsetBegin": 1045,
          "characterOffsetEnd": 1048,
          "before": " ",
          "after": " "
        },
        {
          "index": 9,
          "word": "paid",
          "originalText": "paid",
          "characterOffsetBegin": 1049,
          "characterOffsetEnd": 1053,
          "before": " ",
          "after": " "
        },
        {
          "index": 10,
          "word": "versions",
          "originalText": "versions",
          "characterOffsetBegin": 1054,
          "characterOffsetEnd": 1062,
          "before": " ",
          "after": ""
        },
        {
          "index": 11,
          "word": ".",
          "originalText": ".",
          "characterOffsetBegin": 1062,
          "characterOffsetEnd": 1063,
          "before": "",
          "after": ""
        }
      ]
    },
    {
      "index": 17,
      "tokens": [
        {
          "index": 1,
          "word": "A",
          "originalText": "A",
          "characterOffsetBegin": 1065,
          "characterOffsetEnd": 1066,
          "before": "",
          "after": " "
        },
        {
          "index": 2,
          "word": "trial",
          "originalText": "trial",
          "characterOffsetBegin": 1067,
          "characterOffsetEnd": 1072,
          "before": " ",
          "after": " "
        },
        {
          "index": 3,
          "word": "app",
          "originalText": "app",
          "characterOffsetBegin": 1073,
          "characterOffsetEnd": 1076,
          "before": " ",
          "after": " "
        },
        {
          "index": 4,
          "word": "can",
          "originalText": "can",
          "characterOffsetBegin": 1077,
          "characterOffsetEnd": 1080,
          "before": " ",
          "after": " "
        },
        {
          "index": 5,
          "word": "be",
          "originalText": "be",
          "characterOffsetBegin": 1081,
          "characterOffsetEnd": 1083,
          "before": " ",
          "after": " "
        },
        {
          "index": 6,
          "word": "used",
          "originalText": "used",
          "characterOffsetBegin": 1084,
          "characterOffsetEnd": 1088,
          "before": " ",
          "after": " "
        },
        {
          "index": 7,
          "word": "only",
          "originalText": "only",
          "characterOffsetBegin": 1089,
          "characterOffsetEnd": 1093,
          "before": " ",
          "after": " "
        },
        {
          "index": 8,
          "word": "once",
          "originalText": "once",
          "characterOffsetBegin": 1094,
          "characterOffsetEnd": 1098,
          "before": " ",
          "after": " "
        },
        {
          "index": 9,
          "word": "for",
          "originalText": "for",
          "characterOffsetBegin": 1099,
          "characterOffsetEnd": 1102,
          "before": " ",
          "after": " "
        },
        {
          "index": 10,
          "word": "7",
          "originalText": "7",
          "characterOffsetBegin": 1103,
          "characterOffsetEnd": 1104,
          "before": " ",
          "after": " "
        },
        {
          "index": 11,
          "word": "days",
          "originalText": "days",
          "characterOffsetBegin": 1105,
          "characterOffsetEnd": 1109,
          "before": " ",
          "after": " "
        },
        {
          "index": 12,
          "word": "on",
          "originalText": "on",
          "characterOffsetBegin": 1110,
          "characterOffsetEnd": 1112,
          "before": " ",
          "after": " "
        },
        {
          "index": 13,
          "word": "1",
          "originalText": "1",
          "characterOffsetBegin": 1113,
          "characterOffsetEnd": 1114,
          "before": " ",
          "after": " "
        },
        {
          "index": 14,
          "word": "computer",
          "originalText": "computer",
          "characterOffsetBegin": 1115,
          "characterOffsetEnd": 1123,
          "before": " ",
          "after": " "
        },
        {
          "index": 15,
          "word": "and",
          "originalText": "and",
          "characterOffsetBegin": 1124,
          "characterOffsetEnd": 1127,
          "before": " ",
          "after": " "
        },
        {
          "index": 16,
          "word": "email",
          "originalText": "email",
          "characterOffsetBegin": 1128,
          "characterOffsetEnd": 1133,
          "before": " ",
          "after": " "
        },
        {
          "index": 17,
          "word": "id",
          "originalText": "id",
          "characterOffsetBegin": 1134,
          "characterOffsetEnd": 1136,
          "before": " ",
          "after": ""
        },
        {
          "index": 18,
          "word": ".",
          "originalText": ".",
          "characterOffsetBegin": 1136,
          "characterOffsetEnd": 1137,
          "before": "",
          "after": ""
        }
      ]
    },
    {
      "index": 18,
      "tokens": [
        {
          "index": 1,
          "word": "The",
          "originalText": "The",
          "characterOffsetBegin": 1139,
          "characterOffsetEnd": 1142,
          "before": "",
          "after": " "
        },
        {
          "index": 2,
          "word": "plan",
          "originalText": "plan",
          "characterOffsetBegin": 1143,
          "characterOffsetEnd": 1147,
          "before": " ",
          "after": " "
        },
        {
          "index": 3,
          "word": "can",
          "originalText": "can",
          "characterOffsetBegin": 1148,
          "characterOffsetEnd": 1151,
          "before": " ",
          "after": " "
        },
        {
          "index": 4,
          "word": "be",
          "originalText": "be",
          "characterOffsetBegin": 1152,
          "characterOffsetEnd": 1154,
          "before": " ",
          "after": " "
        },
        {
          "index": 5,
          "word": "purchased",
          "originalText": "purchased",
          "characterOffsetBegin": 1155,
          "characterOffsetEnd": 1164,
          "before": " ",
          "after": " "
        },
        {
          "index": 6,
          "word": "here",
          "originalText": "here",
          "characterOffsetBegin": 1165,
          "characterOffsetEnd": 1169,
          "before": " ",
          "after": ""
        },
        {
          "index": 7,
          "word": ".",
          "originalText": ".",
          "characterOffsetBegin": 1169,
          "characterOffsetEnd": 1170,
          "before": "",
          "after": ""
        }
      ]
    },
    {
      "index": 19,
      "tokens": [
        {
          "index": 1,
          "word": "https://t.co/qOe6jmmF5N",
          "originalText": "https://t.co/qOe6jmmF5N",
          "characterOffsetBegin": 1172,
          "characterOffsetEnd": 1195,
          "before": "",
          "after": ""
        },
        {
          "index": 2,
          "word": ".",
          "originalText": ".",
          "characterOffsetBegin": 1195,
          "characterOffsetEnd": 1196,
          "before": "",
          "after": ""
        }
      ]
    },
    {
      "index": 20,
      "tokens": [
        {
          "index": 1,
          "word": "Let",
          "originalText": "Let",
          "characterOffsetBegin": 1198,
          "characterOffsetEnd": 1201,
          "before": "",
          "after": " "
        },
        {
          "index": 2,
          "word": "us",
          "originalText": "us",
          "characterOffsetBegin": 1202,
          "characterOffsetEnd": 1204,
          "before": " ",
          "after": " "
        },
        {
          "index": 3,
          "word": "know",
          "originalText": "know",
          "characterOffsetBegin": 1205,
          "characterOffsetEnd": 1209,
          "before": " ",
          "after": " "
        },
        {
          "index": 4,
          "word": "if",
          "originalText": "if",
          "characterOffsetBegin": 1210,
          "characterOffsetEnd": 1212,
          "before": " ",
          "after": " "
        },
        {
          "index": 5,
          "word": "this",
          "originalText": "this",
          "characterOffsetBegin": 1213,
          "characterOffsetEnd": 1217,
          "before": " ",
          "after": " "
        },
        {
          "index": 6,
          "word": "helps",
          "originalText": "helps",
          "characterOffsetBegin": 1218,
          "characterOffsetEnd": 1223,
          "before": " ",
          "after": ""
        },
        {
          "index": 7,
          "word": "!",
          "originalText": "!",
          "characterOffsetBegin": 1223,
          "characterOffsetEnd": 1224,
          "before": "",
          "after": ""
        }
      ]
    },
    {
      "index": 21,
      "tokens": [
        {
          "index": 1,
          "word": "@highlight",
          "originalText": "@highlight",
          "characterOffsetBegin": 1226,
          "characterOffsetEnd": 1236,
          "before": "",
          "after": ""
        }
      ]
    },
    {
      "index": 22,
      "tokens": [
        {
          "index": 1,
          "word": "Customer",
          "originalText": "Customer",
          "characterOffsetBegin": 1238,
          "characterOffsetEnd": 1246,
          "before": "",
          "after": ""
        },
        {
          "index": 2,
          "word": ":",
          "originalText": ":",
          "characterOffsetBegin": 1246,
          "characterOffsetEnd": 1247,
          "before": "",
          "after": " "
        },
        {
          "index": 3,
          "word": "@AdobeCare",
          "originalText": "@AdobeCare",
          "characterOffsetBegin": 1248,
          "characterOffsetEnd": 1258,
          "before": " ",
          "after": " "
        },
        {
          "index": 4,
          "word": "I",
          "originalText": "I",
          "characterOffsetBegin": 1259,
          "characterOffsetEnd": 1260,
          "before": " ",
          "after": " "
        },
        {
          "index": 5,
          "word": "tried",
          "originalText": "tried",
          "characterOffsetBegin": 1261,
          "characterOffsetEnd": 1266,
          "before": " ",
          "after": " "
        },
        {
          "index": 6,
          "word": "to",
          "originalText": "to",
          "characterOffsetBegin": 1267,
          "characterOffsetEnd": 1269,
          "before": " ",
          "after": " "
        },
        {
          "index": 7,
          "word": "utilize",
          "originalText": "utilize",
          "characterOffsetBegin": 1270,
          "characterOffsetEnd": 1277,
          "before": " ",
          "after": " "
        },
        {
          "index": 8,
          "word": "the",
          "originalText": "the",
          "characterOffsetBegin": 1278,
          "characterOffsetEnd": 1281,
          "before": " ",
          "after": " "
        },
        {
          "index": 9,
          "word": "trial",
          "originalText": "trial",
          "characterOffsetBegin": 1282,
          "characterOffsetEnd": 1287,
          "before": " ",
          "after": " "
        },
        {
          "index": 10,
          "word": "period",
          "originalText": "period",
          "characterOffsetBegin": 1288,
          "characterOffsetEnd": 1294,
          "before": " ",
          "after": " "
        },
        {
          "index": 11,
          "word": "for",
          "originalText": "for",
          "characterOffsetBegin": 1295,
          "characterOffsetEnd": 1298,
          "before": " ",
          "after": " "
        },
        {
          "index": 12,
          "word": "Creative",
          "originalText": "Creative",
          "characterOffsetBegin": 1299,
          "characterOffsetEnd": 1307,
          "before": " ",
          "after": " "
        },
        {
          "index": 13,
          "word": "Suite",
          "originalText": "Suite",
          "characterOffsetBegin": 1308,
          "characterOffsetEnd": 1313,
          "before": " ",
          "after": ""
        },
        {
          "index": 14,
          "word": ",",
          "originalText": ",",
          "characterOffsetBegin": 1313,
          "characterOffsetEnd": 1314,
          "before": "",
          "after": " "
        },
        {
          "index": 15,
          "word": "but",
          "originalText": "but",
          "characterOffsetBegin": 1315,
          "characterOffsetEnd": 1318,
          "before": " ",
          "after": " "
        },
        {
          "index": 16,
          "word": "got",
          "originalText": "got",
          "characterOffsetBegin": 1319,
          "characterOffsetEnd": 1322,
          "before": " ",
          "after": " "
        },
        {
          "index": 17,
          "word": "sick",
          "originalText": "sick",
          "characterOffsetBegin": 1323,
          "characterOffsetEnd": 1327,
          "before": " ",
          "after": " "
        },
        {
          "index": 18,
          "word": "and",
          "originalText": "and",
          "characterOffsetBegin": 1328,
          "characterOffsetEnd": 1331,
          "before": " ",
          "after": " "
        },
        {
          "index": 19,
          "word": "could",
          "originalText": "could",
          "characterOffsetBegin": 1332,
          "characterOffsetEnd": 1337,
          "before": " ",
          "after": ""
        },
        {
          "index": 20,
          "word": "n't",
          "originalText": "n't",
          "characterOffsetBegin": 1337,
          "characterOffsetEnd": 1340,
          "before": "",
          "after": " "
        },
        {
          "index": 21,
          "word": "do",
          "originalText": "do",
          "characterOffsetBegin": 1341,
          "characterOffsetEnd": 1343,
          "before": " ",
          "after": " "
        },
        {
          "index": 22,
          "word": "so",
          "originalText": "so",
          "characterOffsetBegin": 1344,
          "characterOffsetEnd": 1346,
          "before": " ",
          "after": ""
        },
        {
          "index": 23,
          "word": ".",
          "originalText": ".",
          "characterOffsetBegin": 1346,
          "characterOffsetEnd": 1347,
          "before": "",
          "after": ""
        }
      ]
    },
    {
      "index": 23,
      "tokens": [
        {
          "index": 1,
          "word": "@highlight",
          "originalText": "@highlight",
          "characterOffsetBegin": 1349,
          "characterOffsetEnd": 1359,
          "before": "",
          "after": ""
        }
      ]
    },
    {
      "index": 24,
      "tokens": [
        {
          "index": 1,
          "word": "Agent",
          "originalText": "Agent",
          "characterOffsetBegin": 1361,
          "characterOffsetEnd": 1366,
          "before": "",
          "after": ""
        },
        {
          "index": 2,
          "word": ":",
          "originalText": ":",
          "characterOffsetBegin": 1366,
          "characterOffsetEnd": 1367,
          "before": "",
          "after": " "
        },
        {
          "index": 3,
          "word": "@",
          "originalText": "@",
          "characterOffsetBegin": 1368,
          "characterOffsetEnd": 1369,
          "before": " ",
          "after": ""
        },
        {
          "index": 4,
          "word": "159229",
          "originalText": "159229",
          "characterOffsetBegin": 1369,
          "characterOffsetEnd": 1375,
          "before": "",
          "after": " "
        },
        {
          "index": 5,
          "word": "The",
          "originalText": "The",
          "characterOffsetBegin": 1376,
          "characterOffsetEnd": 1379,
          "before": " ",
          "after": " "
        },
        {
          "index": 6,
          "word": "trial",
          "originalText": "trial",
          "characterOffsetBegin": 1380,
          "characterOffsetEnd": 1385,
          "before": " ",
          "after": " "
        },
        {
          "index": 7,
          "word": "for",
          "originalText": "for",
          "characterOffsetBegin": 1386,
          "characterOffsetEnd": 1389,
          "before": " ",
          "after": " "
        },
        {
          "index": 8,
          "word": "Creative",
          "originalText": "Creative",
          "characterOffsetBegin": 1390,
          "characterOffsetEnd": 1398,
          "before": " ",
          "after": " "
        },
        {
          "index": 9,
          "word": "cloud",
          "originalText": "cloud",
          "characterOffsetBegin": 1399,
          "characterOffsetEnd": 1404,
          "before": " ",
          "after": " "
        },
        {
          "index": 10,
          "word": "is",
          "originalText": "is",
          "characterOffsetBegin": 1405,
          "characterOffsetEnd": 1407,
          "before": " ",
          "after": " "
        },
        {
          "index": 11,
          "word": "for",
          "originalText": "for",
          "characterOffsetBegin": 1408,
          "characterOffsetEnd": 1411,
          "before": " ",
          "after": " "
        },
        {
          "index": 12,
          "word": "7",
          "originalText": "7",
          "characterOffsetBegin": 1412,
          "characterOffsetEnd": 1413,
          "before": " ",
          "after": " "
        },
        {
          "index": 13,
          "word": "days",
          "originalText": "days",
          "characterOffsetBegin": 1414,
          "characterOffsetEnd": 1418,
          "before": " ",
          "after": ""
        },
        {
          "index": 14,
          "word": ".",
          "originalText": ".",
          "characterOffsetBegin": 1418,
          "characterOffsetEnd": 1419,
          "before": "",
          "after": ""
        }
      ]
    },
    {
      "index": 25,
      "tokens": [
        {
          "index": 1,
          "word": "@highlight",
          "originalText": "@highlight",
          "characterOffsetBegin": 1421,
          "characterOffsetEnd": 1431,
          "before": "",
          "after": ""
        }
      ]
    },
    {
      "index": 26,
      "tokens": [
        {
          "index": 1,
          "word": "The",
          "originalText": "The",
          "characterOffsetBegin": 1433,
          "characterOffsetEnd": 1436,
          "before": "",
          "after": " "
        },
        {
          "index": 2,
          "word": "software",
          "originalText": "software",
          "characterOffsetBegin": 1437,
          "characterOffsetEnd": 1445,
          "before": " ",
          "after": " "
        },
        {
          "index": 3,
          "word": "is",
          "originalText": "is",
          "characterOffsetBegin": 1446,
          "characterOffsetEnd": 1448,
          "before": " ",
          "after": " "
        },
        {
          "index": 4,
          "word": "same",
          "originalText": "same",
          "characterOffsetBegin": 1449,
          "characterOffsetEnd": 1453,
          "before": " ",
          "after": " "
        },
        {
          "index": 5,
          "word": "for",
          "originalText": "for",
          "characterOffsetBegin": 1454,
          "characterOffsetEnd": 1457,
          "before": " ",
          "after": " "
        },
        {
          "index": 6,
          "word": "both",
          "originalText": "both",
          "characterOffsetBegin": 1458,
          "characterOffsetEnd": 1462,
          "before": " ",
          "after": " "
        },
        {
          "index": 7,
          "word": "trial",
          "originalText": "trial",
          "characterOffsetBegin": 1463,
          "characterOffsetEnd": 1468,
          "before": " ",
          "after": " "
        },
        {
          "index": 8,
          "word": "and",
          "originalText": "and",
          "characterOffsetBegin": 1469,
          "characterOffsetEnd": 1472,
          "before": " ",
          "after": " "
        },
        {
          "index": 9,
          "word": "paid",
          "originalText": "paid",
          "characterOffsetBegin": 1473,
          "characterOffsetEnd": 1477,
          "before": " ",
          "after": " "
        },
        {
          "index": 10,
          "word": "versions",
          "originalText": "versions",
          "characterOffsetBegin": 1478,
          "characterOffsetEnd": 1486,
          "before": " ",
          "after": ""
        },
        {
          "index": 11,
          "word": ".",
          "originalText": ".",
          "characterOffsetBegin": 1486,
          "characterOffsetEnd": 1487,
          "before": "",
          "after": ""
        }
      ]
    },
    {
      "index": 27,
      "tokens": [
        {
          "index": 1,
          "word": "@highlight",
          "originalText": "@highlight",
          "characterOffsetBegin": 1489,
          "characterOffsetEnd": 1499,
          "before": "",
          "after": ""
        }
      ]
    },
    {
      "index": 28,
      "tokens": [
        {
          "index": 1,
          "word": "A",
          "originalText": "A",
          "characterOffsetBegin": 1501,
          "characterOffsetEnd": 1502,
          "before": "",
          "after": " "
        },
        {
          "index": 2,
          "word": "trial",
          "originalText": "trial",
          "characterOffsetBegin": 1503,
          "characterOffsetEnd": 1508,
          "before": " ",
          "after": " "
        },
        {
          "index": 3,
          "word": "app",
          "originalText": "app",
          "characterOffsetBegin": 1509,
          "characterOffsetEnd": 1512,
          "before": " ",
          "after": " "
        },
        {
          "index": 4,
          "word": "can",
          "originalText": "can",
          "characterOffsetBegin": 1513,
          "characterOffsetEnd": 1516,
          "before": " ",
          "after": " "
        },
        {
          "index": 5,
          "word": "be",
          "originalText": "be",
          "characterOffsetBegin": 1517,
          "characterOffsetEnd": 1519,
          "before": " ",
          "after": " "
        },
        {
          "index": 6,
          "word": "used",
          "originalText": "used",
          "characterOffsetBegin": 1520,
          "characterOffsetEnd": 1524,
          "before": " ",
          "after": " "
        },
        {
          "index": 7,
          "word": "only",
          "originalText": "only",
          "characterOffsetBegin": 1525,
          "characterOffsetEnd": 1529,
          "before": " ",
          "after": " "
        },
        {
          "index": 8,
          "word": "once",
          "originalText": "once",
          "characterOffsetBegin": 1530,
          "characterOffsetEnd": 1534,
          "before": " ",
          "after": " "
        },
        {
          "index": 9,
          "word": "for",
          "originalText": "for",
          "characterOffsetBegin": 1535,
          "characterOffsetEnd": 1538,
          "before": " ",
          "after": " "
        },
        {
          "index": 10,
          "word": "7",
          "originalText": "7",
          "characterOffsetBegin": 1539,
          "characterOffsetEnd": 1540,
          "before": " ",
          "after": " "
        },
        {
          "index": 11,
          "word": "days",
          "originalText": "days",
          "characterOffsetBegin": 1541,
          "characterOffsetEnd": 1545,
          "before": " ",
          "after": " "
        },
        {
          "index": 12,
          "word": "on",
          "originalText": "on",
          "characterOffsetBegin": 1546,
          "characterOffsetEnd": 1548,
          "before": " ",
          "after": " "
        },
        {
          "index": 13,
          "word": "1",
          "originalText": "1",
          "characterOffsetBegin": 1549,
          "characterOffsetEnd": 1550,
          "before": " ",
          "after": " "
        },
        {
          "index": 14,
          "word": "computer",
          "originalText": "computer",
          "characterOffsetBegin": 1551,
          "characterOffsetEnd": 1559,
          "before": " ",
          "after": " "
        },
        {
          "index": 15,
          "word": "and",
          "originalText": "and",
          "characterOffsetBegin": 1560,
          "characterOffsetEnd": 1563,
          "before": " ",
          "after": " "
        },
        {
          "index": 16,
          "word": "email",
          "originalText": "email",
          "characterOffsetBegin": 1564,
          "characterOffsetEnd": 1569,
          "before": " ",
          "after": " "
        },
        {
          "index": 17,
          "word": "id",
          "originalText": "id",
          "characterOffsetBegin": 1570,
          "characterOffsetEnd": 1572,
          "before": " ",
          "after": ""
        },
        {
          "index": 18,
          "word": ".",
          "originalText": ".",
          "characterOffsetBegin": 1572,
          "characterOffsetEnd": 1573,
          "before": "",
          "after": ""
        }
      ]
    },
    {
      "index": 29,
      "tokens": [
        {
          "index": 1,
          "word": "@highlight",
          "originalText": "@highlight",
          "characterOffsetBegin": 1575,
          "characterOffsetEnd": 1585,
          "before": "",
          "after": ""
        }
      ]
    },
    {
      "index": 30,
      "tokens": [
        {
          "index": 1,
          "word": "The",
          "originalText": "The",
          "characterOffsetBegin": 1587,
          "characterOffsetEnd": 1590,
          "before": "",
          "after": " "
        },
        {
          "index": 2,
          "word": "plan",
          "originalText": "plan",
          "characterOffsetBegin": 1591,
          "characterOffsetEnd": 1595,
          "before": " ",
          "after": " "
        },
        {
          "index": 3,
          "word": "can",
          "originalText": "can",
          "characterOffsetBegin": 1596,
          "characterOffsetEnd": 1599,
          "before": " ",
          "after": " "
        },
        {
          "index": 4,
          "word": "be",
          "originalText": "be",
          "characterOffsetBegin": 1600,
          "characterOffsetEnd": 1602,
          "before": " ",
          "after": " "
        },
        {
          "index": 5,
          "word": "purchased",
          "originalText": "purchased",
          "characterOffsetBegin": 1603,
          "characterOffsetEnd": 1612,
          "before": " ",
          "after": " "
        },
        {
          "index": 6,
          "word": "here",
          "originalText": "here",
          "characterOffsetBegin": 1613,
          "characterOffsetEnd": 1617,
          "before": " ",
          "after": ""
        },
        {
          "index": 7,
          "word": ".",
          "originalText": ".",
          "characterOffsetBegin": 1617,
          "characterOffsetEnd": 1618,
          "before": "",
          "after": ""
        }
      ]
    }
  ]
}