{
  "sentences": [
    {
      "index": 0,
      "tokens": [
        {
          "index": 1,
          "word": "Customer",
          "originalText": "Customer",
          "characterOffsetBegin": 0,
          "characterOffsetEnd": 8,
          "before": "",
          "after": ""
        },
        {
          "index": 2,
          "word": ":",
          "originalText": ":",
          "characterOffsetBegin": 8,
          "characterOffsetEnd": 9,
          "before": "",
          "after": " "
        },
        {
          "index": 3,
          "word": "@SpotifyCares",
          "originalText": "@SpotifyCares",
          "characterOffsetBegin": 10,
          "characterOffsetEnd": 23,
          "before": " ",
          "after": " "
        },
        {
          "index": 4,
          "word": "why",
          "originalText": "why",
          "characterOffsetBegin": 24,
          "characterOffsetEnd": 27,
          "before": " ",
          "after": " "
        },
        {
          "index": 5,
          "word": "ca",
          "originalText": "ca",
          "characterOffsetBegin": 28,
          "characterOffsetEnd": 30,
          "before": " ",
          "after": ""
        },
        {
          "index": 6,
          "word": "n't",
          "originalText": "n’t",
          "characterOffsetBegin": 30,
          "characterOffsetEnd": 33,
          "before": "",
          "after": " "
        },
        {
          "index": 7,
          "word": "I",
          "originalText": "I",
          "characterOffsetBegin": 34,
          "characterOffsetEnd": 35,
          "before": " ",
          "after": " "
        },
        {
          "index": 8,
          "word": "change",
          "originalText": "change",
          "characterOffsetBegin": 36,
          "characterOffsetEnd": 42,
          "before": " ",
          "after": " "
        },
        {
          "index": 9,
          "word": "songs",
          "originalText": "songs",
          "characterOffsetBegin": 43,
          "characterOffsetEnd": 48,
          "before": " ",
          "after": " "
        },
        {
          "index": 10,
          "word": "from",
          "originalText": "from",
          "characterOffsetBegin": 49,
          "characterOffsetEnd": 53,
          "before": " ",
          "after": " "
        },
        {
          "index": 11,
          "word": "my",
          "originalText": "my",
          "characterOffsetBegin": 54,
          "characterOffsetEnd": 56,
          "before": " ",
          "after": " "
        },
        {
          "index": 12,
          "word": "home",
          "originalText": "home",
          "characterOffsetBegin": 57,
          "characterOffsetEnd": 61,
          "before": " ",
          "after": " "
        },
        {
          "index": 13,
          "word": "screen",
          "originalText": "screen",
          "characterOffsetBegin": 62,
          "characterOffsetEnd": 68,
          "before": " ",
          "after": " "
        },
        {
          "index": 14,
          "word": "or",
          "originalText": "or",
          "characterOffsetBegin": 69,
          "characterOffsetEnd": 71,
          "before": " ",
          "after": " "
        },
        {
          "index": 15,
          "word": "control",
          "originalText": "control",
          "characterOffsetBegin": 72,
          "characterOffsetEnd": 79,
          "before": " ",
          "after": " "
        },
        {
          "index": 16,
          "word": "center",
          "originalText": "center",
          "characterOffsetBegin": 80,
          "characterOffsetEnd": 86,
          "before": " ",
          "after": ""
        },
        {
          "index": 17,
          "word": "?",
          "originalText": "?",
          "characterOffsetBegin": 86,
          "characterOffsetEnd": 87,
          "before": "",
          "after": ""
        }
      ]
    },
    {
      "index": 1,
      "tokens": [
        {
          "index": 1,
          "word": "?",
          "originalText": "?",
          "characterOffsetBegin": 89,
          "characterOffsetEnd": 90,
          "before": "",
          "after": ""
        }
      ]
    },
    {
      "index": 2,
      "tokens": [
        {
          "index": 1,
          "word": "Agent",
          "originalText": "Agent",
          "characterOffsetBegin": 92,
          "characterOffsetEnd": 97,
          "before": "",
          "after": ""
        },
        {
          "index": 2,
          "word": ":",
          "originalText": ":",
          "characterOffsetBegin": 97,
          "characterOffsetEnd": 98,
          "before": "",
          "after": " "
        },
        {
          "index": 3,
          "word": "@",
          "originalText": "@",
          "characterOffsetBegin": 99,
          "characterOffsetEnd": 100,
          "before": " ",
          "after": ""
        },
        {
          "index": 4,
          "word": "211474",
          "originalText": "211474",
          "characterOffsetBegin": 100,
          "characterOffsetEnd": 106,
          "before": "",
          "after": " "
        },
        {
          "index": 5,
          "word": "Hi",
          "originalText": "Hi",
          "characterOffsetBegin": 107,
          "characterOffsetEnd": 109,
          "before": " ",
          "after": " "
        },
        {
          "index": 6,
          "word": "there",
          "originalText": "there",
          "characterOffsetBegin": 110,
          "characterOffsetEnd": 115,
          "before": " ",
          "after": ""
        },
        {
          "index": 7,
          "word": "!",
          "originalText": "!",
          "characterOffsetBegin": 115,
          "characterOffsetEnd": 116,
          "before": "",
          "after": ""
        }
      ]
    },
    {
      "index": 3,
      "tokens": [
        {
          "index": 1,
          "word": "Can",
          "originalText": "Can",
          "characterOffsetBegin": 118,
          "characterOffsetEnd": 121,
          "before": "",
          "after": " "
        },
        {
          "index": 2,
          "word": "you",
          "originalText": "you",
          "characterOffsetBegin": 122,
          "characterOffsetEnd": 125,
          "before": " ",
          "after": " "
        },
        {
          "index": 3,
          "word": "let",
          "originalText": "let",
          "characterOffsetBegin": 126,
          "characterOffsetEnd": 129,
          "before": " ",
          "after": " "
        },
        {
          "index": 4,
          "word": "us",
          "originalText": "us",
          "characterOffsetBegin": 130,
          "characterOffsetEnd": 132,
          "before": " ",
          "after": " "
        },
        {
          "index": 5,
          "word": "know",
          "originalText": "know",
          "characterOffsetBegin": 133,
          "characterOffsetEnd": 137,
          "before": " ",
          "after": " "
        },
        {
          "index": 6,
          "word": "the",
          "originalText": "the",
          "characterOffsetBegin": 138,
          "characterOffsetEnd": 141,
          "before": " ",
          "after": " "
        },
        {
          "index": 7,
          "word": "model",
          "originalText": "model",
          "characterOffsetBegin": 142,
          "characterOffsetEnd": 147,
          "before": " ",
          "after": " "
        },
        {
          "index": 8,
          "word": "of",
          "originalText": "of",
          "characterOffsetBegin": 148,
          "characterOffsetEnd": 150,
          "before": " ",
          "after": " "
        },
        {
          "index": 9,
          "word": "your",
          "originalText": "your",
          "characterOffsetBegin": 151,
          "characterOffsetEnd": 155,
          "before": " ",
          "after": " "
        },
        {
          "index": 10,
          "word": "iPhone",
          "originalText": "iPhone",
          "characterOffsetBegin": 156,
          "characterOffsetEnd": 162,
          "before": " ",
          "after": " "
        },
        {
          "index": 11,
          "word": "and",
          "originalText": "and",
          "characterOffsetBegin": 163,
          "characterOffsetEnd": 166,
          "before": " ",
          "after": " "
        },
        {
          "index": 12,
          "word": "its",
          "originalText": "its",
          "characterOffsetBegin": 167,
          "characterOffsetEnd": 170,
          "before": " ",
          "after": " "
        },
        {
          "index": 13,
          "word": "iOS",
          "originalText": "iOS",
          "characterOffsetBegin": 171,
          "characterOffsetEnd": 174,
          "before": " ",
          "after": " "
        },
        {
          "index": 14,
          "word": "and",
          "originalText": "and",
          "characterOffsetBegin": 175,
          "characterOffsetEnd": 178,
          "before": " ",
          "after": " "
        },
        {
          "index": 15,
          "word": "Spotify",
          "originalText": "Spotify",
          "characterOffsetBegin": 179,
          "characterOffsetEnd": 186,
          "before": " ",
          "after": " "
        },
        {
          "index": 16,
          "word": "versions",
          "originalText": "versions",
          "characterOffsetBegin": 187,
          "characterOffsetEnd": 195,
          "before": " ",
          "after": ""
        },
        {
          "index": 17,
          "word": "?",
          "originalText": "?",
          "characterOffsetBegin": 195,
          "characterOffsetEnd": 196,
          "before": "",
          "after": ""
        }
      ]
    },
    {
      "index": 4,
      "tokens": [
        {
          "index": 1,
          "word": "We",
          "originalText": "We",
          "characterOffsetBegin": 198,
          "characterOffsetEnd": 200,
          "before": "",
          "after": ""
        },
        {
          "index": 2,
          "word": "'ll",
          "originalText": "'ll",
          "characterOffsetBegin": 200,
          "characterOffsetEnd": 203,
          "before": "",
          "after": " "
        },
        {
          "index": 3,
          "word": "see",
          "originalText": "see",
          "characterOffsetBegin": 204,
          "characterOffsetEnd": 207,
          "before": " ",
          "after": " "
        },
        {
          "index": 4,
          "word": "what",
          "originalText": "what",
          "characterOffsetBegin": 208,
          "characterOffsetEnd": 212,
          "before": " ",
          "after": " "
        },
        {
          "index": 5,
          "word": "we",
          "originalText": "we",
          "characterOffsetBegin": 213,
          "characterOffsetEnd": 215,
          "before": " ",
          "after": " "
        },
        {
          "index": 6,
          "word": "can",
          "originalText": "can",
          "characterOffsetBegin": 216,
          "characterOffsetEnd": 219,
          "before": " ",
          "after": " "
        },
        {
          "index": 7,
          "word": "suggest",
          "originalText": "suggest",
          "characterOffsetBegin": 220,
          "characterOffsetEnd": 227,
          "before": " ",
          "after": " "
        },
        {
          "index": 8,
          "word": "/",
          "originalText": "/",
          "characterOffsetBegin": 228,
          "characterOffsetEnd": 229,
          "before": " ",
          "after": ""
        },
        {
          "index": 9,
          "word": "JM",
          "originalText": "JM",
          "characterOffsetBegin": 229,
          "characterOffsetEnd": 231,
          "before": "",
          "after": ""
        }
      ]
    },
    {
      "index": 5,
      "tokens": [
        {
          "index": 1,
          "word": "Customer",
          "originalText": "Customer",
          "characterOffsetBegin": 233,
          "characterOffsetEnd": 241,
          "before": "",
          "after": ""
        },
        {
          "index": 2,
          "word": ":",
          "originalText": ":",
          "characterOffsetBegin": 241,
          "characterOffsetEnd": 242,
          "before": "",
          "after": " "
        },
        {
          "index": 3,
          "word": "@SpotifyCares",
          "originalText": "@SpotifyCares",
          "characterOffsetBegin": 243,
          "characterOffsetEnd": 256,
          "before": " ",
          "after": " "
        },
        {
          "index": 4,
          "word": "iPhone",
          "originalText": "iPhone",
          "characterOffsetBegin": 257,
          "characterOffsetEnd": 263,
          "before": " ",
          "after": " "
        },
        {
          "index": 5,
          "word": "7",
          "originalText": "7",
          "characterOffsetBegin": 264,
          "characterOffsetEnd": 265,
          "before": " ",
          "after": ""
        },
        {
          "index": 6,
          "word": ",",
          "originalText": ",",
          "characterOffsetBegin": 265,
          "characterOffsetEnd": 266,
          "before": "",
          "after": " "
        },
        {
          "index": 7,
          "word": "iOS",
          "originalText": "iOS",
          "characterOffsetBegin": 267,
          "characterOffsetEnd": 270,
          "before": " ",
          "after": " "
        },
        {
          "index": 8,
          "word": "11.0.3",
          "originalText": "11.0.3",
          "characterOffsetBegin": 271,
          "characterOffsetEnd": 277,
          "before": " ",
          "after": ""
        },
        {
          "index": 9,
          "word": ",",
          "originalText": ",",
          "characterOffsetBegin": 277,
          "characterOffsetEnd": 278,
          "before": "",
          "after": " "
        },
        {
          "index": 10,
          "word": "Spotify",
          "originalText": "Spotify",
          "characterOffsetBegin": 279,
          "characterOffsetEnd": 286,
          "before": " ",
          "after": " "
        },
        {
          "index": 11,
          "word": "version",
          "originalText": "version",
          "characterOffsetBegin": 287,
          "characterOffsetEnd": 294,
          "before": " ",
          "after": " "
        },
        {
          "index": 12,
          "word": "8.4.24.506",
          "originalText": "8.4.24.506",
          "characterOffsetBegin": 295,
          "characterOffsetEnd": 305,
          "before": " ",
          "after": ""
        },
        {
          "index": 13,
          "word": ".",
          "originalText": ".",
          "characterOffsetBegin": 305,
          "characterOffsetEnd": 306,
          "before": "",
          "after": ""
        }
      ]
    },
    {
      "index": 6,
      "tokens": [
        {
          "index": 1,
          "word": "Thank",
          "originalText": "Thank",
          "characterOffsetBegin": 308,
          "characterOffsetEnd": 313,
          "before": "",
          "after": " "
        },
        {
          "index": 2,
          "word": "you",
          "originalText": "you",
          "characterOffsetBegin": 314,
          "characterOffsetEnd": 317,
          "before": " ",
          "after": ""
        },
        {
          "index": 3,
          "word": "!",
          "originalText": "!",
          "characterOffsetBegin": 317,
          "characterOffsetEnd": 318,
          "before": "",
          "after": ""
        }
      ]
    },
    {
      "index": 7,
      "tokens": [
        {
          "index": 1,
          "word": "Agent",
          "originalText": "Agent",
          "characterOffsetBegin": 320,
          "characterOffsetEnd": 325,
          "before": "",
          "after": ""
        },
        {
          "index": 2,
          "word": ":",
          "originalText": ":",
          "characterOffsetBegin": 325,
          "characterOffsetEnd": 326,
          "before": "",
          "after": " "
        },
        {
          "index": 3,
          "word": "@",
          "originalText": "@",
          "characterOffsetBegin": 327,
          "characterOffsetEnd": 328,
          "before": " ",
          "after": ""
        },
        {
          "index": 4,
          "word": "211474",
          "originalText": "211474",
          "characterOffsetBegin": 328,
          "characterOffsetEnd": 334,
          "before": "",
          "after": " "
        },
        {
          "index": 5,
          "word": "Got",
          "originalText": "Got",
          "characterOffsetBegin": 335,
          "characterOffsetEnd": 338,
          "before": " ",
          "after": " "
        },
        {
          "index": 6,
          "word": "it",
          "originalText": "it",
          "characterOffsetBegin": 339,
          "characterOffsetEnd": 341,
          "before": " ",
          "after": ""
        },
        {
          "index": 7,
          "word": ".",
          "originalText": ".",
          "characterOffsetBegin": 341,
          "characterOffsetEnd": 342,
          "before": "",
          "after": ""
        }
      ]
    },
    {
      "index": 8,
      "tokens": [
        {
          "index": 1,
          "word": "Just",
          "originalText": "Just",
          "characterOffsetBegin": 344,
          "characterOffsetEnd": 348,
          "before": "",
          "after": " "
        },
        {
          "index": 2,
          "word": "to",
          "originalText": "to",
          "characterOffsetBegin": 349,
          "characterOffsetEnd": 351,
          "before": " ",
          "after": " "
        },
        {
          "index": 3,
          "word": "check",
          "originalText": "check",
          "characterOffsetBegin": 352,
          "characterOffsetEnd": 357,
          "before": " ",
          "after": ""
        },
        {
          "index": 4,
          "word": ",",
          "originalText": ",",
          "characterOffsetBegin": 357,
          "characterOffsetEnd": 358,
          "before": "",
          "after": " "
        },
        {
          "index": 5,
          "word": "did",
          "originalText": "did",
          "characterOffsetBegin": 359,
          "characterOffsetEnd": 362,
          "before": " ",
          "after": " "
        },
        {
          "index": 6,
          "word": "you",
          "originalText": "you",
          "characterOffsetBegin": 363,
          "characterOffsetEnd": 366,
          "before": " ",
          "after": " "
        },
        {
          "index": 7,
          "word": "start",
          "originalText": "start",
          "characterOffsetBegin": 367,
          "characterOffsetEnd": 372,
          "before": " ",
          "after": " "
        },
        {
          "index": 8,
          "word": "getting",
          "originalText": "getting",
          "characterOffsetBegin": 373,
          "characterOffsetEnd": 380,
          "before": " ",
          "after": " "
        },
        {
          "index": 9,
          "word": "the",
          "originalText": "the",
          "characterOffsetBegin": 381,
          "characterOffsetEnd": 384,
          "before": " ",
          "after": " "
        },
        {
          "index": 10,
          "word": "issue",
          "originalText": "issue",
          "characterOffsetBegin": 385,
          "characterOffsetEnd": 390,
          "before": " ",
          "after": " "
        },
        {
          "index": 11,
          "word": "after",
          "originalText": "after",
          "characterOffsetBegin": 391,
          "characterOffsetEnd": 396,
          "before": " ",
          "after": " "
        },
        {
          "index": 12,
          "word": "updating",
          "originalText": "updating",
          "characterOffsetBegin": 397,
          "characterOffsetEnd": 405,
          "before": " ",
          "after": " "
        },
        {
          "index": 13,
          "word": "your",
          "originalText": "your",
          "characterOffsetBegin": 406,
          "characterOffsetEnd": 410,
          "before": " ",
          "after": " "
        },
        {
          "index": 14,
          "word": "OS",
          "originalText": "OS",
          "characterOffsetBegin": 411,
          "characterOffsetEnd": 413,
          "before": " ",
          "after": " "
        },
        {
          "index": 15,
          "word": "or",
          "originalText": "or",
          "characterOffsetBegin": 414,
          "characterOffsetEnd": 416,
          "before": " ",
          "after": " "
        },
        {
          "index": 16,
          "word": "app",
          "originalText": "app",
          "characterOffsetBegin": 417,
          "characterOffsetEnd": 420,
          "before": " ",
          "after": " "
        },
        {
          "index": 17,
          "word": "to",
          "originalText": "to",
          "characterOffsetBegin": 421,
          "characterOffsetEnd": 423,
          "before": " ",
          "after": " "
        },
        {
          "index": 18,
          "word": "the",
          "originalText": "the",
          "characterOffsetBegin": 424,
          "characterOffsetEnd": 427,
          "before": " ",
          "after": " "
        },
        {
          "index": 19,
          "word": "latest",
          "originalText": "latest",
          "characterOffsetBegin": 428,
          "characterOffsetEnd": 434,
          "before": " ",
          "after": " "
        },
        {
          "index": 20,
          "word": "version",
          "originalText": "version",
          "characterOffsetBegin": 435,
          "characterOffsetEnd": 442,
          "before": " ",
          "after": ""
        },
        {
          "index": 21,
          "word": "?",
          "originalText": "?",
          "characterOffsetBegin": 442,
          "characterOffsetEnd": 443,
          "before": "",
          "after": ""
        }
      ]
    },
    {
      "index": 9,
      "tokens": [
        {
          "index": 1,
          "word": "/",
          "originalText": "/",
          "characterOffsetBegin": 445,
          "characterOffsetEnd": 446,
          "before": "",
          "after": ""
        },
        {
          "index": 2,
          "word": "JM",
          "originalText": "JM",
          "characterOffsetBegin": 446,
          "characterOffsetEnd": 448,
          "before": "",
          "after": ""
        }
      ]
    },
    {
      "index": 10,
      "tokens": [
        {
          "index": 1,
          "word": "Customer",
          "originalText": "Customer",
          "characterOffsetBegin": 450,
          "characterOffsetEnd": 458,
          "before": "",
          "after": ""
        },
        {
          "index": 2,
          "word": ":",
          "originalText": ":",
          "characterOffsetBegin": 458,
          "characterOffsetEnd": 459,
          "before": "",
          "after": " "
        },
        {
          "index": 3,
          "word": "@SpotifyCares",
          "originalText": "@SpotifyCares",
          "characterOffsetBegin": 460,
          "characterOffsetEnd": 473,
          "before": " ",
          "after": " "
        },
        {
          "index": 4,
          "word": "Yes",
          "originalText": "Yes",
          "characterOffsetBegin": 474,
          "characterOffsetEnd": 477,
          "before": " ",
          "after": ""
        },
        {
          "index": 5,
          "word": "!",
          "originalText": "!",
          "characterOffsetBegin": 477,
          "characterOffsetEnd": 478,
          "before": "",
          "after": ""
        }
      ]
    },
    {
      "index": 11,
      "tokens": [
        {
          "index": 1,
          "word": "Also",
          "originalText": "Also",
          "characterOffsetBegin": 480,
          "characterOffsetEnd": 484,
          "before": "",
          "after": " "
        },
        {
          "index": 2,
          "word": "unable",
          "originalText": "unable",
          "characterOffsetBegin": 485,
          "characterOffsetEnd": 491,
          "before": " ",
          "after": " "
        },
        {
          "index": 3,
          "word": "to",
          "originalText": "to",
          "characterOffsetBegin": 492,
          "characterOffsetEnd": 494,
          "before": " ",
          "after": " "
        },
        {
          "index": 4,
          "word": "use",
          "originalText": "use",
          "characterOffsetBegin": 495,
          "characterOffsetEnd": 498,
          "before": " ",
          "after": " "
        },
        {
          "index": 5,
          "word": "my",
          "originalText": "my",
          "characterOffsetBegin": 499,
          "characterOffsetEnd": 501,
          "before": " ",
          "after": " "
        },
        {
          "index": 6,
          "word": "car",
          "originalText": "car",
          "characterOffsetBegin": 502,
          "characterOffsetEnd": 505,
          "before": " ",
          "after": " "
        },
        {
          "index": 7,
          "word": "to",
          "originalText": "to",
          "characterOffsetBegin": 506,
          "characterOffsetEnd": 508,
          "before": " ",
          "after": " "
        },
        {
          "index": 8,
          "word": "change",
          "originalText": "change",
          "characterOffsetBegin": 509,
          "characterOffsetEnd": 515,
          "before": " ",
          "after": " "
        },
        {
          "index": 9,
          "word": "songs",
          "originalText": "songs",
          "characterOffsetBegin": 516,
          "characterOffsetEnd": 521,
          "before": " ",
          "after": " "
        },
        {
          "index": 10,
          "word": "while",
          "originalText": "while",
          "characterOffsetBegin": 522,
          "characterOffsetEnd": 527,
          "before": " ",
          "after": " "
        },
        {
          "index": 11,
          "word": "through",
          "originalText": "through",
          "characterOffsetBegin": 528,
          "characterOffsetEnd": 535,
          "before": " ",
          "after": " "
        },
        {
          "index": 12,
          "word": "Bluetooth",
          "originalText": "Bluetooth",
          "characterOffsetBegin": 536,
          "characterOffsetEnd": 545,
          "before": " ",
          "after": " "
        },
        {
          "index": 13,
          "word": "or",
          "originalText": "or",
          "characterOffsetBegin": 546,
          "characterOffsetEnd": 548,
          "before": " ",
          "after": " "
        },
        {
          "index": 14,
          "word": "the",
          "originalText": "the",
          "characterOffsetBegin": 549,
          "characterOffsetEnd": 552,
          "before": " ",
          "after": " "
        },
        {
          "index": 15,
          "word": "usb",
          "originalText": "usb",
          "characterOffsetBegin": 553,
          "characterOffsetEnd": 556,
          "before": " ",
          "after": ""
        },
        {
          "index": 16,
          "word": ".",
          "originalText": ".",
          "characterOffsetBegin": 556,
          "characterOffsetEnd": 557,
          "before": "",
          "after": ""
        }
      ]
    },
    {
      "index": 12,
      "tokens": [
        {
          "index": 1,
          "word": "Agent",
          "originalText": "Agent",
          "characterOffsetBegin": 559,
          "characterOffsetEnd": 564,
          "before": "",
          "after": ""
        },
        {
          "index": 2,
          "word": ":",
          "originalText": ":",
          "characterOffsetBegin": 564,
          "characterOffsetEnd": 565,
          "before": "",
          "after": " "
        },
        {
          "index": 3,
          "word": "@",
          "originalText": "@",
          "characterOffsetBegin": 566,
          "characterOffsetEnd": 567,
          "before": " ",
          "after": ""
        },
        {
          "index": 4,
          "word": "211474",
          "originalText": "211474",
          "characterOffsetBegin": 567,
          "characterOffsetEnd": 573,
          "before": "",
          "after": " "
        },
        {
          "index": 5,
          "word": "Could",
          "originalText": "Could",
          "characterOffsetBegin": 574,
          "characterOffsetEnd": 579,
          "before": " ",
          "after": " "
        },
        {
          "index": 6,
          "word": "you",
          "originalText": "you",
          "characterOffsetBegin": 580,
          "characterOffsetEnd": 583,
          "before": " ",
          "after": " "
        },
        {
          "index": 7,
          "word": "try",
          "originalText": "try",
          "characterOffsetBegin": 584,
          "characterOffsetEnd": 587,
          "before": " ",
          "after": " "
        },
        {
          "index": 8,
          "word": "logging",
          "originalText": "logging",
          "characterOffsetBegin": 588,
          "characterOffsetEnd": 595,
          "before": " ",
          "after": " "
        },
        {
          "index": 9,
          "word": "out",
          "originalText": "out",
          "characterOffsetBegin": 596,
          "characterOffsetEnd": 599,
          "before": " ",
          "after": ""
        },
        {
          "index": 10,
          "word": ",",
          "originalText": ",",
          "characterOffsetBegin": 599,
          "characterOffsetEnd": 600,
          "before": "",
          "after": " "
        },
        {
          "index": 11,
          "word": "restarting",
          "originalText": "restarting",
          "characterOffsetBegin": 601,
          "characterOffsetEnd": 611,
          "before": " ",
          "after": " "
        },
        {
          "index": 12,
          "word": "your",
          "originalText": "your",
          "characterOffsetBegin": 612,
          "characterOffsetEnd": 616,
          "before": " ",
          "after": " "
        },
        {
          "index": 13,
          "word": "device",
          "originalText": "device",
          "characterOffsetBegin": 617,
          "characterOffsetEnd": 623,
          "before": " ",
          "after": ""
        },
        {
          "index": 14,
          "word": ",",
          "originalText": ",",
          "characterOffsetBegin": 623,
          "characterOffsetEnd": 624,
          "before": "",
          "after": " "
        },
        {
          "index": 15,
          "word": "and",
          "originalText": "and",
          "characterOffsetBegin": 625,
          "characterOffsetEnd": 628,
          "before": " ",
          "after": " "
        },
        {
          "index": 16,
          "word": "logging",
          "originalText": "logging",
          "characterOffsetBegin": 629,
          "characterOffsetEnd": 636,
          "before": " ",
          "after": " "
        },
        {
          "index": 17,
          "word": "back",
          "originalText": "back",
          "characterOffsetBegin": 637,
          "characterOffsetEnd": 641,
          "before": " ",
          "after": " "
        },
        {
          "index": 18,
          "word": "in",
          "originalText": "in",
          "characterOffsetBegin": 642,
          "characterOffsetEnd": 644,
          "before": " ",
          "after": ""
        },
        {
          "index": 19,
          "word": "?",
          "originalText": "?",
          "characterOffsetBegin": 644,
          "characterOffsetEnd": 645,
          "before": "",
          "after": ""
        }
      ]
    },
    {
      "index": 13,
      "tokens": [
        {
          "index": 1,
          "word": "Does",
          "originalText": "Does",
          "characterOffsetBegin": 647,
          "characterOffsetEnd": 651,
          "before": "",
          "after": " "
        },
        {
          "index": 2,
          "word": "that",
          "originalText": "that",
          "characterOffsetBegin": 652,
          "characterOffsetEnd": 656,
          "before": " ",
          "after": " "
        },
        {
          "index": 3,
          "word": "make",
          "originalText": "make",
          "characterOffsetBegin": 657,
          "characterOffsetEnd": 661,
          "before": " ",
          "after": " "
        },
        {
          "index": 4,
          "word": "a",
          "originalText": "a",
          "characterOffsetBegin": 662,
          "characterOffsetEnd": 663,
          "before": " ",
          "after": " "
        },
        {
          "index": 5,
          "word": "difference",
          "originalText": "difference",
          "characterOffsetBegin": 664,
          "characterOffsetEnd": 674,
          "before": " ",
          "after": ""
        },
        {
          "index": 6,
          "word": "?",
          "originalText": "?",
          "characterOffsetBegin": 674,
          "characterOffsetEnd": 675,
          "before": "",
          "after": ""
        }
      ]
    },
    {
      "index": 14,
      "tokens": [
        {
          "index": 1,
          "word": "/",
          "originalText": "/",
          "characterOffsetBegin": 677,
          "characterOffsetEnd": 678,
          "before": "",
          "after": ""
        },
        {
          "index": 2,
          "word": "JM",
          "originalText": "JM",
          "characterOffsetBegin": 678,
          "characterOffsetEnd": 680,
          "before": "",
          "after": ""
        }
      ]
    },
    {
      "index": 15,
      "tokens": [
        {
          "index": 1,
          "word": "Customer",
          "originalText": "Customer",
          "characterOffsetBegin": 682,
          "characterOffsetEnd": 690,
          "before": "",
          "after": ""
        },
        {
          "index": 2,
          "word": ":",
          "originalText": ":",
          "characterOffsetBegin": 690,
          "characterOffsetEnd": 691,
          "before": "",
          "after": " "
        },
        {
          "index": 3,
          "word": "@SpotifyCares",
          "originalText": "@SpotifyCares",
          "characterOffsetBegin": 692,
          "characterOffsetEnd": 705,
          "before": " ",
          "after": " "
        },
        {
          "index": 4,
          "word": "Everything",
          "originalText": "Everything",
          "characterOffsetBegin": 706,
          "characterOffsetEnd": 716,
          "before": " ",
          "after": " "
        },
        {
          "index": 5,
          "word": "worked",
          "originalText": "worked",
          "characterOffsetBegin": 717,
          "characterOffsetEnd": 723,
          "before": " ",
          "after": ""
        },
        {
          "index": 6,
          "word": "!",
          "originalText": "!",
          "characterOffsetBegin": 723,
          "characterOffsetEnd": 724,
          "before": "",
          "after": ""
        }
      ]
    },
    {
      "index": 16,
      "tokens": [
        {
          "index": 1,
          "word": "Thanks",
          "originalText": "Thanks",
          "characterOffsetBegin": 726,
          "characterOffsetEnd": 732,
          "before": "",
          "after": ""
        },
        {
          "index": 2,
          "word": "!",
          "originalText": "!",
          "characterOffsetBegin": 732,
          "characterOffsetEnd": 733,
          "before": "",
          "after": ""
        }
      ]
    },
    {
      "index": 17,
      "tokens": [
        {
          "index": 1,
          "word": "Agent",
          "originalText": "Agent",
          "characterOffsetBegin": 735,
          "characterOffsetEnd": 740,
          "before": "",
          "after": ""
        },
        {
          "index": 2,
          "word": ":",
          "originalText": ":",
          "characterOffsetBegin": 740,
          "characterOffsetEnd": 741,
          "before": "",
          "after": " "
        },
        {
          "index": 3,
          "word": "@",
          "originalText": "@",
          "characterOffsetBegin": 742,
          "characterOffsetEnd": 743,
          "before": " ",
          "after": ""
        },
        {
          "index": 4,
          "word": "211474",
          "originalText": "211474",
          "characterOffsetBegin": 743,
          "characterOffsetEnd": 749,
          "before": "",
          "after": " "
        },
        {
          "index": 5,
          "word": "You",
          "originalText": "You",
          "characterOffsetBegin": 750,
          "characterOffsetEnd": 753,
          "before": " ",
          "after": ""
        },
        {
          "index": 6,
          "word": "'re",
          "originalText": "'re",
          "characterOffsetBegin": 753,
          "characterOffsetEnd": 756,
          "before": "",
          "after": " "
        },
        {
          "index": 7,
          "word": "welcome",
          "originalText": "welcome",
          "characterOffsetBegin": 757,
          "characterOffsetEnd": 764,
          "before": " ",
          "after": ""
        },
        {
          "index": 8,
          "word": "!",
          "originalText": "!",
          "characterOffsetBegin": 764,
          "characterOffsetEnd": 765,
          "before": "",
          "after": ""
        }
      ]
    },
    {
      "index": 18,
      "tokens": [
        {
          "index": 1,
          "word": "Give",
          "originalText": "Give",
          "characterOffsetBegin": 767,
          "characterOffsetEnd": 771,
          "before": "",
          "after": " "
        },
        {
          "index": 2,
          "word": "us",
          "originalText": "us",
          "characterOffsetBegin": 772,
          "characterOffsetEnd": 774,
          "before": " ",
          "after": " "
        },
        {
          "index": 3,
          "word": "a",
          "originalText": "a",
          "characterOffsetBegin": 775,
          "characterOffsetEnd": 776,
          "before": " ",
          "after": " "
        },
        {
          "index": 4,
          "word": "shout",
          "originalText": "shout",
          "characterOffsetBegin": 777,
          "characterOffsetEnd": 782,
          "before": " ",
          "after": " "
        },
        {
          "index": 5,
          "word": "if",
          "originalText": "if",
          "characterOffsetBegin": 783,
          "characterOffsetEnd": 785,
          "before": " ",
          "after": " "
        },
        {
          "index": 6,
          "word": "you",
          "originalText": "you",
          "characterOffsetBegin": 786,
          "characterOffsetEnd": 789,
          "before": " ",
          "after": " "
        },
        {
          "index": 7,
          "word": "ever",
          "originalText": "ever",
          "characterOffsetBegin": 790,
          "characterOffsetEnd": 794,
          "before": " ",
          "after": " "
        },
        {
          "index": 8,
          "word": "need",
          "originalText": "need",
          "characterOffsetBegin": 795,
          "characterOffsetEnd": 799,
          "before": " ",
          "after": " "
        },
        {
          "index": 9,
          "word": "us",
          "originalText": "us",
          "characterOffsetBegin": 800,
          "characterOffsetEnd": 802,
          "before": " ",
          "after": " "
        },
        {
          "index": 10,
          "word": "again",
          "originalText": "again",
          "characterOffsetBegin": 803,
          "characterOffsetEnd": 808,
          "before": " ",
          "after": ""
        },
        {
          "index": 11,
          "word": ".",
          "originalText": ".",
          "characterOffsetBegin": 808,
          "characterOffsetEnd": 809,
          "before": "",
          "after": ""
        }
      ]
    },
    {
      "index": 19,
      "tokens": [
        {
          "index": 1,
          "word": "We",
          "originalText": "We",
          "characterOffsetBegin": 811,
          "characterOffsetEnd": 813,
          "before": "",
          "after": ""
        },
        {
          "index": 2,
          "word": "'d",
          "originalText": "'d",
          "characterOffsetBegin": 813,
          "characterOffsetEnd": 815,
          "before": "",
          "after": " "
        },
        {
          "index": 3,
          "word": "be",
          "originalText": "be",
          "characterOffsetBegin": 816,
          "characterOffsetEnd": 818,
          "before": " ",
          "after": ""
        },
        {
          "index": 4,
          "word": "...",
          "originalText": "...",
          "characterOffsetBegin": 818,
          "characterOffsetEnd": 821,
          "before": "",
          "after": " "
        },
        {
          "index": 5,
          "word": "https://t.co/LgAM6ky9Vv",
          "originalText": "https://t.co/LgAM6ky9Vv",
          "characterOffsetBegin": 822,
          "characterOffsetEnd": 845,
          "before": " ",
          "after": " "
        },
        {
          "index": 6,
          "word": "💚",
          "originalText": "💚",
          "characterOffsetBegin": 846,
          "characterOffsetEnd": 848,
          "before": " ",
          "after": " "
        },
        {
          "index": 7,
          "word": "/",
          "originalText": "/",
          "characterOffsetBegin": 849,
          "characterOffsetEnd": 850,
          "before": " ",
          "after": ""
        },
        {
          "index": 8,
          "word": "JM",
          "originalText": "JM",
          "characterOffsetBegin": 850,
          "characterOffsetEnd": 852,
          "before": "",
          "after": ""
        }
      ]
    },
    {
      "index": 20,
      "tokens": [
        {
          "index": 1,
          "word": "@highlight",
          "originalText": "@highlight",
          "characterOffsetBegin": 854,
          "characterOffsetEnd": 864,
          "before": "",
          "after": ""
        }
      ]
    },
    {
      "index": 21,
      "tokens": [
        {
          "index": 1,
          "word": "Customer",
          "originalText": "Customer",
          "characterOffsetBegin": 866,
          "characterOffsetEnd": 874,
          "before": "",
          "after": ""
        },
        {
          "index": 2,
          "word": ":",
          "originalText": ":",
          "characterOffsetBegin": 874,
          "characterOffsetEnd": 875,
          "before": "",
          "after": " "
        },
        {
          "index": 3,
          "word": "@SpotifyCares",
          "originalText": "@SpotifyCares",
          "characterOffsetBegin": 876,
          "characterOffsetEnd": 889,
          "before": " ",
          "after": " "
        },
        {
          "index": 4,
          "word": "why",
          "originalText": "why",
          "characterOffsetBegin": 890,
          "characterOffsetEnd": 893,
          "before": " ",
          "after": " "
        },
        {
          "index": 5,
          "word": "ca",
          "originalText": "ca",
          "characterOffsetBegin": 894,
          "characterOffsetEnd": 896,
          "before": " ",
          "after": ""
        },
        {
          "index": 6,
          "word": "n't",
          "originalText": "n’t",
          "characterOffsetBegin": 896,
          "characterOffsetEnd": 899,
          "before": "",
          "after": " "
        },
        {
          "index": 7,
          "word": "I",
          "originalText": "I",
          "characterOffsetBegin": 900,
          "characterOffsetEnd": 901,
          "before": " ",
          "after": " "
        },
        {
          "index": 8,
          "word": "change",
          "originalText": "change",
          "characterOffsetBegin": 902,
          "characterOffsetEnd": 908,
          "before": " ",
          "after": " "
        },
        {
          "index": 9,
          "word": "songs",
          "originalText": "songs",
          "characterOffsetBegin": 909,
          "characterOffsetEnd": 914,
          "before": " ",
          "after": " "
        },
        {
          "index": 10,
          "word": "from",
          "originalText": "from",
          "characterOffsetBegin": 915,
          "characterOffsetEnd": 919,
          "before": " ",
          "after": " "
        },
        {
          "index": 11,
          "word": "my",
          "originalText": "my",
          "characterOffsetBegin": 920,
          "characterOffsetEnd": 922,
          "before": " ",
          "after": " "
        },
        {
          "index": 12,
          "word": "home",
          "originalText": "home",
          "characterOffsetBegin": 923,
          "characterOffsetEnd": 927,
          "before": " ",
          "after": " "
        },
        {
          "index": 13,
          "word": "screen",
          "originalText": "screen",
          "characterOffsetBegin": 928,
          "characterOffsetEnd": 934,
          "before": " ",
          "after": " "
        },
        {
          "index": 14,
          "word": "or",
          "originalText": "or",
          "characterOffsetBegin": 935,
          "characterOffsetEnd": 937,
          "before": " ",
          "after": " "
        },
        {
          "index": 15,
          "word": "control",
          "originalText": "control",
          "characterOffsetBegin": 938,
          "characterOffsetEnd": 945,
          "before": " ",
          "after": " "
        },
        {
          "index": 16,
          "word": "center",
          "originalText": "center",
          "characterOffsetBegin": 946,
          "characterOffsetEnd": 952,
          "before": " ",
          "after": ""
        },
        {
          "index": 17,
          "word": "?",
          "originalText": "?",
          "characterOffsetBegin": 952,
          "characterOffsetEnd": 953,
          "before": "",
          "after": ""
        }
      ]
    },
    {
      "index": 22,
      "tokens": [
        {
          "index": 1,
          "word": "@highlight",
          "originalText": "@highlight",
          "characterOffsetBegin": 955,
          "characterOffsetEnd": 965,
          "before": "",
          "after": ""
        }
      ]
    },
    {
      "index": 23,
      "tokens": [
        {
          "index": 1,
          "word": "@SpotifyCares",
          "originalText": "@SpotifyCares",
          "characterOffsetBegin": 967,
          "characterOffsetEnd": 980,
          "before": "",
          "after": " "
        },
        {
          "index": 2,
          "word": "iPhone",
          "originalText": "iPhone",
          "characterOffsetBegin": 981,
          "characterOffsetEnd": 987,
          "before": " ",
          "after": " "
        },
        {
          "index": 3,
          "word": "7",
          "originalText": "7",
          "characterOffsetBegin": 988,
          "characterOffsetEnd": 989,
          "before": " ",
          "after": ""
        },
        {
          "index": 4,
          "word": ",",
          "originalText": ",",
          "characterOffsetBegin": 989,
          "characterOffsetEnd": 990,
          "before": "",
          "after": " "
        },
        {
          "index": 5,
          "word": "iOS",
          "originalText": "iOS",
          "characterOffsetBegin": 991,
          "characterOffsetEnd": 994,
          "before": " ",
          "after": " "
        },
        {
          "index": 6,
          "word": "11.0.3",
          "originalText": "11.0.3",
          "characterOffsetBegin": 995,
          "characterOffsetEnd": 1001,
          "before": " ",
          "after": ""
        },
        {
          "index": 7,
          "word": ",",
          "originalText": ",",
          "characterOffsetBegin": 1001,
          "characterOffsetEnd": 1002,
          "before": "",
          "after": " "
        },
        {
          "index": 8,
          "word": "Spotify",
          "originalText": "Spotify",
          "characterOffsetBegin": 1003,
          "characterOffsetEnd": 1010,
          "before": " ",
          "after": " "
        },
        {
          "index": 9,
          "word": "version",
          "originalText": "version",
          "characterOffsetBegin": 1011,
          "characterOffsetEnd": 1018,
          "before": " ",
          "after": " "
        },
        {
          "index": 10,
          "word": "8.4.24.506",
          "originalText": "8.4.24.506",
          "characterOffsetBegin": 1019,
          "characterOffsetEnd": 1029,
          "before": " ",
          "after": ""
        },
        {
          "index": 11,
          "word": ".",
          "originalText": ".",
          "characterOffsetBegin": 1029,
          "characterOffsetEnd": 1030,
          "before": "",
          "after": ""
        }
      ]
    },
    {
      "index": 24,
      "tokens": [
        {
          "index": 1,
          "word": "@highlight",
          "originalText": "@highlight",
          "characterOffsetBegin": 1032,
          "characterOffsetEnd": 1042,
          "before": "",
          "after": ""
        }
      ]
    },
    {
      "index": 25,
      "tokens": [
        {
          "index": 1,
          "word": "Agent",
          "originalText": "Agent",
          "characterOffsetBegin": 1044,
          "characterOffsetEnd": 1049,
          "before": "",
          "after": ""
        },
        {
          "index": 2,
          "word": ":",
          "originalText": ":",
          "characterOffsetBegin": 1049,
          "characterOffsetEnd": 1050,
          "before": "",
          "after": " "
        },
        {
          "index": 3,
          "word": "Just",
          "originalText": "Just",
          "characterOffsetBegin": 1051,
          "characterOffsetEnd": 1055,
          "before": " ",
          "after": " "
        },
        {
          "index": 4,
          "word": "to",
          "originalText": "to",
          "characterOffsetBegin": 1056,
          "characterOffsetEnd": 1058,
          "before": " ",
          "after": " "
        },
        {
          "index": 5,
          "word": "check",
          "originalText": "check",
          "characterOffsetBegin": 1059,
          "characterOffsetEnd": 1064,
          "before": " ",
          "after": ""
        },
        {
          "index": 6,
          "word": ",",
          "originalText": ",",
          "characterOffsetBegin": 1064,
          "characterOffsetEnd": 1065,
          "before": "",
          "after": " "
        },
        {
          "index": 7,
          "word": "did",
          "originalText": "did",
          "characterOffsetBegin": 1066,
          "characterOffsetEnd": 1069,
          "before": " ",
          "after": " "
        },
        {
          "index": 8,
          "word": "you",
          "originalText": "you",
          "characterOffsetBegin": 1070,
          "characterOffsetEnd": 1073,
          "before": " ",
          "after": " "
        },
        {
          "index": 9,
          "word": "start",
          "originalText": "start",
          "characterOffsetBegin": 1074,
          "characterOffsetEnd": 1079,
          "before": " ",
          "after": " "
        },
        {
          "index": 10,
          "word": "getting",
          "originalText": "getting",
          "characterOffsetBegin": 1080,
          "characterOffsetEnd": 1087,
          "before": " ",
          "after": " "
        },
        {
          "index": 11,
          "word": "the",
          "originalText": "the",
          "characterOffsetBegin": 1088,
          "characterOffsetEnd": 1091,
          "before": " ",
          "after": " "
        },
        {
          "index": 12,
          "word": "issue",
          "originalText": "issue",
          "characterOffsetBegin": 1092,
          "characterOffsetEnd": 1097,
          "before": " ",
          "after": " "
        },
        {
          "index": 13,
          "word": "after",
          "originalText": "after",
          "characterOffsetBegin": 1098,
          "characterOffsetEnd": 1103,
          "before": " ",
          "after": " "
        },
        {
          "index": 14,
          "word": "updating",
          "originalText": "updating",
          "characterOffsetBegin": 1104,
          "characterOffsetEnd": 1112,
          "before": " ",
          "after": " "
        },
        {
          "index": 15,
          "word": "your",
          "originalText": "your",
          "characterOffsetBegin": 1113,
          "characterOffsetEnd": 1117,
          "before": " ",
          "after": " "
        },
        {
          "index": 16,
          "word": "OS",
          "originalText": "OS",
          "characterOffsetBegin": 1118,
          "characterOffsetEnd": 1120,
          "before": " ",
          "after": " "
        },
        {
          "index": 17,
          "word": "or",
          "originalText": "or",
          "characterOffsetBegin": 1121,
          "characterOffsetEnd": 1123,
          "before": " ",
          "after": " "
        },
        {
          "index": 18,
          "word": "app",
          "originalText": "app",
          "characterOffsetBegin": 1124,
          "characterOffsetEnd": 1127,
          "before": " ",
          "after": " "
        },
        {
          "index": 19,
          "word": "to",
          "originalText": "to",
          "characterOffsetBegin": 1128,
          "characterOffsetEnd": 1130,
          "before": " ",
          "after": " "
        },
        {
          "index": 20,
          "word": "the",
          "originalText": "the",
          "characterOffsetBegin": 1131,
          "characterOffsetEnd": 1134,
          "before": " ",
          "after": " "
        },
        {
          "index": 21,
          "word": "latest",
          "originalText": "latest",
          "characterOffsetBegin": 1135,
          "characterOffsetEnd": 1141,
          "before": " ",
          "after": " "
        },
        {
          "index": 22,
          "word": "version",
          "originalText": "version",
          "characterOffsetBegin": 1142,
          "characterOffsetEnd": 1149,
          "before": " ",
          "after": ""
        },
        {
          "index": 23,
          "word": "?",
          "originalText": "?",
          "characterOffsetBegin": 1149,
          "characterOffsetEnd": 1150,
          "before": "",
          "after": ""
        }
      ]
    },
    {
      "index": 26,
      "tokens": [
        {
          "index": 1,
          "word": "@highlight",
          "originalText": "@highlight",
          "characterOffsetBegin": 1152,
          "characterOffsetEnd": 1162,
          "before": "",
          "after": ""
        }
      ]
    },
    {
      "index": 27,
      "tokens": [
        {
          "index": 1,
          "word": "@",
          "originalText": "@",
          "characterOffsetBegin": 1164,
          "characterOffsetEnd": 1165,
          "before": "",
          "after": ""
        },
        {
          "index": 2,
          "word": "211474",
          "originalText": "211474",
          "characterOffsetBegin": 1165,
          "characterOffsetEnd": 1171,
          "before": "",
          "after": " "
        },
        {
          "index": 3,
          "word": "Could",
          "originalText": "Could",
          "characterOffsetBegin": 1172,
          "characterOffsetEnd": 1177,
          "before": " ",
          "after": " "
        },
        {
          "index": 4,
          "word": "you",
          "originalText": "you",
          "characterOffsetBegin": 1178,
          "characterOffsetEnd": 1181,
          "before": " ",
          "after": " "
        },
        {
          "index": 5,
          "word": "try",
          "originalText": "try",
          "characterOffsetBegin": 1182,
          "characterOffsetEnd": 1185,
          "before": " ",
          "after": " "
        },
        {
          "index": 6,
          "word": "logging",
          "originalText": "logging",
          "characterOffsetBegin": 1186,
          "characterOffsetEnd": 1193,
          "before": " ",
          "after": " "
        },
        {
          "index": 7,
          "word": "out",
          "originalText": "out",
          "characterOffsetBegin": 1194,
          "characterOffsetEnd": 1197,
          "before": " ",
          "after": ""
        },
        {
          "index": 8,
          "word": ",",
          "originalText": ",",
          "characterOffsetBegin": 1197,
          "characterOffsetEnd": 1198,
          "before": "",
          "after": " "
        },
        {
          "index": 9,
          "word": "restarting",
          "originalText": "restarting",
          "characterOffsetBegin": 1199,
          "characterOffsetEnd": 1209,
          "before": " ",
          "after": " "
        },
        {
          "index": 10,
          "word": "your",
          "originalText": "your",
          "characterOffsetBegin": 1210,
          "characterOffsetEnd": 1214,
          "before": " ",
          "after": " "
        },
        {
          "index": 11,
          "word": "device",
          "originalText": "device",
          "characterOffsetBegin": 1215,
          "characterOffsetEnd": 1221,
          "before": " ",
          "after": ""
        },
        {
          "index": 12,
          "word": ",",
          "originalText": ",",
          "characterOffsetBegin": 1221,
          "characterOffsetEnd": 1222,
          "before": "",
          "after": " "
        },
        {
          "index": 13,
          "word": "and",
          "originalText": "and",
          "characterOffsetBegin": 1223,
          "characterOffsetEnd": 1226,
          "before": " ",
          "after": " "
        },
        {
          "index": 14,
          "word": "logging",
          "originalText": "logging",
          "characterOffsetBegin": 1227,
          "characterOffsetEnd": 1234,
          "before": " ",
          "after": " "
        },
        {
          "index": 15,
          "word": "back",
          "originalText": "back",
          "characterOffsetBegin": 1235,
          "characterOffsetEnd": 1239,
          "before": " ",
          "after": " "
        },
        {
          "index": 16,
          "word": "in",
          "originalText": "in",
          "characterOffsetBegin": 1240,
          "characterOffsetEnd": 1242,
          "before": " ",
          "after": ""
        },
        {
          "index": 17,
          "word": "?",
          "originalText": "?",
          "characterOffsetBegin": 1242,
          "characterOffsetEnd": 1243,
          "before": "",
          "after": ""
        }
      ]
    }
  ]
}