{
  "sentences": [
    {
      "index": 0,
      "tokens": [
        {
          "index": 1,
          "word": "Customer",
          "originalText": "Customer",
          "characterOffsetBegin": 0,
          "characterOffsetEnd": 8,
          "before": "",
          "after": ""
        },
        {
          "index": 2,
          "word": ":",
          "originalText": ":",
          "characterOffsetBegin": 8,
          "characterOffsetEnd": 9,
          "before": "",
          "after": " "
        },
        {
          "index": 3,
          "word": "@British_Airways",
          "originalText": "@British_Airways",
          "characterOffsetBegin": 10,
          "characterOffsetEnd": 26,
          "before": " ",
          "after": " "
        },
        {
          "index": 4,
          "word": "still",
          "originalText": "still",
          "characterOffsetBegin": 27,
          "characterOffsetEnd": 32,
          "before": " ",
          "after": " "
        },
        {
          "index": 5,
          "word": "no",
          "originalText": "no",
          "characterOffsetBegin": 33,
          "characterOffsetEnd": 35,
          "before": " ",
          "after": " "
        },
        {
          "index": 6,
          "word": "updates",
          "originalText": "updates",
          "characterOffsetBegin": 36,
          "characterOffsetEnd": 43,
          "before": " ",
          "after": ""
        },
        {
          "index": 7,
          "word": ".",
          "originalText": ".",
          "characterOffsetBegin": 43,
          "characterOffsetEnd": 44,
          "before": "",
          "after": ""
        }
      ]
    },
    {
      "index": 1,
      "tokens": [
        {
          "index": 1,
          "word": "2",
          "originalText": "2",
          "characterOffsetBegin": 46,
          "characterOffsetEnd": 47,
          "before": "",
          "after": " "
        },
        {
          "index": 2,
          "word": "members",
          "originalText": "members",
          "characterOffsetBegin": 48,
          "characterOffsetEnd": 55,
          "before": " ",
          "after": " "
        },
        {
          "index": 3,
          "word": "of",
          "originalText": "of",
          "characterOffsetBegin": 56,
          "characterOffsetEnd": 58,
          "before": " ",
          "after": " "
        },
        {
          "index": 4,
          "word": "staff",
          "originalText": "staff",
          "characterOffsetBegin": 59,
          "characterOffsetEnd": 64,
          "before": " ",
          "after": " "
        },
        {
          "index": 5,
          "word": "at",
          "originalText": "at",
          "characterOffsetBegin": 65,
          "characterOffsetEnd": 67,
          "before": " ",
          "after": " "
        },
        {
          "index": 6,
          "word": "Verona",
          "originalText": "Verona",
          "characterOffsetBegin": 68,
          "characterOffsetEnd": 74,
          "before": " ",
          "after": " "
        },
        {
          "index": 7,
          "word": "Airport",
          "originalText": "Airport",
          "characterOffsetBegin": 75,
          "characterOffsetEnd": 82,
          "before": " ",
          "after": " "
        },
        {
          "index": 8,
          "word": "unable",
          "originalText": "unable",
          "characterOffsetBegin": 83,
          "characterOffsetEnd": 89,
          "before": " ",
          "after": " "
        },
        {
          "index": 9,
          "word": "to",
          "originalText": "to",
          "characterOffsetBegin": 90,
          "characterOffsetEnd": 92,
          "before": " ",
          "after": " "
        },
        {
          "index": 10,
          "word": "share",
          "originalText": "share",
          "characterOffsetBegin": 93,
          "characterOffsetEnd": 98,
          "before": " ",
          "after": " "
        },
        {
          "index": 11,
          "word": "news",
          "originalText": "news",
          "characterOffsetBegin": 99,
          "characterOffsetEnd": 103,
          "before": " ",
          "after": " "
        },
        {
          "index": 12,
          "word": "on",
          "originalText": "on",
          "characterOffsetBegin": 104,
          "characterOffsetEnd": 106,
          "before": " ",
          "after": " "
        },
        {
          "index": 13,
          "word": "where",
          "originalText": "where",
          "characterOffsetBegin": 107,
          "characterOffsetEnd": 112,
          "before": " ",
          "after": " "
        },
        {
          "index": 14,
          "word": "the",
          "originalText": "the",
          "characterOffsetBegin": 113,
          "characterOffsetEnd": 116,
          "before": " ",
          "after": " "
        },
        {
          "index": 15,
          "word": "bus",
          "originalText": "bus",
          "characterOffsetBegin": 117,
          "characterOffsetEnd": 120,
          "before": " ",
          "after": " "
        },
        {
          "index": 16,
          "word": "is",
          "originalText": "is",
          "characterOffsetBegin": 121,
          "characterOffsetEnd": 123,
          "before": " ",
          "after": ""
        },
        {
          "index": 17,
          "word": "...",
          "originalText": "...",
          "characterOffsetBegin": 123,
          "characterOffsetEnd": 126,
          "before": "",
          "after": " "
        },
        {
          "index": 18,
          "word": "no",
          "originalText": "no",
          "characterOffsetBegin": 127,
          "characterOffsetEnd": 129,
          "before": " ",
          "after": " "
        },
        {
          "index": 19,
          "word": "news",
          "originalText": "news",
          "characterOffsetBegin": 130,
          "characterOffsetEnd": 134,
          "before": " ",
          "after": " "
        },
        {
          "index": 20,
          "word": "on",
          "originalText": "on",
          "characterOffsetBegin": 135,
          "characterOffsetEnd": 137,
          "before": " ",
          "after": " "
        },
        {
          "index": 21,
          "word": "app",
          "originalText": "app",
          "characterOffsetBegin": 138,
          "characterOffsetEnd": 141,
          "before": " ",
          "after": " "
        },
        {
          "index": 22,
          "word": "or",
          "originalText": "or",
          "characterOffsetBegin": 142,
          "characterOffsetEnd": 144,
          "before": " ",
          "after": " "
        },
        {
          "index": 23,
          "word": "web",
          "originalText": "web",
          "characterOffsetBegin": 145,
          "characterOffsetEnd": 148,
          "before": " ",
          "after": ""
        },
        {
          "index": 24,
          "word": "...",
          "originalText": "...",
          "characterOffsetBegin": 148,
          "characterOffsetEnd": 151,
          "before": "",
          "after": " "
        },
        {
          "index": 25,
          "word": "https://t.co/aXfYUKkSKH",
          "originalText": "https://t.co/aXfYUKkSKH",
          "characterOffsetBegin": 152,
          "characterOffsetEnd": 175,
          "before": " ",
          "after": ""
        }
      ]
    },
    {
      "index": 2,
      "tokens": [
        {
          "index": 1,
          "word": "Agent",
          "originalText": "Agent",
          "characterOffsetBegin": 177,
          "characterOffsetEnd": 182,
          "before": "",
          "after": ""
        },
        {
          "index": 2,
          "word": ":",
          "originalText": ":",
          "characterOffsetBegin": 182,
          "characterOffsetEnd": 183,
          "before": "",
          "after": " "
        },
        {
          "index": 3,
          "word": "@",
          "originalText": "@",
          "characterOffsetBegin": 184,
          "characterOffsetEnd": 185,
          "before": " ",
          "after": ""
        },
        {
          "index": 4,
          "word": "192093",
          "originalText": "192093",
          "characterOffsetBegin": 185,
          "characterOffsetEnd": 191,
          "before": "",
          "after": " "
        },
        {
          "index": 5,
          "word": "Hi",
          "originalText": "Hi",
          "characterOffsetBegin": 192,
          "characterOffsetEnd": 194,
          "before": " ",
          "after": " "
        },
        {
          "index": 6,
          "word": "Jack",
          "originalText": "Jack",
          "characterOffsetBegin": 195,
          "characterOffsetEnd": 199,
          "before": " ",
          "after": ""
        },
        {
          "index": 7,
          "word": ",",
          "originalText": ",",
          "characterOffsetBegin": 199,
          "characterOffsetEnd": 200,
          "before": "",
          "after": "  "
        },
        {
          "index": 8,
          "word": "we",
          "originalText": "we",
          "characterOffsetBegin": 202,
          "characterOffsetEnd": 204,
          "before": "  ",
          "after": ""
        },
        {
          "index": 9,
          "word": "'re",
          "originalText": "'re",
          "characterOffsetBegin": 204,
          "characterOffsetEnd": 207,
          "before": "",
          "after": " "
        },
        {
          "index": 10,
          "word": "working",
          "originalText": "working",
          "characterOffsetBegin": 208,
          "characterOffsetEnd": 215,
          "before": " ",
          "after": " "
        },
        {
          "index": 11,
          "word": "to",
          "originalText": "to",
          "characterOffsetBegin": 216,
          "characterOffsetEnd": 218,
          "before": " ",
          "after": " "
        },
        {
          "index": 12,
          "word": "source",
          "originalText": "source",
          "characterOffsetBegin": 219,
          "characterOffsetEnd": 225,
          "before": " ",
          "after": " "
        },
        {
          "index": 13,
          "word": "transport",
          "originalText": "transport",
          "characterOffsetBegin": 226,
          "characterOffsetEnd": 235,
          "before": " ",
          "after": " "
        },
        {
          "index": 14,
          "word": "to",
          "originalText": "to",
          "characterOffsetBegin": 236,
          "characterOffsetEnd": 238,
          "before": " ",
          "after": " "
        },
        {
          "index": 15,
          "word": "VCE",
          "originalText": "VCE",
          "characterOffsetBegin": 239,
          "characterOffsetEnd": 242,
          "before": " ",
          "after": " "
        },
        {
          "index": 16,
          "word": "and",
          "originalText": "and",
          "characterOffsetBegin": 243,
          "characterOffsetEnd": 246,
          "before": " ",
          "after": " "
        },
        {
          "index": 17,
          "word": "we",
          "originalText": "we",
          "characterOffsetBegin": 247,
          "characterOffsetEnd": 249,
          "before": " ",
          "after": ""
        },
        {
          "index": 18,
          "word": "'ll",
          "originalText": "'ll",
          "characterOffsetBegin": 249,
          "characterOffsetEnd": 252,
          "before": "",
          "after": " "
        },
        {
          "index": 19,
          "word": "advise",
          "originalText": "advise",
          "characterOffsetBegin": 253,
          "characterOffsetEnd": 259,
          "before": " ",
          "after": " "
        },
        {
          "index": 20,
          "word": "when",
          "originalText": "when",
          "characterOffsetBegin": 260,
          "characterOffsetEnd": 264,
          "before": " ",
          "after": " "
        },
        {
          "index": 21,
          "word": "this",
          "originalText": "this",
          "characterOffsetBegin": 265,
          "characterOffsetEnd": 269,
          "before": " ",
          "after": " "
        },
        {
          "index": 22,
          "word": "has",
          "originalText": "has",
          "characterOffsetBegin": 270,
          "characterOffsetEnd": 273,
          "before": " ",
          "after": " "
        },
        {
          "index": 23,
          "word": "been",
          "originalText": "been",
          "characterOffsetBegin": 274,
          "characterOffsetEnd": 278,
          "before": " ",
          "after": " "
        },
        {
          "index": 24,
          "word": "confirmed",
          "originalText": "confirmed",
          "characterOffsetBegin": 279,
          "characterOffsetEnd": 288,
          "before": " ",
          "after": ""
        },
        {
          "index": 25,
          "word": ".",
          "originalText": ".",
          "characterOffsetBegin": 288,
          "characterOffsetEnd": 289,
          "before": "",
          "after": ""
        }
      ]
    },
    {
      "index": 3,
      "tokens": [
        {
          "index": 1,
          "word": "However",
          "originalText": "However",
          "characterOffsetBegin": 291,
          "characterOffsetEnd": 298,
          "before": "",
          "after": ""
        },
        {
          "index": 2,
          "word": ",",
          "originalText": ",",
          "characterOffsetBegin": 298,
          "characterOffsetEnd": 299,
          "before": "",
          "after": " "
        },
        {
          "index": 3,
          "word": "our",
          "originalText": "our",
          "characterOffsetBegin": 300,
          "characterOffsetEnd": 303,
          "before": " ",
          "after": " "
        },
        {
          "index": 4,
          "word": "ground",
          "originalText": "ground",
          "characterOffsetBegin": 304,
          "characterOffsetEnd": 310,
          "before": " ",
          "after": " "
        },
        {
          "index": 5,
          "word": "handling",
          "originalText": "handling",
          "characterOffsetBegin": 311,
          "characterOffsetEnd": 319,
          "before": " ",
          "after": " "
        },
        {
          "index": 6,
          "word": "1/2",
          "originalText": "1/2",
          "characterOffsetBegin": 320,
          "characterOffsetEnd": 323,
          "before": " ",
          "after": ""
        }
      ]
    },
    {
      "index": 4,
      "tokens": [
        {
          "index": 1,
          "word": "Agent",
          "originalText": "Agent",
          "characterOffsetBegin": 325,
          "characterOffsetEnd": 330,
          "before": "",
          "after": ""
        },
        {
          "index": 2,
          "word": ":",
          "originalText": ":",
          "characterOffsetBegin": 330,
          "characterOffsetEnd": 331,
          "before": "",
          "after": " "
        },
        {
          "index": 3,
          "word": "@",
          "originalText": "@",
          "characterOffsetBegin": 332,
          "characterOffsetEnd": 333,
          "before": " ",
          "after": ""
        },
        {
          "index": 4,
          "word": "192093",
          "originalText": "192093",
          "characterOffsetBegin": 333,
          "characterOffsetEnd": 339,
          "before": "",
          "after": " "
        },
        {
          "index": 5,
          "word": "staff",
          "originalText": "staff",
          "characterOffsetBegin": 340,
          "characterOffsetEnd": 345,
          "before": " ",
          "after": " "
        },
        {
          "index": 6,
          "word": "have",
          "originalText": "have",
          "characterOffsetBegin": 346,
          "characterOffsetEnd": 350,
          "before": " ",
          "after": " "
        },
        {
          "index": 7,
          "word": "now",
          "originalText": "now",
          "characterOffsetBegin": 351,
          "characterOffsetEnd": 354,
          "before": " ",
          "after": " "
        },
        {
          "index": 8,
          "word": "been",
          "originalText": "been",
          "characterOffsetBegin": 355,
          "characterOffsetEnd": 359,
          "before": " ",
          "after": " "
        },
        {
          "index": 9,
          "word": "updated",
          "originalText": "updated",
          "characterOffsetBegin": 360,
          "characterOffsetEnd": 367,
          "before": " ",
          "after": " "
        },
        {
          "index": 10,
          "word": "so",
          "originalText": "so",
          "characterOffsetBegin": 368,
          "characterOffsetEnd": 370,
          "before": " ",
          "after": " "
        },
        {
          "index": 11,
          "word": "any",
          "originalText": "any",
          "characterOffsetBegin": 371,
          "characterOffsetEnd": 374,
          "before": " ",
          "after": " "
        },
        {
          "index": 12,
          "word": "queries",
          "originalText": "queries",
          "characterOffsetBegin": 375,
          "characterOffsetEnd": 382,
          "before": " ",
          "after": " "
        },
        {
          "index": 13,
          "word": "they",
          "originalText": "they",
          "characterOffsetBegin": 383,
          "characterOffsetEnd": 387,
          "before": " ",
          "after": ""
        },
        {
          "index": 14,
          "word": "'ll",
          "originalText": "'ll",
          "characterOffsetBegin": 387,
          "characterOffsetEnd": 390,
          "before": "",
          "after": " "
        },
        {
          "index": 15,
          "word": "be",
          "originalText": "be",
          "characterOffsetBegin": 391,
          "characterOffsetEnd": 393,
          "before": " ",
          "after": " "
        },
        {
          "index": 16,
          "word": "happy",
          "originalText": "happy",
          "characterOffsetBegin": 394,
          "characterOffsetEnd": 399,
          "before": " ",
          "after": " "
        },
        {
          "index": 17,
          "word": "to",
          "originalText": "to",
          "characterOffsetBegin": 400,
          "characterOffsetEnd": 402,
          "before": " ",
          "after": " "
        },
        {
          "index": 18,
          "word": "help",
          "originalText": "help",
          "characterOffsetBegin": 403,
          "characterOffsetEnd": 407,
          "before": " ",
          "after": " "
        },
        {
          "index": 19,
          "word": "you",
          "originalText": "you",
          "characterOffsetBegin": 408,
          "characterOffsetEnd": 411,
          "before": " ",
          "after": ""
        },
        {
          "index": 20,
          "word": ".",
          "originalText": ".",
          "characterOffsetBegin": 411,
          "characterOffsetEnd": 412,
          "before": "",
          "after": ""
        }
      ]
    },
    {
      "index": 5,
      "tokens": [
        {
          "index": 1,
          "word": "^",
          "originalText": "^",
          "characterOffsetBegin": 412,
          "characterOffsetEnd": 413,
          "before": "",
          "after": ""
        },
        {
          "index": 2,
          "word": "Jo",
          "originalText": "Jo",
          "characterOffsetBegin": 413,
          "characterOffsetEnd": 415,
          "before": "",
          "after": " "
        },
        {
          "index": 3,
          "word": "2/2",
          "originalText": "2/2",
          "characterOffsetBegin": 416,
          "characterOffsetEnd": 419,
          "before": " ",
          "after": ""
        }
      ]
    },
    {
      "index": 6,
      "tokens": [
        {
          "index": 1,
          "word": "Customer",
          "originalText": "Customer",
          "characterOffsetBegin": 421,
          "characterOffsetEnd": 429,
          "before": "",
          "after": ""
        },
        {
          "index": 2,
          "word": ":",
          "originalText": ":",
          "characterOffsetBegin": 429,
          "characterOffsetEnd": 430,
          "before": "",
          "after": " "
        },
        {
          "index": 3,
          "word": "@British_Airways",
          "originalText": "@British_Airways",
          "characterOffsetBegin": 431,
          "characterOffsetEnd": 447,
          "before": " ",
          "after": " "
        },
        {
          "index": 4,
          "word": "Hi",
          "originalText": "Hi",
          "characterOffsetBegin": 448,
          "characterOffsetEnd": 450,
          "before": " ",
          "after": " "
        },
        {
          "index": 5,
          "word": "-",
          "originalText": "-",
          "characterOffsetBegin": 451,
          "characterOffsetEnd": 452,
          "before": " ",
          "after": " "
        },
        {
          "index": 6,
          "word": "thanks",
          "originalText": "thanks",
          "characterOffsetBegin": 453,
          "characterOffsetEnd": 459,
          "before": " ",
          "after": " "
        },
        {
          "index": 7,
          "word": "for",
          "originalText": "for",
          "characterOffsetBegin": 460,
          "characterOffsetEnd": 463,
          "before": " ",
          "after": " "
        },
        {
          "index": 8,
          "word": "getting",
          "originalText": "getting",
          "characterOffsetBegin": 464,
          "characterOffsetEnd": 471,
          "before": " ",
          "after": " "
        },
        {
          "index": 9,
          "word": "back",
          "originalText": "back",
          "characterOffsetBegin": 472,
          "characterOffsetEnd": 476,
          "before": " ",
          "after": " "
        },
        {
          "index": 10,
          "word": "to",
          "originalText": "to",
          "characterOffsetBegin": 477,
          "characterOffsetEnd": 479,
          "before": " ",
          "after": " "
        },
        {
          "index": 11,
          "word": "me",
          "originalText": "me",
          "characterOffsetBegin": 480,
          "characterOffsetEnd": 482,
          "before": " ",
          "after": ""
        },
        {
          "index": 12,
          "word": ".",
          "originalText": ".",
          "characterOffsetBegin": 482,
          "characterOffsetEnd": 483,
          "before": "",
          "after": ""
        }
      ]
    },
    {
      "index": 7,
      "tokens": [
        {
          "index": 1,
          "word": "We",
          "originalText": "We",
          "characterOffsetBegin": 485,
          "characterOffsetEnd": 487,
          "before": "",
          "after": " "
        },
        {
          "index": 2,
          "word": "were",
          "originalText": "were",
          "characterOffsetBegin": 488,
          "characterOffsetEnd": 492,
          "before": " ",
          "after": " "
        },
        {
          "index": 3,
          "word": "transported",
          "originalText": "transported",
          "characterOffsetBegin": 493,
          "characterOffsetEnd": 504,
          "before": " ",
          "after": " "
        },
        {
          "index": 4,
          "word": "to",
          "originalText": "to",
          "characterOffsetBegin": 505,
          "characterOffsetEnd": 507,
          "before": " ",
          "after": " "
        },
        {
          "index": 5,
          "word": "a",
          "originalText": "a",
          "characterOffsetBegin": 508,
          "characterOffsetEnd": 509,
          "before": " ",
          "after": " "
        },
        {
          "index": 6,
          "word": "hotel",
          "originalText": "hotel",
          "characterOffsetBegin": 510,
          "characterOffsetEnd": 515,
          "before": " ",
          "after": " "
        },
        {
          "index": 7,
          "word": "near",
          "originalText": "near",
          "characterOffsetBegin": 516,
          "characterOffsetEnd": 520,
          "before": " ",
          "after": " "
        },
        {
          "index": 8,
          "word": "Verona",
          "originalText": "Verona",
          "characterOffsetBegin": 521,
          "characterOffsetEnd": 527,
          "before": " ",
          "after": " "
        },
        {
          "index": 9,
          "word": "last",
          "originalText": "last",
          "characterOffsetBegin": 528,
          "characterOffsetEnd": 532,
          "before": " ",
          "after": " "
        },
        {
          "index": 10,
          "word": "night",
          "originalText": "night",
          "characterOffsetBegin": 533,
          "characterOffsetEnd": 538,
          "before": " ",
          "after": " "
        },
        {
          "index": 11,
          "word": "and",
          "originalText": "and",
          "characterOffsetBegin": 539,
          "characterOffsetEnd": 542,
          "before": " ",
          "after": " "
        },
        {
          "index": 12,
          "word": "told",
          "originalText": "told",
          "characterOffsetBegin": 543,
          "characterOffsetEnd": 547,
          "before": " ",
          "after": " "
        },
        {
          "index": 13,
          "word": "we",
          "originalText": "we",
          "characterOffsetBegin": 548,
          "characterOffsetEnd": 550,
          "before": " ",
          "after": " "
        },
        {
          "index": 14,
          "word": "would",
          "originalText": "would",
          "characterOffsetBegin": 551,
          "characterOffsetEnd": 556,
          "before": " ",
          "after": " "
        },
        {
          "index": 15,
          "word": "be",
          "originalText": "be",
          "characterOffsetBegin": 557,
          "characterOffsetEnd": 559,
          "before": " ",
          "after": " "
        },
        {
          "index": 16,
          "word": "collected",
          "originalText": "collected",
          "characterOffsetBegin": 560,
          "characterOffsetEnd": 569,
          "before": " ",
          "after": " "
        },
        {
          "index": 17,
          "word": "this",
          "originalText": "this",
          "characterOffsetBegin": 570,
          "characterOffsetEnd": 574,
          "before": " ",
          "after": " "
        },
        {
          "index": 18,
          "word": "morning",
          "originalText": "morning",
          "characterOffsetBegin": 575,
          "characterOffsetEnd": 582,
          "before": " ",
          "after": ""
        },
        {
          "index": 19,
          "word": ".",
          "originalText": ".",
          "characterOffsetBegin": 582,
          "characterOffsetEnd": 583,
          "before": "",
          "after": ""
        }
      ]
    },
    {
      "index": 8,
      "tokens": [
        {
          "index": 1,
          "word": "1/2",
          "originalText": "1/2",
          "characterOffsetBegin": 585,
          "characterOffsetEnd": 588,
          "before": "",
          "after": ""
        }
      ]
    },
    {
      "index": 9,
      "tokens": [
        {
          "index": 1,
          "word": "Customer",
          "originalText": "Customer",
          "characterOffsetBegin": 590,
          "characterOffsetEnd": 598,
          "before": "",
          "after": ""
        },
        {
          "index": 2,
          "word": ":",
          "originalText": ":",
          "characterOffsetBegin": 598,
          "characterOffsetEnd": 599,
          "before": "",
          "after": " "
        },
        {
          "index": 3,
          "word": "@British_Airways",
          "originalText": "@British_Airways",
          "characterOffsetBegin": 600,
          "characterOffsetEnd": 616,
          "before": " ",
          "after": " "
        },
        {
          "index": 4,
          "word": "Do",
          "originalText": "Do",
          "characterOffsetBegin": 617,
          "characterOffsetEnd": 619,
          "before": " ",
          "after": " "
        },
        {
          "index": 5,
          "word": "you",
          "originalText": "you",
          "characterOffsetBegin": 620,
          "characterOffsetEnd": 623,
          "before": " ",
          "after": " "
        },
        {
          "index": 6,
          "word": "know",
          "originalText": "know",
          "characterOffsetBegin": 624,
          "characterOffsetEnd": 628,
          "before": " ",
          "after": " "
        },
        {
          "index": 7,
          "word": "what",
          "originalText": "what",
          "characterOffsetBegin": 629,
          "characterOffsetEnd": 633,
          "before": " ",
          "after": " "
        },
        {
          "index": 8,
          "word": "is",
          "originalText": "is",
          "characterOffsetBegin": 634,
          "characterOffsetEnd": 636,
          "before": " ",
          "after": " "
        },
        {
          "index": 9,
          "word": "happening",
          "originalText": "happening",
          "characterOffsetBegin": 637,
          "characterOffsetEnd": 646,
          "before": " ",
          "after": " "
        },
        {
          "index": 10,
          "word": "today",
          "originalText": "today",
          "characterOffsetBegin": 647,
          "characterOffsetEnd": 652,
          "before": " ",
          "after": ""
        },
        {
          "index": 11,
          "word": "?",
          "originalText": "?",
          "characterOffsetBegin": 652,
          "characterOffsetEnd": 653,
          "before": "",
          "after": ""
        }
      ]
    },
    {
      "index": 10,
      "tokens": [
        {
          "index": 1,
          "word": "What",
          "originalText": "What",
          "characterOffsetBegin": 655,
          "characterOffsetEnd": 659,
          "before": "",
          "after": " "
        },
        {
          "index": 2,
          "word": "time",
          "originalText": "time",
          "characterOffsetBegin": 660,
          "characterOffsetEnd": 664,
          "before": " ",
          "after": " "
        },
        {
          "index": 3,
          "word": "will",
          "originalText": "will",
          "characterOffsetBegin": 665,
          "characterOffsetEnd": 669,
          "before": " ",
          "after": " "
        },
        {
          "index": 4,
          "word": "our",
          "originalText": "our",
          "characterOffsetBegin": 670,
          "characterOffsetEnd": 673,
          "before": " ",
          "after": " "
        },
        {
          "index": 5,
          "word": "flight",
          "originalText": "flight",
          "characterOffsetBegin": 674,
          "characterOffsetEnd": 680,
          "before": " ",
          "after": " "
        },
        {
          "index": 6,
          "word": "leave",
          "originalText": "leave",
          "characterOffsetBegin": 681,
          "characterOffsetEnd": 686,
          "before": " ",
          "after": " "
        },
        {
          "index": 7,
          "word": "and",
          "originalText": "and",
          "characterOffsetBegin": 687,
          "characterOffsetEnd": 690,
          "before": " ",
          "after": " "
        },
        {
          "index": 8,
          "word": "from",
          "originalText": "from",
          "characterOffsetBegin": 691,
          "characterOffsetEnd": 695,
          "before": " ",
          "after": " "
        },
        {
          "index": 9,
          "word": "where",
          "originalText": "where",
          "characterOffsetBegin": 696,
          "characterOffsetEnd": 701,
          "before": " ",
          "after": ""
        },
        {
          "index": 10,
          "word": ",",
          "originalText": ",",
          "characterOffsetBegin": 701,
          "characterOffsetEnd": 702,
          "before": "",
          "after": " "
        },
        {
          "index": 11,
          "word": "please",
          "originalText": "please",
          "characterOffsetBegin": 703,
          "characterOffsetEnd": 709,
          "before": " ",
          "after": ""
        },
        {
          "index": 12,
          "word": "?",
          "originalText": "?",
          "characterOffsetBegin": 709,
          "characterOffsetEnd": 710,
          "before": "",
          "after": ""
        }
      ]
    },
    {
      "index": 11,
      "tokens": [
        {
          "index": 1,
          "word": "Pain",
          "originalText": "Pain",
          "characterOffsetBegin": 712,
          "characterOffsetEnd": 716,
          "before": "",
          "after": " "
        },
        {
          "index": 2,
          "word": "to",
          "originalText": "to",
          "characterOffsetBegin": 717,
          "characterOffsetEnd": 719,
          "before": " ",
          "after": " "
        },
        {
          "index": 3,
          "word": "go",
          "originalText": "go",
          "characterOffsetBegin": 720,
          "characterOffsetEnd": 722,
          "before": " ",
          "after": " "
        },
        {
          "index": 4,
          "word": "from",
          "originalText": "from",
          "characterOffsetBegin": 723,
          "characterOffsetEnd": 727,
          "before": " ",
          "after": " "
        },
        {
          "index": 5,
          "word": "Venice",
          "originalText": "Venice",
          "characterOffsetBegin": 728,
          "characterOffsetEnd": 734,
          "before": " ",
          "after": " "
        },
        {
          "index": 6,
          "word": "when",
          "originalText": "when",
          "characterOffsetBegin": 735,
          "characterOffsetEnd": 739,
          "before": " ",
          "after": " "
        },
        {
          "index": 7,
          "word": "we",
          "originalText": "we",
          "characterOffsetBegin": 740,
          "characterOffsetEnd": 742,
          "before": " ",
          "after": " "
        },
        {
          "index": 8,
          "word": "paid",
          "originalText": "paid",
          "characterOffsetBegin": 743,
          "characterOffsetEnd": 747,
          "before": " ",
          "after": " "
        },
        {
          "index": 9,
          "word": "for",
          "originalText": "for",
          "characterOffsetBegin": 748,
          "characterOffsetEnd": 751,
          "before": " ",
          "after": " "
        },
        {
          "index": 10,
          "word": "Verona",
          "originalText": "Verona",
          "characterOffsetBegin": 752,
          "characterOffsetEnd": 758,
          "before": " ",
          "after": ""
        },
        {
          "index": 11,
          "word": "!",
          "originalText": "!",
          "characterOffsetBegin": 758,
          "characterOffsetEnd": 759,
          "before": "",
          "after": ""
        }
      ]
    },
    {
      "index": 12,
      "tokens": [
        {
          "index": 1,
          "word": "Agent",
          "originalText": "Agent",
          "characterOffsetBegin": 761,
          "characterOffsetEnd": 766,
          "before": "",
          "after": ""
        },
        {
          "index": 2,
          "word": ":",
          "originalText": ":",
          "characterOffsetBegin": 766,
          "characterOffsetEnd": 767,
          "before": "",
          "after": " "
        },
        {
          "index": 3,
          "word": "@",
          "originalText": "@",
          "characterOffsetBegin": 768,
          "characterOffsetEnd": 769,
          "before": " ",
          "after": ""
        },
        {
          "index": 4,
          "word": "192093",
          "originalText": "192093",
          "characterOffsetBegin": 769,
          "characterOffsetEnd": 775,
          "before": "",
          "after": " "
        },
        {
          "index": 5,
          "word": "Hi",
          "originalText": "Hi",
          "characterOffsetBegin": 776,
          "characterOffsetEnd": 778,
          "before": " ",
          "after": ""
        },
        {
          "index": 6,
          "word": ",",
          "originalText": ",",
          "characterOffsetBegin": 778,
          "characterOffsetEnd": 779,
          "before": "",
          "after": " "
        },
        {
          "index": 7,
          "word": "Jack",
          "originalText": "Jack",
          "characterOffsetBegin": 780,
          "characterOffsetEnd": 784,
          "before": " ",
          "after": ""
        },
        {
          "index": 8,
          "word": ".",
          "originalText": ".",
          "characterOffsetBegin": 784,
          "characterOffsetEnd": 785,
          "before": "",
          "after": ""
        }
      ]
    },
    {
      "index": 13,
      "tokens": [
        {
          "index": 1,
          "word": "We",
          "originalText": "We",
          "characterOffsetBegin": 787,
          "characterOffsetEnd": 789,
          "before": "",
          "after": ""
        },
        {
          "index": 2,
          "word": "'re",
          "originalText": "'re",
          "characterOffsetBegin": 789,
          "characterOffsetEnd": 792,
          "before": "",
          "after": " "
        },
        {
          "index": 3,
          "word": "sorry",
          "originalText": "sorry",
          "characterOffsetBegin": 793,
          "characterOffsetEnd": 798,
          "before": " ",
          "after": " "
        },
        {
          "index": 4,
          "word": "for",
          "originalText": "for",
          "characterOffsetBegin": 799,
          "characterOffsetEnd": 802,
          "before": " ",
          "after": " "
        },
        {
          "index": 5,
          "word": "the",
          "originalText": "the",
          "characterOffsetBegin": 803,
          "characterOffsetEnd": 806,
          "before": " ",
          "after": " "
        },
        {
          "index": 6,
          "word": "late",
          "originalText": "late",
          "characterOffsetBegin": 807,
          "characterOffsetEnd": 811,
          "before": " ",
          "after": " "
        },
        {
          "index": 7,
          "word": "reply",
          "originalText": "reply",
          "characterOffsetBegin": 812,
          "characterOffsetEnd": 817,
          "before": " ",
          "after": ""
        },
        {
          "index": 8,
          "word": ".",
          "originalText": ".",
          "characterOffsetBegin": 817,
          "characterOffsetEnd": 818,
          "before": "",
          "after": ""
        }
      ]
    },
    {
      "index": 14,
      "tokens": [
        {
          "index": 1,
          "word": "We",
          "originalText": "We",
          "characterOffsetBegin": 820,
          "characterOffsetEnd": 822,
          "before": "",
          "after": " "
        },
        {
          "index": 2,
          "word": "hope",
          "originalText": "hope",
          "characterOffsetBegin": 823,
          "characterOffsetEnd": 827,
          "before": " ",
          "after": " "
        },
        {
          "index": 3,
          "word": "our",
          "originalText": "our",
          "characterOffsetBegin": 828,
          "characterOffsetEnd": 831,
          "before": " ",
          "after": " "
        },
        {
          "index": 4,
          "word": "staff",
          "originalText": "staff",
          "characterOffsetBegin": 832,
          "characterOffsetEnd": 837,
          "before": " ",
          "after": " "
        },
        {
          "index": 5,
          "word": "looked",
          "originalText": "looked",
          "characterOffsetBegin": 838,
          "characterOffsetEnd": 844,
          "before": " ",
          "after": " "
        },
        {
          "index": 6,
          "word": "after",
          "originalText": "after",
          "characterOffsetBegin": 845,
          "characterOffsetEnd": 850,
          "before": " ",
          "after": " "
        },
        {
          "index": 7,
          "word": "you",
          "originalText": "you",
          "characterOffsetBegin": 851,
          "characterOffsetEnd": 854,
          "before": " ",
          "after": " "
        },
        {
          "index": 8,
          "word": "and",
          "originalText": "and",
          "characterOffsetBegin": 855,
          "characterOffsetEnd": 858,
          "before": " ",
          "after": " "
        },
        {
          "index": 9,
          "word": "that",
          "originalText": "that",
          "characterOffsetBegin": 859,
          "characterOffsetEnd": 863,
          "before": " ",
          "after": " "
        },
        {
          "index": 10,
          "word": "you",
          "originalText": "you",
          "characterOffsetBegin": 864,
          "characterOffsetEnd": 867,
          "before": " ",
          "after": ""
        },
        {
          "index": 11,
          "word": "'re",
          "originalText": "'re",
          "characterOffsetBegin": 867,
          "characterOffsetEnd": 870,
          "before": "",
          "after": " "
        },
        {
          "index": 12,
          "word": "at",
          "originalText": "at",
          "characterOffsetBegin": 871,
          "characterOffsetEnd": 873,
          "before": " ",
          "after": " "
        },
        {
          "index": 13,
          "word": "your",
          "originalText": "your",
          "characterOffsetBegin": 874,
          "characterOffsetEnd": 878,
          "before": " ",
          "after": " "
        },
        {
          "index": 14,
          "word": "destination",
          "originalText": "destination",
          "characterOffsetBegin": 879,
          "characterOffsetEnd": 890,
          "before": " ",
          "after": " "
        },
        {
          "index": 15,
          "word": "soon",
          "originalText": "soon",
          "characterOffsetBegin": 891,
          "characterOffsetEnd": 895,
          "before": " ",
          "after": ""
        },
        {
          "index": 16,
          "word": ".",
          "originalText": ".",
          "characterOffsetBegin": 895,
          "characterOffsetEnd": 896,
          "before": "",
          "after": ""
        }
      ]
    },
    {
      "index": 15,
      "tokens": [
        {
          "index": 1,
          "word": "^",
          "originalText": "^",
          "characterOffsetBegin": 898,
          "characterOffsetEnd": 899,
          "before": "",
          "after": ""
        },
        {
          "index": 2,
          "word": "Julie",
          "originalText": "Julie",
          "characterOffsetBegin": 899,
          "characterOffsetEnd": 904,
          "before": "",
          "after": ""
        }
      ]
    },
    {
      "index": 16,
      "tokens": [
        {
          "index": 1,
          "word": "Customer",
          "originalText": "Customer",
          "characterOffsetBegin": 906,
          "characterOffsetEnd": 914,
          "before": "",
          "after": ""
        },
        {
          "index": 2,
          "word": ":",
          "originalText": ":",
          "characterOffsetBegin": 914,
          "characterOffsetEnd": 915,
          "before": "",
          "after": " "
        },
        {
          "index": 3,
          "word": "@British_Airways",
          "originalText": "@British_Airways",
          "characterOffsetBegin": 916,
          "characterOffsetEnd": 932,
          "before": " ",
          "after": " "
        },
        {
          "index": 4,
          "word": "Afraid",
          "originalText": "Afraid",
          "characterOffsetBegin": 933,
          "characterOffsetEnd": 939,
          "before": " ",
          "after": " "
        },
        {
          "index": 5,
          "word": "not",
          "originalText": "not",
          "characterOffsetBegin": 940,
          "characterOffsetEnd": 943,
          "before": " ",
          "after": ""
        },
        {
          "index": 6,
          "word": ".",
          "originalText": ".",
          "characterOffsetBegin": 943,
          "characterOffsetEnd": 944,
          "before": "",
          "after": ""
        }
      ]
    },
    {
      "index": 17,
      "tokens": [
        {
          "index": 1,
          "word": "We",
          "originalText": "We",
          "characterOffsetBegin": 946,
          "characterOffsetEnd": 948,
          "before": "",
          "after": " "
        },
        {
          "index": 2,
          "word": "are",
          "originalText": "are",
          "characterOffsetBegin": 949,
          "characterOffsetEnd": 952,
          "before": " ",
          "after": " "
        },
        {
          "index": 3,
          "word": "at",
          "originalText": "at",
          "characterOffsetBegin": 953,
          "characterOffsetEnd": 955,
          "before": " ",
          "after": " "
        },
        {
          "index": 4,
          "word": "Verona",
          "originalText": "Verona",
          "characterOffsetBegin": 956,
          "characterOffsetEnd": 962,
          "before": " ",
          "after": " "
        },
        {
          "index": 5,
          "word": "airport",
          "originalText": "airport",
          "characterOffsetBegin": 963,
          "characterOffsetEnd": 970,
          "before": " ",
          "after": " "
        },
        {
          "index": 6,
          "word": "again",
          "originalText": "again",
          "characterOffsetBegin": 971,
          "characterOffsetEnd": 976,
          "before": " ",
          "after": ""
        },
        {
          "index": 7,
          "word": ".",
          "originalText": ".",
          "characterOffsetBegin": 976,
          "characterOffsetEnd": 977,
          "before": "",
          "after": ""
        }
      ]
    },
    {
      "index": 18,
      "tokens": [
        {
          "index": 1,
          "word": "Flight",
          "originalText": "Flight",
          "characterOffsetBegin": 979,
          "characterOffsetEnd": 985,
          "before": "",
          "after": " "
        },
        {
          "index": 2,
          "word": "has",
          "originalText": "has",
          "characterOffsetBegin": 986,
          "characterOffsetEnd": 989,
          "before": " ",
          "after": " "
        },
        {
          "index": 3,
          "word": "just",
          "originalText": "just",
          "characterOffsetBegin": 990,
          "characterOffsetEnd": 994,
          "before": " ",
          "after": " "
        },
        {
          "index": 4,
          "word": "been",
          "originalText": "been",
          "characterOffsetBegin": 995,
          "characterOffsetEnd": 999,
          "before": " ",
          "after": " "
        },
        {
          "index": 5,
          "word": "delayed",
          "originalText": "delayed",
          "characterOffsetBegin": 1000,
          "characterOffsetEnd": 1007,
          "before": " ",
          "after": " "
        },
        {
          "index": 6,
          "word": "another",
          "originalText": "another",
          "characterOffsetBegin": 1008,
          "characterOffsetEnd": 1015,
          "before": " ",
          "after": " "
        },
        {
          "index": 7,
          "word": "hour",
          "originalText": "hour",
          "characterOffsetBegin": 1016,
          "characterOffsetEnd": 1020,
          "before": " ",
          "after": " "
        },
        {
          "index": 8,
          "word": "with",
          "originalText": "with",
          "characterOffsetBegin": 1021,
          "characterOffsetEnd": 1025,
          "before": " ",
          "after": " "
        },
        {
          "index": 9,
          "word": "no",
          "originalText": "no",
          "characterOffsetBegin": 1026,
          "characterOffsetEnd": 1028,
          "before": " ",
          "after": " "
        },
        {
          "index": 10,
          "word": "explanation",
          "originalText": "explanation",
          "characterOffsetBegin": 1029,
          "characterOffsetEnd": 1040,
          "before": " ",
          "after": ""
        },
        {
          "index": 11,
          "word": ".",
          "originalText": ".",
          "characterOffsetBegin": 1040,
          "characterOffsetEnd": 1041,
          "before": "",
          "after": ""
        }
      ]
    },
    {
      "index": 19,
      "tokens": [
        {
          "index": 1,
          "word": "No",
          "originalText": "No",
          "characterOffsetBegin": 1043,
          "characterOffsetEnd": 1045,
          "before": "",
          "after": " "
        },
        {
          "index": 2,
          "word": "BA",
          "originalText": "BA",
          "characterOffsetBegin": 1046,
          "characterOffsetEnd": 1048,
          "before": " ",
          "after": " "
        },
        {
          "index": 3,
          "word": "staff",
          "originalText": "staff",
          "characterOffsetBegin": 1049,
          "characterOffsetEnd": 1054,
          "before": " ",
          "after": " "
        },
        {
          "index": 4,
          "word": "anywhere",
          "originalText": "anywhere",
          "characterOffsetBegin": 1055,
          "characterOffsetEnd": 1063,
          "before": " ",
          "after": " "
        },
        {
          "index": 5,
          "word": "to",
          "originalText": "to",
          "characterOffsetBegin": 1064,
          "characterOffsetEnd": 1066,
          "before": " ",
          "after": " "
        },
        {
          "index": 6,
          "word": "be",
          "originalText": "be",
          "characterOffsetBegin": 1067,
          "characterOffsetEnd": 1069,
          "before": " ",
          "after": " "
        },
        {
          "index": 7,
          "word": "seen",
          "originalText": "seen",
          "characterOffsetBegin": 1070,
          "characterOffsetEnd": 1074,
          "before": " ",
          "after": ""
        },
        {
          "index": 8,
          "word": ".",
          "originalText": ".",
          "characterOffsetBegin": 1074,
          "characterOffsetEnd": 1075,
          "before": "",
          "after": ""
        }
      ]
    },
    {
      "index": 20,
      "tokens": [
        {
          "index": 1,
          "word": "Customer",
          "originalText": "Customer",
          "characterOffsetBegin": 1077,
          "characterOffsetEnd": 1085,
          "before": "",
          "after": ""
        },
        {
          "index": 2,
          "word": ":",
          "originalText": ":",
          "characterOffsetBegin": 1085,
          "characterOffsetEnd": 1086,
          "before": "",
          "after": " "
        },
        {
          "index": 3,
          "word": "@British_Airways",
          "originalText": "@British_Airways",
          "characterOffsetBegin": 1087,
          "characterOffsetEnd": 1103,
          "before": " ",
          "after": " "
        },
        {
          "index": 4,
          "word": "The",
          "originalText": "The",
          "characterOffsetBegin": 1104,
          "characterOffsetEnd": 1107,
          "before": " ",
          "after": " "
        },
        {
          "index": 5,
          "word": "communication",
          "originalText": "communication",
          "characterOffsetBegin": 1108,
          "characterOffsetEnd": 1121,
          "before": " ",
          "after": " "
        },
        {
          "index": 6,
          "word": "throughout",
          "originalText": "throughout",
          "characterOffsetBegin": 1122,
          "characterOffsetEnd": 1132,
          "before": " ",
          "after": " "
        },
        {
          "index": 7,
          "word": "this",
          "originalText": "this",
          "characterOffsetBegin": 1133,
          "characterOffsetEnd": 1137,
          "before": " ",
          "after": " "
        },
        {
          "index": 8,
          "word": "process",
          "originalText": "process",
          "characterOffsetBegin": 1138,
          "characterOffsetEnd": 1145,
          "before": " ",
          "after": " "
        },
        {
          "index": 9,
          "word": "has",
          "originalText": "has",
          "characterOffsetBegin": 1146,
          "characterOffsetEnd": 1149,
          "before": " ",
          "after": " "
        },
        {
          "index": 10,
          "word": "been",
          "originalText": "been",
          "characterOffsetBegin": 1150,
          "characterOffsetEnd": 1154,
          "before": " ",
          "after": " "
        },
        {
          "index": 11,
          "word": "non-existent",
          "originalText": "non-existent",
          "characterOffsetBegin": 1155,
          "characterOffsetEnd": 1167,
          "before": " ",
          "after": ""
        },
        {
          "index": 12,
          "word": ".",
          "originalText": ".",
          "characterOffsetBegin": 1167,
          "characterOffsetEnd": 1168,
          "before": "",
          "after": ""
        }
      ]
    },
    {
      "index": 21,
      "tokens": [
        {
          "index": 1,
          "word": "We",
          "originalText": "We",
          "characterOffsetBegin": 1170,
          "characterOffsetEnd": 1172,
          "before": "",
          "after": " "
        },
        {
          "index": 2,
          "word": "understand",
          "originalText": "understand",
          "characterOffsetBegin": 1173,
          "characterOffsetEnd": 1183,
          "before": " ",
          "after": " "
        },
        {
          "index": 3,
          "word": "that",
          "originalText": "that",
          "characterOffsetBegin": 1184,
          "characterOffsetEnd": 1188,
          "before": " ",
          "after": " "
        },
        {
          "index": 4,
          "word": "these",
          "originalText": "these",
          "characterOffsetBegin": 1189,
          "characterOffsetEnd": 1194,
          "before": " ",
          "after": " "
        },
        {
          "index": 5,
          "word": "things",
          "originalText": "things",
          "characterOffsetBegin": 1195,
          "characterOffsetEnd": 1201,
          "before": " ",
          "after": " "
        },
        {
          "index": 6,
          "word": "happen",
          "originalText": "happen",
          "characterOffsetBegin": 1202,
          "characterOffsetEnd": 1208,
          "before": " ",
          "after": " "
        },
        {
          "index": 7,
          "word": "but",
          "originalText": "but",
          "characterOffsetBegin": 1209,
          "characterOffsetEnd": 1212,
          "before": " ",
          "after": " "
        },
        {
          "index": 8,
          "word": "no",
          "originalText": "no",
          "characterOffsetBegin": 1213,
          "characterOffsetEnd": 1215,
          "before": " ",
          "after": " "
        },
        {
          "index": 9,
          "word": "excuse",
          "originalText": "excuse",
          "characterOffsetBegin": 1216,
          "characterOffsetEnd": 1222,
          "before": " ",
          "after": " "
        },
        {
          "index": 10,
          "word": "for",
          "originalText": "for",
          "characterOffsetBegin": 1223,
          "characterOffsetEnd": 1226,
          "before": " ",
          "after": " "
        },
        {
          "index": 11,
          "word": "poor",
          "originalText": "poor",
          "characterOffsetBegin": 1227,
          "characterOffsetEnd": 1231,
          "before": " ",
          "after": " "
        },
        {
          "index": 12,
          "word": "comms",
          "originalText": "comms",
          "characterOffsetBegin": 1232,
          "characterOffsetEnd": 1237,
          "before": " ",
          "after": " "
        },
        {
          "index": 13,
          "word": "/",
          "originalText": "/",
          "characterOffsetBegin": 1238,
          "characterOffsetEnd": 1239,
          "before": " ",
          "after": " "
        },
        {
          "index": 14,
          "word": "mgmt",
          "originalText": "mgmt",
          "characterOffsetBegin": 1240,
          "characterOffsetEnd": 1244,
          "before": " ",
          "after": ""
        }
      ]
    },
    {
      "index": 22,
      "tokens": [
        {
          "index": 1,
          "word": "Customer",
          "originalText": "Customer",
          "characterOffsetBegin": 1246,
          "characterOffsetEnd": 1254,
          "before": "",
          "after": ""
        },
        {
          "index": 2,
          "word": ":",
          "originalText": ":",
          "characterOffsetBegin": 1254,
          "characterOffsetEnd": 1255,
          "before": "",
          "after": " "
        },
        {
          "index": 3,
          "word": "@British_Airways",
          "originalText": "@British_Airways",
          "characterOffsetBegin": 1256,
          "characterOffsetEnd": 1272,
          "before": " ",
          "after": " "
        },
        {
          "index": 4,
          "word": "And",
          "originalText": "And",
          "characterOffsetBegin": 1273,
          "characterOffsetEnd": 1276,
          "before": " ",
          "after": ""
        },
        {
          "index": 5,
          "word": "...",
          "originalText": "...",
          "characterOffsetBegin": 1276,
          "characterOffsetEnd": 1279,
          "before": "",
          "after": " "
        },
        {
          "index": 6,
          "word": "the",
          "originalText": "the",
          "characterOffsetBegin": 1280,
          "characterOffsetEnd": 1283,
          "before": " ",
          "after": " "
        },
        {
          "index": 7,
          "word": "app",
          "originalText": "app",
          "characterOffsetBegin": 1284,
          "characterOffsetEnd": 1287,
          "before": " ",
          "after": " "
        },
        {
          "index": 8,
          "word": "is",
          "originalText": "is",
          "characterOffsetBegin": 1288,
          "characterOffsetEnd": 1290,
          "before": " ",
          "after": " "
        },
        {
          "index": 9,
          "word": "not",
          "originalText": "not",
          "characterOffsetBegin": 1291,
          "characterOffsetEnd": 1294,
          "before": " ",
          "after": " "
        },
        {
          "index": 10,
          "word": "updated",
          "originalText": "updated",
          "characterOffsetBegin": 1295,
          "characterOffsetEnd": 1302,
          "before": " ",
          "after": ""
        },
        {
          "index": 11,
          "word": ",",
          "originalText": ",",
          "characterOffsetBegin": 1302,
          "characterOffsetEnd": 1303,
          "before": "",
          "after": " "
        },
        {
          "index": 12,
          "word": "so",
          "originalText": "so",
          "characterOffsetBegin": 1304,
          "characterOffsetEnd": 1306,
          "before": " ",
          "after": " "
        },
        {
          "index": 13,
          "word": "having",
          "originalText": "having",
          "characterOffsetBegin": 1307,
          "characterOffsetEnd": 1313,
          "before": " ",
          "after": " "
        },
        {
          "index": 14,
          "word": "to",
          "originalText": "to",
          "characterOffsetBegin": 1314,
          "characterOffsetEnd": 1316,
          "before": " ",
          "after": " "
        },
        {
          "index": 15,
          "word": "use",
          "originalText": "use",
          "characterOffsetBegin": 1317,
          "characterOffsetEnd": 1320,
          "before": " ",
          "after": " "
        },
        {
          "index": 16,
          "word": "Google",
          "originalText": "Google",
          "characterOffsetBegin": 1321,
          "characterOffsetEnd": 1327,
          "before": " ",
          "after": " "
        },
        {
          "index": 17,
          "word": "to",
          "originalText": "to",
          "characterOffsetBegin": 1328,
          "characterOffsetEnd": 1330,
          "before": " ",
          "after": " "
        },
        {
          "index": 18,
          "word": "try",
          "originalText": "try",
          "characterOffsetBegin": 1331,
          "characterOffsetEnd": 1334,
          "before": " ",
          "after": " "
        },
        {
          "index": 19,
          "word": "and",
          "originalText": "and",
          "characterOffsetBegin": 1335,
          "characterOffsetEnd": 1338,
          "before": " ",
          "after": " "
        },
        {
          "index": 20,
          "word": "figure",
          "originalText": "figure",
          "characterOffsetBegin": 1339,
          "characterOffsetEnd": 1345,
          "before": " ",
          "after": " "
        },
        {
          "index": 21,
          "word": "out",
          "originalText": "out",
          "characterOffsetBegin": 1346,
          "characterOffsetEnd": 1349,
          "before": " ",
          "after": " "
        },
        {
          "index": 22,
          "word": "what",
          "originalText": "what",
          "characterOffsetBegin": 1350,
          "characterOffsetEnd": 1354,
          "before": " ",
          "after": " "
        },
        {
          "index": 23,
          "word": "is",
          "originalText": "is",
          "characterOffsetBegin": 1355,
          "characterOffsetEnd": 1357,
          "before": " ",
          "after": " "
        },
        {
          "index": 24,
          "word": "happening",
          "originalText": "happening",
          "characterOffsetBegin": 1358,
          "characterOffsetEnd": 1367,
          "before": " ",
          "after": ""
        },
        {
          "index": 25,
          "word": ".",
          "originalText": ".",
          "characterOffsetBegin": 1367,
          "characterOffsetEnd": 1368,
          "before": "",
          "after": ""
        }
      ]
    },
    {
      "index": 23,
      "tokens": [
        {
          "index": 1,
          "word": "This",
          "originalText": "This",
          "characterOffsetBegin": 1370,
          "characterOffsetEnd": 1374,
          "before": "",
          "after": " "
        },
        {
          "index": 2,
          "word": "is",
          "originalText": "is",
          "characterOffsetBegin": 1375,
          "characterOffsetEnd": 1377,
          "before": " ",
          "after": " "
        },
        {
          "index": 3,
          "word": "totally",
          "originalText": "totally",
          "characterOffsetBegin": 1378,
          "characterOffsetEnd": 1385,
          "before": " ",
          "after": " "
        },
        {
          "index": 4,
          "word": "unacceptable",
          "originalText": "unacceptable",
          "characterOffsetBegin": 1386,
          "characterOffsetEnd": 1398,
          "before": " ",
          "after": ""
        },
        {
          "index": 5,
          "word": ".",
          "originalText": ".",
          "characterOffsetBegin": 1398,
          "characterOffsetEnd": 1399,
          "before": "",
          "after": ""
        }
      ]
    },
    {
      "index": 24,
      "tokens": [
        {
          "index": 1,
          "word": "Agent",
          "originalText": "Agent",
          "characterOffsetBegin": 1401,
          "characterOffsetEnd": 1406,
          "before": "",
          "after": ""
        },
        {
          "index": 2,
          "word": ":",
          "originalText": ":",
          "characterOffsetBegin": 1406,
          "characterOffsetEnd": 1407,
          "before": "",
          "after": " "
        },
        {
          "index": 3,
          "word": "@",
          "originalText": "@",
          "characterOffsetBegin": 1408,
          "characterOffsetEnd": 1409,
          "before": " ",
          "after": ""
        },
        {
          "index": 4,
          "word": "192093",
          "originalText": "192093",
          "characterOffsetBegin": 1409,
          "characterOffsetEnd": 1415,
          "before": "",
          "after": " "
        },
        {
          "index": 5,
          "word": "We",
          "originalText": "We",
          "characterOffsetBegin": 1416,
          "characterOffsetEnd": 1418,
          "before": " ",
          "after": " "
        },
        {
          "index": 6,
          "word": "quite",
          "originalText": "quite",
          "characterOffsetBegin": 1419,
          "characterOffsetEnd": 1424,
          "before": " ",
          "after": " "
        },
        {
          "index": 7,
          "word": "agree",
          "originalText": "agree",
          "characterOffsetBegin": 1425,
          "characterOffsetEnd": 1430,
          "before": " ",
          "after": ""
        },
        {
          "index": 8,
          "word": ",",
          "originalText": ",",
          "characterOffsetBegin": 1430,
          "characterOffsetEnd": 1431,
          "before": "",
          "after": " "
        },
        {
          "index": 9,
          "word": "Jack",
          "originalText": "Jack",
          "characterOffsetBegin": 1432,
          "characterOffsetEnd": 1436,
          "before": " ",
          "after": ""
        },
        {
          "index": 10,
          "word": ".",
          "originalText": ".",
          "characterOffsetBegin": 1436,
          "characterOffsetEnd": 1437,
          "before": "",
          "after": ""
        }
      ]
    },
    {
      "index": 25,
      "tokens": [
        {
          "index": 1,
          "word": "We",
          "originalText": "We",
          "characterOffsetBegin": 1439,
          "characterOffsetEnd": 1441,
          "before": "",
          "after": ""
        },
        {
          "index": 2,
          "word": "'re",
          "originalText": "'re",
          "characterOffsetBegin": 1441,
          "characterOffsetEnd": 1444,
          "before": "",
          "after": " "
        },
        {
          "index": 3,
          "word": "in",
          "originalText": "in",
          "characterOffsetBegin": 1445,
          "characterOffsetEnd": 1447,
          "before": " ",
          "after": " "
        },
        {
          "index": 4,
          "word": "touch",
          "originalText": "touch",
          "characterOffsetBegin": 1448,
          "characterOffsetEnd": 1453,
          "before": " ",
          "after": " "
        },
        {
          "index": 5,
          "word": "with",
          "originalText": "with",
          "characterOffsetBegin": 1454,
          "characterOffsetEnd": 1458,
          "before": " ",
          "after": " "
        },
        {
          "index": 6,
          "word": "the",
          "originalText": "the",
          "characterOffsetBegin": 1459,
          "characterOffsetEnd": 1462,
          "before": " ",
          "after": " "
        },
        {
          "index": 7,
          "word": "airport",
          "originalText": "airport",
          "characterOffsetBegin": 1463,
          "characterOffsetEnd": 1470,
          "before": " ",
          "after": " "
        },
        {
          "index": 8,
          "word": "asking",
          "originalText": "asking",
          "characterOffsetBegin": 1471,
          "characterOffsetEnd": 1477,
          "before": " ",
          "after": " "
        },
        {
          "index": 9,
          "word": "the",
          "originalText": "the",
          "characterOffsetBegin": 1478,
          "characterOffsetEnd": 1481,
          "before": " ",
          "after": " "
        },
        {
          "index": 10,
          "word": "managers",
          "originalText": "managers",
          "characterOffsetBegin": 1482,
          "characterOffsetEnd": 1490,
          "before": " ",
          "after": " "
        },
        {
          "index": 11,
          "word": "to",
          "originalText": "to",
          "characterOffsetBegin": 1491,
          "characterOffsetEnd": 1493,
          "before": " ",
          "after": " "
        },
        {
          "index": 12,
          "word": "resolve",
          "originalText": "resolve",
          "characterOffsetBegin": 1494,
          "characterOffsetEnd": 1501,
          "before": " ",
          "after": " "
        },
        {
          "index": 13,
          "word": "the",
          "originalText": "the",
          "characterOffsetBegin": 1502,
          "characterOffsetEnd": 1505,
          "before": " ",
          "after": " "
        },
        {
          "index": 14,
          "word": "issue",
          "originalText": "issue",
          "characterOffsetBegin": 1506,
          "characterOffsetEnd": 1511,
          "before": " ",
          "after": ""
        },
        {
          "index": 15,
          "word": ".",
          "originalText": ".",
          "characterOffsetBegin": 1511,
          "characterOffsetEnd": 1512,
          "before": "",
          "after": ""
        }
      ]
    },
    {
      "index": 26,
      "tokens": [
        {
          "index": 1,
          "word": "^",
          "originalText": "^",
          "characterOffsetBegin": 1514,
          "characterOffsetEnd": 1515,
          "before": "",
          "after": ""
        },
        {
          "index": 2,
          "word": "Julie",
          "originalText": "Julie",
          "characterOffsetBegin": 1515,
          "characterOffsetEnd": 1520,
          "before": "",
          "after": ""
        }
      ]
    },
    {
      "index": 27,
      "tokens": [
        {
          "index": 1,
          "word": "@highlight",
          "originalText": "@highlight",
          "characterOffsetBegin": 1522,
          "characterOffsetEnd": 1532,
          "before": "",
          "after": ""
        }
      ]
    },
    {
      "index": 28,
      "tokens": [
        {
          "index": 1,
          "word": "Customer",
          "originalText": "Customer",
          "characterOffsetBegin": 1534,
          "characterOffsetEnd": 1542,
          "before": "",
          "after": ""
        },
        {
          "index": 2,
          "word": ":",
          "originalText": ":",
          "characterOffsetBegin": 1542,
          "characterOffsetEnd": 1543,
          "before": "",
          "after": " "
        },
        {
          "index": 3,
          "word": "2",
          "originalText": "2",
          "characterOffsetBegin": 1544,
          "characterOffsetEnd": 1545,
          "before": " ",
          "after": " "
        },
        {
          "index": 4,
          "word": "members",
          "originalText": "members",
          "characterOffsetBegin": 1546,
          "characterOffsetEnd": 1553,
          "before": " ",
          "after": " "
        },
        {
          "index": 5,
          "word": "of",
          "originalText": "of",
          "characterOffsetBegin": 1554,
          "characterOffsetEnd": 1556,
          "before": " ",
          "after": " "
        },
        {
          "index": 6,
          "word": "staff",
          "originalText": "staff",
          "characterOffsetBegin": 1557,
          "characterOffsetEnd": 1562,
          "before": " ",
          "after": " "
        },
        {
          "index": 7,
          "word": "at",
          "originalText": "at",
          "characterOffsetBegin": 1563,
          "characterOffsetEnd": 1565,
          "before": " ",
          "after": " "
        },
        {
          "index": 8,
          "word": "Verona",
          "originalText": "Verona",
          "characterOffsetBegin": 1566,
          "characterOffsetEnd": 1572,
          "before": " ",
          "after": " "
        },
        {
          "index": 9,
          "word": "Airport",
          "originalText": "Airport",
          "characterOffsetBegin": 1573,
          "characterOffsetEnd": 1580,
          "before": " ",
          "after": " "
        },
        {
          "index": 10,
          "word": "unable",
          "originalText": "unable",
          "characterOffsetBegin": 1581,
          "characterOffsetEnd": 1587,
          "before": " ",
          "after": " "
        },
        {
          "index": 11,
          "word": "to",
          "originalText": "to",
          "characterOffsetBegin": 1588,
          "characterOffsetEnd": 1590,
          "before": " ",
          "after": " "
        },
        {
          "index": 12,
          "word": "share",
          "originalText": "share",
          "characterOffsetBegin": 1591,
          "characterOffsetEnd": 1596,
          "before": " ",
          "after": " "
        },
        {
          "index": 13,
          "word": "news",
          "originalText": "news",
          "characterOffsetBegin": 1597,
          "characterOffsetEnd": 1601,
          "before": " ",
          "after": " "
        },
        {
          "index": 14,
          "word": "on",
          "originalText": "on",
          "characterOffsetBegin": 1602,
          "characterOffsetEnd": 1604,
          "before": " ",
          "after": " "
        },
        {
          "index": 15,
          "word": "where",
          "originalText": "where",
          "characterOffsetBegin": 1605,
          "characterOffsetEnd": 1610,
          "before": " ",
          "after": " "
        },
        {
          "index": 16,
          "word": "the",
          "originalText": "the",
          "characterOffsetBegin": 1611,
          "characterOffsetEnd": 1614,
          "before": " ",
          "after": " "
        },
        {
          "index": 17,
          "word": "bus",
          "originalText": "bus",
          "characterOffsetBegin": 1615,
          "characterOffsetEnd": 1618,
          "before": " ",
          "after": " "
        },
        {
          "index": 18,
          "word": "is",
          "originalText": "is",
          "characterOffsetBegin": 1619,
          "characterOffsetEnd": 1621,
          "before": " ",
          "after": ""
        },
        {
          "index": 19,
          "word": "...",
          "originalText": "...",
          "characterOffsetBegin": 1621,
          "characterOffsetEnd": 1624,
          "before": "",
          "after": " "
        },
        {
          "index": 20,
          "word": "no",
          "originalText": "no",
          "characterOffsetBegin": 1625,
          "characterOffsetEnd": 1627,
          "before": " ",
          "after": " "
        },
        {
          "index": 21,
          "word": "news",
          "originalText": "news",
          "characterOffsetBegin": 1628,
          "characterOffsetEnd": 1632,
          "before": " ",
          "after": " "
        },
        {
          "index": 22,
          "word": "on",
          "originalText": "on",
          "characterOffsetBegin": 1633,
          "characterOffsetEnd": 1635,
          "before": " ",
          "after": " "
        },
        {
          "index": 23,
          "word": "app",
          "originalText": "app",
          "characterOffsetBegin": 1636,
          "characterOffsetEnd": 1639,
          "before": " ",
          "after": " "
        },
        {
          "index": 24,
          "word": "or",
          "originalText": "or",
          "characterOffsetBegin": 1640,
          "characterOffsetEnd": 1642,
          "before": " ",
          "after": " "
        },
        {
          "index": 25,
          "word": "web",
          "originalText": "web",
          "characterOffsetBegin": 1643,
          "characterOffsetEnd": 1646,
          "before": " ",
          "after": ""
        },
        {
          "index": 26,
          "word": "...",
          "originalText": "...",
          "characterOffsetBegin": 1646,
          "characterOffsetEnd": 1649,
          "before": "",
          "after": " "
        },
        {
          "index": 27,
          "word": "https://t.co/aXfYUKkSKH",
          "originalText": "https://t.co/aXfYUKkSKH",
          "characterOffsetBegin": 1650,
          "characterOffsetEnd": 1673,
          "before": " ",
          "after": ""
        }
      ]
    },
    {
      "index": 29,
      "tokens": [
        {
          "index": 1,
          "word": "@highlight",
          "originalText": "@highlight",
          "characterOffsetBegin": 1675,
          "characterOffsetEnd": 1685,
          "before": "",
          "after": ""
        }
      ]
    },
    {
      "index": 30,
      "tokens": [
        {
          "index": 1,
          "word": "@British_Airways",
          "originalText": "@British_Airways",
          "characterOffsetBegin": 1687,
          "characterOffsetEnd": 1703,
          "before": "",
          "after": " "
        },
        {
          "index": 2,
          "word": "And",
          "originalText": "And",
          "characterOffsetBegin": 1704,
          "characterOffsetEnd": 1707,
          "before": " ",
          "after": ""
        },
        {
          "index": 3,
          "word": "...",
          "originalText": "...",
          "characterOffsetBegin": 1707,
          "characterOffsetEnd": 1710,
          "before": "",
          "after": " "
        },
        {
          "index": 4,
          "word": "the",
          "originalText": "the",
          "characterOffsetBegin": 1711,
          "characterOffsetEnd": 1714,
          "before": " ",
          "after": " "
        },
        {
          "index": 5,
          "word": "app",
          "originalText": "app",
          "characterOffsetBegin": 1715,
          "characterOffsetEnd": 1718,
          "before": " ",
          "after": " "
        },
        {
          "index": 6,
          "word": "is",
          "originalText": "is",
          "characterOffsetBegin": 1719,
          "characterOffsetEnd": 1721,
          "before": " ",
          "after": " "
        },
        {
          "index": 7,
          "word": "not",
          "originalText": "not",
          "characterOffsetBegin": 1722,
          "characterOffsetEnd": 1725,
          "before": " ",
          "after": " "
        },
        {
          "index": 8,
          "word": "updated",
          "originalText": "updated",
          "characterOffsetBegin": 1726,
          "characterOffsetEnd": 1733,
          "before": " ",
          "after": ""
        },
        {
          "index": 9,
          "word": ",",
          "originalText": ",",
          "characterOffsetBegin": 1733,
          "characterOffsetEnd": 1734,
          "before": "",
          "after": " "
        },
        {
          "index": 10,
          "word": "so",
          "originalText": "so",
          "characterOffsetBegin": 1735,
          "characterOffsetEnd": 1737,
          "before": " ",
          "after": " "
        },
        {
          "index": 11,
          "word": "having",
          "originalText": "having",
          "characterOffsetBegin": 1738,
          "characterOffsetEnd": 1744,
          "before": " ",
          "after": " "
        },
        {
          "index": 12,
          "word": "to",
          "originalText": "to",
          "characterOffsetBegin": 1745,
          "characterOffsetEnd": 1747,
          "before": " ",
          "after": " "
        },
        {
          "index": 13,
          "word": "use",
          "originalText": "use",
          "characterOffsetBegin": 1748,
          "characterOffsetEnd": 1751,
          "before": " ",
          "after": " "
        },
        {
          "index": 14,
          "word": "Google",
          "originalText": "Google",
          "characterOffsetBegin": 1752,
          "characterOffsetEnd": 1758,
          "before": " ",
          "after": " "
        },
        {
          "index": 15,
          "word": "to",
          "originalText": "to",
          "characterOffsetBegin": 1759,
          "characterOffsetEnd": 1761,
          "before": " ",
          "after": " "
        },
        {
          "index": 16,
          "word": "try",
          "originalText": "try",
          "characterOffsetBegin": 1762,
          "characterOffsetEnd": 1765,
          "before": " ",
          "after": " "
        },
        {
          "index": 17,
          "word": "and",
          "originalText": "and",
          "characterOffsetBegin": 1766,
          "characterOffsetEnd": 1769,
          "before": " ",
          "after": " "
        },
        {
          "index": 18,
          "word": "figure",
          "originalText": "figure",
          "characterOffsetBegin": 1770,
          "characterOffsetEnd": 1776,
          "before": " ",
          "after": " "
        },
        {
          "index": 19,
          "word": "out",
          "originalText": "out",
          "characterOffsetBegin": 1777,
          "characterOffsetEnd": 1780,
          "before": " ",
          "after": " "
        },
        {
          "index": 20,
          "word": "what",
          "originalText": "what",
          "characterOffsetBegin": 1781,
          "characterOffsetEnd": 1785,
          "before": " ",
          "after": " "
        },
        {
          "index": 21,
          "word": "is",
          "originalText": "is",
          "characterOffsetBegin": 1786,
          "characterOffsetEnd": 1788,
          "before": " ",
          "after": " "
        },
        {
          "index": 22,
          "word": "happening",
          "originalText": "happening",
          "characterOffsetBegin": 1789,
          "characterOffsetEnd": 1798,
          "before": " ",
          "after": ""
        },
        {
          "index": 23,
          "word": ".",
          "originalText": ".",
          "characterOffsetBegin": 1798,
          "characterOffsetEnd": 1799,
          "before": "",
          "after": ""
        }
      ]
    },
    {
      "index": 31,
      "tokens": [
        {
          "index": 1,
          "word": "@highlight",
          "originalText": "@highlight",
          "characterOffsetBegin": 1801,
          "characterOffsetEnd": 1811,
          "before": "",
          "after": ""
        }
      ]
    },
    {
      "index": 32,
      "tokens": [
        {
          "index": 1,
          "word": "Agent",
          "originalText": "Agent",
          "characterOffsetBegin": 1813,
          "characterOffsetEnd": 1818,
          "before": "",
          "after": ""
        },
        {
          "index": 2,
          "word": ":",
          "originalText": ":",
          "characterOffsetBegin": 1818,
          "characterOffsetEnd": 1819,
          "before": "",
          "after": " "
        },
        {
          "index": 3,
          "word": "@",
          "originalText": "@",
          "characterOffsetBegin": 1820,
          "characterOffsetEnd": 1821,
          "before": " ",
          "after": ""
        },
        {
          "index": 4,
          "word": "192093",
          "originalText": "192093",
          "characterOffsetBegin": 1821,
          "characterOffsetEnd": 1827,
          "before": "",
          "after": " "
        },
        {
          "index": 5,
          "word": "Hi",
          "originalText": "Hi",
          "characterOffsetBegin": 1828,
          "characterOffsetEnd": 1830,
          "before": " ",
          "after": " "
        },
        {
          "index": 6,
          "word": "Jack",
          "originalText": "Jack",
          "characterOffsetBegin": 1831,
          "characterOffsetEnd": 1835,
          "before": " ",
          "after": ""
        },
        {
          "index": 7,
          "word": ",",
          "originalText": ",",
          "characterOffsetBegin": 1835,
          "characterOffsetEnd": 1836,
          "before": "",
          "after": "  "
        },
        {
          "index": 8,
          "word": "we",
          "originalText": "we",
          "characterOffsetBegin": 1838,
          "characterOffsetEnd": 1840,
          "before": "  ",
          "after": ""
        },
        {
          "index": 9,
          "word": "'re",
          "originalText": "'re",
          "characterOffsetBegin": 1840,
          "characterOffsetEnd": 1843,
          "before": "",
          "after": " "
        },
        {
          "index": 10,
          "word": "working",
          "originalText": "working",
          "characterOffsetBegin": 1844,
          "characterOffsetEnd": 1851,
          "before": " ",
          "after": " "
        },
        {
          "index": 11,
          "word": "to",
          "originalText": "to",
          "characterOffsetBegin": 1852,
          "characterOffsetEnd": 1854,
          "before": " ",
          "after": " "
        },
        {
          "index": 12,
          "word": "source",
          "originalText": "source",
          "characterOffsetBegin": 1855,
          "characterOffsetEnd": 1861,
          "before": " ",
          "after": " "
        },
        {
          "index": 13,
          "word": "transport",
          "originalText": "transport",
          "characterOffsetBegin": 1862,
          "characterOffsetEnd": 1871,
          "before": " ",
          "after": " "
        },
        {
          "index": 14,
          "word": "to",
          "originalText": "to",
          "characterOffsetBegin": 1872,
          "characterOffsetEnd": 1874,
          "before": " ",
          "after": " "
        },
        {
          "index": 15,
          "word": "VCE",
          "originalText": "VCE",
          "characterOffsetBegin": 1875,
          "characterOffsetEnd": 1878,
          "before": " ",
          "after": " "
        },
        {
          "index": 16,
          "word": "and",
          "originalText": "and",
          "characterOffsetBegin": 1879,
          "characterOffsetEnd": 1882,
          "before": " ",
          "after": " "
        },
        {
          "index": 17,
          "word": "we",
          "originalText": "we",
          "characterOffsetBegin": 1883,
          "characterOffsetEnd": 1885,
          "before": " ",
          "after": ""
        },
        {
          "index": 18,
          "word": "'ll",
          "originalText": "'ll",
          "characterOffsetBegin": 1885,
          "characterOffsetEnd": 1888,
          "before": "",
          "after": " "
        },
        {
          "index": 19,
          "word": "advise",
          "originalText": "advise",
          "characterOffsetBegin": 1889,
          "characterOffsetEnd": 1895,
          "before": " ",
          "after": " "
        },
        {
          "index": 20,
          "word": "when",
          "originalText": "when",
          "characterOffsetBegin": 1896,
          "characterOffsetEnd": 1900,
          "before": " ",
          "after": " "
        },
        {
          "index": 21,
          "word": "this",
          "originalText": "this",
          "characterOffsetBegin": 1901,
          "characterOffsetEnd": 1905,
          "before": " ",
          "after": " "
        },
        {
          "index": 22,
          "word": "has",
          "originalText": "has",
          "characterOffsetBegin": 1906,
          "characterOffsetEnd": 1909,
          "before": " ",
          "after": " "
        },
        {
          "index": 23,
          "word": "been",
          "originalText": "been",
          "characterOffsetBegin": 1910,
          "characterOffsetEnd": 1914,
          "before": " ",
          "after": " "
        },
        {
          "index": 24,
          "word": "confirmed",
          "originalText": "confirmed",
          "characterOffsetBegin": 1915,
          "characterOffsetEnd": 1924,
          "before": " ",
          "after": ""
        },
        {
          "index": 25,
          "word": ".",
          "originalText": ".",
          "characterOffsetBegin": 1924,
          "characterOffsetEnd": 1925,
          "before": "",
          "after": ""
        }
      ]
    },
    {
      "index": 33,
      "tokens": [
        {
          "index": 1,
          "word": "@highlight",
          "originalText": "@highlight",
          "characterOffsetBegin": 1927,
          "characterOffsetEnd": 1937,
          "before": "",
          "after": ""
        }
      ]
    },
    {
      "index": 34,
      "tokens": [
        {
          "index": 1,
          "word": "We",
          "originalText": "We",
          "characterOffsetBegin": 1939,
          "characterOffsetEnd": 1941,
          "before": "",
          "after": ""
        },
        {
          "index": 2,
          "word": "'re",
          "originalText": "'re",
          "characterOffsetBegin": 1941,
          "characterOffsetEnd": 1944,
          "before": "",
          "after": " "
        },
        {
          "index": 3,
          "word": "in",
          "originalText": "in",
          "characterOffsetBegin": 1945,
          "characterOffsetEnd": 1947,
          "before": " ",
          "after": " "
        },
        {
          "index": 4,
          "word": "touch",
          "originalText": "touch",
          "characterOffsetBegin": 1948,
          "characterOffsetEnd": 1953,
          "before": " ",
          "after": " "
        },
        {
          "index": 5,
          "word": "with",
          "originalText": "with",
          "characterOffsetBegin": 1954,
          "characterOffsetEnd": 1958,
          "before": " ",
          "after": " "
        },
        {
          "index": 6,
          "word": "the",
          "originalText": "the",
          "characterOffsetBegin": 1959,
          "characterOffsetEnd": 1962,
          "before": " ",
          "after": " "
        },
        {
          "index": 7,
          "word": "airport",
          "originalText": "airport",
          "characterOffsetBegin": 1963,
          "characterOffsetEnd": 1970,
          "before": " ",
          "after": " "
        },
        {
          "index": 8,
          "word": "asking",
          "originalText": "asking",
          "characterOffsetBegin": 1971,
          "characterOffsetEnd": 1977,
          "before": " ",
          "after": " "
        },
        {
          "index": 9,
          "word": "the",
          "originalText": "the",
          "characterOffsetBegin": 1978,
          "characterOffsetEnd": 1981,
          "before": " ",
          "after": " "
        },
        {
          "index": 10,
          "word": "managers",
          "originalText": "managers",
          "characterOffsetBegin": 1982,
          "characterOffsetEnd": 1990,
          "before": " ",
          "after": " "
        },
        {
          "index": 11,
          "word": "to",
          "originalText": "to",
          "characterOffsetBegin": 1991,
          "characterOffsetEnd": 1993,
          "before": " ",
          "after": " "
        },
        {
          "index": 12,
          "word": "resolve",
          "originalText": "resolve",
          "characterOffsetBegin": 1994,
          "characterOffsetEnd": 2001,
          "before": " ",
          "after": " "
        },
        {
          "index": 13,
          "word": "the",
          "originalText": "the",
          "characterOffsetBegin": 2002,
          "characterOffsetEnd": 2005,
          "before": " ",
          "after": " "
        },
        {
          "index": 14,
          "word": "issue",
          "originalText": "issue",
          "characterOffsetBegin": 2006,
          "characterOffsetEnd": 2011,
          "before": " ",
          "after": ""
        },
        {
          "index": 15,
          "word": ".",
          "originalText": ".",
          "characterOffsetBegin": 2011,
          "characterOffsetEnd": 2012,
          "before": "",
          "after": ""
        }
      ]
    }
  ]
}