{
  "sentences": [
    {
      "index": 0,
      "tokens": [
        {
          "index": 1,
          "word": "Customer",
          "originalText": "Customer",
          "characterOffsetBegin": 0,
          "characterOffsetEnd": 8,
          "before": "",
          "after": ""
        },
        {
          "index": 2,
          "word": ":",
          "originalText": ":",
          "characterOffsetBegin": 8,
          "characterOffsetEnd": 9,
          "before": "",
          "after": " "
        },
        {
          "index": 3,
          "word": "@",
          "originalText": "@",
          "characterOffsetBegin": 10,
          "characterOffsetEnd": 11,
          "before": " ",
          "after": ""
        },
        {
          "index": 4,
          "word": "115931",
          "originalText": "115931",
          "characterOffsetBegin": 11,
          "characterOffsetEnd": 17,
          "before": "",
          "after": " "
        },
        {
          "index": 5,
          "word": "@AskeBay",
          "originalText": "@AskeBay",
          "characterOffsetBegin": 18,
          "characterOffsetEnd": 26,
          "before": " ",
          "after": " "
        },
        {
          "index": 6,
          "word": "@",
          "originalText": "@",
          "characterOffsetBegin": 27,
          "characterOffsetEnd": 28,
          "before": " ",
          "after": ""
        },
        {
          "index": 7,
          "word": "115937",
          "originalText": "115937",
          "characterOffsetBegin": 28,
          "characterOffsetEnd": 34,
          "before": "",
          "after": " "
        },
        {
          "index": 8,
          "word": "I",
          "originalText": "I",
          "characterOffsetBegin": 35,
          "characterOffsetEnd": 36,
          "before": " ",
          "after": " "
        },
        {
          "index": 9,
          "word": "need",
          "originalText": "need",
          "characterOffsetBegin": 37,
          "characterOffsetEnd": 41,
          "before": " ",
          "after": " "
        },
        {
          "index": 10,
          "word": "help",
          "originalText": "help",
          "characterOffsetBegin": 42,
          "characterOffsetEnd": 46,
          "before": " ",
          "after": ""
        },
        {
          "index": 11,
          "word": "!!",
          "originalText": "!!",
          "characterOffsetBegin": 46,
          "characterOffsetEnd": 48,
          "before": "",
          "after": ""
        }
      ]
    },
    {
      "index": 1,
      "tokens": [
        {
          "index": 1,
          "word": "!",
          "originalText": "!",
          "characterOffsetBegin": 50,
          "characterOffsetEnd": 51,
          "before": "",
          "after": ""
        }
      ]
    },
    {
      "index": 2,
      "tokens": [
        {
          "index": 1,
          "word": "Agent",
          "originalText": "Agent",
          "characterOffsetBegin": 53,
          "characterOffsetEnd": 58,
          "before": "",
          "after": ""
        },
        {
          "index": 2,
          "word": ":",
          "originalText": ":",
          "characterOffsetBegin": 58,
          "characterOffsetEnd": 59,
          "before": "",
          "after": " "
        },
        {
          "index": 3,
          "word": "@",
          "originalText": "@",
          "characterOffsetBegin": 60,
          "characterOffsetEnd": 61,
          "before": " ",
          "after": ""
        },
        {
          "index": 4,
          "word": "124579",
          "originalText": "124579",
          "characterOffsetBegin": 61,
          "characterOffsetEnd": 67,
          "before": "",
          "after": " "
        },
        {
          "index": 5,
          "word": "I",
          "originalText": "I",
          "characterOffsetBegin": 68,
          "characterOffsetEnd": 69,
          "before": " ",
          "after": ""
        },
        {
          "index": 6,
          "word": "'d",
          "originalText": "’d",
          "characterOffsetBegin": 69,
          "characterOffsetEnd": 71,
          "before": "",
          "after": " "
        },
        {
          "index": 7,
          "word": "be",
          "originalText": "be",
          "characterOffsetBegin": 72,
          "characterOffsetEnd": 74,
          "before": " ",
          "after": " "
        },
        {
          "index": 8,
          "word": "happy",
          "originalText": "happy",
          "characterOffsetBegin": 75,
          "characterOffsetEnd": 80,
          "before": " ",
          "after": " "
        },
        {
          "index": 9,
          "word": "to",
          "originalText": "to",
          "characterOffsetBegin": 81,
          "characterOffsetEnd": 83,
          "before": " ",
          "after": " "
        },
        {
          "index": 10,
          "word": "help",
          "originalText": "help",
          "characterOffsetBegin": 84,
          "characterOffsetEnd": 88,
          "before": " ",
          "after": ""
        },
        {
          "index": 11,
          "word": "!",
          "originalText": "!",
          "characterOffsetBegin": 88,
          "characterOffsetEnd": 89,
          "before": "",
          "after": ""
        }
      ]
    },
    {
      "index": 3,
      "tokens": [
        {
          "index": 1,
          "word": "What",
          "originalText": "What",
          "characterOffsetBegin": 91,
          "characterOffsetEnd": 95,
          "before": "",
          "after": " "
        },
        {
          "index": 2,
          "word": "are",
          "originalText": "are",
          "characterOffsetBegin": 96,
          "characterOffsetEnd": 99,
          "before": " ",
          "after": " "
        },
        {
          "index": 3,
          "word": "you",
          "originalText": "you",
          "characterOffsetBegin": 100,
          "characterOffsetEnd": 103,
          "before": " ",
          "after": " "
        },
        {
          "index": 4,
          "word": "needing",
          "originalText": "needing",
          "characterOffsetBegin": 104,
          "characterOffsetEnd": 111,
          "before": " ",
          "after": " "
        },
        {
          "index": 5,
          "word": "assistance",
          "originalText": "assistance",
          "characterOffsetBegin": 112,
          "characterOffsetEnd": 122,
          "before": " ",
          "after": " "
        },
        {
          "index": 6,
          "word": "with",
          "originalText": "with",
          "characterOffsetBegin": 123,
          "characterOffsetEnd": 127,
          "before": " ",
          "after": ""
        },
        {
          "index": 7,
          "word": "?",
          "originalText": "?",
          "characterOffsetBegin": 127,
          "characterOffsetEnd": 128,
          "before": "",
          "after": ""
        }
      ]
    },
    {
      "index": 4,
      "tokens": [
        {
          "index": 1,
          "word": "^",
          "originalText": "^",
          "characterOffsetBegin": 130,
          "characterOffsetEnd": 131,
          "before": "",
          "after": ""
        },
        {
          "index": 2,
          "word": "M",
          "originalText": "M",
          "characterOffsetBegin": 131,
          "characterOffsetEnd": 132,
          "before": "",
          "after": ""
        }
      ]
    },
    {
      "index": 5,
      "tokens": [
        {
          "index": 1,
          "word": "Customer",
          "originalText": "Customer",
          "characterOffsetBegin": 134,
          "characterOffsetEnd": 142,
          "before": "",
          "after": ""
        },
        {
          "index": 2,
          "word": ":",
          "originalText": ":",
          "characterOffsetBegin": 142,
          "characterOffsetEnd": 143,
          "before": "",
          "after": " "
        },
        {
          "index": 3,
          "word": "@AskeBay",
          "originalText": "@AskeBay",
          "characterOffsetBegin": 144,
          "characterOffsetEnd": 152,
          "before": " ",
          "after": " "
        },
        {
          "index": 4,
          "word": "My",
          "originalText": "My",
          "characterOffsetBegin": 153,
          "characterOffsetEnd": 155,
          "before": " ",
          "after": " "
        },
        {
          "index": 5,
          "word": "sisters",
          "originalText": "sisters",
          "characterOffsetBegin": 156,
          "characterOffsetEnd": 163,
          "before": " ",
          "after": " "
        },
        {
          "index": 6,
          "word": "account",
          "originalText": "account",
          "characterOffsetBegin": 164,
          "characterOffsetEnd": 171,
          "before": " ",
          "after": " "
        },
        {
          "index": 7,
          "word": "has",
          "originalText": "has",
          "characterOffsetBegin": 172,
          "characterOffsetEnd": 175,
          "before": " ",
          "after": " "
        },
        {
          "index": 8,
          "word": "been",
          "originalText": "been",
          "characterOffsetBegin": 176,
          "characterOffsetEnd": 180,
          "before": " ",
          "after": " "
        },
        {
          "index": 9,
          "word": "locked",
          "originalText": "locked",
          "characterOffsetBegin": 181,
          "characterOffsetEnd": 187,
          "before": " ",
          "after": " "
        },
        {
          "index": 10,
          "word": "as",
          "originalText": "as",
          "characterOffsetBegin": 188,
          "characterOffsetEnd": 190,
          "before": " ",
          "after": " "
        },
        {
          "index": 11,
          "word": "it",
          "originalText": "it",
          "characterOffsetBegin": 191,
          "characterOffsetEnd": 193,
          "before": " ",
          "after": " "
        },
        {
          "index": 12,
          "word": "has",
          "originalText": "has",
          "characterOffsetBegin": 194,
          "characterOffsetEnd": 197,
          "before": " ",
          "after": " "
        },
        {
          "index": 13,
          "word": "been",
          "originalText": "been",
          "characterOffsetBegin": 198,
          "characterOffsetEnd": 202,
          "before": " ",
          "after": " "
        },
        {
          "index": 14,
          "word": "linked",
          "originalText": "linked",
          "characterOffsetBegin": 203,
          "characterOffsetEnd": 209,
          "before": " ",
          "after": " "
        },
        {
          "index": 15,
          "word": "to",
          "originalText": "to",
          "characterOffsetBegin": 210,
          "characterOffsetEnd": 212,
          "before": " ",
          "after": " "
        },
        {
          "index": 16,
          "word": "an",
          "originalText": "an",
          "characterOffsetBegin": 213,
          "characterOffsetEnd": 215,
          "before": " ",
          "after": " "
        },
        {
          "index": 17,
          "word": "account",
          "originalText": "account",
          "characterOffsetBegin": 216,
          "characterOffsetEnd": 223,
          "before": " ",
          "after": " "
        },
        {
          "index": 18,
          "word": "with",
          "originalText": "with",
          "characterOffsetBegin": 224,
          "characterOffsetEnd": 228,
          "before": " ",
          "after": " "
        },
        {
          "index": 19,
          "word": "a",
          "originalText": "a",
          "characterOffsetBegin": 229,
          "characterOffsetEnd": 230,
          "before": " ",
          "after": " "
        },
        {
          "index": 20,
          "word": "negative",
          "originalText": "negative",
          "characterOffsetBegin": 231,
          "characterOffsetEnd": 239,
          "before": " ",
          "after": " "
        },
        {
          "index": 21,
          "word": "balance",
          "originalText": "balance",
          "characterOffsetBegin": 240,
          "characterOffsetEnd": 247,
          "before": " ",
          "after": " "
        },
        {
          "index": 22,
          "word": "though",
          "originalText": "though",
          "characterOffsetBegin": 248,
          "characterOffsetEnd": 254,
          "before": " ",
          "after": " "
        },
        {
          "index": 23,
          "word": "this",
          "originalText": "this",
          "characterOffsetBegin": 255,
          "characterOffsetEnd": 259,
          "before": " ",
          "after": " "
        },
        {
          "index": 24,
          "word": "is",
          "originalText": "is",
          "characterOffsetBegin": 260,
          "characterOffsetEnd": 262,
          "before": " ",
          "after": " "
        },
        {
          "index": 25,
          "word": "not",
          "originalText": "not",
          "characterOffsetBegin": 263,
          "characterOffsetEnd": 266,
          "before": " ",
          "after": " "
        },
        {
          "index": 26,
          "word": "possible",
          "originalText": "possible",
          "characterOffsetBegin": 267,
          "characterOffsetEnd": 275,
          "before": " ",
          "after": ""
        },
        {
          "index": 27,
          "word": "!!",
          "originalText": "!!",
          "characterOffsetBegin": 275,
          "characterOffsetEnd": 277,
          "before": "",
          "after": ""
        }
      ]
    },
    {
      "index": 6,
      "tokens": [
        {
          "index": 1,
          "word": "!",
          "originalText": "!",
          "characterOffsetBegin": 279,
          "characterOffsetEnd": 280,
          "before": "",
          "after": ""
        }
      ]
    },
    {
      "index": 7,
      "tokens": [
        {
          "index": 1,
          "word": "Agent",
          "originalText": "Agent",
          "characterOffsetBegin": 282,
          "characterOffsetEnd": 287,
          "before": "",
          "after": ""
        },
        {
          "index": 2,
          "word": ":",
          "originalText": ":",
          "characterOffsetBegin": 287,
          "characterOffsetEnd": 288,
          "before": "",
          "after": " "
        },
        {
          "index": 3,
          "word": "@",
          "originalText": "@",
          "characterOffsetBegin": 289,
          "characterOffsetEnd": 290,
          "before": " ",
          "after": ""
        },
        {
          "index": 4,
          "word": "124579",
          "originalText": "124579",
          "characterOffsetBegin": 290,
          "characterOffsetEnd": 296,
          "before": "",
          "after": " "
        },
        {
          "index": 5,
          "word": "We",
          "originalText": "We",
          "characterOffsetBegin": 297,
          "characterOffsetEnd": 299,
          "before": " ",
          "after": ""
        },
        {
          "index": 6,
          "word": "'d",
          "originalText": "’d",
          "characterOffsetBegin": 299,
          "characterOffsetEnd": 301,
          "before": "",
          "after": " "
        },
        {
          "index": 7,
          "word": "be",
          "originalText": "be",
          "characterOffsetBegin": 302,
          "characterOffsetEnd": 304,
          "before": " ",
          "after": " "
        },
        {
          "index": 8,
          "word": "happy",
          "originalText": "happy",
          "characterOffsetBegin": 305,
          "characterOffsetEnd": 310,
          "before": " ",
          "after": " "
        },
        {
          "index": 9,
          "word": "to",
          "originalText": "to",
          "characterOffsetBegin": 311,
          "characterOffsetEnd": 313,
          "before": " ",
          "after": " "
        },
        {
          "index": 10,
          "word": "look",
          "originalText": "look",
          "characterOffsetBegin": 314,
          "characterOffsetEnd": 318,
          "before": " ",
          "after": " "
        },
        {
          "index": 11,
          "word": "into",
          "originalText": "into",
          "characterOffsetBegin": 319,
          "characterOffsetEnd": 323,
          "before": " ",
          "after": " "
        },
        {
          "index": 12,
          "word": "it",
          "originalText": "it",
          "characterOffsetBegin": 324,
          "characterOffsetEnd": 326,
          "before": " ",
          "after": " "
        },
        {
          "index": 13,
          "word": "further",
          "originalText": "further",
          "characterOffsetBegin": 327,
          "characterOffsetEnd": 334,
          "before": " ",
          "after": ""
        },
        {
          "index": 14,
          "word": ".",
          "originalText": ".",
          "characterOffsetBegin": 334,
          "characterOffsetEnd": 335,
          "before": "",
          "after": ""
        }
      ]
    },
    {
      "index": 8,
      "tokens": [
        {
          "index": 1,
          "word": "Have",
          "originalText": "Have",
          "characterOffsetBegin": 337,
          "characterOffsetEnd": 341,
          "before": "",
          "after": " "
        },
        {
          "index": 2,
          "word": "your",
          "originalText": "your",
          "characterOffsetBegin": 342,
          "characterOffsetEnd": 346,
          "before": " ",
          "after": " "
        },
        {
          "index": 3,
          "word": "sister",
          "originalText": "sister",
          "characterOffsetBegin": 347,
          "characterOffsetEnd": 353,
          "before": " ",
          "after": " "
        },
        {
          "index": 4,
          "word": "call",
          "originalText": "call",
          "characterOffsetBegin": 354,
          "characterOffsetEnd": 358,
          "before": " ",
          "after": " "
        },
        {
          "index": 5,
          "word": "in",
          "originalText": "in",
          "characterOffsetBegin": 359,
          "characterOffsetEnd": 361,
          "before": " ",
          "after": " "
        },
        {
          "index": 6,
          "word": "or",
          "originalText": "or",
          "characterOffsetBegin": 362,
          "characterOffsetEnd": 364,
          "before": " ",
          "after": " "
        },
        {
          "index": 7,
          "word": "reach",
          "originalText": "reach",
          "characterOffsetBegin": 365,
          "characterOffsetEnd": 370,
          "before": " ",
          "after": " "
        },
        {
          "index": 8,
          "word": "out",
          "originalText": "out",
          "characterOffsetBegin": 371,
          "characterOffsetEnd": 374,
          "before": " ",
          "after": " "
        },
        {
          "index": 9,
          "word": "to",
          "originalText": "to",
          "characterOffsetBegin": 375,
          "characterOffsetEnd": 377,
          "before": " ",
          "after": " "
        },
        {
          "index": 10,
          "word": "us",
          "originalText": "us",
          "characterOffsetBegin": 378,
          "characterOffsetEnd": 380,
          "before": " ",
          "after": " "
        },
        {
          "index": 11,
          "word": "here",
          "originalText": "here",
          "characterOffsetBegin": 381,
          "characterOffsetEnd": 385,
          "before": " ",
          "after": " "
        },
        {
          "index": 12,
          "word": "or",
          "originalText": "or",
          "characterOffsetBegin": 386,
          "characterOffsetEnd": 388,
          "before": " ",
          "after": " "
        },
        {
          "index": 13,
          "word": "on",
          "originalText": "on",
          "characterOffsetBegin": 389,
          "characterOffsetEnd": 391,
          "before": " ",
          "after": " "
        },
        {
          "index": 14,
          "word": "Facebook",
          "originalText": "Facebook",
          "characterOffsetBegin": 392,
          "characterOffsetEnd": 400,
          "before": " ",
          "after": ""
        },
        {
          "index": 15,
          "word": ".",
          "originalText": ".",
          "characterOffsetBegin": 400,
          "characterOffsetEnd": 401,
          "before": "",
          "after": ""
        }
      ]
    },
    {
      "index": 9,
      "tokens": [
        {
          "index": 1,
          "word": "^",
          "originalText": "^",
          "characterOffsetBegin": 403,
          "characterOffsetEnd": 404,
          "before": "",
          "after": ""
        },
        {
          "index": 2,
          "word": "M",
          "originalText": "M",
          "characterOffsetBegin": 404,
          "characterOffsetEnd": 405,
          "before": "",
          "after": ""
        }
      ]
    },
    {
      "index": 10,
      "tokens": [
        {
          "index": 1,
          "word": "Customer",
          "originalText": "Customer",
          "characterOffsetBegin": 407,
          "characterOffsetEnd": 415,
          "before": "",
          "after": ""
        },
        {
          "index": 2,
          "word": ":",
          "originalText": ":",
          "characterOffsetBegin": 415,
          "characterOffsetEnd": 416,
          "before": "",
          "after": " "
        },
        {
          "index": 3,
          "word": "@AskeBay",
          "originalText": "@AskeBay",
          "characterOffsetBegin": 417,
          "characterOffsetEnd": 425,
          "before": " ",
          "after": " "
        },
        {
          "index": 4,
          "word": "She",
          "originalText": "She",
          "characterOffsetBegin": 426,
          "characterOffsetEnd": 429,
          "before": " ",
          "after": " "
        },
        {
          "index": 5,
          "word": "do",
          "originalText": "do",
          "characterOffsetBegin": 430,
          "characterOffsetEnd": 432,
          "before": " ",
          "after": ""
        },
        {
          "index": 6,
          "word": "n't",
          "originalText": "n’t",
          "characterOffsetBegin": 432,
          "characterOffsetEnd": 435,
          "before": "",
          "after": " "
        },
        {
          "index": 7,
          "word": "have",
          "originalText": "have",
          "characterOffsetBegin": 436,
          "characterOffsetEnd": 440,
          "before": " ",
          "after": " "
        },
        {
          "index": 8,
          "word": "twitter",
          "originalText": "twitter",
          "characterOffsetBegin": 441,
          "characterOffsetEnd": 448,
          "before": " ",
          "after": " "
        },
        {
          "index": 9,
          "word": "and",
          "originalText": "and",
          "characterOffsetBegin": 449,
          "characterOffsetEnd": 452,
          "before": " ",
          "after": " "
        },
        {
          "index": 10,
          "word": "your",
          "originalText": "your",
          "characterOffsetBegin": 453,
          "characterOffsetEnd": 457,
          "before": " ",
          "after": " "
        },
        {
          "index": 11,
          "word": "call",
          "originalText": "call",
          "characterOffsetBegin": 458,
          "characterOffsetEnd": 462,
          "before": " ",
          "after": " "
        },
        {
          "index": 12,
          "word": "centers",
          "originalText": "centers",
          "characterOffsetBegin": 463,
          "characterOffsetEnd": 470,
          "before": " ",
          "after": " "
        },
        {
          "index": 13,
          "word": "have",
          "originalText": "have",
          "characterOffsetBegin": 471,
          "characterOffsetEnd": 475,
          "before": " ",
          "after": " "
        },
        {
          "index": 14,
          "word": "been",
          "originalText": "been",
          "characterOffsetBegin": 476,
          "characterOffsetEnd": 480,
          "before": " ",
          "after": " "
        },
        {
          "index": 15,
          "word": "ABSOLUTELY",
          "originalText": "ABSOLUTELY",
          "characterOffsetBegin": 481,
          "characterOffsetEnd": 491,
          "before": " ",
          "after": " "
        },
        {
          "index": 16,
          "word": "useless",
          "originalText": "useless",
          "characterOffsetBegin": 492,
          "characterOffsetEnd": 499,
          "before": " ",
          "after": ""
        }
      ]
    },
    {
      "index": 11,
      "tokens": [
        {
          "index": 1,
          "word": "Agent",
          "originalText": "Agent",
          "characterOffsetBegin": 501,
          "characterOffsetEnd": 506,
          "before": "",
          "after": ""
        },
        {
          "index": 2,
          "word": ":",
          "originalText": ":",
          "characterOffsetBegin": 506,
          "characterOffsetEnd": 507,
          "before": "",
          "after": " "
        },
        {
          "index": 3,
          "word": "@",
          "originalText": "@",
          "characterOffsetBegin": 508,
          "characterOffsetEnd": 509,
          "before": " ",
          "after": ""
        },
        {
          "index": 4,
          "word": "124579",
          "originalText": "124579",
          "characterOffsetBegin": 509,
          "characterOffsetEnd": 515,
          "before": "",
          "after": " "
        },
        {
          "index": 5,
          "word": "Calling",
          "originalText": "Calling",
          "characterOffsetBegin": 516,
          "characterOffsetEnd": 523,
          "before": " ",
          "after": " "
        },
        {
          "index": 6,
          "word": "in",
          "originalText": "in",
          "characterOffsetBegin": 524,
          "characterOffsetEnd": 526,
          "before": " ",
          "after": " "
        },
        {
          "index": 7,
          "word": "will",
          "originalText": "will",
          "characterOffsetBegin": 527,
          "characterOffsetEnd": 531,
          "before": " ",
          "after": " "
        },
        {
          "index": 8,
          "word": "be",
          "originalText": "be",
          "characterOffsetBegin": 532,
          "characterOffsetEnd": 534,
          "before": " ",
          "after": " "
        },
        {
          "index": 9,
          "word": "the",
          "originalText": "the",
          "characterOffsetBegin": 535,
          "characterOffsetEnd": 538,
          "before": " ",
          "after": " "
        },
        {
          "index": 10,
          "word": "fastest",
          "originalText": "fastest",
          "characterOffsetBegin": 539,
          "characterOffsetEnd": 546,
          "before": " ",
          "after": " "
        },
        {
          "index": 11,
          "word": "way",
          "originalText": "way",
          "characterOffsetBegin": 547,
          "characterOffsetEnd": 550,
          "before": " ",
          "after": " "
        },
        {
          "index": 12,
          "word": "to",
          "originalText": "to",
          "characterOffsetBegin": 551,
          "characterOffsetEnd": 553,
          "before": " ",
          "after": " "
        },
        {
          "index": 13,
          "word": "resolve",
          "originalText": "resolve",
          "characterOffsetBegin": 554,
          "characterOffsetEnd": 561,
          "before": " ",
          "after": " "
        },
        {
          "index": 14,
          "word": "any",
          "originalText": "any",
          "characterOffsetBegin": 562,
          "characterOffsetEnd": 565,
          "before": " ",
          "after": " "
        },
        {
          "index": 15,
          "word": "issues",
          "originalText": "issues",
          "characterOffsetBegin": 566,
          "characterOffsetEnd": 572,
          "before": " ",
          "after": " "
        },
        {
          "index": 16,
          "word": "or",
          "originalText": "or",
          "characterOffsetBegin": 573,
          "characterOffsetEnd": 575,
          "before": " ",
          "after": " "
        },
        {
          "index": 17,
          "word": "if",
          "originalText": "if",
          "characterOffsetBegin": 576,
          "characterOffsetEnd": 578,
          "before": " ",
          "after": " "
        },
        {
          "index": 18,
          "word": "she",
          "originalText": "she",
          "characterOffsetBegin": 579,
          "characterOffsetEnd": 582,
          "before": " ",
          "after": " "
        },
        {
          "index": 19,
          "word": "has",
          "originalText": "has",
          "characterOffsetBegin": 583,
          "characterOffsetEnd": 586,
          "before": " ",
          "after": " "
        },
        {
          "index": 20,
          "word": "a",
          "originalText": "a",
          "characterOffsetBegin": 587,
          "characterOffsetEnd": 588,
          "before": " ",
          "after": " "
        },
        {
          "index": 21,
          "word": "Facebook",
          "originalText": "Facebook",
          "characterOffsetBegin": 589,
          "characterOffsetEnd": 597,
          "before": " ",
          "after": " "
        },
        {
          "index": 22,
          "word": "acct",
          "originalText": "acct",
          "characterOffsetBegin": 598,
          "characterOffsetEnd": 602,
          "before": " ",
          "after": " "
        },
        {
          "index": 23,
          "word": "she",
          "originalText": "she",
          "characterOffsetBegin": 603,
          "characterOffsetEnd": 606,
          "before": " ",
          "after": " "
        },
        {
          "index": 24,
          "word": "can",
          "originalText": "can",
          "characterOffsetBegin": 607,
          "characterOffsetEnd": 610,
          "before": " ",
          "after": " "
        },
        {
          "index": 25,
          "word": "reach",
          "originalText": "reach",
          "characterOffsetBegin": 611,
          "characterOffsetEnd": 616,
          "before": " ",
          "after": " "
        },
        {
          "index": 26,
          "word": "out",
          "originalText": "out",
          "characterOffsetBegin": 617,
          "characterOffsetEnd": 620,
          "before": " ",
          "after": " "
        },
        {
          "index": 27,
          "word": "to",
          "originalText": "to",
          "characterOffsetBegin": 621,
          "characterOffsetEnd": 623,
          "before": " ",
          "after": " "
        },
        {
          "index": 28,
          "word": "us",
          "originalText": "us",
          "characterOffsetBegin": 624,
          "characterOffsetEnd": 626,
          "before": " ",
          "after": " "
        },
        {
          "index": 29,
          "word": "there",
          "originalText": "there",
          "characterOffsetBegin": 627,
          "characterOffsetEnd": 632,
          "before": " ",
          "after": ""
        },
        {
          "index": 30,
          "word": ".",
          "originalText": ".",
          "characterOffsetBegin": 632,
          "characterOffsetEnd": 633,
          "before": "",
          "after": ""
        }
      ]
    },
    {
      "index": 12,
      "tokens": [
        {
          "index": 1,
          "word": "Thanks",
          "originalText": "Thanks",
          "characterOffsetBegin": 635,
          "characterOffsetEnd": 641,
          "before": "",
          "after": ""
        },
        {
          "index": 2,
          "word": "!",
          "originalText": "!",
          "characterOffsetBegin": 641,
          "characterOffsetEnd": 642,
          "before": "",
          "after": ""
        }
      ]
    },
    {
      "index": 13,
      "tokens": [
        {
          "index": 1,
          "word": "M",
          "originalText": "M",
          "characterOffsetBegin": 644,
          "characterOffsetEnd": 645,
          "before": "",
          "after": ""
        }
      ]
    },
    {
      "index": 14,
      "tokens": [
        {
          "index": 1,
          "word": "Customer",
          "originalText": "Customer",
          "characterOffsetBegin": 647,
          "characterOffsetEnd": 655,
          "before": "",
          "after": ""
        },
        {
          "index": 2,
          "word": ":",
          "originalText": ":",
          "characterOffsetBegin": 655,
          "characterOffsetEnd": 656,
          "before": "",
          "after": " "
        },
        {
          "index": 3,
          "word": "@AskeBay",
          "originalText": "@AskeBay",
          "characterOffsetBegin": 657,
          "characterOffsetEnd": 665,
          "before": " ",
          "after": " "
        },
        {
          "index": 4,
          "word": "Called",
          "originalText": "Called",
          "characterOffsetBegin": 666,
          "characterOffsetEnd": 672,
          "before": " ",
          "after": " "
        },
        {
          "index": 5,
          "word": "in",
          "originalText": "in",
          "characterOffsetBegin": 673,
          "characterOffsetEnd": 675,
          "before": " ",
          "after": " "
        },
        {
          "index": 6,
          "word": "4",
          "originalText": "4",
          "characterOffsetBegin": 676,
          "characterOffsetEnd": 677,
          "before": " ",
          "after": " "
        },
        {
          "index": 7,
          "word": "times",
          "originalText": "times",
          "characterOffsetBegin": 678,
          "characterOffsetEnd": 683,
          "before": " ",
          "after": " "
        },
        {
          "index": 8,
          "word": "now",
          "originalText": "now",
          "characterOffsetBegin": 684,
          "characterOffsetEnd": 687,
          "before": " ",
          "after": " "
        },
        {
          "index": 9,
          "word": "with",
          "originalText": "with",
          "characterOffsetBegin": 688,
          "characterOffsetEnd": 692,
          "before": " ",
          "after": " "
        },
        {
          "index": 10,
          "word": "no",
          "originalText": "no",
          "characterOffsetBegin": 693,
          "characterOffsetEnd": 695,
          "before": " ",
          "after": " "
        },
        {
          "index": 11,
          "word": "resolve",
          "originalText": "resolve",
          "characterOffsetBegin": 696,
          "characterOffsetEnd": 703,
          "before": " ",
          "after": " "
        },
        {
          "index": 12,
          "word": "this",
          "originalText": "this",
          "characterOffsetBegin": 704,
          "characterOffsetEnd": 708,
          "before": " ",
          "after": " "
        },
        {
          "index": 13,
          "word": "is",
          "originalText": "is",
          "characterOffsetBegin": 709,
          "characterOffsetEnd": 711,
          "before": " ",
          "after": " "
        },
        {
          "index": 14,
          "word": "ABSOLUTELY",
          "originalText": "ABSOLUTELY",
          "characterOffsetBegin": 712,
          "characterOffsetEnd": 722,
          "before": " ",
          "after": " "
        },
        {
          "index": 15,
          "word": "disgusting",
          "originalText": "disgusting",
          "characterOffsetBegin": 723,
          "characterOffsetEnd": 733,
          "before": " ",
          "after": ""
        }
      ]
    },
    {
      "index": 15,
      "tokens": [
        {
          "index": 1,
          "word": "Agent",
          "originalText": "Agent",
          "characterOffsetBegin": 735,
          "characterOffsetEnd": 740,
          "before": "",
          "after": ""
        },
        {
          "index": 2,
          "word": ":",
          "originalText": ":",
          "characterOffsetBegin": 740,
          "characterOffsetEnd": 741,
          "before": "",
          "after": " "
        },
        {
          "index": 3,
          "word": "@",
          "originalText": "@",
          "characterOffsetBegin": 742,
          "characterOffsetEnd": 743,
          "before": " ",
          "after": ""
        },
        {
          "index": 4,
          "word": "124579",
          "originalText": "124579",
          "characterOffsetBegin": 743,
          "characterOffsetEnd": 749,
          "before": "",
          "after": " "
        },
        {
          "index": 5,
          "word": "2/2",
          "originalText": "2/2",
          "characterOffsetBegin": 750,
          "characterOffsetEnd": 753,
          "before": " ",
          "after": " "
        },
        {
          "index": 6,
          "word": "Facebook",
          "originalText": "Facebook",
          "characterOffsetBegin": 754,
          "characterOffsetEnd": 762,
          "before": " ",
          "after": " "
        },
        {
          "index": 7,
          "word": "by",
          "originalText": "by",
          "characterOffsetBegin": 763,
          "characterOffsetEnd": 765,
          "before": " ",
          "after": " "
        },
        {
          "index": 8,
          "word": "visiting",
          "originalText": "visiting",
          "characterOffsetBegin": 766,
          "characterOffsetEnd": 774,
          "before": " ",
          "after": " "
        },
        {
          "index": 9,
          "word": "https://t.co/6n0U95WGZY",
          "originalText": "https://t.co/6n0U95WGZY",
          "characterOffsetBegin": 775,
          "characterOffsetEnd": 798,
          "before": " ",
          "after": " "
        },
        {
          "index": 10,
          "word": "or",
          "originalText": "or",
          "characterOffsetBegin": 799,
          "characterOffsetEnd": 801,
          "before": " ",
          "after": " "
        },
        {
          "index": 11,
          "word": "she",
          "originalText": "she",
          "characterOffsetBegin": 802,
          "characterOffsetEnd": 805,
          "before": " ",
          "after": " "
        },
        {
          "index": 12,
          "word": "can",
          "originalText": "can",
          "characterOffsetBegin": 806,
          "characterOffsetEnd": 809,
          "before": " ",
          "after": " "
        },
        {
          "index": 13,
          "word": "email",
          "originalText": "email",
          "characterOffsetBegin": 810,
          "characterOffsetEnd": 815,
          "before": " ",
          "after": " "
        },
        {
          "index": 14,
          "word": "us",
          "originalText": "us",
          "characterOffsetBegin": 816,
          "characterOffsetEnd": 818,
          "before": " ",
          "after": " "
        },
        {
          "index": 15,
          "word": "at",
          "originalText": "at",
          "characterOffsetBegin": 819,
          "characterOffsetEnd": 821,
          "before": " ",
          "after": " "
        },
        {
          "index": 16,
          "word": "__",
          "originalText": "__",
          "characterOffsetBegin": 822,
          "characterOffsetEnd": 824,
          "before": " ",
          "after": ""
        },
        {
          "index": 17,
          "word": "email",
          "originalText": "email",
          "characterOffsetBegin": 824,
          "characterOffsetEnd": 829,
          "before": "",
          "after": ""
        },
        {
          "index": 18,
          "word": "__",
          "originalText": "__",
          "characterOffsetBegin": 829,
          "characterOffsetEnd": 831,
          "before": "",
          "after": ""
        },
        {
          "index": 19,
          "word": ".",
          "originalText": ".",
          "characterOffsetBegin": 831,
          "characterOffsetEnd": 832,
          "before": "",
          "after": ""
        }
      ]
    },
    {
      "index": 16,
      "tokens": [
        {
          "index": 1,
          "word": "We",
          "originalText": "We",
          "characterOffsetBegin": 834,
          "characterOffsetEnd": 836,
          "before": "",
          "after": ""
        },
        {
          "index": 2,
          "word": "'ll",
          "originalText": "'ll",
          "characterOffsetBegin": 836,
          "characterOffsetEnd": 839,
          "before": "",
          "after": " "
        },
        {
          "index": 3,
          "word": "be",
          "originalText": "be",
          "characterOffsetBegin": 840,
          "characterOffsetEnd": 842,
          "before": " ",
          "after": " "
        },
        {
          "index": 4,
          "word": "happy",
          "originalText": "happy",
          "characterOffsetBegin": 843,
          "characterOffsetEnd": 848,
          "before": " ",
          "after": " "
        },
        {
          "index": 5,
          "word": "to",
          "originalText": "to",
          "characterOffsetBegin": 849,
          "characterOffsetEnd": 851,
          "before": " ",
          "after": " "
        },
        {
          "index": 6,
          "word": "talk",
          "originalText": "talk",
          "characterOffsetBegin": 852,
          "characterOffsetEnd": 856,
          "before": " ",
          "after": " "
        },
        {
          "index": 7,
          "word": "with",
          "originalText": "with",
          "characterOffsetBegin": 857,
          "characterOffsetEnd": 861,
          "before": " ",
          "after": " "
        },
        {
          "index": 8,
          "word": "her",
          "originalText": "her",
          "characterOffsetBegin": 862,
          "characterOffsetEnd": 865,
          "before": " ",
          "after": ""
        },
        {
          "index": 9,
          "word": ".",
          "originalText": ".",
          "characterOffsetBegin": 865,
          "characterOffsetEnd": 866,
          "before": "",
          "after": ""
        }
      ]
    },
    {
      "index": 17,
      "tokens": [
        {
          "index": 1,
          "word": "^",
          "originalText": "^",
          "characterOffsetBegin": 868,
          "characterOffsetEnd": 869,
          "before": "",
          "after": ""
        },
        {
          "index": 2,
          "word": "CR",
          "originalText": "CR",
          "characterOffsetBegin": 869,
          "characterOffsetEnd": 871,
          "before": "",
          "after": ""
        }
      ]
    },
    {
      "index": 18,
      "tokens": [
        {
          "index": 1,
          "word": "Agent",
          "originalText": "Agent",
          "characterOffsetBegin": 873,
          "characterOffsetEnd": 878,
          "before": "",
          "after": ""
        },
        {
          "index": 2,
          "word": ":",
          "originalText": ":",
          "characterOffsetBegin": 878,
          "characterOffsetEnd": 879,
          "before": "",
          "after": " "
        },
        {
          "index": 3,
          "word": "@",
          "originalText": "@",
          "characterOffsetBegin": 880,
          "characterOffsetEnd": 881,
          "before": " ",
          "after": ""
        },
        {
          "index": 4,
          "word": "124579",
          "originalText": "124579",
          "characterOffsetBegin": 881,
          "characterOffsetEnd": 887,
          "before": "",
          "after": " "
        },
        {
          "index": 5,
          "word": "Sorry",
          "originalText": "Sorry",
          "characterOffsetBegin": 888,
          "characterOffsetEnd": 893,
          "before": " ",
          "after": " "
        },
        {
          "index": 6,
          "word": "to",
          "originalText": "to",
          "characterOffsetBegin": 894,
          "characterOffsetEnd": 896,
          "before": " ",
          "after": " "
        },
        {
          "index": 7,
          "word": "hear",
          "originalText": "hear",
          "characterOffsetBegin": 897,
          "characterOffsetEnd": 901,
          "before": " ",
          "after": " "
        },
        {
          "index": 8,
          "word": "you",
          "originalText": "you",
          "characterOffsetBegin": 902,
          "characterOffsetEnd": 905,
          "before": " ",
          "after": ""
        },
        {
          "index": 9,
          "word": "'re",
          "originalText": "'re",
          "characterOffsetBegin": 905,
          "characterOffsetEnd": 908,
          "before": "",
          "after": " "
        },
        {
          "index": 10,
          "word": "still",
          "originalText": "still",
          "characterOffsetBegin": 909,
          "characterOffsetEnd": 914,
          "before": " ",
          "after": " "
        },
        {
          "index": 11,
          "word": "having",
          "originalText": "having",
          "characterOffsetBegin": 915,
          "characterOffsetEnd": 921,
          "before": " ",
          "after": " "
        },
        {
          "index": 12,
          "word": "trouble",
          "originalText": "trouble",
          "characterOffsetBegin": 922,
          "characterOffsetEnd": 929,
          "before": " ",
          "after": ""
        },
        {
          "index": 13,
          "word": ".",
          "originalText": ".",
          "characterOffsetBegin": 929,
          "characterOffsetEnd": 930,
          "before": "",
          "after": ""
        }
      ]
    },
    {
      "index": 19,
      "tokens": [
        {
          "index": 1,
          "word": "We",
          "originalText": "We",
          "characterOffsetBegin": 932,
          "characterOffsetEnd": 934,
          "before": "",
          "after": " "
        },
        {
          "index": 2,
          "word": "wo",
          "originalText": "wo",
          "characterOffsetBegin": 935,
          "characterOffsetEnd": 937,
          "before": " ",
          "after": ""
        },
        {
          "index": 3,
          "word": "n't",
          "originalText": "n't",
          "characterOffsetBegin": 937,
          "characterOffsetEnd": 940,
          "before": "",
          "after": " "
        },
        {
          "index": 4,
          "word": "be",
          "originalText": "be",
          "characterOffsetBegin": 941,
          "characterOffsetEnd": 943,
          "before": " ",
          "after": " "
        },
        {
          "index": 5,
          "word": "able",
          "originalText": "able",
          "characterOffsetBegin": 944,
          "characterOffsetEnd": 948,
          "before": " ",
          "after": " "
        },
        {
          "index": 6,
          "word": "to",
          "originalText": "to",
          "characterOffsetBegin": 949,
          "characterOffsetEnd": 951,
          "before": " ",
          "after": " "
        },
        {
          "index": 7,
          "word": "discuss",
          "originalText": "discuss",
          "characterOffsetBegin": 952,
          "characterOffsetEnd": 959,
          "before": " ",
          "after": " "
        },
        {
          "index": 8,
          "word": "your",
          "originalText": "your",
          "characterOffsetBegin": 960,
          "characterOffsetEnd": 964,
          "before": " ",
          "after": " "
        },
        {
          "index": 9,
          "word": "sister",
          "originalText": "sister",
          "characterOffsetBegin": 965,
          "characterOffsetEnd": 971,
          "before": " ",
          "after": ""
        },
        {
          "index": 10,
          "word": "'s",
          "originalText": "'s",
          "characterOffsetBegin": 971,
          "characterOffsetEnd": 973,
          "before": "",
          "after": " "
        },
        {
          "index": 11,
          "word": "account",
          "originalText": "account",
          "characterOffsetBegin": 974,
          "characterOffsetEnd": 981,
          "before": " ",
          "after": ""
        },
        {
          "index": 12,
          "word": ",",
          "originalText": ",",
          "characterOffsetBegin": 981,
          "characterOffsetEnd": 982,
          "before": "",
          "after": " "
        },
        {
          "index": 13,
          "word": "but",
          "originalText": "but",
          "characterOffsetBegin": 983,
          "characterOffsetEnd": 986,
          "before": " ",
          "after": " "
        },
        {
          "index": 14,
          "word": "she",
          "originalText": "she",
          "characterOffsetBegin": 987,
          "characterOffsetEnd": 990,
          "before": " ",
          "after": " "
        },
        {
          "index": 15,
          "word": "can",
          "originalText": "can",
          "characterOffsetBegin": 991,
          "characterOffsetEnd": 994,
          "before": " ",
          "after": " "
        },
        {
          "index": 16,
          "word": "also",
          "originalText": "also",
          "characterOffsetBegin": 995,
          "characterOffsetEnd": 999,
          "before": " ",
          "after": " "
        },
        {
          "index": 17,
          "word": "contact",
          "originalText": "contact",
          "characterOffsetBegin": 1000,
          "characterOffsetEnd": 1007,
          "before": " ",
          "after": " "
        },
        {
          "index": 18,
          "word": "us",
          "originalText": "us",
          "characterOffsetBegin": 1008,
          "characterOffsetEnd": 1010,
          "before": " ",
          "after": " "
        },
        {
          "index": 19,
          "word": "on",
          "originalText": "on",
          "characterOffsetBegin": 1011,
          "characterOffsetEnd": 1013,
          "before": " ",
          "after": " "
        },
        {
          "index": 20,
          "word": "1/2",
          "originalText": "1/2",
          "characterOffsetBegin": 1014,
          "characterOffsetEnd": 1017,
          "before": " ",
          "after": ""
        }
      ]
    },
    {
      "index": 20,
      "tokens": [
        {
          "index": 1,
          "word": "Customer",
          "originalText": "Customer",
          "characterOffsetBegin": 1019,
          "characterOffsetEnd": 1027,
          "before": "",
          "after": ""
        },
        {
          "index": 2,
          "word": ":",
          "originalText": ":",
          "characterOffsetBegin": 1027,
          "characterOffsetEnd": 1028,
          "before": "",
          "after": " "
        },
        {
          "index": 3,
          "word": "@AskeBay",
          "originalText": "@AskeBay",
          "characterOffsetBegin": 1029,
          "characterOffsetEnd": 1037,
          "before": " ",
          "after": " "
        },
        {
          "index": 4,
          "word": "I",
          "originalText": "I",
          "characterOffsetBegin": 1038,
          "characterOffsetEnd": 1039,
          "before": " ",
          "after": ""
        },
        {
          "index": 5,
          "word": "'ll",
          "originalText": "’ll",
          "characterOffsetBegin": 1039,
          "characterOffsetEnd": 1042,
          "before": "",
          "after": " "
        },
        {
          "index": 6,
          "word": "have",
          "originalText": "have",
          "characterOffsetBegin": 1043,
          "characterOffsetEnd": 1047,
          "before": " ",
          "after": " "
        },
        {
          "index": 7,
          "word": "her",
          "originalText": "her",
          "characterOffsetBegin": 1048,
          "characterOffsetEnd": 1051,
          "before": " ",
          "after": " "
        },
        {
          "index": 8,
          "word": "email",
          "originalText": "email",
          "characterOffsetBegin": 1052,
          "characterOffsetEnd": 1057,
          "before": " ",
          "after": ""
        }
      ]
    },
    {
      "index": 21,
      "tokens": [
        {
          "index": 1,
          "word": "@highlight",
          "originalText": "@highlight",
          "characterOffsetBegin": 1059,
          "characterOffsetEnd": 1069,
          "before": "",
          "after": ""
        }
      ]
    },
    {
      "index": 22,
      "tokens": [
        {
          "index": 1,
          "word": "Customer",
          "originalText": "Customer",
          "characterOffsetBegin": 1071,
          "characterOffsetEnd": 1079,
          "before": "",
          "after": ""
        },
        {
          "index": 2,
          "word": ":",
          "originalText": ":",
          "characterOffsetBegin": 1079,
          "characterOffsetEnd": 1080,
          "before": "",
          "after": " "
        },
        {
          "index": 3,
          "word": "@AskeBay",
          "originalText": "@AskeBay",
          "characterOffsetBegin": 1081,
          "characterOffsetEnd": 1089,
          "before": " ",
          "after": " "
        },
        {
          "index": 4,
          "word": "My",
          "originalText": "My",
          "characterOffsetBegin": 1090,
          "characterOffsetEnd": 1092,
          "before": " ",
          "after": " "
        },
        {
          "index": 5,
          "word": "sisters",
          "originalText": "sisters",
          "characterOffsetBegin": 1093,
          "characterOffsetEnd": 1100,
          "before": " ",
          "after": " "
        },
        {
          "index": 6,
          "word": "account",
          "originalText": "account",
          "characterOffsetBegin": 1101,
          "characterOffsetEnd": 1108,
          "before": " ",
          "after": " "
        },
        {
          "index": 7,
          "word": "has",
          "originalText": "has",
          "characterOffsetBegin": 1109,
          "characterOffsetEnd": 1112,
          "before": " ",
          "after": " "
        },
        {
          "index": 8,
          "word": "been",
          "originalText": "been",
          "characterOffsetBegin": 1113,
          "characterOffsetEnd": 1117,
          "before": " ",
          "after": " "
        },
        {
          "index": 9,
          "word": "locked",
          "originalText": "locked",
          "characterOffsetBegin": 1118,
          "characterOffsetEnd": 1124,
          "before": " ",
          "after": " "
        },
        {
          "index": 10,
          "word": "as",
          "originalText": "as",
          "characterOffsetBegin": 1125,
          "characterOffsetEnd": 1127,
          "before": " ",
          "after": " "
        },
        {
          "index": 11,
          "word": "it",
          "originalText": "it",
          "characterOffsetBegin": 1128,
          "characterOffsetEnd": 1130,
          "before": " ",
          "after": " "
        },
        {
          "index": 12,
          "word": "has",
          "originalText": "has",
          "characterOffsetBegin": 1131,
          "characterOffsetEnd": 1134,
          "before": " ",
          "after": " "
        },
        {
          "index": 13,
          "word": "been",
          "originalText": "been",
          "characterOffsetBegin": 1135,
          "characterOffsetEnd": 1139,
          "before": " ",
          "after": " "
        },
        {
          "index": 14,
          "word": "linked",
          "originalText": "linked",
          "characterOffsetBegin": 1140,
          "characterOffsetEnd": 1146,
          "before": " ",
          "after": " "
        },
        {
          "index": 15,
          "word": "to",
          "originalText": "to",
          "characterOffsetBegin": 1147,
          "characterOffsetEnd": 1149,
          "before": " ",
          "after": " "
        },
        {
          "index": 16,
          "word": "an",
          "originalText": "an",
          "characterOffsetBegin": 1150,
          "characterOffsetEnd": 1152,
          "before": " ",
          "after": " "
        },
        {
          "index": 17,
          "word": "account",
          "originalText": "account",
          "characterOffsetBegin": 1153,
          "characterOffsetEnd": 1160,
          "before": " ",
          "after": " "
        },
        {
          "index": 18,
          "word": "with",
          "originalText": "with",
          "characterOffsetBegin": 1161,
          "characterOffsetEnd": 1165,
          "before": " ",
          "after": " "
        },
        {
          "index": 19,
          "word": "a",
          "originalText": "a",
          "characterOffsetBegin": 1166,
          "characterOffsetEnd": 1167,
          "before": " ",
          "after": " "
        },
        {
          "index": 20,
          "word": "negative",
          "originalText": "negative",
          "characterOffsetBegin": 1168,
          "characterOffsetEnd": 1176,
          "before": " ",
          "after": " "
        },
        {
          "index": 21,
          "word": "balance",
          "originalText": "balance",
          "characterOffsetBegin": 1177,
          "characterOffsetEnd": 1184,
          "before": " ",
          "after": " "
        },
        {
          "index": 22,
          "word": "though",
          "originalText": "though",
          "characterOffsetBegin": 1185,
          "characterOffsetEnd": 1191,
          "before": " ",
          "after": " "
        },
        {
          "index": 23,
          "word": "this",
          "originalText": "this",
          "characterOffsetBegin": 1192,
          "characterOffsetEnd": 1196,
          "before": " ",
          "after": " "
        },
        {
          "index": 24,
          "word": "is",
          "originalText": "is",
          "characterOffsetBegin": 1197,
          "characterOffsetEnd": 1199,
          "before": " ",
          "after": " "
        },
        {
          "index": 25,
          "word": "not",
          "originalText": "not",
          "characterOffsetBegin": 1200,
          "characterOffsetEnd": 1203,
          "before": " ",
          "after": " "
        },
        {
          "index": 26,
          "word": "possible",
          "originalText": "possible",
          "characterOffsetBegin": 1204,
          "characterOffsetEnd": 1212,
          "before": " ",
          "after": ""
        },
        {
          "index": 27,
          "word": "!!",
          "originalText": "!!",
          "characterOffsetBegin": 1212,
          "characterOffsetEnd": 1214,
          "before": "",
          "after": ""
        }
      ]
    },
    {
      "index": 23,
      "tokens": [
        {
          "index": 1,
          "word": "@highlight",
          "originalText": "@highlight",
          "characterOffsetBegin": 1216,
          "characterOffsetEnd": 1226,
          "before": "",
          "after": ""
        }
      ]
    },
    {
      "index": 24,
      "tokens": [
        {
          "index": 1,
          "word": "@AskeBay",
          "originalText": "@AskeBay",
          "characterOffsetBegin": 1228,
          "characterOffsetEnd": 1236,
          "before": "",
          "after": " "
        },
        {
          "index": 2,
          "word": "She",
          "originalText": "She",
          "characterOffsetBegin": 1237,
          "characterOffsetEnd": 1240,
          "before": " ",
          "after": " "
        },
        {
          "index": 3,
          "word": "do",
          "originalText": "do",
          "characterOffsetBegin": 1241,
          "characterOffsetEnd": 1243,
          "before": " ",
          "after": ""
        },
        {
          "index": 4,
          "word": "n't",
          "originalText": "n’t",
          "characterOffsetBegin": 1243,
          "characterOffsetEnd": 1246,
          "before": "",
          "after": " "
        },
        {
          "index": 5,
          "word": "have",
          "originalText": "have",
          "characterOffsetBegin": 1247,
          "characterOffsetEnd": 1251,
          "before": " ",
          "after": " "
        },
        {
          "index": 6,
          "word": "twitter",
          "originalText": "twitter",
          "characterOffsetBegin": 1252,
          "characterOffsetEnd": 1259,
          "before": " ",
          "after": " "
        },
        {
          "index": 7,
          "word": "and",
          "originalText": "and",
          "characterOffsetBegin": 1260,
          "characterOffsetEnd": 1263,
          "before": " ",
          "after": " "
        },
        {
          "index": 8,
          "word": "your",
          "originalText": "your",
          "characterOffsetBegin": 1264,
          "characterOffsetEnd": 1268,
          "before": " ",
          "after": " "
        },
        {
          "index": 9,
          "word": "call",
          "originalText": "call",
          "characterOffsetBegin": 1269,
          "characterOffsetEnd": 1273,
          "before": " ",
          "after": " "
        },
        {
          "index": 10,
          "word": "centers",
          "originalText": "centers",
          "characterOffsetBegin": 1274,
          "characterOffsetEnd": 1281,
          "before": " ",
          "after": " "
        },
        {
          "index": 11,
          "word": "have",
          "originalText": "have",
          "characterOffsetBegin": 1282,
          "characterOffsetEnd": 1286,
          "before": " ",
          "after": " "
        },
        {
          "index": 12,
          "word": "been",
          "originalText": "been",
          "characterOffsetBegin": 1287,
          "characterOffsetEnd": 1291,
          "before": " ",
          "after": " "
        },
        {
          "index": 13,
          "word": "ABSOLUTELY",
          "originalText": "ABSOLUTELY",
          "characterOffsetBegin": 1292,
          "characterOffsetEnd": 1302,
          "before": " ",
          "after": " "
        },
        {
          "index": 14,
          "word": "useless",
          "originalText": "useless",
          "characterOffsetBegin": 1303,
          "characterOffsetEnd": 1310,
          "before": " ",
          "after": ""
        }
      ]
    },
    {
      "index": 25,
      "tokens": [
        {
          "index": 1,
          "word": "@highlight",
          "originalText": "@highlight",
          "characterOffsetBegin": 1312,
          "characterOffsetEnd": 1322,
          "before": "",
          "after": ""
        }
      ]
    },
    {
      "index": 26,
      "tokens": [
        {
          "index": 1,
          "word": "Agent",
          "originalText": "Agent",
          "characterOffsetBegin": 1324,
          "characterOffsetEnd": 1329,
          "before": "",
          "after": ""
        },
        {
          "index": 2,
          "word": ":",
          "originalText": ":",
          "characterOffsetBegin": 1329,
          "characterOffsetEnd": 1330,
          "before": "",
          "after": " "
        },
        {
          "index": 3,
          "word": "Have",
          "originalText": "Have",
          "characterOffsetBegin": 1331,
          "characterOffsetEnd": 1335,
          "before": " ",
          "after": " "
        },
        {
          "index": 4,
          "word": "your",
          "originalText": "your",
          "characterOffsetBegin": 1336,
          "characterOffsetEnd": 1340,
          "before": " ",
          "after": " "
        },
        {
          "index": 5,
          "word": "sister",
          "originalText": "sister",
          "characterOffsetBegin": 1341,
          "characterOffsetEnd": 1347,
          "before": " ",
          "after": " "
        },
        {
          "index": 6,
          "word": "call",
          "originalText": "call",
          "characterOffsetBegin": 1348,
          "characterOffsetEnd": 1352,
          "before": " ",
          "after": " "
        },
        {
          "index": 7,
          "word": "in",
          "originalText": "in",
          "characterOffsetBegin": 1353,
          "characterOffsetEnd": 1355,
          "before": " ",
          "after": " "
        },
        {
          "index": 8,
          "word": "or",
          "originalText": "or",
          "characterOffsetBegin": 1356,
          "characterOffsetEnd": 1358,
          "before": " ",
          "after": " "
        },
        {
          "index": 9,
          "word": "reach",
          "originalText": "reach",
          "characterOffsetBegin": 1359,
          "characterOffsetEnd": 1364,
          "before": " ",
          "after": " "
        },
        {
          "index": 10,
          "word": "out",
          "originalText": "out",
          "characterOffsetBegin": 1365,
          "characterOffsetEnd": 1368,
          "before": " ",
          "after": " "
        },
        {
          "index": 11,
          "word": "to",
          "originalText": "to",
          "characterOffsetBegin": 1369,
          "characterOffsetEnd": 1371,
          "before": " ",
          "after": " "
        },
        {
          "index": 12,
          "word": "us",
          "originalText": "us",
          "characterOffsetBegin": 1372,
          "characterOffsetEnd": 1374,
          "before": " ",
          "after": " "
        },
        {
          "index": 13,
          "word": "here",
          "originalText": "here",
          "characterOffsetBegin": 1375,
          "characterOffsetEnd": 1379,
          "before": " ",
          "after": " "
        },
        {
          "index": 14,
          "word": "or",
          "originalText": "or",
          "characterOffsetBegin": 1380,
          "characterOffsetEnd": 1382,
          "before": " ",
          "after": " "
        },
        {
          "index": 15,
          "word": "on",
          "originalText": "on",
          "characterOffsetBegin": 1383,
          "characterOffsetEnd": 1385,
          "before": " ",
          "after": " "
        },
        {
          "index": 16,
          "word": "Facebook",
          "originalText": "Facebook",
          "characterOffsetBegin": 1386,
          "characterOffsetEnd": 1394,
          "before": " ",
          "after": ""
        },
        {
          "index": 17,
          "word": ".",
          "originalText": ".",
          "characterOffsetBegin": 1394,
          "characterOffsetEnd": 1395,
          "before": "",
          "after": ""
        }
      ]
    },
    {
      "index": 27,
      "tokens": [
        {
          "index": 1,
          "word": "@highlight",
          "originalText": "@highlight",
          "characterOffsetBegin": 1397,
          "characterOffsetEnd": 1407,
          "before": "",
          "after": ""
        }
      ]
    },
    {
      "index": 28,
      "tokens": [
        {
          "index": 1,
          "word": "@",
          "originalText": "@",
          "characterOffsetBegin": 1409,
          "characterOffsetEnd": 1410,
          "before": "",
          "after": ""
        },
        {
          "index": 2,
          "word": "124579",
          "originalText": "124579",
          "characterOffsetBegin": 1410,
          "characterOffsetEnd": 1416,
          "before": "",
          "after": " "
        },
        {
          "index": 3,
          "word": "Calling",
          "originalText": "Calling",
          "characterOffsetBegin": 1417,
          "characterOffsetEnd": 1424,
          "before": " ",
          "after": " "
        },
        {
          "index": 4,
          "word": "in",
          "originalText": "in",
          "characterOffsetBegin": 1425,
          "characterOffsetEnd": 1427,
          "before": " ",
          "after": " "
        },
        {
          "index": 5,
          "word": "will",
          "originalText": "will",
          "characterOffsetBegin": 1428,
          "characterOffsetEnd": 1432,
          "before": " ",
          "after": " "
        },
        {
          "index": 6,
          "word": "be",
          "originalText": "be",
          "characterOffsetBegin": 1433,
          "characterOffsetEnd": 1435,
          "before": " ",
          "after": " "
        },
        {
          "index": 7,
          "word": "the",
          "originalText": "the",
          "characterOffsetBegin": 1436,
          "characterOffsetEnd": 1439,
          "before": " ",
          "after": " "
        },
        {
          "index": 8,
          "word": "fastest",
          "originalText": "fastest",
          "characterOffsetBegin": 1440,
          "characterOffsetEnd": 1447,
          "before": " ",
          "after": " "
        },
        {
          "index": 9,
          "word": "way",
          "originalText": "way",
          "characterOffsetBegin": 1448,
          "characterOffsetEnd": 1451,
          "before": " ",
          "after": " "
        },
        {
          "index": 10,
          "word": "to",
          "originalText": "to",
          "characterOffsetBegin": 1452,
          "characterOffsetEnd": 1454,
          "before": " ",
          "after": " "
        },
        {
          "index": 11,
          "word": "resolve",
          "originalText": "resolve",
          "characterOffsetBegin": 1455,
          "characterOffsetEnd": 1462,
          "before": " ",
          "after": " "
        },
        {
          "index": 12,
          "word": "any",
          "originalText": "any",
          "characterOffsetBegin": 1463,
          "characterOffsetEnd": 1466,
          "before": " ",
          "after": " "
        },
        {
          "index": 13,
          "word": "issues",
          "originalText": "issues",
          "characterOffsetBegin": 1467,
          "characterOffsetEnd": 1473,
          "before": " ",
          "after": " "
        },
        {
          "index": 14,
          "word": "or",
          "originalText": "or",
          "characterOffsetBegin": 1474,
          "characterOffsetEnd": 1476,
          "before": " ",
          "after": " "
        },
        {
          "index": 15,
          "word": "if",
          "originalText": "if",
          "characterOffsetBegin": 1477,
          "characterOffsetEnd": 1479,
          "before": " ",
          "after": " "
        },
        {
          "index": 16,
          "word": "she",
          "originalText": "she",
          "characterOffsetBegin": 1480,
          "characterOffsetEnd": 1483,
          "before": " ",
          "after": " "
        },
        {
          "index": 17,
          "word": "has",
          "originalText": "has",
          "characterOffsetBegin": 1484,
          "characterOffsetEnd": 1487,
          "before": " ",
          "after": " "
        },
        {
          "index": 18,
          "word": "a",
          "originalText": "a",
          "characterOffsetBegin": 1488,
          "characterOffsetEnd": 1489,
          "before": " ",
          "after": " "
        },
        {
          "index": 19,
          "word": "Facebook",
          "originalText": "Facebook",
          "characterOffsetBegin": 1490,
          "characterOffsetEnd": 1498,
          "before": " ",
          "after": " "
        },
        {
          "index": 20,
          "word": "acct",
          "originalText": "acct",
          "characterOffsetBegin": 1499,
          "characterOffsetEnd": 1503,
          "before": " ",
          "after": " "
        },
        {
          "index": 21,
          "word": "she",
          "originalText": "she",
          "characterOffsetBegin": 1504,
          "characterOffsetEnd": 1507,
          "before": " ",
          "after": " "
        },
        {
          "index": 22,
          "word": "can",
          "originalText": "can",
          "characterOffsetBegin": 1508,
          "characterOffsetEnd": 1511,
          "before": " ",
          "after": " "
        },
        {
          "index": 23,
          "word": "reach",
          "originalText": "reach",
          "characterOffsetBegin": 1512,
          "characterOffsetEnd": 1517,
          "before": " ",
          "after": " "
        },
        {
          "index": 24,
          "word": "out",
          "originalText": "out",
          "characterOffsetBegin": 1518,
          "characterOffsetEnd": 1521,
          "before": " ",
          "after": " "
        },
        {
          "index": 25,
          "word": "to",
          "originalText": "to",
          "characterOffsetBegin": 1522,
          "characterOffsetEnd": 1524,
          "before": " ",
          "after": " "
        },
        {
          "index": 26,
          "word": "us",
          "originalText": "us",
          "characterOffsetBegin": 1525,
          "characterOffsetEnd": 1527,
          "before": " ",
          "after": " "
        },
        {
          "index": 27,
          "word": "there",
          "originalText": "there",
          "characterOffsetBegin": 1528,
          "characterOffsetEnd": 1533,
          "before": " ",
          "after": ""
        },
        {
          "index": 28,
          "word": ".",
          "originalText": ".",
          "characterOffsetBegin": 1533,
          "characterOffsetEnd": 1534,
          "before": "",
          "after": ""
        }
      ]
    }
  ]
}