{
  "sentences": [
    {
      "index": 0,
      "tokens": [
        {
          "index": 1,
          "word": "Customer",
          "originalText": "Customer",
          "characterOffsetBegin": 0,
          "characterOffsetEnd": 8,
          "before": "",
          "after": ""
        },
        {
          "index": 2,
          "word": ":",
          "originalText": ":",
          "characterOffsetBegin": 8,
          "characterOffsetEnd": 9,
          "before": "",
          "after": " "
        },
        {
          "index": 3,
          "word": "@Ask_Spectrum",
          "originalText": "@Ask_Spectrum",
          "characterOffsetBegin": 10,
          "characterOffsetEnd": 23,
          "before": " ",
          "after": " "
        },
        {
          "index": 4,
          "word": "If",
          "originalText": "If",
          "characterOffsetBegin": 24,
          "characterOffsetEnd": 26,
          "before": " ",
          "after": " "
        },
        {
          "index": 5,
          "word": "it",
          "originalText": "it",
          "characterOffsetBegin": 27,
          "characterOffsetEnd": 29,
          "before": " ",
          "after": " "
        },
        {
          "index": 6,
          "word": "was",
          "originalText": "was",
          "characterOffsetBegin": 30,
          "characterOffsetEnd": 33,
          "before": " ",
          "after": ""
        },
        {
          "index": 7,
          "word": "n't",
          "originalText": "n’t",
          "characterOffsetBegin": 33,
          "characterOffsetEnd": 36,
          "before": "",
          "after": " "
        },
        {
          "index": 8,
          "word": "for",
          "originalText": "for",
          "characterOffsetBegin": 37,
          "characterOffsetEnd": 40,
          "before": " ",
          "after": " "
        },
        {
          "index": 9,
          "word": "the",
          "originalText": "the",
          "characterOffsetBegin": 41,
          "characterOffsetEnd": 44,
          "before": " ",
          "after": " "
        },
        {
          "index": 10,
          "word": "NBA",
          "originalText": "NBA",
          "characterOffsetBegin": 45,
          "characterOffsetEnd": 48,
          "before": " ",
          "after": " "
        },
        {
          "index": 11,
          "word": "League",
          "originalText": "League",
          "characterOffsetBegin": 49,
          "characterOffsetEnd": 55,
          "before": " ",
          "after": " "
        },
        {
          "index": 12,
          "word": "pass",
          "originalText": "pass",
          "characterOffsetBegin": 56,
          "characterOffsetEnd": 60,
          "before": " ",
          "after": " "
        },
        {
          "index": 13,
          "word": "television",
          "originalText": "television",
          "characterOffsetBegin": 61,
          "characterOffsetEnd": 71,
          "before": " ",
          "after": " "
        },
        {
          "index": 14,
          "word": "companion",
          "originalText": "companion",
          "characterOffsetBegin": 72,
          "characterOffsetEnd": 81,
          "before": " ",
          "after": " "
        },
        {
          "index": 15,
          "word": "I",
          "originalText": "I",
          "characterOffsetBegin": 82,
          "characterOffsetEnd": 83,
          "before": " ",
          "after": ""
        },
        {
          "index": 16,
          "word": "'d",
          "originalText": "’d",
          "characterOffsetBegin": 83,
          "characterOffsetEnd": 85,
          "before": "",
          "after": " "
        },
        {
          "index": 17,
          "word": "ask",
          "originalText": "ask",
          "characterOffsetBegin": 86,
          "characterOffsetEnd": 89,
          "before": " ",
          "after": " "
        },
        {
          "index": 18,
          "word": "for",
          "originalText": "for",
          "characterOffsetBegin": 90,
          "characterOffsetEnd": 93,
          "before": " ",
          "after": " "
        },
        {
          "index": 19,
          "word": "my",
          "originalText": "my",
          "characterOffsetBegin": 94,
          "characterOffsetEnd": 96,
          "before": " ",
          "after": " "
        },
        {
          "index": 20,
          "word": "money",
          "originalText": "money",
          "characterOffsetBegin": 97,
          "characterOffsetEnd": 102,
          "before": " ",
          "after": " "
        },
        {
          "index": 21,
          "word": "back",
          "originalText": "back",
          "characterOffsetBegin": 103,
          "characterOffsetEnd": 107,
          "before": " ",
          "after": ""
        },
        {
          "index": 22,
          "word": ".",
          "originalText": ".",
          "characterOffsetBegin": 107,
          "characterOffsetEnd": 108,
          "before": "",
          "after": ""
        }
      ]
    },
    {
      "index": 1,
      "tokens": [
        {
          "index": 1,
          "word": "The",
          "originalText": "The",
          "characterOffsetBegin": 110,
          "characterOffsetEnd": 113,
          "before": "",
          "after": " "
        },
        {
          "index": 2,
          "word": "television",
          "originalText": "television",
          "characterOffsetBegin": 114,
          "characterOffsetEnd": 124,
          "before": " ",
          "after": " "
        },
        {
          "index": 3,
          "word": "part",
          "originalText": "part",
          "characterOffsetBegin": 125,
          "characterOffsetEnd": 129,
          "before": " ",
          "after": " "
        },
        {
          "index": 4,
          "word": "of",
          "originalText": "of",
          "characterOffsetBegin": 130,
          "characterOffsetEnd": 132,
          "before": " ",
          "after": " "
        },
        {
          "index": 5,
          "word": "it",
          "originalText": "it",
          "characterOffsetBegin": 133,
          "characterOffsetEnd": 135,
          "before": " ",
          "after": " "
        },
        {
          "index": 6,
          "word": "is",
          "originalText": "is",
          "characterOffsetBegin": 136,
          "characterOffsetEnd": 138,
          "before": " ",
          "after": " "
        },
        {
          "index": 7,
          "word": "complete",
          "originalText": "complete",
          "characterOffsetBegin": 139,
          "characterOffsetEnd": 147,
          "before": " ",
          "after": " "
        },
        {
          "index": 8,
          "word": "garbage",
          "originalText": "garbage",
          "characterOffsetBegin": 148,
          "characterOffsetEnd": 155,
          "before": " ",
          "after": ""
        },
        {
          "index": 9,
          "word": ".",
          "originalText": ".",
          "characterOffsetBegin": 155,
          "characterOffsetEnd": 156,
          "before": "",
          "after": ""
        }
      ]
    },
    {
      "index": 2,
      "tokens": [
        {
          "index": 1,
          "word": "Agent",
          "originalText": "Agent",
          "characterOffsetBegin": 158,
          "characterOffsetEnd": 163,
          "before": "",
          "after": ""
        },
        {
          "index": 2,
          "word": ":",
          "originalText": ":",
          "characterOffsetBegin": 163,
          "characterOffsetEnd": 164,
          "before": "",
          "after": " "
        },
        {
          "index": 3,
          "word": "@",
          "originalText": "@",
          "characterOffsetBegin": 165,
          "characterOffsetEnd": 166,
          "before": " ",
          "after": ""
        },
        {
          "index": 4,
          "word": "172951",
          "originalText": "172951",
          "characterOffsetBegin": 166,
          "characterOffsetEnd": 172,
          "before": "",
          "after": " "
        },
        {
          "index": 5,
          "word": "I",
          "originalText": "I",
          "characterOffsetBegin": 173,
          "characterOffsetEnd": 174,
          "before": " ",
          "after": " "
        },
        {
          "index": 6,
          "word": "apologize",
          "originalText": "apologize",
          "characterOffsetBegin": 175,
          "characterOffsetEnd": 184,
          "before": " ",
          "after": " "
        },
        {
          "index": 7,
          "word": "for",
          "originalText": "for",
          "characterOffsetBegin": 185,
          "characterOffsetEnd": 188,
          "before": " ",
          "after": " "
        },
        {
          "index": 8,
          "word": "the",
          "originalText": "the",
          "characterOffsetBegin": 189,
          "characterOffsetEnd": 192,
          "before": " ",
          "after": " "
        },
        {
          "index": 9,
          "word": "experience",
          "originalText": "experience",
          "characterOffsetBegin": 193,
          "characterOffsetEnd": 203,
          "before": " ",
          "after": ""
        },
        {
          "index": 10,
          "word": ".",
          "originalText": ".",
          "characterOffsetBegin": 203,
          "characterOffsetEnd": 204,
          "before": "",
          "after": ""
        }
      ]
    },
    {
      "index": 3,
      "tokens": [
        {
          "index": 1,
          "word": "What",
          "originalText": "What",
          "characterOffsetBegin": 206,
          "characterOffsetEnd": 210,
          "before": "",
          "after": " "
        },
        {
          "index": 2,
          "word": "is",
          "originalText": "is",
          "characterOffsetBegin": 211,
          "characterOffsetEnd": 213,
          "before": " ",
          "after": " "
        },
        {
          "index": 3,
          "word": "happening",
          "originalText": "happening",
          "characterOffsetBegin": 214,
          "characterOffsetEnd": 223,
          "before": " ",
          "after": ""
        },
        {
          "index": 4,
          "word": "?",
          "originalText": "?",
          "characterOffsetBegin": 223,
          "characterOffsetEnd": 224,
          "before": "",
          "after": ""
        }
      ]
    },
    {
      "index": 4,
      "tokens": [
        {
          "index": 1,
          "word": "I",
          "originalText": "I",
          "characterOffsetBegin": 226,
          "characterOffsetEnd": 227,
          "before": "",
          "after": " "
        },
        {
          "index": 2,
          "word": "would",
          "originalText": "would",
          "characterOffsetBegin": 228,
          "characterOffsetEnd": 233,
          "before": " ",
          "after": " "
        },
        {
          "index": 3,
          "word": "like",
          "originalText": "like",
          "characterOffsetBegin": 234,
          "characterOffsetEnd": 238,
          "before": " ",
          "after": " "
        },
        {
          "index": 4,
          "word": "to",
          "originalText": "to",
          "characterOffsetBegin": 239,
          "characterOffsetEnd": 241,
          "before": " ",
          "after": " "
        },
        {
          "index": 5,
          "word": "assist",
          "originalText": "assist",
          "characterOffsetBegin": 242,
          "characterOffsetEnd": 248,
          "before": " ",
          "after": " "
        },
        {
          "index": 6,
          "word": "you",
          "originalText": "you",
          "characterOffsetBegin": 249,
          "characterOffsetEnd": 252,
          "before": " ",
          "after": " "
        },
        {
          "index": 7,
          "word": "further",
          "originalText": "further",
          "characterOffsetBegin": 253,
          "characterOffsetEnd": 260,
          "before": " ",
          "after": ""
        },
        {
          "index": 8,
          "word": ".",
          "originalText": ".",
          "characterOffsetBegin": 260,
          "characterOffsetEnd": 261,
          "before": "",
          "after": ""
        }
      ]
    },
    {
      "index": 5,
      "tokens": [
        {
          "index": 1,
          "word": "Have",
          "originalText": "Have",
          "characterOffsetBegin": 263,
          "characterOffsetEnd": 267,
          "before": "",
          "after": " "
        },
        {
          "index": 2,
          "word": "you",
          "originalText": "you",
          "characterOffsetBegin": 268,
          "characterOffsetEnd": 271,
          "before": " ",
          "after": " "
        },
        {
          "index": 3,
          "word": "done",
          "originalText": "done",
          "characterOffsetBegin": 272,
          "characterOffsetEnd": 276,
          "before": " ",
          "after": " "
        },
        {
          "index": 4,
          "word": "any",
          "originalText": "any",
          "characterOffsetBegin": 277,
          "characterOffsetEnd": 280,
          "before": " ",
          "after": " "
        },
        {
          "index": 5,
          "word": "troubleshooting",
          "originalText": "troubleshooting",
          "characterOffsetBegin": 281,
          "characterOffsetEnd": 296,
          "before": " ",
          "after": ""
        },
        {
          "index": 6,
          "word": "?",
          "originalText": "?",
          "characterOffsetBegin": 296,
          "characterOffsetEnd": 297,
          "before": "",
          "after": ""
        }
      ]
    },
    {
      "index": 6,
      "tokens": [
        {
          "index": 1,
          "word": "^",
          "originalText": "^",
          "characterOffsetBegin": 299,
          "characterOffsetEnd": 300,
          "before": "",
          "after": ""
        },
        {
          "index": 2,
          "word": "CM",
          "originalText": "CM",
          "characterOffsetBegin": 300,
          "characterOffsetEnd": 302,
          "before": "",
          "after": ""
        }
      ]
    },
    {
      "index": 7,
      "tokens": [
        {
          "index": 1,
          "word": "Customer",
          "originalText": "Customer",
          "characterOffsetBegin": 304,
          "characterOffsetEnd": 312,
          "before": "",
          "after": ""
        },
        {
          "index": 2,
          "word": ":",
          "originalText": ":",
          "characterOffsetBegin": 312,
          "characterOffsetEnd": 313,
          "before": "",
          "after": " "
        },
        {
          "index": 3,
          "word": "@Ask_Spectrum",
          "originalText": "@Ask_Spectrum",
          "characterOffsetBegin": 314,
          "characterOffsetEnd": 327,
          "before": " ",
          "after": " "
        },
        {
          "index": 4,
          "word": "The",
          "originalText": "The",
          "characterOffsetBegin": 328,
          "characterOffsetEnd": 331,
          "before": " ",
          "after": " "
        },
        {
          "index": 5,
          "word": "problem",
          "originalText": "problem",
          "characterOffsetBegin": 332,
          "characterOffsetEnd": 339,
          "before": " ",
          "after": " "
        },
        {
          "index": 6,
          "word": "is",
          "originalText": "is",
          "characterOffsetBegin": 340,
          "characterOffsetEnd": 342,
          "before": " ",
          "after": " "
        },
        {
          "index": 7,
          "word": "that",
          "originalText": "that",
          "characterOffsetBegin": 343,
          "characterOffsetEnd": 347,
          "before": " ",
          "after": " "
        },
        {
          "index": 8,
          "word": "you",
          "originalText": "you",
          "characterOffsetBegin": 348,
          "characterOffsetEnd": 351,
          "before": " ",
          "after": " "
        },
        {
          "index": 9,
          "word": "only",
          "originalText": "only",
          "characterOffsetBegin": 352,
          "characterOffsetEnd": 356,
          "before": " ",
          "after": " "
        },
        {
          "index": 10,
          "word": "have",
          "originalText": "have",
          "characterOffsetBegin": 357,
          "characterOffsetEnd": 361,
          "before": " ",
          "after": " "
        },
        {
          "index": 11,
          "word": "1",
          "originalText": "1",
          "characterOffsetBegin": 362,
          "characterOffsetEnd": 363,
          "before": " ",
          "after": " "
        },
        {
          "index": 12,
          "word": "channel",
          "originalText": "channel",
          "characterOffsetBegin": 364,
          "characterOffsetEnd": 371,
          "before": " ",
          "after": " "
        },
        {
          "index": 13,
          "word": "in",
          "originalText": "in",
          "characterOffsetBegin": 372,
          "characterOffsetEnd": 374,
          "before": " ",
          "after": " "
        },
        {
          "index": 14,
          "word": "HD",
          "originalText": "HD",
          "characterOffsetBegin": 375,
          "characterOffsetEnd": 377,
          "before": " ",
          "after": ""
        },
        {
          "index": 15,
          "word": ".",
          "originalText": ".",
          "characterOffsetBegin": 377,
          "characterOffsetEnd": 378,
          "before": "",
          "after": ""
        }
      ]
    },
    {
      "index": 8,
      "tokens": [
        {
          "index": 1,
          "word": "If",
          "originalText": "If",
          "characterOffsetBegin": 380,
          "characterOffsetEnd": 382,
          "before": "",
          "after": " "
        },
        {
          "index": 2,
          "word": "the",
          "originalText": "the",
          "characterOffsetBegin": 383,
          "characterOffsetEnd": 386,
          "before": " ",
          "after": " "
        },
        {
          "index": 3,
          "word": "game",
          "originalText": "game",
          "characterOffsetBegin": 387,
          "characterOffsetEnd": 391,
          "before": " ",
          "after": " "
        },
        {
          "index": 4,
          "word": "is",
          "originalText": "is",
          "characterOffsetBegin": 392,
          "characterOffsetEnd": 394,
          "before": " ",
          "after": ""
        },
        {
          "index": 5,
          "word": "n't",
          "originalText": "n’t",
          "characterOffsetBegin": 394,
          "characterOffsetEnd": 397,
          "before": "",
          "after": " "
        },
        {
          "index": 6,
          "word": "on",
          "originalText": "on",
          "characterOffsetBegin": 398,
          "characterOffsetEnd": 400,
          "before": " ",
          "after": " "
        },
        {
          "index": 7,
          "word": "that",
          "originalText": "that",
          "characterOffsetBegin": 401,
          "characterOffsetEnd": 405,
          "before": " ",
          "after": " "
        },
        {
          "index": 8,
          "word": "channel",
          "originalText": "channel",
          "characterOffsetBegin": 406,
          "characterOffsetEnd": 413,
          "before": " ",
          "after": " "
        },
        {
          "index": 9,
          "word": "the",
          "originalText": "the",
          "characterOffsetBegin": 414,
          "characterOffsetEnd": 417,
          "before": " ",
          "after": " "
        },
        {
          "index": 10,
          "word": "picture",
          "originalText": "picture",
          "characterOffsetBegin": 418,
          "characterOffsetEnd": 425,
          "before": " ",
          "after": " "
        },
        {
          "index": 11,
          "word": "quality",
          "originalText": "quality",
          "characterOffsetBegin": 426,
          "characterOffsetEnd": 433,
          "before": " ",
          "after": " "
        },
        {
          "index": 12,
          "word": "is",
          "originalText": "is",
          "characterOffsetBegin": 434,
          "characterOffsetEnd": 436,
          "before": " ",
          "after": " "
        },
        {
          "index": 13,
          "word": "horrible",
          "originalText": "horrible",
          "characterOffsetBegin": 437,
          "characterOffsetEnd": 445,
          "before": " ",
          "after": ""
        },
        {
          "index": 14,
          "word": ".",
          "originalText": ".",
          "characterOffsetBegin": 445,
          "characterOffsetEnd": 446,
          "before": "",
          "after": ""
        }
      ]
    },
    {
      "index": 9,
      "tokens": [
        {
          "index": 1,
          "word": "Has",
          "originalText": "Has",
          "characterOffsetBegin": 448,
          "characterOffsetEnd": 451,
          "before": "",
          "after": " "
        },
        {
          "index": 2,
          "word": "nothing",
          "originalText": "nothing",
          "characterOffsetBegin": 452,
          "characterOffsetEnd": 459,
          "before": " ",
          "after": " "
        },
        {
          "index": 3,
          "word": "to",
          "originalText": "to",
          "characterOffsetBegin": 460,
          "characterOffsetEnd": 462,
          "before": " ",
          "after": " "
        },
        {
          "index": 4,
          "word": "do",
          "originalText": "do",
          "characterOffsetBegin": 463,
          "characterOffsetEnd": 465,
          "before": " ",
          "after": " "
        },
        {
          "index": 5,
          "word": "with",
          "originalText": "with",
          "characterOffsetBegin": 466,
          "characterOffsetEnd": 470,
          "before": " ",
          "after": " "
        },
        {
          "index": 6,
          "word": "the",
          "originalText": "the",
          "characterOffsetBegin": 471,
          "characterOffsetEnd": 474,
          "before": " ",
          "after": " "
        },
        {
          "index": 7,
          "word": "box",
          "originalText": "box",
          "characterOffsetBegin": 475,
          "characterOffsetEnd": 478,
          "before": " ",
          "after": " "
        },
        {
          "index": 8,
          "word": "it",
          "originalText": "it",
          "characterOffsetBegin": 479,
          "characterOffsetEnd": 481,
          "before": " ",
          "after": ""
        },
        {
          "index": 9,
          "word": "'s",
          "originalText": "’s",
          "characterOffsetBegin": 481,
          "characterOffsetEnd": 483,
          "before": "",
          "after": " "
        },
        {
          "index": 10,
          "word": "the",
          "originalText": "the",
          "characterOffsetBegin": 484,
          "characterOffsetEnd": 487,
          "before": " ",
          "after": " "
        },
        {
          "index": 11,
          "word": "fact",
          "originalText": "fact",
          "characterOffsetBegin": 488,
          "characterOffsetEnd": 492,
          "before": " ",
          "after": " "
        },
        {
          "index": 12,
          "word": "that",
          "originalText": "that",
          "characterOffsetBegin": 493,
          "characterOffsetEnd": 497,
          "before": " ",
          "after": " "
        },
        {
          "index": 13,
          "word": "no",
          "originalText": "no",
          "characterOffsetBegin": 498,
          "characterOffsetEnd": 500,
          "before": " ",
          "after": " "
        },
        {
          "index": 14,
          "word": "HD",
          "originalText": "HD",
          "characterOffsetBegin": 501,
          "characterOffsetEnd": 503,
          "before": " ",
          "after": " "
        },
        {
          "index": 15,
          "word": "channels",
          "originalText": "channels",
          "characterOffsetBegin": 504,
          "characterOffsetEnd": 512,
          "before": " ",
          "after": " "
        },
        {
          "index": 16,
          "word": "come",
          "originalText": "come",
          "characterOffsetBegin": 513,
          "characterOffsetEnd": 517,
          "before": " ",
          "after": " "
        },
        {
          "index": 17,
          "word": "in",
          "originalText": "in",
          "characterOffsetBegin": 518,
          "characterOffsetEnd": 520,
          "before": " ",
          "after": " "
        },
        {
          "index": 18,
          "word": "horrible",
          "originalText": "horrible",
          "characterOffsetBegin": 521,
          "characterOffsetEnd": 529,
          "before": " ",
          "after": ""
        },
        {
          "index": 19,
          "word": ".",
          "originalText": ".",
          "characterOffsetBegin": 529,
          "characterOffsetEnd": 530,
          "before": "",
          "after": ""
        }
      ]
    },
    {
      "index": 10,
      "tokens": [
        {
          "index": 1,
          "word": "Agent",
          "originalText": "Agent",
          "characterOffsetBegin": 532,
          "characterOffsetEnd": 537,
          "before": "",
          "after": ""
        },
        {
          "index": 2,
          "word": ":",
          "originalText": ":",
          "characterOffsetBegin": 537,
          "characterOffsetEnd": 538,
          "before": "",
          "after": " "
        },
        {
          "index": 3,
          "word": "@",
          "originalText": "@",
          "characterOffsetBegin": 539,
          "characterOffsetEnd": 540,
          "before": " ",
          "after": ""
        },
        {
          "index": 4,
          "word": "172951",
          "originalText": "172951",
          "characterOffsetBegin": 540,
          "characterOffsetEnd": 546,
          "before": "",
          "after": " "
        },
        {
          "index": 5,
          "word": "I",
          "originalText": "I",
          "characterOffsetBegin": 547,
          "characterOffsetEnd": 548,
          "before": " ",
          "after": " "
        },
        {
          "index": 6,
          "word": "understand",
          "originalText": "understand",
          "characterOffsetBegin": 549,
          "characterOffsetEnd": 559,
          "before": " ",
          "after": ""
        },
        {
          "index": 7,
          "word": ".",
          "originalText": ".",
          "characterOffsetBegin": 559,
          "characterOffsetEnd": 560,
          "before": "",
          "after": ""
        }
      ]
    },
    {
      "index": 11,
      "tokens": [
        {
          "index": 1,
          "word": "Have",
          "originalText": "Have",
          "characterOffsetBegin": 562,
          "characterOffsetEnd": 566,
          "before": "",
          "after": " "
        },
        {
          "index": 2,
          "word": "you",
          "originalText": "you",
          "characterOffsetBegin": 567,
          "characterOffsetEnd": 570,
          "before": " ",
          "after": " "
        },
        {
          "index": 3,
          "word": "had",
          "originalText": "had",
          "characterOffsetBegin": 571,
          "characterOffsetEnd": 574,
          "before": " ",
          "after": " "
        },
        {
          "index": 4,
          "word": "a",
          "originalText": "a",
          "characterOffsetBegin": 575,
          "characterOffsetEnd": 576,
          "before": " ",
          "after": " "
        },
        {
          "index": 5,
          "word": "technician",
          "originalText": "technician",
          "characterOffsetBegin": 577,
          "characterOffsetEnd": 587,
          "before": " ",
          "after": " "
        },
        {
          "index": 6,
          "word": "out",
          "originalText": "out",
          "characterOffsetBegin": 588,
          "characterOffsetEnd": 591,
          "before": " ",
          "after": " "
        },
        {
          "index": 7,
          "word": "to",
          "originalText": "to",
          "characterOffsetBegin": 592,
          "characterOffsetEnd": 594,
          "before": " ",
          "after": " "
        },
        {
          "index": 8,
          "word": "see",
          "originalText": "see",
          "characterOffsetBegin": 595,
          "characterOffsetEnd": 598,
          "before": " ",
          "after": " "
        },
        {
          "index": 9,
          "word": "why",
          "originalText": "why",
          "characterOffsetBegin": 599,
          "characterOffsetEnd": 602,
          "before": " ",
          "after": " "
        },
        {
          "index": 10,
          "word": "this",
          "originalText": "this",
          "characterOffsetBegin": 603,
          "characterOffsetEnd": 607,
          "before": " ",
          "after": " "
        },
        {
          "index": 11,
          "word": "happening",
          "originalText": "happening",
          "characterOffsetBegin": 608,
          "characterOffsetEnd": 617,
          "before": " ",
          "after": " "
        },
        {
          "index": 12,
          "word": "the",
          "originalText": "the",
          "characterOffsetBegin": 618,
          "characterOffsetEnd": 621,
          "before": " ",
          "after": " "
        },
        {
          "index": 13,
          "word": "way",
          "originalText": "way",
          "characterOffsetBegin": 622,
          "characterOffsetEnd": 625,
          "before": " ",
          "after": " "
        },
        {
          "index": 14,
          "word": "it",
          "originalText": "it",
          "characterOffsetBegin": 626,
          "characterOffsetEnd": 628,
          "before": " ",
          "after": " "
        },
        {
          "index": 15,
          "word": "is",
          "originalText": "is",
          "characterOffsetBegin": 629,
          "characterOffsetEnd": 631,
          "before": " ",
          "after": ""
        },
        {
          "index": 16,
          "word": "?",
          "originalText": "?",
          "characterOffsetBegin": 631,
          "characterOffsetEnd": 632,
          "before": "",
          "after": ""
        }
      ]
    },
    {
      "index": 12,
      "tokens": [
        {
          "index": 1,
          "word": "I",
          "originalText": "I",
          "characterOffsetBegin": 634,
          "characterOffsetEnd": 635,
          "before": "",
          "after": " "
        },
        {
          "index": 2,
          "word": "can",
          "originalText": "can",
          "characterOffsetBegin": 636,
          "characterOffsetEnd": 639,
          "before": " ",
          "after": " "
        },
        {
          "index": 3,
          "word": "schedule",
          "originalText": "schedule",
          "characterOffsetBegin": 640,
          "characterOffsetEnd": 648,
          "before": " ",
          "after": " "
        },
        {
          "index": 4,
          "word": "one",
          "originalText": "one",
          "characterOffsetBegin": 649,
          "characterOffsetEnd": 652,
          "before": " ",
          "after": " "
        },
        {
          "index": 5,
          "word": "for",
          "originalText": "for",
          "characterOffsetBegin": 653,
          "characterOffsetEnd": 656,
          "before": " ",
          "after": " "
        },
        {
          "index": 6,
          "word": "you",
          "originalText": "you",
          "characterOffsetBegin": 657,
          "characterOffsetEnd": 660,
          "before": " ",
          "after": ""
        },
        {
          "index": 7,
          "word": ".",
          "originalText": ".",
          "characterOffsetBegin": 660,
          "characterOffsetEnd": 661,
          "before": "",
          "after": ""
        }
      ]
    },
    {
      "index": 13,
      "tokens": [
        {
          "index": 1,
          "word": "^",
          "originalText": "^",
          "characterOffsetBegin": 663,
          "characterOffsetEnd": 664,
          "before": "",
          "after": ""
        },
        {
          "index": 2,
          "word": "CM",
          "originalText": "CM",
          "characterOffsetBegin": 664,
          "characterOffsetEnd": 666,
          "before": "",
          "after": ""
        }
      ]
    },
    {
      "index": 14,
      "tokens": [
        {
          "index": 1,
          "word": "Customer",
          "originalText": "Customer",
          "characterOffsetBegin": 668,
          "characterOffsetEnd": 676,
          "before": "",
          "after": ""
        },
        {
          "index": 2,
          "word": ":",
          "originalText": ":",
          "characterOffsetBegin": 676,
          "characterOffsetEnd": 677,
          "before": "",
          "after": " "
        },
        {
          "index": 3,
          "word": "@Ask_Spectrum",
          "originalText": "@Ask_Spectrum",
          "characterOffsetBegin": 678,
          "characterOffsetEnd": 691,
          "before": " ",
          "after": " "
        },
        {
          "index": 4,
          "word": "That",
          "originalText": "That",
          "characterOffsetBegin": 692,
          "characterOffsetEnd": 696,
          "before": " ",
          "after": " "
        },
        {
          "index": 5,
          "word": "wo",
          "originalText": "wo",
          "characterOffsetBegin": 697,
          "characterOffsetEnd": 699,
          "before": " ",
          "after": ""
        },
        {
          "index": 6,
          "word": "n't",
          "originalText": "n’t",
          "characterOffsetBegin": 699,
          "characterOffsetEnd": 702,
          "before": "",
          "after": " "
        },
        {
          "index": 7,
          "word": "solve",
          "originalText": "solve",
          "characterOffsetBegin": 703,
          "characterOffsetEnd": 708,
          "before": " ",
          "after": " "
        },
        {
          "index": 8,
          "word": "anything",
          "originalText": "anything",
          "characterOffsetBegin": 709,
          "characterOffsetEnd": 717,
          "before": " ",
          "after": " "
        },
        {
          "index": 9,
          "word": "unless",
          "originalText": "unless",
          "characterOffsetBegin": 718,
          "characterOffsetEnd": 724,
          "before": " ",
          "after": " "
        },
        {
          "index": 10,
          "word": "the",
          "originalText": "the",
          "characterOffsetBegin": 725,
          "characterOffsetEnd": 728,
          "before": " ",
          "after": " "
        },
        {
          "index": 11,
          "word": "technician",
          "originalText": "technician",
          "characterOffsetBegin": 729,
          "characterOffsetEnd": 739,
          "before": " ",
          "after": " "
        },
        {
          "index": 12,
          "word": "can",
          "originalText": "can",
          "characterOffsetBegin": 740,
          "characterOffsetEnd": 743,
          "before": " ",
          "after": " "
        },
        {
          "index": 13,
          "word": "make",
          "originalText": "make",
          "characterOffsetBegin": 744,
          "characterOffsetEnd": 748,
          "before": " ",
          "after": " "
        },
        {
          "index": 14,
          "word": "the",
          "originalText": "the",
          "characterOffsetBegin": 749,
          "characterOffsetEnd": 752,
          "before": " ",
          "after": " "
        },
        {
          "index": 15,
          "word": "channels",
          "originalText": "channels",
          "characterOffsetBegin": 753,
          "characterOffsetEnd": 761,
          "before": " ",
          "after": " "
        },
        {
          "index": 16,
          "word": "turn",
          "originalText": "turn",
          "characterOffsetBegin": 762,
          "characterOffsetEnd": 766,
          "before": " ",
          "after": " "
        },
        {
          "index": 17,
          "word": "into",
          "originalText": "into",
          "characterOffsetBegin": 767,
          "characterOffsetEnd": 771,
          "before": " ",
          "after": " "
        },
        {
          "index": 18,
          "word": "HD",
          "originalText": "HD",
          "characterOffsetBegin": 772,
          "characterOffsetEnd": 774,
          "before": " ",
          "after": ""
        },
        {
          "index": 19,
          "word": ".",
          "originalText": ".",
          "characterOffsetBegin": 774,
          "characterOffsetEnd": 775,
          "before": "",
          "after": ""
        }
      ]
    },
    {
      "index": 15,
      "tokens": [
        {
          "index": 1,
          "word": "Agent",
          "originalText": "Agent",
          "characterOffsetBegin": 777,
          "characterOffsetEnd": 782,
          "before": "",
          "after": ""
        },
        {
          "index": 2,
          "word": ":",
          "originalText": ":",
          "characterOffsetBegin": 782,
          "characterOffsetEnd": 783,
          "before": "",
          "after": " "
        },
        {
          "index": 3,
          "word": "@",
          "originalText": "@",
          "characterOffsetBegin": 784,
          "characterOffsetEnd": 785,
          "before": " ",
          "after": ""
        },
        {
          "index": 4,
          "word": "172951",
          "originalText": "172951",
          "characterOffsetBegin": 785,
          "characterOffsetEnd": 791,
          "before": "",
          "after": " "
        },
        {
          "index": 5,
          "word": "If",
          "originalText": "If",
          "characterOffsetBegin": 792,
          "characterOffsetEnd": 794,
          "before": " ",
          "after": " "
        },
        {
          "index": 6,
          "word": "it",
          "originalText": "it",
          "characterOffsetBegin": 795,
          "characterOffsetEnd": 797,
          "before": " ",
          "after": " "
        },
        {
          "index": 7,
          "word": "is",
          "originalText": "is",
          "characterOffsetBegin": 798,
          "characterOffsetEnd": 800,
          "before": " ",
          "after": " "
        },
        {
          "index": 8,
          "word": "an",
          "originalText": "an",
          "characterOffsetBegin": 801,
          "characterOffsetEnd": 803,
          "before": " ",
          "after": " "
        },
        {
          "index": 9,
          "word": "HD",
          "originalText": "HD",
          "characterOffsetBegin": 804,
          "characterOffsetEnd": 806,
          "before": " ",
          "after": " "
        },
        {
          "index": 10,
          "word": "channel",
          "originalText": "channel",
          "characterOffsetBegin": 807,
          "characterOffsetEnd": 814,
          "before": " ",
          "after": ""
        },
        {
          "index": 11,
          "word": ",",
          "originalText": ",",
          "characterOffsetBegin": 814,
          "characterOffsetEnd": 815,
          "before": "",
          "after": " "
        },
        {
          "index": 12,
          "word": "he",
          "originalText": "he",
          "characterOffsetBegin": 816,
          "characterOffsetEnd": 818,
          "before": " ",
          "after": " "
        },
        {
          "index": 13,
          "word": "will",
          "originalText": "will",
          "characterOffsetBegin": 819,
          "characterOffsetEnd": 823,
          "before": " ",
          "after": " "
        },
        {
          "index": 14,
          "word": "work",
          "originalText": "work",
          "characterOffsetBegin": 824,
          "characterOffsetEnd": 828,
          "before": " ",
          "after": " "
        },
        {
          "index": 15,
          "word": "to",
          "originalText": "to",
          "characterOffsetBegin": 829,
          "characterOffsetEnd": 831,
          "before": " ",
          "after": " "
        },
        {
          "index": 16,
          "word": "make",
          "originalText": "make",
          "characterOffsetBegin": 832,
          "characterOffsetEnd": 836,
          "before": " ",
          "after": " "
        },
        {
          "index": 17,
          "word": "sure",
          "originalText": "sure",
          "characterOffsetBegin": 837,
          "characterOffsetEnd": 841,
          "before": " ",
          "after": " "
        },
        {
          "index": 18,
          "word": "it",
          "originalText": "it",
          "characterOffsetBegin": 842,
          "characterOffsetEnd": 844,
          "before": " ",
          "after": " "
        },
        {
          "index": 19,
          "word": "is",
          "originalText": "is",
          "characterOffsetBegin": 845,
          "characterOffsetEnd": 847,
          "before": " ",
          "after": " "
        },
        {
          "index": 20,
          "word": "coming",
          "originalText": "coming",
          "characterOffsetBegin": 848,
          "characterOffsetEnd": 854,
          "before": " ",
          "after": " "
        },
        {
          "index": 21,
          "word": "in",
          "originalText": "in",
          "characterOffsetBegin": 855,
          "characterOffsetEnd": 857,
          "before": " ",
          "after": " "
        },
        {
          "index": 22,
          "word": "HD",
          "originalText": "HD",
          "characterOffsetBegin": 858,
          "characterOffsetEnd": 860,
          "before": " ",
          "after": ""
        },
        {
          "index": 23,
          "word": ".",
          "originalText": ".",
          "characterOffsetBegin": 860,
          "characterOffsetEnd": 861,
          "before": "",
          "after": ""
        }
      ]
    },
    {
      "index": 16,
      "tokens": [
        {
          "index": 1,
          "word": "^",
          "originalText": "^",
          "characterOffsetBegin": 863,
          "characterOffsetEnd": 864,
          "before": "",
          "after": ""
        },
        {
          "index": 2,
          "word": "CM",
          "originalText": "CM",
          "characterOffsetBegin": 864,
          "characterOffsetEnd": 866,
          "before": "",
          "after": ""
        }
      ]
    },
    {
      "index": 17,
      "tokens": [
        {
          "index": 1,
          "word": "Customer",
          "originalText": "Customer",
          "characterOffsetBegin": 868,
          "characterOffsetEnd": 876,
          "before": "",
          "after": ""
        },
        {
          "index": 2,
          "word": ":",
          "originalText": ":",
          "characterOffsetBegin": 876,
          "characterOffsetEnd": 877,
          "before": "",
          "after": " "
        },
        {
          "index": 3,
          "word": "@Ask_Spectrum",
          "originalText": "@Ask_Spectrum",
          "characterOffsetBegin": 878,
          "characterOffsetEnd": 891,
          "before": " ",
          "after": " "
        },
        {
          "index": 4,
          "word": "The",
          "originalText": "The",
          "characterOffsetBegin": 892,
          "characterOffsetEnd": 895,
          "before": " ",
          "after": " "
        },
        {
          "index": 5,
          "word": "HD",
          "originalText": "HD",
          "characterOffsetBegin": 896,
          "characterOffsetEnd": 898,
          "before": " ",
          "after": " "
        },
        {
          "index": 6,
          "word": "channels",
          "originalText": "channels",
          "characterOffsetBegin": 899,
          "characterOffsetEnd": 907,
          "before": " ",
          "after": " "
        },
        {
          "index": 7,
          "word": "are",
          "originalText": "are",
          "characterOffsetBegin": 908,
          "characterOffsetEnd": 911,
          "before": " ",
          "after": " "
        },
        {
          "index": 8,
          "word": "fine",
          "originalText": "fine",
          "characterOffsetBegin": 912,
          "characterOffsetEnd": 916,
          "before": " ",
          "after": " "
        },
        {
          "index": 9,
          "word": "it",
          "originalText": "it",
          "characterOffsetBegin": 917,
          "characterOffsetEnd": 919,
          "before": " ",
          "after": ""
        },
        {
          "index": 10,
          "word": "'s",
          "originalText": "’s",
          "characterOffsetBegin": 919,
          "characterOffsetEnd": 921,
          "before": "",
          "after": " "
        },
        {
          "index": 11,
          "word": "the",
          "originalText": "the",
          "characterOffsetBegin": 922,
          "characterOffsetEnd": 925,
          "before": " ",
          "after": " "
        },
        {
          "index": 12,
          "word": "none",
          "originalText": "none",
          "characterOffsetBegin": 926,
          "characterOffsetEnd": 930,
          "before": " ",
          "after": " "
        },
        {
          "index": 13,
          "word": "HD",
          "originalText": "HD",
          "characterOffsetBegin": 931,
          "characterOffsetEnd": 933,
          "before": " ",
          "after": " "
        },
        {
          "index": 14,
          "word": "channels",
          "originalText": "channels",
          "characterOffsetBegin": 934,
          "characterOffsetEnd": 942,
          "before": " ",
          "after": " "
        },
        {
          "index": 15,
          "word": "that",
          "originalText": "that",
          "characterOffsetBegin": 943,
          "characterOffsetEnd": 947,
          "before": " ",
          "after": " "
        },
        {
          "index": 16,
          "word": "are",
          "originalText": "are",
          "characterOffsetBegin": 948,
          "characterOffsetEnd": 951,
          "before": " ",
          "after": " "
        },
        {
          "index": 17,
          "word": "garbage",
          "originalText": "garbage",
          "characterOffsetBegin": 952,
          "characterOffsetEnd": 959,
          "before": " ",
          "after": ""
        },
        {
          "index": 18,
          "word": ".",
          "originalText": ".",
          "characterOffsetBegin": 959,
          "characterOffsetEnd": 960,
          "before": "",
          "after": ""
        }
      ]
    },
    {
      "index": 18,
      "tokens": [
        {
          "index": 1,
          "word": "Until",
          "originalText": "Until",
          "characterOffsetBegin": 962,
          "characterOffsetEnd": 967,
          "before": "",
          "after": " "
        },
        {
          "index": 2,
          "word": "Spectrum",
          "originalText": "Spectrum",
          "characterOffsetBegin": 968,
          "characterOffsetEnd": 976,
          "before": " ",
          "after": " "
        },
        {
          "index": 3,
          "word": "upgrades",
          "originalText": "upgrades",
          "characterOffsetBegin": 977,
          "characterOffsetEnd": 985,
          "before": " ",
          "after": " "
        },
        {
          "index": 4,
          "word": "their",
          "originalText": "their",
          "characterOffsetBegin": 986,
          "characterOffsetEnd": 991,
          "before": " ",
          "after": " "
        },
        {
          "index": 5,
          "word": "service",
          "originalText": "service",
          "characterOffsetBegin": 992,
          "characterOffsetEnd": 999,
          "before": " ",
          "after": " "
        },
        {
          "index": 6,
          "word": "from",
          "originalText": "from",
          "characterOffsetBegin": 1000,
          "characterOffsetEnd": 1004,
          "before": " ",
          "after": " "
        },
        {
          "index": 7,
          "word": "analog",
          "originalText": "analog",
          "characterOffsetBegin": 1005,
          "characterOffsetEnd": 1011,
          "before": " ",
          "after": " "
        },
        {
          "index": 8,
          "word": "to",
          "originalText": "to",
          "characterOffsetBegin": 1012,
          "characterOffsetEnd": 1014,
          "before": " ",
          "after": " "
        },
        {
          "index": 9,
          "word": "all",
          "originalText": "all",
          "characterOffsetBegin": 1015,
          "characterOffsetEnd": 1018,
          "before": " ",
          "after": " "
        },
        {
          "index": 10,
          "word": "digital",
          "originalText": "digital",
          "characterOffsetBegin": 1019,
          "characterOffsetEnd": 1026,
          "before": " ",
          "after": " "
        },
        {
          "index": 11,
          "word": "or",
          "originalText": "or",
          "characterOffsetBegin": 1027,
          "characterOffsetEnd": 1029,
          "before": " ",
          "after": " "
        },
        {
          "index": 12,
          "word": "all",
          "originalText": "all",
          "characterOffsetBegin": 1030,
          "characterOffsetEnd": 1033,
          "before": " ",
          "after": " "
        },
        {
          "index": 13,
          "word": "HD",
          "originalText": "HD",
          "characterOffsetBegin": 1034,
          "characterOffsetEnd": 1036,
          "before": " ",
          "after": " "
        },
        {
          "index": 14,
          "word": "this",
          "originalText": "this",
          "characterOffsetBegin": 1037,
          "characterOffsetEnd": 1041,
          "before": " ",
          "after": " "
        },
        {
          "index": 15,
          "word": "problem",
          "originalText": "problem",
          "characterOffsetBegin": 1042,
          "characterOffsetEnd": 1049,
          "before": " ",
          "after": " "
        },
        {
          "index": 16,
          "word": "will",
          "originalText": "will",
          "characterOffsetBegin": 1050,
          "characterOffsetEnd": 1054,
          "before": " ",
          "after": " "
        },
        {
          "index": 17,
          "word": "continue",
          "originalText": "continue",
          "characterOffsetBegin": 1055,
          "characterOffsetEnd": 1063,
          "before": " ",
          "after": ""
        },
        {
          "index": 18,
          "word": ".",
          "originalText": ".",
          "characterOffsetBegin": 1063,
          "characterOffsetEnd": 1064,
          "before": "",
          "after": ""
        }
      ]
    },
    {
      "index": 19,
      "tokens": [
        {
          "index": 1,
          "word": "Customer",
          "originalText": "Customer",
          "characterOffsetBegin": 1066,
          "characterOffsetEnd": 1074,
          "before": "",
          "after": ""
        },
        {
          "index": 2,
          "word": ":",
          "originalText": ":",
          "characterOffsetBegin": 1074,
          "characterOffsetEnd": 1075,
          "before": "",
          "after": " "
        },
        {
          "index": 3,
          "word": "@Ask_Spectrum",
          "originalText": "@Ask_Spectrum",
          "characterOffsetBegin": 1076,
          "characterOffsetEnd": 1089,
          "before": " ",
          "after": " "
        },
        {
          "index": 4,
          "word": "Non",
          "originalText": "Non",
          "characterOffsetBegin": 1090,
          "characterOffsetEnd": 1093,
          "before": " ",
          "after": " "
        },
        {
          "index": 5,
          "word": "not",
          "originalText": "not",
          "characterOffsetBegin": 1094,
          "characterOffsetEnd": 1097,
          "before": " ",
          "after": " "
        },
        {
          "index": 6,
          "word": "none",
          "originalText": "none",
          "characterOffsetBegin": 1098,
          "characterOffsetEnd": 1102,
          "before": " ",
          "after": ""
        }
      ]
    },
    {
      "index": 20,
      "tokens": [
        {
          "index": 1,
          "word": "Agent",
          "originalText": "Agent",
          "characterOffsetBegin": 1104,
          "characterOffsetEnd": 1109,
          "before": "",
          "after": ""
        },
        {
          "index": 2,
          "word": ":",
          "originalText": ":",
          "characterOffsetBegin": 1109,
          "characterOffsetEnd": 1110,
          "before": "",
          "after": " "
        },
        {
          "index": 3,
          "word": "@",
          "originalText": "@",
          "characterOffsetBegin": 1111,
          "characterOffsetEnd": 1112,
          "before": " ",
          "after": ""
        },
        {
          "index": 4,
          "word": "172951",
          "originalText": "172951",
          "characterOffsetBegin": 1112,
          "characterOffsetEnd": 1118,
          "before": "",
          "after": " "
        },
        {
          "index": 5,
          "word": "I",
          "originalText": "I",
          "characterOffsetBegin": 1119,
          "characterOffsetEnd": 1120,
          "before": " ",
          "after": " "
        },
        {
          "index": 6,
          "word": "understand",
          "originalText": "understand",
          "characterOffsetBegin": 1121,
          "characterOffsetEnd": 1131,
          "before": " ",
          "after": ""
        },
        {
          "index": 7,
          "word": ".",
          "originalText": ".",
          "characterOffsetBegin": 1131,
          "characterOffsetEnd": 1132,
          "before": "",
          "after": ""
        }
      ]
    },
    {
      "index": 21,
      "tokens": [
        {
          "index": 1,
          "word": "I",
          "originalText": "I",
          "characterOffsetBegin": 1134,
          "characterOffsetEnd": 1135,
          "before": "",
          "after": " "
        },
        {
          "index": 2,
          "word": "will",
          "originalText": "will",
          "characterOffsetBegin": 1136,
          "characterOffsetEnd": 1140,
          "before": " ",
          "after": " "
        },
        {
          "index": 3,
          "word": "pass",
          "originalText": "pass",
          "characterOffsetBegin": 1141,
          "characterOffsetEnd": 1145,
          "before": " ",
          "after": " "
        },
        {
          "index": 4,
          "word": "this",
          "originalText": "this",
          "characterOffsetBegin": 1146,
          "characterOffsetEnd": 1150,
          "before": " ",
          "after": " "
        },
        {
          "index": 5,
          "word": "information",
          "originalText": "information",
          "characterOffsetBegin": 1151,
          "characterOffsetEnd": 1162,
          "before": " ",
          "after": " "
        },
        {
          "index": 6,
          "word": "along",
          "originalText": "along",
          "characterOffsetBegin": 1163,
          "characterOffsetEnd": 1168,
          "before": " ",
          "after": ""
        },
        {
          "index": 7,
          "word": ".",
          "originalText": ".",
          "characterOffsetBegin": 1168,
          "characterOffsetEnd": 1169,
          "before": "",
          "after": ""
        }
      ]
    },
    {
      "index": 22,
      "tokens": [
        {
          "index": 1,
          "word": "^",
          "originalText": "^",
          "characterOffsetBegin": 1171,
          "characterOffsetEnd": 1172,
          "before": "",
          "after": ""
        },
        {
          "index": 2,
          "word": "CM",
          "originalText": "CM",
          "characterOffsetBegin": 1172,
          "characterOffsetEnd": 1174,
          "before": "",
          "after": ""
        }
      ]
    },
    {
      "index": 23,
      "tokens": [
        {
          "index": 1,
          "word": "Customer",
          "originalText": "Customer",
          "characterOffsetBegin": 1176,
          "characterOffsetEnd": 1184,
          "before": "",
          "after": ""
        },
        {
          "index": 2,
          "word": ":",
          "originalText": ":",
          "characterOffsetBegin": 1184,
          "characterOffsetEnd": 1185,
          "before": "",
          "after": " "
        },
        {
          "index": 3,
          "word": "@Ask_Spectrum",
          "originalText": "@Ask_Spectrum",
          "characterOffsetBegin": 1186,
          "characterOffsetEnd": 1199,
          "before": " ",
          "after": " "
        },
        {
          "index": 4,
          "word": "Thank",
          "originalText": "Thank",
          "characterOffsetBegin": 1200,
          "characterOffsetEnd": 1205,
          "before": " ",
          "after": " "
        },
        {
          "index": 5,
          "word": "You",
          "originalText": "You",
          "characterOffsetBegin": 1206,
          "characterOffsetEnd": 1209,
          "before": " ",
          "after": ""
        },
        {
          "index": 6,
          "word": ".",
          "originalText": ".",
          "characterOffsetBegin": 1209,
          "characterOffsetEnd": 1210,
          "before": "",
          "after": ""
        }
      ]
    },
    {
      "index": 24,
      "tokens": [
        {
          "index": 1,
          "word": "Thank",
          "originalText": "Thank",
          "characterOffsetBegin": 1212,
          "characterOffsetEnd": 1217,
          "before": "",
          "after": " "
        },
        {
          "index": 2,
          "word": "you",
          "originalText": "you",
          "characterOffsetBegin": 1218,
          "characterOffsetEnd": 1221,
          "before": " ",
          "after": " "
        },
        {
          "index": 3,
          "word": "for",
          "originalText": "for",
          "characterOffsetBegin": 1222,
          "characterOffsetEnd": 1225,
          "before": " ",
          "after": " "
        },
        {
          "index": 4,
          "word": "letting",
          "originalText": "letting",
          "characterOffsetBegin": 1226,
          "characterOffsetEnd": 1233,
          "before": " ",
          "after": " "
        },
        {
          "index": 5,
          "word": "me",
          "originalText": "me",
          "characterOffsetBegin": 1234,
          "characterOffsetEnd": 1236,
          "before": " ",
          "after": " "
        },
        {
          "index": 6,
          "word": "vent",
          "originalText": "vent",
          "characterOffsetBegin": 1237,
          "characterOffsetEnd": 1241,
          "before": " ",
          "after": ""
        },
        {
          "index": 7,
          "word": ".",
          "originalText": ".",
          "characterOffsetBegin": 1241,
          "characterOffsetEnd": 1242,
          "before": "",
          "after": ""
        }
      ]
    },
    {
      "index": 25,
      "tokens": [
        {
          "index": 1,
          "word": "Happy",
          "originalText": "Happy",
          "characterOffsetBegin": 1244,
          "characterOffsetEnd": 1249,
          "before": "",
          "after": " "
        },
        {
          "index": 2,
          "word": "Holidays",
          "originalText": "Holidays",
          "characterOffsetBegin": 1250,
          "characterOffsetEnd": 1258,
          "before": " ",
          "after": " "
        },
        {
          "index": 3,
          "word": "to",
          "originalText": "to",
          "characterOffsetBegin": 1259,
          "characterOffsetEnd": 1261,
          "before": " ",
          "after": " "
        },
        {
          "index": 4,
          "word": "you",
          "originalText": "you",
          "characterOffsetBegin": 1262,
          "characterOffsetEnd": 1265,
          "before": " ",
          "after": ""
        },
        {
          "index": 5,
          "word": ",",
          "originalText": ",",
          "characterOffsetBegin": 1265,
          "characterOffsetEnd": 1266,
          "before": "",
          "after": " "
        },
        {
          "index": 6,
          "word": "and",
          "originalText": "and",
          "characterOffsetBegin": 1267,
          "characterOffsetEnd": 1270,
          "before": " ",
          "after": " "
        },
        {
          "index": 7,
          "word": "your",
          "originalText": "your",
          "characterOffsetBegin": 1271,
          "characterOffsetEnd": 1275,
          "before": " ",
          "after": " "
        },
        {
          "index": 8,
          "word": "family",
          "originalText": "family",
          "characterOffsetBegin": 1276,
          "characterOffsetEnd": 1282,
          "before": " ",
          "after": ""
        },
        {
          "index": 9,
          "word": ".",
          "originalText": ".",
          "characterOffsetBegin": 1282,
          "characterOffsetEnd": 1283,
          "before": "",
          "after": ""
        }
      ]
    },
    {
      "index": 26,
      "tokens": [
        {
          "index": 1,
          "word": "Agent",
          "originalText": "Agent",
          "characterOffsetBegin": 1285,
          "characterOffsetEnd": 1290,
          "before": "",
          "after": ""
        },
        {
          "index": 2,
          "word": ":",
          "originalText": ":",
          "characterOffsetBegin": 1290,
          "characterOffsetEnd": 1291,
          "before": "",
          "after": " "
        },
        {
          "index": 3,
          "word": "@",
          "originalText": "@",
          "characterOffsetBegin": 1292,
          "characterOffsetEnd": 1293,
          "before": " ",
          "after": ""
        },
        {
          "index": 4,
          "word": "172951",
          "originalText": "172951",
          "characterOffsetBegin": 1293,
          "characterOffsetEnd": 1299,
          "before": "",
          "after": " "
        },
        {
          "index": 5,
          "word": "The",
          "originalText": "The",
          "characterOffsetBegin": 1300,
          "characterOffsetEnd": 1303,
          "before": " ",
          "after": " "
        },
        {
          "index": 6,
          "word": "same",
          "originalText": "same",
          "characterOffsetBegin": 1304,
          "characterOffsetEnd": 1308,
          "before": " ",
          "after": " "
        },
        {
          "index": 7,
          "word": "to",
          "originalText": "to",
          "characterOffsetBegin": 1309,
          "characterOffsetEnd": 1311,
          "before": " ",
          "after": " "
        },
        {
          "index": 8,
          "word": "you",
          "originalText": "you",
          "characterOffsetBegin": 1312,
          "characterOffsetEnd": 1315,
          "before": " ",
          "after": " "
        },
        {
          "index": 9,
          "word": "and",
          "originalText": "and",
          "characterOffsetBegin": 1316,
          "characterOffsetEnd": 1319,
          "before": " ",
          "after": " "
        },
        {
          "index": 10,
          "word": "yours",
          "originalText": "yours",
          "characterOffsetBegin": 1320,
          "characterOffsetEnd": 1325,
          "before": " ",
          "after": ""
        },
        {
          "index": 11,
          "word": "!",
          "originalText": "!",
          "characterOffsetBegin": 1325,
          "characterOffsetEnd": 1326,
          "before": "",
          "after": ""
        }
      ]
    },
    {
      "index": 27,
      "tokens": [
        {
          "index": 1,
          "word": "If",
          "originalText": "If",
          "characterOffsetBegin": 1328,
          "characterOffsetEnd": 1330,
          "before": "",
          "after": " "
        },
        {
          "index": 2,
          "word": "you",
          "originalText": "you",
          "characterOffsetBegin": 1331,
          "characterOffsetEnd": 1334,
          "before": " ",
          "after": " "
        },
        {
          "index": 3,
          "word": "need",
          "originalText": "need",
          "characterOffsetBegin": 1335,
          "characterOffsetEnd": 1339,
          "before": " ",
          "after": " "
        },
        {
          "index": 4,
          "word": "anything",
          "originalText": "anything",
          "characterOffsetBegin": 1340,
          "characterOffsetEnd": 1348,
          "before": " ",
          "after": " "
        },
        {
          "index": 5,
          "word": "in",
          "originalText": "in",
          "characterOffsetBegin": 1349,
          "characterOffsetEnd": 1351,
          "before": " ",
          "after": " "
        },
        {
          "index": 6,
          "word": "the",
          "originalText": "the",
          "characterOffsetBegin": 1352,
          "characterOffsetEnd": 1355,
          "before": " ",
          "after": " "
        },
        {
          "index": 7,
          "word": "future",
          "originalText": "future",
          "characterOffsetBegin": 1356,
          "characterOffsetEnd": 1362,
          "before": " ",
          "after": ""
        },
        {
          "index": 8,
          "word": ",",
          "originalText": ",",
          "characterOffsetBegin": 1362,
          "characterOffsetEnd": 1363,
          "before": "",
          "after": " "
        },
        {
          "index": 9,
          "word": "feel",
          "originalText": "feel",
          "characterOffsetBegin": 1364,
          "characterOffsetEnd": 1368,
          "before": " ",
          "after": " "
        },
        {
          "index": 10,
          "word": "free",
          "originalText": "free",
          "characterOffsetBegin": 1369,
          "characterOffsetEnd": 1373,
          "before": " ",
          "after": " "
        },
        {
          "index": 11,
          "word": "to",
          "originalText": "to",
          "characterOffsetBegin": 1374,
          "characterOffsetEnd": 1376,
          "before": " ",
          "after": " "
        },
        {
          "index": 12,
          "word": "reach",
          "originalText": "reach",
          "characterOffsetBegin": 1377,
          "characterOffsetEnd": 1382,
          "before": " ",
          "after": " "
        },
        {
          "index": 13,
          "word": "out",
          "originalText": "out",
          "characterOffsetBegin": 1383,
          "characterOffsetEnd": 1386,
          "before": " ",
          "after": " "
        },
        {
          "index": 14,
          "word": "to",
          "originalText": "to",
          "characterOffsetBegin": 1387,
          "characterOffsetEnd": 1389,
          "before": " ",
          "after": " "
        },
        {
          "index": 15,
          "word": "us",
          "originalText": "us",
          "characterOffsetBegin": 1390,
          "characterOffsetEnd": 1392,
          "before": " ",
          "after": " "
        },
        {
          "index": 16,
          "word": "here",
          "originalText": "here",
          "characterOffsetBegin": 1393,
          "characterOffsetEnd": 1397,
          "before": " ",
          "after": ""
        },
        {
          "index": 17,
          "word": ".",
          "originalText": ".",
          "characterOffsetBegin": 1397,
          "characterOffsetEnd": 1398,
          "before": "",
          "after": ""
        }
      ]
    },
    {
      "index": 28,
      "tokens": [
        {
          "index": 1,
          "word": "Thank",
          "originalText": "Thank",
          "characterOffsetBegin": 1400,
          "characterOffsetEnd": 1405,
          "before": "",
          "after": " "
        },
        {
          "index": 2,
          "word": "you",
          "originalText": "you",
          "characterOffsetBegin": 1406,
          "characterOffsetEnd": 1409,
          "before": " ",
          "after": " "
        },
        {
          "index": 3,
          "word": "for",
          "originalText": "for",
          "characterOffsetBegin": 1410,
          "characterOffsetEnd": 1413,
          "before": " ",
          "after": " "
        },
        {
          "index": 4,
          "word": "being",
          "originalText": "being",
          "characterOffsetBegin": 1414,
          "characterOffsetEnd": 1419,
          "before": " ",
          "after": " "
        },
        {
          "index": 5,
          "word": "with",
          "originalText": "with",
          "characterOffsetBegin": 1420,
          "characterOffsetEnd": 1424,
          "before": " ",
          "after": " "
        },
        {
          "index": 6,
          "word": "us",
          "originalText": "us",
          "characterOffsetBegin": 1425,
          "characterOffsetEnd": 1427,
          "before": " ",
          "after": ""
        },
        {
          "index": 7,
          "word": "!",
          "originalText": "!",
          "characterOffsetBegin": 1427,
          "characterOffsetEnd": 1428,
          "before": "",
          "after": ""
        }
      ]
    },
    {
      "index": 29,
      "tokens": [
        {
          "index": 1,
          "word": "^",
          "originalText": "^",
          "characterOffsetBegin": 1430,
          "characterOffsetEnd": 1431,
          "before": "",
          "after": ""
        },
        {
          "index": 2,
          "word": "CM",
          "originalText": "CM",
          "characterOffsetBegin": 1431,
          "characterOffsetEnd": 1433,
          "before": "",
          "after": ""
        }
      ]
    },
    {
      "index": 30,
      "tokens": [
        {
          "index": 1,
          "word": "@highlight",
          "originalText": "@highlight",
          "characterOffsetBegin": 1435,
          "characterOffsetEnd": 1445,
          "before": "",
          "after": ""
        }
      ]
    },
    {
      "index": 31,
      "tokens": [
        {
          "index": 1,
          "word": "Customer",
          "originalText": "Customer",
          "characterOffsetBegin": 1447,
          "characterOffsetEnd": 1455,
          "before": "",
          "after": ""
        },
        {
          "index": 2,
          "word": ":",
          "originalText": ":",
          "characterOffsetBegin": 1455,
          "characterOffsetEnd": 1456,
          "before": "",
          "after": " "
        },
        {
          "index": 3,
          "word": "@Ask_Spectrum",
          "originalText": "@Ask_Spectrum",
          "characterOffsetBegin": 1457,
          "characterOffsetEnd": 1470,
          "before": " ",
          "after": " "
        },
        {
          "index": 4,
          "word": "If",
          "originalText": "If",
          "characterOffsetBegin": 1471,
          "characterOffsetEnd": 1473,
          "before": " ",
          "after": " "
        },
        {
          "index": 5,
          "word": "it",
          "originalText": "it",
          "characterOffsetBegin": 1474,
          "characterOffsetEnd": 1476,
          "before": " ",
          "after": " "
        },
        {
          "index": 6,
          "word": "was",
          "originalText": "was",
          "characterOffsetBegin": 1477,
          "characterOffsetEnd": 1480,
          "before": " ",
          "after": ""
        },
        {
          "index": 7,
          "word": "n't",
          "originalText": "n’t",
          "characterOffsetBegin": 1480,
          "characterOffsetEnd": 1483,
          "before": "",
          "after": " "
        },
        {
          "index": 8,
          "word": "for",
          "originalText": "for",
          "characterOffsetBegin": 1484,
          "characterOffsetEnd": 1487,
          "before": " ",
          "after": " "
        },
        {
          "index": 9,
          "word": "the",
          "originalText": "the",
          "characterOffsetBegin": 1488,
          "characterOffsetEnd": 1491,
          "before": " ",
          "after": " "
        },
        {
          "index": 10,
          "word": "NBA",
          "originalText": "NBA",
          "characterOffsetBegin": 1492,
          "characterOffsetEnd": 1495,
          "before": " ",
          "after": " "
        },
        {
          "index": 11,
          "word": "League",
          "originalText": "League",
          "characterOffsetBegin": 1496,
          "characterOffsetEnd": 1502,
          "before": " ",
          "after": " "
        },
        {
          "index": 12,
          "word": "pass",
          "originalText": "pass",
          "characterOffsetBegin": 1503,
          "characterOffsetEnd": 1507,
          "before": " ",
          "after": " "
        },
        {
          "index": 13,
          "word": "television",
          "originalText": "television",
          "characterOffsetBegin": 1508,
          "characterOffsetEnd": 1518,
          "before": " ",
          "after": " "
        },
        {
          "index": 14,
          "word": "companion",
          "originalText": "companion",
          "characterOffsetBegin": 1519,
          "characterOffsetEnd": 1528,
          "before": " ",
          "after": " "
        },
        {
          "index": 15,
          "word": "I",
          "originalText": "I",
          "characterOffsetBegin": 1529,
          "characterOffsetEnd": 1530,
          "before": " ",
          "after": ""
        },
        {
          "index": 16,
          "word": "'d",
          "originalText": "’d",
          "characterOffsetBegin": 1530,
          "characterOffsetEnd": 1532,
          "before": "",
          "after": " "
        },
        {
          "index": 17,
          "word": "ask",
          "originalText": "ask",
          "characterOffsetBegin": 1533,
          "characterOffsetEnd": 1536,
          "before": " ",
          "after": " "
        },
        {
          "index": 18,
          "word": "for",
          "originalText": "for",
          "characterOffsetBegin": 1537,
          "characterOffsetEnd": 1540,
          "before": " ",
          "after": " "
        },
        {
          "index": 19,
          "word": "my",
          "originalText": "my",
          "characterOffsetBegin": 1541,
          "characterOffsetEnd": 1543,
          "before": " ",
          "after": " "
        },
        {
          "index": 20,
          "word": "money",
          "originalText": "money",
          "characterOffsetBegin": 1544,
          "characterOffsetEnd": 1549,
          "before": " ",
          "after": " "
        },
        {
          "index": 21,
          "word": "back",
          "originalText": "back",
          "characterOffsetBegin": 1550,
          "characterOffsetEnd": 1554,
          "before": " ",
          "after": ""
        },
        {
          "index": 22,
          "word": ".",
          "originalText": ".",
          "characterOffsetBegin": 1554,
          "characterOffsetEnd": 1555,
          "before": "",
          "after": ""
        }
      ]
    },
    {
      "index": 32,
      "tokens": [
        {
          "index": 1,
          "word": "@highlight",
          "originalText": "@highlight",
          "characterOffsetBegin": 1557,
          "characterOffsetEnd": 1567,
          "before": "",
          "after": ""
        }
      ]
    },
    {
      "index": 33,
      "tokens": [
        {
          "index": 1,
          "word": "Has",
          "originalText": "Has",
          "characterOffsetBegin": 1569,
          "characterOffsetEnd": 1572,
          "before": "",
          "after": " "
        },
        {
          "index": 2,
          "word": "nothing",
          "originalText": "nothing",
          "characterOffsetBegin": 1573,
          "characterOffsetEnd": 1580,
          "before": " ",
          "after": " "
        },
        {
          "index": 3,
          "word": "to",
          "originalText": "to",
          "characterOffsetBegin": 1581,
          "characterOffsetEnd": 1583,
          "before": " ",
          "after": " "
        },
        {
          "index": 4,
          "word": "do",
          "originalText": "do",
          "characterOffsetBegin": 1584,
          "characterOffsetEnd": 1586,
          "before": " ",
          "after": " "
        },
        {
          "index": 5,
          "word": "with",
          "originalText": "with",
          "characterOffsetBegin": 1587,
          "characterOffsetEnd": 1591,
          "before": " ",
          "after": " "
        },
        {
          "index": 6,
          "word": "the",
          "originalText": "the",
          "characterOffsetBegin": 1592,
          "characterOffsetEnd": 1595,
          "before": " ",
          "after": " "
        },
        {
          "index": 7,
          "word": "box",
          "originalText": "box",
          "characterOffsetBegin": 1596,
          "characterOffsetEnd": 1599,
          "before": " ",
          "after": " "
        },
        {
          "index": 8,
          "word": "it",
          "originalText": "it",
          "characterOffsetBegin": 1600,
          "characterOffsetEnd": 1602,
          "before": " ",
          "after": ""
        },
        {
          "index": 9,
          "word": "'s",
          "originalText": "’s",
          "characterOffsetBegin": 1602,
          "characterOffsetEnd": 1604,
          "before": "",
          "after": " "
        },
        {
          "index": 10,
          "word": "the",
          "originalText": "the",
          "characterOffsetBegin": 1605,
          "characterOffsetEnd": 1608,
          "before": " ",
          "after": " "
        },
        {
          "index": 11,
          "word": "fact",
          "originalText": "fact",
          "characterOffsetBegin": 1609,
          "characterOffsetEnd": 1613,
          "before": " ",
          "after": " "
        },
        {
          "index": 12,
          "word": "that",
          "originalText": "that",
          "characterOffsetBegin": 1614,
          "characterOffsetEnd": 1618,
          "before": " ",
          "after": " "
        },
        {
          "index": 13,
          "word": "no",
          "originalText": "no",
          "characterOffsetBegin": 1619,
          "characterOffsetEnd": 1621,
          "before": " ",
          "after": " "
        },
        {
          "index": 14,
          "word": "HD",
          "originalText": "HD",
          "characterOffsetBegin": 1622,
          "characterOffsetEnd": 1624,
          "before": " ",
          "after": " "
        },
        {
          "index": 15,
          "word": "channels",
          "originalText": "channels",
          "characterOffsetBegin": 1625,
          "characterOffsetEnd": 1633,
          "before": " ",
          "after": " "
        },
        {
          "index": 16,
          "word": "come",
          "originalText": "come",
          "characterOffsetBegin": 1634,
          "characterOffsetEnd": 1638,
          "before": " ",
          "after": " "
        },
        {
          "index": 17,
          "word": "in",
          "originalText": "in",
          "characterOffsetBegin": 1639,
          "characterOffsetEnd": 1641,
          "before": " ",
          "after": " "
        },
        {
          "index": 18,
          "word": "horrible",
          "originalText": "horrible",
          "characterOffsetBegin": 1642,
          "characterOffsetEnd": 1650,
          "before": " ",
          "after": ""
        },
        {
          "index": 19,
          "word": ".",
          "originalText": ".",
          "characterOffsetBegin": 1650,
          "characterOffsetEnd": 1651,
          "before": "",
          "after": ""
        }
      ]
    },
    {
      "index": 34,
      "tokens": [
        {
          "index": 1,
          "word": "@highlight",
          "originalText": "@highlight",
          "characterOffsetBegin": 1653,
          "characterOffsetEnd": 1663,
          "before": "",
          "after": ""
        }
      ]
    },
    {
      "index": 35,
      "tokens": [
        {
          "index": 1,
          "word": "Until",
          "originalText": "Until",
          "characterOffsetBegin": 1665,
          "characterOffsetEnd": 1670,
          "before": "",
          "after": " "
        },
        {
          "index": 2,
          "word": "Spectrum",
          "originalText": "Spectrum",
          "characterOffsetBegin": 1671,
          "characterOffsetEnd": 1679,
          "before": " ",
          "after": " "
        },
        {
          "index": 3,
          "word": "upgrades",
          "originalText": "upgrades",
          "characterOffsetBegin": 1680,
          "characterOffsetEnd": 1688,
          "before": " ",
          "after": " "
        },
        {
          "index": 4,
          "word": "their",
          "originalText": "their",
          "characterOffsetBegin": 1689,
          "characterOffsetEnd": 1694,
          "before": " ",
          "after": " "
        },
        {
          "index": 5,
          "word": "service",
          "originalText": "service",
          "characterOffsetBegin": 1695,
          "characterOffsetEnd": 1702,
          "before": " ",
          "after": " "
        },
        {
          "index": 6,
          "word": "from",
          "originalText": "from",
          "characterOffsetBegin": 1703,
          "characterOffsetEnd": 1707,
          "before": " ",
          "after": " "
        },
        {
          "index": 7,
          "word": "analog",
          "originalText": "analog",
          "characterOffsetBegin": 1708,
          "characterOffsetEnd": 1714,
          "before": " ",
          "after": " "
        },
        {
          "index": 8,
          "word": "to",
          "originalText": "to",
          "characterOffsetBegin": 1715,
          "characterOffsetEnd": 1717,
          "before": " ",
          "after": " "
        },
        {
          "index": 9,
          "word": "all",
          "originalText": "all",
          "characterOffsetBegin": 1718,
          "characterOffsetEnd": 1721,
          "before": " ",
          "after": " "
        },
        {
          "index": 10,
          "word": "digital",
          "originalText": "digital",
          "characterOffsetBegin": 1722,
          "characterOffsetEnd": 1729,
          "before": " ",
          "after": " "
        },
        {
          "index": 11,
          "word": "or",
          "originalText": "or",
          "characterOffsetBegin": 1730,
          "characterOffsetEnd": 1732,
          "before": " ",
          "after": " "
        },
        {
          "index": 12,
          "word": "all",
          "originalText": "all",
          "characterOffsetBegin": 1733,
          "characterOffsetEnd": 1736,
          "before": " ",
          "after": " "
        },
        {
          "index": 13,
          "word": "HD",
          "originalText": "HD",
          "characterOffsetBegin": 1737,
          "characterOffsetEnd": 1739,
          "before": " ",
          "after": " "
        },
        {
          "index": 14,
          "word": "this",
          "originalText": "this",
          "characterOffsetBegin": 1740,
          "characterOffsetEnd": 1744,
          "before": " ",
          "after": " "
        },
        {
          "index": 15,
          "word": "problem",
          "originalText": "problem",
          "characterOffsetBegin": 1745,
          "characterOffsetEnd": 1752,
          "before": " ",
          "after": " "
        },
        {
          "index": 16,
          "word": "will",
          "originalText": "will",
          "characterOffsetBegin": 1753,
          "characterOffsetEnd": 1757,
          "before": " ",
          "after": " "
        },
        {
          "index": 17,
          "word": "continue",
          "originalText": "continue",
          "characterOffsetBegin": 1758,
          "characterOffsetEnd": 1766,
          "before": " ",
          "after": ""
        },
        {
          "index": 18,
          "word": ".",
          "originalText": ".",
          "characterOffsetBegin": 1766,
          "characterOffsetEnd": 1767,
          "before": "",
          "after": ""
        }
      ]
    },
    {
      "index": 36,
      "tokens": [
        {
          "index": 1,
          "word": "@highlight",
          "originalText": "@highlight",
          "characterOffsetBegin": 1769,
          "characterOffsetEnd": 1779,
          "before": "",
          "after": ""
        }
      ]
    },
    {
      "index": 37,
      "tokens": [
        {
          "index": 1,
          "word": "Agent",
          "originalText": "Agent",
          "characterOffsetBegin": 1781,
          "characterOffsetEnd": 1786,
          "before": "",
          "after": ""
        },
        {
          "index": 2,
          "word": ":",
          "originalText": ":",
          "characterOffsetBegin": 1786,
          "characterOffsetEnd": 1787,
          "before": "",
          "after": " "
        },
        {
          "index": 3,
          "word": "@",
          "originalText": "@",
          "characterOffsetBegin": 1788,
          "characterOffsetEnd": 1789,
          "before": " ",
          "after": ""
        },
        {
          "index": 4,
          "word": "172951",
          "originalText": "172951",
          "characterOffsetBegin": 1789,
          "characterOffsetEnd": 1795,
          "before": "",
          "after": " "
        },
        {
          "index": 5,
          "word": "If",
          "originalText": "If",
          "characterOffsetBegin": 1796,
          "characterOffsetEnd": 1798,
          "before": " ",
          "after": " "
        },
        {
          "index": 6,
          "word": "it",
          "originalText": "it",
          "characterOffsetBegin": 1799,
          "characterOffsetEnd": 1801,
          "before": " ",
          "after": " "
        },
        {
          "index": 7,
          "word": "is",
          "originalText": "is",
          "characterOffsetBegin": 1802,
          "characterOffsetEnd": 1804,
          "before": " ",
          "after": " "
        },
        {
          "index": 8,
          "word": "an",
          "originalText": "an",
          "characterOffsetBegin": 1805,
          "characterOffsetEnd": 1807,
          "before": " ",
          "after": " "
        },
        {
          "index": 9,
          "word": "HD",
          "originalText": "HD",
          "characterOffsetBegin": 1808,
          "characterOffsetEnd": 1810,
          "before": " ",
          "after": " "
        },
        {
          "index": 10,
          "word": "channel",
          "originalText": "channel",
          "characterOffsetBegin": 1811,
          "characterOffsetEnd": 1818,
          "before": " ",
          "after": ""
        },
        {
          "index": 11,
          "word": ",",
          "originalText": ",",
          "characterOffsetBegin": 1818,
          "characterOffsetEnd": 1819,
          "before": "",
          "after": " "
        },
        {
          "index": 12,
          "word": "he",
          "originalText": "he",
          "characterOffsetBegin": 1820,
          "characterOffsetEnd": 1822,
          "before": " ",
          "after": " "
        },
        {
          "index": 13,
          "word": "will",
          "originalText": "will",
          "characterOffsetBegin": 1823,
          "characterOffsetEnd": 1827,
          "before": " ",
          "after": " "
        },
        {
          "index": 14,
          "word": "work",
          "originalText": "work",
          "characterOffsetBegin": 1828,
          "characterOffsetEnd": 1832,
          "before": " ",
          "after": " "
        },
        {
          "index": 15,
          "word": "to",
          "originalText": "to",
          "characterOffsetBegin": 1833,
          "characterOffsetEnd": 1835,
          "before": " ",
          "after": " "
        },
        {
          "index": 16,
          "word": "make",
          "originalText": "make",
          "characterOffsetBegin": 1836,
          "characterOffsetEnd": 1840,
          "before": " ",
          "after": " "
        },
        {
          "index": 17,
          "word": "sure",
          "originalText": "sure",
          "characterOffsetBegin": 1841,
          "characterOffsetEnd": 1845,
          "before": " ",
          "after": " "
        },
        {
          "index": 18,
          "word": "it",
          "originalText": "it",
          "characterOffsetBegin": 1846,
          "characterOffsetEnd": 1848,
          "before": " ",
          "after": " "
        },
        {
          "index": 19,
          "word": "is",
          "originalText": "is",
          "characterOffsetBegin": 1849,
          "characterOffsetEnd": 1851,
          "before": " ",
          "after": " "
        },
        {
          "index": 20,
          "word": "coming",
          "originalText": "coming",
          "characterOffsetBegin": 1852,
          "characterOffsetEnd": 1858,
          "before": " ",
          "after": " "
        },
        {
          "index": 21,
          "word": "in",
          "originalText": "in",
          "characterOffsetBegin": 1859,
          "characterOffsetEnd": 1861,
          "before": " ",
          "after": " "
        },
        {
          "index": 22,
          "word": "HD",
          "originalText": "HD",
          "characterOffsetBegin": 1862,
          "characterOffsetEnd": 1864,
          "before": " ",
          "after": ""
        },
        {
          "index": 23,
          "word": ".",
          "originalText": ".",
          "characterOffsetBegin": 1864,
          "characterOffsetEnd": 1865,
          "before": "",
          "after": ""
        }
      ]
    }
  ]
}