{
  "sentences": [
    {
      "index": 0,
      "tokens": [
        {
          "index": 1,
          "word": "Customer",
          "originalText": "Customer",
          "characterOffsetBegin": 0,
          "characterOffsetEnd": 8,
          "before": "",
          "after": ""
        },
        {
          "index": 2,
          "word": ":",
          "originalText": ":",
          "characterOffsetBegin": 8,
          "characterOffsetEnd": 9,
          "before": "",
          "after": " "
        },
        {
          "index": 3,
          "word": "@MicrosoftHelps",
          "originalText": "@MicrosoftHelps",
          "characterOffsetBegin": 10,
          "characterOffsetEnd": 25,
          "before": " ",
          "after": " "
        },
        {
          "index": 4,
          "word": "can",
          "originalText": "can",
          "characterOffsetBegin": 26,
          "characterOffsetEnd": 29,
          "before": " ",
          "after": " "
        },
        {
          "index": 5,
          "word": "you",
          "originalText": "you",
          "characterOffsetBegin": 30,
          "characterOffsetEnd": 33,
          "before": " ",
          "after": " "
        },
        {
          "index": 6,
          "word": "help",
          "originalText": "help",
          "characterOffsetBegin": 34,
          "characterOffsetEnd": 38,
          "before": " ",
          "after": " "
        },
        {
          "index": 7,
          "word": "friends",
          "originalText": "friends",
          "characterOffsetBegin": 39,
          "characterOffsetEnd": 46,
          "before": " ",
          "after": " "
        },
        {
          "index": 8,
          "word": "pc",
          "originalText": "pc",
          "characterOffsetBegin": 47,
          "characterOffsetEnd": 49,
          "before": " ",
          "after": " "
        },
        {
          "index": 9,
          "word": "had",
          "originalText": "had",
          "characterOffsetBegin": 50,
          "characterOffsetEnd": 53,
          "before": " ",
          "after": " "
        },
        {
          "index": 10,
          "word": "win",
          "originalText": "win",
          "characterOffsetBegin": 54,
          "characterOffsetEnd": 57,
          "before": " ",
          "after": " "
        },
        {
          "index": 11,
          "word": "7",
          "originalText": "7",
          "characterOffsetBegin": 58,
          "characterOffsetEnd": 59,
          "before": " ",
          "after": " "
        },
        {
          "index": 12,
          "word": "free",
          "originalText": "free",
          "characterOffsetBegin": 60,
          "characterOffsetEnd": 64,
          "before": " ",
          "after": " "
        },
        {
          "index": 13,
          "word": "upgrade",
          "originalText": "upgrade",
          "characterOffsetBegin": 65,
          "characterOffsetEnd": 72,
          "before": " ",
          "after": " "
        },
        {
          "index": 14,
          "word": "to",
          "originalText": "to",
          "characterOffsetBegin": 73,
          "characterOffsetEnd": 75,
          "before": " ",
          "after": " "
        },
        {
          "index": 15,
          "word": "win",
          "originalText": "win",
          "characterOffsetBegin": 76,
          "characterOffsetEnd": 79,
          "before": " ",
          "after": " "
        },
        {
          "index": 16,
          "word": "10",
          "originalText": "10",
          "characterOffsetBegin": 80,
          "characterOffsetEnd": 82,
          "before": " ",
          "after": " "
        },
        {
          "index": 17,
          "word": ".",
          "originalText": ".",
          "characterOffsetBegin": 83,
          "characterOffsetEnd": 84,
          "before": " ",
          "after": ""
        }
      ]
    },
    {
      "index": 1,
      "tokens": [
        {
          "index": 1,
          "word": "win",
          "originalText": "win",
          "characterOffsetBegin": 86,
          "characterOffsetEnd": 89,
          "before": "",
          "after": " "
        },
        {
          "index": 2,
          "word": "10",
          "originalText": "10",
          "characterOffsetBegin": 90,
          "characterOffsetEnd": 92,
          "before": " ",
          "after": " "
        },
        {
          "index": 3,
          "word": "has",
          "originalText": "has",
          "characterOffsetBegin": 93,
          "characterOffsetEnd": 96,
          "before": " ",
          "after": " "
        },
        {
          "index": 4,
          "word": "died",
          "originalText": "died",
          "characterOffsetBegin": 97,
          "characterOffsetEnd": 101,
          "before": " ",
          "after": " "
        },
        {
          "index": 5,
          "word": "we",
          "originalText": "we",
          "characterOffsetBegin": 102,
          "characterOffsetEnd": 104,
          "before": " ",
          "after": " "
        },
        {
          "index": 6,
          "word": "need",
          "originalText": "need",
          "characterOffsetBegin": 105,
          "characterOffsetEnd": 109,
          "before": " ",
          "after": " "
        },
        {
          "index": 7,
          "word": "to",
          "originalText": "to",
          "characterOffsetBegin": 110,
          "characterOffsetEnd": 112,
          "before": " ",
          "after": " "
        },
        {
          "index": 8,
          "word": "reinstall",
          "originalText": "reinstall",
          "characterOffsetBegin": 113,
          "characterOffsetEnd": 122,
          "before": " ",
          "after": " "
        },
        {
          "index": 9,
          "word": "but",
          "originalText": "but",
          "characterOffsetBegin": 123,
          "characterOffsetEnd": 126,
          "before": " ",
          "after": " "
        },
        {
          "index": 10,
          "word": "no",
          "originalText": "no",
          "characterOffsetBegin": 127,
          "characterOffsetEnd": 129,
          "before": " ",
          "after": " "
        },
        {
          "index": 11,
          "word": "cd",
          "originalText": "cd",
          "characterOffsetBegin": 130,
          "characterOffsetEnd": 132,
          "before": " ",
          "after": " "
        },
        {
          "index": 12,
          "word": "key",
          "originalText": "key",
          "characterOffsetBegin": 133,
          "characterOffsetEnd": 136,
          "before": " ",
          "after": " "
        },
        {
          "index": 13,
          "word": "help",
          "originalText": "help",
          "characterOffsetBegin": 137,
          "characterOffsetEnd": 141,
          "before": " ",
          "after": ""
        }
      ]
    },
    {
      "index": 2,
      "tokens": [
        {
          "index": 1,
          "word": "Agent",
          "originalText": "Agent",
          "characterOffsetBegin": 143,
          "characterOffsetEnd": 148,
          "before": "",
          "after": ""
        },
        {
          "index": 2,
          "word": ":",
          "originalText": ":",
          "characterOffsetBegin": 148,
          "characterOffsetEnd": 149,
          "before": "",
          "after": " "
        },
        {
          "index": 3,
          "word": "@",
          "originalText": "@",
          "characterOffsetBegin": 150,
          "characterOffsetEnd": 151,
          "before": " ",
          "after": ""
        },
        {
          "index": 4,
          "word": "219181",
          "originalText": "219181",
          "characterOffsetBegin": 151,
          "characterOffsetEnd": 157,
          "before": "",
          "after": " "
        },
        {
          "index": 5,
          "word": "Hi",
          "originalText": "Hi",
          "characterOffsetBegin": 158,
          "characterOffsetEnd": 160,
          "before": " ",
          "after": ""
        },
        {
          "index": 6,
          "word": ",",
          "originalText": ",",
          "characterOffsetBegin": 160,
          "characterOffsetEnd": 161,
          "before": "",
          "after": " "
        },
        {
          "index": 7,
          "word": "Jereth",
          "originalText": "Jereth",
          "characterOffsetBegin": 162,
          "characterOffsetEnd": 168,
          "before": " ",
          "after": ""
        },
        {
          "index": 8,
          "word": "!",
          "originalText": "!",
          "characterOffsetBegin": 168,
          "characterOffsetEnd": 169,
          "before": "",
          "after": ""
        }
      ]
    },
    {
      "index": 3,
      "tokens": [
        {
          "index": 1,
          "word": "We",
          "originalText": "We",
          "characterOffsetBegin": 171,
          "characterOffsetEnd": 173,
          "before": "",
          "after": ""
        },
        {
          "index": 2,
          "word": "'re",
          "originalText": "'re",
          "characterOffsetBegin": 173,
          "characterOffsetEnd": 176,
          "before": "",
          "after": " "
        },
        {
          "index": 3,
          "word": "here",
          "originalText": "here",
          "characterOffsetBegin": 177,
          "characterOffsetEnd": 181,
          "before": " ",
          "after": " "
        },
        {
          "index": 4,
          "word": "to",
          "originalText": "to",
          "characterOffsetBegin": 182,
          "characterOffsetEnd": 184,
          "before": " ",
          "after": " "
        },
        {
          "index": 5,
          "word": "help",
          "originalText": "help",
          "characterOffsetBegin": 185,
          "characterOffsetEnd": 189,
          "before": " ",
          "after": ""
        },
        {
          "index": 6,
          "word": ".",
          "originalText": ".",
          "characterOffsetBegin": 189,
          "characterOffsetEnd": 190,
          "before": "",
          "after": ""
        }
      ]
    },
    {
      "index": 4,
      "tokens": [
        {
          "index": 1,
          "word": "With",
          "originalText": "With",
          "characterOffsetBegin": 192,
          "characterOffsetEnd": 196,
          "before": "",
          "after": " "
        },
        {
          "index": 2,
          "word": "regard",
          "originalText": "regard",
          "characterOffsetBegin": 197,
          "characterOffsetEnd": 203,
          "before": " ",
          "after": " "
        },
        {
          "index": 3,
          "word": "to",
          "originalText": "to",
          "characterOffsetBegin": 204,
          "characterOffsetEnd": 206,
          "before": " ",
          "after": " "
        },
        {
          "index": 4,
          "word": "your",
          "originalText": "your",
          "characterOffsetBegin": 207,
          "characterOffsetEnd": 211,
          "before": " ",
          "after": " "
        },
        {
          "index": 5,
          "word": "inquiry",
          "originalText": "inquiry",
          "characterOffsetBegin": 212,
          "characterOffsetEnd": 219,
          "before": " ",
          "after": ""
        },
        {
          "index": 6,
          "word": ",",
          "originalText": ",",
          "characterOffsetBegin": 219,
          "characterOffsetEnd": 220,
          "before": "",
          "after": " "
        },
        {
          "index": 7,
          "word": "we",
          "originalText": "we",
          "characterOffsetBegin": 221,
          "characterOffsetEnd": 223,
          "before": " ",
          "after": " "
        },
        {
          "index": 8,
          "word": "suggest",
          "originalText": "suggest",
          "characterOffsetBegin": 224,
          "characterOffsetEnd": 231,
          "before": " ",
          "after": " "
        },
        {
          "index": 9,
          "word": "that",
          "originalText": "that",
          "characterOffsetBegin": 232,
          "characterOffsetEnd": 236,
          "before": " ",
          "after": " "
        },
        {
          "index": 10,
          "word": "you",
          "originalText": "you",
          "characterOffsetBegin": 237,
          "characterOffsetEnd": 240,
          "before": " ",
          "after": " "
        },
        {
          "index": 11,
          "word": "check",
          "originalText": "check",
          "characterOffsetBegin": 241,
          "characterOffsetEnd": 246,
          "before": " ",
          "after": " "
        },
        {
          "index": 12,
          "word": "this",
          "originalText": "this",
          "characterOffsetBegin": 247,
          "characterOffsetEnd": 251,
          "before": " ",
          "after": " "
        },
        {
          "index": 13,
          "word": "link",
          "originalText": "link",
          "characterOffsetBegin": 252,
          "characterOffsetEnd": 256,
          "before": " ",
          "after": ""
        },
        {
          "index": 14,
          "word": ":",
          "originalText": ":",
          "characterOffsetBegin": 256,
          "characterOffsetEnd": 257,
          "before": "",
          "after": " "
        },
        {
          "index": 15,
          "word": "https://t.co/VpqbmsqXmX",
          "originalText": "https://t.co/VpqbmsqXmX",
          "characterOffsetBegin": 258,
          "characterOffsetEnd": 281,
          "before": " ",
          "after": ""
        },
        {
          "index": 16,
          "word": ".",
          "originalText": ".",
          "characterOffsetBegin": 281,
          "characterOffsetEnd": 282,
          "before": "",
          "after": ""
        }
      ]
    },
    {
      "index": 5,
      "tokens": [
        {
          "index": 1,
          "word": "Customer",
          "originalText": "Customer",
          "characterOffsetBegin": 284,
          "characterOffsetEnd": 292,
          "before": "",
          "after": ""
        },
        {
          "index": 2,
          "word": ":",
          "originalText": ":",
          "characterOffsetBegin": 292,
          "characterOffsetEnd": 293,
          "before": "",
          "after": " "
        },
        {
          "index": 3,
          "word": "@MicrosoftHelps",
          "originalText": "@MicrosoftHelps",
          "characterOffsetBegin": 294,
          "characterOffsetEnd": 309,
          "before": " ",
          "after": " "
        },
        {
          "index": 4,
          "word": "@",
          "originalText": "@",
          "characterOffsetBegin": 310,
          "characterOffsetEnd": 311,
          "before": " ",
          "after": ""
        },
        {
          "index": 5,
          "word": "116230",
          "originalText": "116230",
          "characterOffsetBegin": 311,
          "characterOffsetEnd": 317,
          "before": "",
          "after": " "
        },
        {
          "index": 6,
          "word": "we",
          "originalText": "we",
          "characterOffsetBegin": 318,
          "characterOffsetEnd": 320,
          "before": " ",
          "after": " "
        },
        {
          "index": 7,
          "word": "dont",
          "originalText": "dont",
          "characterOffsetBegin": 321,
          "characterOffsetEnd": 325,
          "before": " ",
          "after": " "
        },
        {
          "index": 8,
          "word": "know",
          "originalText": "know",
          "characterOffsetBegin": 326,
          "characterOffsetEnd": 330,
          "before": " ",
          "after": " "
        },
        {
          "index": 9,
          "word": "if",
          "originalText": "if",
          "characterOffsetBegin": 331,
          "characterOffsetEnd": 333,
          "before": " ",
          "after": " "
        },
        {
          "index": 10,
          "word": "she",
          "originalText": "she",
          "characterOffsetBegin": 334,
          "characterOffsetEnd": 337,
          "before": " ",
          "after": " "
        },
        {
          "index": 11,
          "word": "has",
          "originalText": "has",
          "characterOffsetBegin": 338,
          "characterOffsetEnd": 341,
          "before": " ",
          "after": " "
        },
        {
          "index": 12,
          "word": "a",
          "originalText": "a",
          "characterOffsetBegin": 342,
          "characterOffsetEnd": 343,
          "before": " ",
          "after": " "
        },
        {
          "index": 13,
          "word": "ms",
          "originalText": "ms",
          "characterOffsetBegin": 344,
          "characterOffsetEnd": 346,
          "before": " ",
          "after": " "
        },
        {
          "index": 14,
          "word": "account",
          "originalText": "account",
          "characterOffsetBegin": 347,
          "characterOffsetEnd": 354,
          "before": " ",
          "after": " "
        },
        {
          "index": 15,
          "word": "linked",
          "originalText": "linked",
          "characterOffsetBegin": 355,
          "characterOffsetEnd": 361,
          "before": " ",
          "after": " "
        },
        {
          "index": 16,
          "word": "so",
          "originalText": "so",
          "characterOffsetBegin": 362,
          "characterOffsetEnd": 364,
          "before": " ",
          "after": " "
        },
        {
          "index": 17,
          "word": "we",
          "originalText": "we",
          "characterOffsetBegin": 365,
          "characterOffsetEnd": 367,
          "before": " ",
          "after": " "
        },
        {
          "index": 18,
          "word": "dont",
          "originalText": "dont",
          "characterOffsetBegin": 368,
          "characterOffsetEnd": 372,
          "before": " ",
          "after": " "
        },
        {
          "index": 19,
          "word": "know",
          "originalText": "know",
          "characterOffsetBegin": 373,
          "characterOffsetEnd": 377,
          "before": " ",
          "after": " "
        },
        {
          "index": 20,
          "word": "if",
          "originalText": "if",
          "characterOffsetBegin": 378,
          "characterOffsetEnd": 380,
          "before": " ",
          "after": " "
        },
        {
          "index": 21,
          "word": "the",
          "originalText": "the",
          "characterOffsetBegin": 381,
          "characterOffsetEnd": 384,
          "before": " ",
          "after": " "
        },
        {
          "index": 22,
          "word": "lisence",
          "originalText": "lisence",
          "characterOffsetBegin": 385,
          "characterOffsetEnd": 392,
          "before": " ",
          "after": " "
        },
        {
          "index": 23,
          "word": "is",
          "originalText": "is",
          "characterOffsetBegin": 393,
          "characterOffsetEnd": 395,
          "before": " ",
          "after": " "
        },
        {
          "index": 24,
          "word": "valid",
          "originalText": "valid",
          "characterOffsetBegin": 396,
          "characterOffsetEnd": 401,
          "before": " ",
          "after": " "
        },
        {
          "index": 25,
          "word": "shell",
          "originalText": "shell",
          "characterOffsetBegin": 402,
          "characterOffsetEnd": 407,
          "before": " ",
          "after": " "
        },
        {
          "index": 26,
          "word": "be",
          "originalText": "be",
          "characterOffsetBegin": 408,
          "characterOffsetEnd": 410,
          "before": " ",
          "after": " "
        },
        {
          "index": 27,
          "word": "reformatting",
          "originalText": "reformatting",
          "characterOffsetBegin": 411,
          "characterOffsetEnd": 423,
          "before": " ",
          "after": " "
        },
        {
          "index": 28,
          "word": "and",
          "originalText": "and",
          "characterOffsetBegin": 424,
          "characterOffsetEnd": 427,
          "before": " ",
          "after": " "
        },
        {
          "index": 29,
          "word": "reinstalling",
          "originalText": "reinstalling",
          "characterOffsetBegin": 428,
          "characterOffsetEnd": 440,
          "before": " ",
          "after": " "
        },
        {
          "index": 30,
          "word": "7",
          "originalText": "7",
          "characterOffsetBegin": 441,
          "characterOffsetEnd": 442,
          "before": " ",
          "after": "  "
        },
        {
          "index": 31,
          "word": "to",
          "originalText": "to",
          "characterOffsetBegin": 444,
          "characterOffsetEnd": 446,
          "before": "  ",
          "after": " "
        },
        {
          "index": 32,
          "word": "10",
          "originalText": "10",
          "characterOffsetBegin": 447,
          "characterOffsetEnd": 449,
          "before": " ",
          "after": ""
        }
      ]
    },
    {
      "index": 6,
      "tokens": [
        {
          "index": 1,
          "word": "Customer",
          "originalText": "Customer",
          "characterOffsetBegin": 451,
          "characterOffsetEnd": 459,
          "before": "",
          "after": ""
        },
        {
          "index": 2,
          "word": ":",
          "originalText": ":",
          "characterOffsetBegin": 459,
          "characterOffsetEnd": 460,
          "before": "",
          "after": " "
        },
        {
          "index": 3,
          "word": "@MicrosoftHelps",
          "originalText": "@MicrosoftHelps",
          "characterOffsetBegin": 461,
          "characterOffsetEnd": 476,
          "before": " ",
          "after": " "
        },
        {
          "index": 4,
          "word": "Windows",
          "originalText": "Windows",
          "characterOffsetBegin": 477,
          "characterOffsetEnd": 484,
          "before": " ",
          "after": " "
        },
        {
          "index": 5,
          "word": "seems",
          "originalText": "seems",
          "characterOffsetBegin": 485,
          "characterOffsetEnd": 490,
          "before": " ",
          "after": " "
        },
        {
          "index": 6,
          "word": "locked",
          "originalText": "locked",
          "characterOffsetBegin": 491,
          "characterOffsetEnd": 497,
          "before": " ",
          "after": " "
        },
        {
          "index": 7,
          "word": "mid",
          "originalText": "mid",
          "characterOffsetBegin": 498,
          "characterOffsetEnd": 501,
          "before": " ",
          "after": " "
        },
        {
          "index": 8,
          "word": "install",
          "originalText": "install",
          "characterOffsetBegin": 502,
          "characterOffsetEnd": 509,
          "before": " ",
          "after": ""
        },
        {
          "index": 9,
          "word": ".",
          "originalText": ".",
          "characterOffsetBegin": 509,
          "characterOffsetEnd": 510,
          "before": "",
          "after": ""
        }
      ]
    },
    {
      "index": 7,
      "tokens": [
        {
          "index": 1,
          "word": "Wont",
          "originalText": "Wont",
          "characterOffsetBegin": 512,
          "characterOffsetEnd": 516,
          "before": "",
          "after": " "
        },
        {
          "index": 2,
          "word": "let",
          "originalText": "let",
          "characterOffsetBegin": 517,
          "characterOffsetEnd": 520,
          "before": " ",
          "after": " "
        },
        {
          "index": 3,
          "word": "us",
          "originalText": "us",
          "characterOffsetBegin": 521,
          "characterOffsetEnd": 523,
          "before": " ",
          "after": " "
        },
        {
          "index": 4,
          "word": "start",
          "originalText": "start",
          "characterOffsetBegin": 524,
          "characterOffsetEnd": 529,
          "before": " ",
          "after": " "
        },
        {
          "index": 5,
          "word": "over",
          "originalText": "over",
          "characterOffsetBegin": 530,
          "characterOffsetEnd": 534,
          "before": " ",
          "after": " "
        },
        {
          "index": 6,
          "word": "and",
          "originalText": "and",
          "characterOffsetBegin": 535,
          "characterOffsetEnd": 538,
          "before": " ",
          "after": " "
        },
        {
          "index": 7,
          "word": "reformat",
          "originalText": "reformat",
          "characterOffsetBegin": 539,
          "characterOffsetEnd": 547,
          "before": " ",
          "after": " "
        },
        {
          "index": 8,
          "word": "disc",
          "originalText": "disc",
          "characterOffsetBegin": 548,
          "characterOffsetEnd": 552,
          "before": " ",
          "after": " "
        },
        {
          "index": 9,
          "word": "nor",
          "originalText": "nor",
          "characterOffsetBegin": 553,
          "characterOffsetEnd": 556,
          "before": " ",
          "after": " "
        },
        {
          "index": 10,
          "word": "proceede",
          "originalText": "proceede",
          "characterOffsetBegin": 557,
          "characterOffsetEnd": 565,
          "before": " ",
          "after": " "
        },
        {
          "index": 11,
          "word": "past",
          "originalText": "past",
          "characterOffsetBegin": 566,
          "characterOffsetEnd": 570,
          "before": " ",
          "after": " "
        },
        {
          "index": 12,
          "word": "the",
          "originalText": "the",
          "characterOffsetBegin": 571,
          "characterOffsetEnd": 574,
          "before": " ",
          "after": " "
        },
        {
          "index": 13,
          "word": "initial",
          "originalText": "initial",
          "characterOffsetBegin": 575,
          "characterOffsetEnd": 582,
          "before": " ",
          "after": " "
        },
        {
          "index": 14,
          "word": "start",
          "originalText": "start",
          "characterOffsetBegin": 583,
          "characterOffsetEnd": 588,
          "before": " ",
          "after": " "
        },
        {
          "index": 15,
          "word": "screen",
          "originalText": "screen",
          "characterOffsetBegin": 589,
          "characterOffsetEnd": 595,
          "before": " ",
          "after": ""
        }
      ]
    },
    {
      "index": 8,
      "tokens": [
        {
          "index": 1,
          "word": "Agent",
          "originalText": "Agent",
          "characterOffsetBegin": 597,
          "characterOffsetEnd": 602,
          "before": "",
          "after": ""
        },
        {
          "index": 2,
          "word": ":",
          "originalText": ":",
          "characterOffsetBegin": 602,
          "characterOffsetEnd": 603,
          "before": "",
          "after": " "
        },
        {
          "index": 3,
          "word": "@",
          "originalText": "@",
          "characterOffsetBegin": 604,
          "characterOffsetEnd": 605,
          "before": " ",
          "after": ""
        },
        {
          "index": 4,
          "word": "219181",
          "originalText": "219181",
          "characterOffsetBegin": 605,
          "characterOffsetEnd": 611,
          "before": "",
          "after": " "
        },
        {
          "index": 5,
          "word": "That",
          "originalText": "That",
          "characterOffsetBegin": 612,
          "characterOffsetEnd": 616,
          "before": " ",
          "after": ""
        },
        {
          "index": 6,
          "word": "'s",
          "originalText": "'s",
          "characterOffsetBegin": 616,
          "characterOffsetEnd": 618,
          "before": "",
          "after": " "
        },
        {
          "index": 7,
          "word": "strange",
          "originalText": "strange",
          "characterOffsetBegin": 619,
          "characterOffsetEnd": 626,
          "before": " ",
          "after": ""
        },
        {
          "index": 8,
          "word": ".",
          "originalText": ".",
          "characterOffsetBegin": 626,
          "characterOffsetEnd": 627,
          "before": "",
          "after": ""
        }
      ]
    },
    {
      "index": 9,
      "tokens": [
        {
          "index": 1,
          "word": "Did",
          "originalText": "Did",
          "characterOffsetBegin": 629,
          "characterOffsetEnd": 632,
          "before": "",
          "after": " "
        },
        {
          "index": 2,
          "word": "you",
          "originalText": "you",
          "characterOffsetBegin": 633,
          "characterOffsetEnd": 636,
          "before": " ",
          "after": " "
        },
        {
          "index": 3,
          "word": "get",
          "originalText": "get",
          "characterOffsetBegin": 637,
          "characterOffsetEnd": 640,
          "before": " ",
          "after": " "
        },
        {
          "index": 4,
          "word": "any",
          "originalText": "any",
          "characterOffsetBegin": 641,
          "characterOffsetEnd": 644,
          "before": " ",
          "after": " "
        },
        {
          "index": 5,
          "word": "error",
          "originalText": "error",
          "characterOffsetBegin": 645,
          "characterOffsetEnd": 650,
          "before": " ",
          "after": " "
        },
        {
          "index": 6,
          "word": "messages",
          "originalText": "messages",
          "characterOffsetBegin": 651,
          "characterOffsetEnd": 659,
          "before": " ",
          "after": " "
        },
        {
          "index": 7,
          "word": "when",
          "originalText": "when",
          "characterOffsetBegin": 660,
          "characterOffsetEnd": 664,
          "before": " ",
          "after": " "
        },
        {
          "index": 8,
          "word": "you",
          "originalText": "you",
          "characterOffsetBegin": 665,
          "characterOffsetEnd": 668,
          "before": " ",
          "after": " "
        },
        {
          "index": 9,
          "word": "try",
          "originalText": "try",
          "characterOffsetBegin": 669,
          "characterOffsetEnd": 672,
          "before": " ",
          "after": " "
        },
        {
          "index": 10,
          "word": "to",
          "originalText": "to",
          "characterOffsetBegin": 673,
          "characterOffsetEnd": 675,
          "before": " ",
          "after": " "
        },
        {
          "index": 11,
          "word": "install",
          "originalText": "install",
          "characterOffsetBegin": 676,
          "characterOffsetEnd": 683,
          "before": " ",
          "after": ""
        },
        {
          "index": 12,
          "word": "?",
          "originalText": "?",
          "characterOffsetBegin": 683,
          "characterOffsetEnd": 684,
          "before": "",
          "after": ""
        }
      ]
    },
    {
      "index": 10,
      "tokens": [
        {
          "index": 1,
          "word": "Is",
          "originalText": "Is",
          "characterOffsetBegin": 686,
          "characterOffsetEnd": 688,
          "before": "",
          "after": " "
        },
        {
          "index": 2,
          "word": "she",
          "originalText": "she",
          "characterOffsetBegin": 689,
          "characterOffsetEnd": 692,
          "before": " ",
          "after": " "
        },
        {
          "index": 3,
          "word": "using",
          "originalText": "using",
          "characterOffsetBegin": 693,
          "characterOffsetEnd": 698,
          "before": " ",
          "after": " "
        },
        {
          "index": 4,
          "word": "a",
          "originalText": "a",
          "characterOffsetBegin": 699,
          "characterOffsetEnd": 700,
          "before": " ",
          "after": " "
        },
        {
          "index": 5,
          "word": "Microsoft",
          "originalText": "Microsoft",
          "characterOffsetBegin": 701,
          "characterOffsetEnd": 710,
          "before": " ",
          "after": " "
        },
        {
          "index": 6,
          "word": "account",
          "originalText": "account",
          "characterOffsetBegin": 711,
          "characterOffsetEnd": 718,
          "before": " ",
          "after": " "
        },
        {
          "index": 7,
          "word": "to",
          "originalText": "to",
          "characterOffsetBegin": 719,
          "characterOffsetEnd": 721,
          "before": " ",
          "after": " "
        },
        {
          "index": 8,
          "word": "login",
          "originalText": "login",
          "characterOffsetBegin": 722,
          "characterOffsetEnd": 727,
          "before": " ",
          "after": ""
        },
        {
          "index": 9,
          "word": "?",
          "originalText": "?",
          "characterOffsetBegin": 727,
          "characterOffsetEnd": 728,
          "before": "",
          "after": ""
        }
      ]
    },
    {
      "index": 11,
      "tokens": [
        {
          "index": 1,
          "word": "Customer",
          "originalText": "Customer",
          "characterOffsetBegin": 730,
          "characterOffsetEnd": 738,
          "before": "",
          "after": ""
        },
        {
          "index": 2,
          "word": ":",
          "originalText": ":",
          "characterOffsetBegin": 738,
          "characterOffsetEnd": 739,
          "before": "",
          "after": " "
        },
        {
          "index": 3,
          "word": "@MicrosoftHelps",
          "originalText": "@MicrosoftHelps",
          "characterOffsetBegin": 740,
          "characterOffsetEnd": 755,
          "before": " ",
          "after": " "
        },
        {
          "index": 4,
          "word": "Im",
          "originalText": "Im",
          "characterOffsetBegin": 756,
          "characterOffsetEnd": 758,
          "before": " ",
          "after": " "
        },
        {
          "index": 5,
          "word": "reporting",
          "originalText": "reporting",
          "characterOffsetBegin": 759,
          "characterOffsetEnd": 768,
          "before": " ",
          "after": " "
        },
        {
          "index": 6,
          "word": "what",
          "originalText": "what",
          "characterOffsetBegin": 769,
          "characterOffsetEnd": 773,
          "before": " ",
          "after": " "
        },
        {
          "index": 7,
          "word": "shes",
          "originalText": "shes",
          "characterOffsetBegin": 774,
          "characterOffsetEnd": 778,
          "before": " ",
          "after": " "
        },
        {
          "index": 8,
          "word": "telling",
          "originalText": "telling",
          "characterOffsetBegin": 779,
          "characterOffsetEnd": 786,
          "before": " ",
          "after": " "
        },
        {
          "index": 9,
          "word": "me",
          "originalText": "me",
          "characterOffsetBegin": 787,
          "characterOffsetEnd": 789,
          "before": " ",
          "after": " "
        },
        {
          "index": 10,
          "word": "she",
          "originalText": "she",
          "characterOffsetBegin": 790,
          "characterOffsetEnd": 793,
          "before": " ",
          "after": " "
        },
        {
          "index": 11,
          "word": "tried",
          "originalText": "tried",
          "characterOffsetBegin": 794,
          "characterOffsetEnd": 799,
          "before": " ",
          "after": " "
        },
        {
          "index": 12,
          "word": "to",
          "originalText": "to",
          "characterOffsetBegin": 800,
          "characterOffsetEnd": 802,
          "before": " ",
          "after": " "
        },
        {
          "index": 13,
          "word": "repair",
          "originalText": "repair",
          "characterOffsetBegin": 803,
          "characterOffsetEnd": 809,
          "before": " ",
          "after": " "
        },
        {
          "index": 14,
          "word": "windows",
          "originalText": "windows",
          "characterOffsetBegin": 810,
          "characterOffsetEnd": 817,
          "before": " ",
          "after": " "
        },
        {
          "index": 15,
          "word": "now",
          "originalText": "now",
          "characterOffsetBegin": 818,
          "characterOffsetEnd": 821,
          "before": " ",
          "after": " "
        },
        {
          "index": 16,
          "word": "itsclocked",
          "originalText": "itsclocked",
          "characterOffsetBegin": 822,
          "characterOffsetEnd": 832,
          "before": " ",
          "after": " "
        },
        {
          "index": 17,
          "word": "mid",
          "originalText": "mid",
          "characterOffsetBegin": 833,
          "characterOffsetEnd": 836,
          "before": " ",
          "after": " "
        },
        {
          "index": 18,
          "word": "install",
          "originalText": "install",
          "characterOffsetBegin": 837,
          "characterOffsetEnd": 844,
          "before": " ",
          "after": ""
        }
      ]
    },
    {
      "index": 12,
      "tokens": [
        {
          "index": 1,
          "word": "Customer",
          "originalText": "Customer",
          "characterOffsetBegin": 846,
          "characterOffsetEnd": 854,
          "before": "",
          "after": ""
        },
        {
          "index": 2,
          "word": ":",
          "originalText": ":",
          "characterOffsetBegin": 854,
          "characterOffsetEnd": 855,
          "before": "",
          "after": " "
        },
        {
          "index": 3,
          "word": "@MicrosoftHelps",
          "originalText": "@MicrosoftHelps",
          "characterOffsetBegin": 856,
          "characterOffsetEnd": 871,
          "before": " ",
          "after": " "
        },
        {
          "index": 4,
          "word": "I",
          "originalText": "I",
          "characterOffsetBegin": 872,
          "characterOffsetEnd": 873,
          "before": " ",
          "after": " "
        },
        {
          "index": 5,
          "word": "meed",
          "originalText": "meed",
          "characterOffsetBegin": 874,
          "characterOffsetEnd": 878,
          "before": " ",
          "after": " "
        },
        {
          "index": 6,
          "word": "to",
          "originalText": "to",
          "characterOffsetBegin": 879,
          "characterOffsetEnd": 881,
          "before": " ",
          "after": " "
        },
        {
          "index": 7,
          "word": "know",
          "originalText": "know",
          "characterOffsetBegin": 882,
          "characterOffsetEnd": 886,
          "before": " ",
          "after": " "
        },
        {
          "index": 8,
          "word": "what",
          "originalText": "what",
          "characterOffsetBegin": 887,
          "characterOffsetEnd": 891,
          "before": " ",
          "after": " "
        },
        {
          "index": 9,
          "word": "forces",
          "originalText": "forces",
          "characterOffsetBegin": 892,
          "characterOffsetEnd": 898,
          "before": " ",
          "after": " "
        },
        {
          "index": 10,
          "word": "it",
          "originalText": "it",
          "characterOffsetBegin": 899,
          "characterOffsetEnd": 901,
          "before": " ",
          "after": " "
        },
        {
          "index": 11,
          "word": "to",
          "originalText": "to",
          "characterOffsetBegin": 902,
          "characterOffsetEnd": 904,
          "before": " ",
          "after": " "
        },
        {
          "index": 12,
          "word": "only",
          "originalText": "only",
          "characterOffsetBegin": 905,
          "characterOffsetEnd": 909,
          "before": " ",
          "after": " "
        },
        {
          "index": 13,
          "word": "pwrmit",
          "originalText": "pwrmit",
          "characterOffsetBegin": 910,
          "characterOffsetEnd": 916,
          "before": " ",
          "after": " "
        },
        {
          "index": 14,
          "word": "upgrade",
          "originalText": "upgrade",
          "characterOffsetBegin": 917,
          "characterOffsetEnd": 924,
          "before": " ",
          "after": " "
        },
        {
          "index": 15,
          "word": "not",
          "originalText": "not",
          "characterOffsetBegin": 925,
          "characterOffsetEnd": 928,
          "before": " ",
          "after": " "
        },
        {
          "index": 16,
          "word": "reinstall",
          "originalText": "reinstall",
          "characterOffsetBegin": 929,
          "characterOffsetEnd": 938,
          "before": " ",
          "after": ""
        }
      ]
    },
    {
      "index": 13,
      "tokens": [
        {
          "index": 1,
          "word": "Agent",
          "originalText": "Agent",
          "characterOffsetBegin": 940,
          "characterOffsetEnd": 945,
          "before": "",
          "after": ""
        },
        {
          "index": 2,
          "word": ":",
          "originalText": ":",
          "characterOffsetBegin": 945,
          "characterOffsetEnd": 946,
          "before": "",
          "after": " "
        },
        {
          "index": 3,
          "word": "@",
          "originalText": "@",
          "characterOffsetBegin": 947,
          "characterOffsetEnd": 948,
          "before": " ",
          "after": ""
        },
        {
          "index": 4,
          "word": "219181",
          "originalText": "219181",
          "characterOffsetBegin": 948,
          "characterOffsetEnd": 954,
          "before": "",
          "after": " "
        },
        {
          "index": 5,
          "word": "To",
          "originalText": "To",
          "characterOffsetBegin": 955,
          "characterOffsetEnd": 957,
          "before": " ",
          "after": " "
        },
        {
          "index": 6,
          "word": "help",
          "originalText": "help",
          "characterOffsetBegin": 958,
          "characterOffsetEnd": 962,
          "before": " ",
          "after": " "
        },
        {
          "index": 7,
          "word": "your",
          "originalText": "your",
          "characterOffsetBegin": 963,
          "characterOffsetEnd": 967,
          "before": " ",
          "after": " "
        },
        {
          "index": 8,
          "word": "friend",
          "originalText": "friend",
          "characterOffsetBegin": 968,
          "characterOffsetEnd": 974,
          "before": " ",
          "after": " "
        },
        {
          "index": 9,
          "word": "to",
          "originalText": "to",
          "characterOffsetBegin": 975,
          "characterOffsetEnd": 977,
          "before": " ",
          "after": " "
        },
        {
          "index": 10,
          "word": "address",
          "originalText": "address",
          "characterOffsetBegin": 978,
          "characterOffsetEnd": 985,
          "before": " ",
          "after": " "
        },
        {
          "index": 11,
          "word": "this",
          "originalText": "this",
          "characterOffsetBegin": 986,
          "characterOffsetEnd": 990,
          "before": " ",
          "after": " "
        },
        {
          "index": 12,
          "word": "issue",
          "originalText": "issue",
          "characterOffsetBegin": 991,
          "characterOffsetEnd": 996,
          "before": " ",
          "after": ""
        },
        {
          "index": 13,
          "word": ",",
          "originalText": ",",
          "characterOffsetBegin": 996,
          "characterOffsetEnd": 997,
          "before": "",
          "after": " "
        },
        {
          "index": 14,
          "word": "we",
          "originalText": "we",
          "characterOffsetBegin": 998,
          "characterOffsetEnd": 1000,
          "before": " ",
          "after": " "
        },
        {
          "index": 15,
          "word": "suggest",
          "originalText": "suggest",
          "characterOffsetBegin": 1001,
          "characterOffsetEnd": 1008,
          "before": " ",
          "after": " "
        },
        {
          "index": 16,
          "word": "that",
          "originalText": "that",
          "characterOffsetBegin": 1009,
          "characterOffsetEnd": 1013,
          "before": " ",
          "after": " "
        },
        {
          "index": 17,
          "word": "you",
          "originalText": "you",
          "characterOffsetBegin": 1014,
          "characterOffsetEnd": 1017,
          "before": " ",
          "after": " "
        },
        {
          "index": 18,
          "word": "see",
          "originalText": "see",
          "characterOffsetBegin": 1018,
          "characterOffsetEnd": 1021,
          "before": " ",
          "after": " "
        },
        {
          "index": 19,
          "word": "this",
          "originalText": "this",
          "characterOffsetBegin": 1022,
          "characterOffsetEnd": 1026,
          "before": " ",
          "after": " "
        },
        {
          "index": 20,
          "word": "link",
          "originalText": "link",
          "characterOffsetBegin": 1027,
          "characterOffsetEnd": 1031,
          "before": " ",
          "after": ""
        },
        {
          "index": 21,
          "word": ":",
          "originalText": ":",
          "characterOffsetBegin": 1031,
          "characterOffsetEnd": 1032,
          "before": "",
          "after": " "
        },
        {
          "index": 22,
          "word": "https://t.co/onpQlsZKRm",
          "originalText": "https://t.co/onpQlsZKRm",
          "characterOffsetBegin": 1033,
          "characterOffsetEnd": 1056,
          "before": " ",
          "after": ""
        },
        {
          "index": 23,
          "word": ".",
          "originalText": ".",
          "characterOffsetBegin": 1056,
          "characterOffsetEnd": 1057,
          "before": "",
          "after": ""
        }
      ]
    },
    {
      "index": 14,
      "tokens": [
        {
          "index": 1,
          "word": "Agent",
          "originalText": "Agent",
          "characterOffsetBegin": 1059,
          "characterOffsetEnd": 1064,
          "before": "",
          "after": ""
        },
        {
          "index": 2,
          "word": ":",
          "originalText": ":",
          "characterOffsetBegin": 1064,
          "characterOffsetEnd": 1065,
          "before": "",
          "after": " "
        },
        {
          "index": 3,
          "word": "@",
          "originalText": "@",
          "characterOffsetBegin": 1066,
          "characterOffsetEnd": 1067,
          "before": " ",
          "after": ""
        },
        {
          "index": 4,
          "word": "219181",
          "originalText": "219181",
          "characterOffsetBegin": 1067,
          "characterOffsetEnd": 1073,
          "before": "",
          "after": " "
        },
        {
          "index": 5,
          "word": "We",
          "originalText": "We",
          "characterOffsetBegin": 1074,
          "characterOffsetEnd": 1076,
          "before": " ",
          "after": " "
        },
        {
          "index": 6,
          "word": "hope",
          "originalText": "hope",
          "characterOffsetBegin": 1077,
          "characterOffsetEnd": 1081,
          "before": " ",
          "after": " "
        },
        {
          "index": 7,
          "word": "that",
          "originalText": "that",
          "characterOffsetBegin": 1082,
          "characterOffsetEnd": 1086,
          "before": " ",
          "after": " "
        },
        {
          "index": 8,
          "word": "everything",
          "originalText": "everything",
          "characterOffsetBegin": 1087,
          "characterOffsetEnd": 1097,
          "before": " ",
          "after": " "
        },
        {
          "index": 9,
          "word": "is",
          "originalText": "is",
          "characterOffsetBegin": 1098,
          "characterOffsetEnd": 1100,
          "before": " ",
          "after": " "
        },
        {
          "index": 10,
          "word": "working",
          "originalText": "working",
          "characterOffsetBegin": 1101,
          "characterOffsetEnd": 1108,
          "before": " ",
          "after": " "
        },
        {
          "index": 11,
          "word": "fine",
          "originalText": "fine",
          "characterOffsetBegin": 1109,
          "characterOffsetEnd": 1113,
          "before": " ",
          "after": " "
        },
        {
          "index": 12,
          "word": "now",
          "originalText": "now",
          "characterOffsetBegin": 1114,
          "characterOffsetEnd": 1117,
          "before": " ",
          "after": ""
        },
        {
          "index": 13,
          "word": ".",
          "originalText": ".",
          "characterOffsetBegin": 1117,
          "characterOffsetEnd": 1118,
          "before": "",
          "after": ""
        }
      ]
    },
    {
      "index": 15,
      "tokens": [
        {
          "index": 1,
          "word": "Share",
          "originalText": "Share",
          "characterOffsetBegin": 1120,
          "characterOffsetEnd": 1125,
          "before": "",
          "after": " "
        },
        {
          "index": 2,
          "word": "us",
          "originalText": "us",
          "characterOffsetBegin": 1126,
          "characterOffsetEnd": 1128,
          "before": " ",
          "after": " "
        },
        {
          "index": 3,
          "word": "your",
          "originalText": "your",
          "characterOffsetBegin": 1129,
          "characterOffsetEnd": 1133,
          "before": " ",
          "after": " "
        },
        {
          "index": 4,
          "word": "thoughts",
          "originalText": "thoughts",
          "characterOffsetBegin": 1134,
          "characterOffsetEnd": 1142,
          "before": " ",
          "after": " "
        },
        {
          "index": 5,
          "word": "about",
          "originalText": "about",
          "characterOffsetBegin": 1143,
          "characterOffsetEnd": 1148,
          "before": " ",
          "after": " "
        },
        {
          "index": 6,
          "word": "our",
          "originalText": "our",
          "characterOffsetBegin": 1149,
          "characterOffsetEnd": 1152,
          "before": " ",
          "after": " "
        },
        {
          "index": 7,
          "word": "support",
          "originalText": "support",
          "characterOffsetBegin": 1153,
          "characterOffsetEnd": 1160,
          "before": " ",
          "after": " "
        },
        {
          "index": 8,
          "word": "here",
          "originalText": "here",
          "characterOffsetBegin": 1161,
          "characterOffsetEnd": 1165,
          "before": " ",
          "after": ""
        },
        {
          "index": 9,
          "word": ":",
          "originalText": ":",
          "characterOffsetBegin": 1165,
          "characterOffsetEnd": 1166,
          "before": "",
          "after": " "
        },
        {
          "index": 10,
          "word": "https://t.co/H2fFO60UIm",
          "originalText": "https://t.co/H2fFO60UIm",
          "characterOffsetBegin": 1167,
          "characterOffsetEnd": 1190,
          "before": " ",
          "after": ""
        },
        {
          "index": 11,
          "word": ".",
          "originalText": ".",
          "characterOffsetBegin": 1190,
          "characterOffsetEnd": 1191,
          "before": "",
          "after": ""
        }
      ]
    },
    {
      "index": 16,
      "tokens": [
        {
          "index": 1,
          "word": "@highlight",
          "originalText": "@highlight",
          "characterOffsetBegin": 1193,
          "characterOffsetEnd": 1203,
          "before": "",
          "after": ""
        }
      ]
    },
    {
      "index": 17,
      "tokens": [
        {
          "index": 1,
          "word": "Customer",
          "originalText": "Customer",
          "characterOffsetBegin": 1205,
          "characterOffsetEnd": 1213,
          "before": "",
          "after": ""
        },
        {
          "index": 2,
          "word": ":",
          "originalText": ":",
          "characterOffsetBegin": 1213,
          "characterOffsetEnd": 1214,
          "before": "",
          "after": " "
        },
        {
          "index": 3,
          "word": "@MicrosoftHelps",
          "originalText": "@MicrosoftHelps",
          "characterOffsetBegin": 1215,
          "characterOffsetEnd": 1230,
          "before": " ",
          "after": " "
        },
        {
          "index": 4,
          "word": "can",
          "originalText": "can",
          "characterOffsetBegin": 1231,
          "characterOffsetEnd": 1234,
          "before": " ",
          "after": " "
        },
        {
          "index": 5,
          "word": "you",
          "originalText": "you",
          "characterOffsetBegin": 1235,
          "characterOffsetEnd": 1238,
          "before": " ",
          "after": " "
        },
        {
          "index": 6,
          "word": "help",
          "originalText": "help",
          "characterOffsetBegin": 1239,
          "characterOffsetEnd": 1243,
          "before": " ",
          "after": " "
        },
        {
          "index": 7,
          "word": "friends",
          "originalText": "friends",
          "characterOffsetBegin": 1244,
          "characterOffsetEnd": 1251,
          "before": " ",
          "after": " "
        },
        {
          "index": 8,
          "word": "pc",
          "originalText": "pc",
          "characterOffsetBegin": 1252,
          "characterOffsetEnd": 1254,
          "before": " ",
          "after": " "
        },
        {
          "index": 9,
          "word": "had",
          "originalText": "had",
          "characterOffsetBegin": 1255,
          "characterOffsetEnd": 1258,
          "before": " ",
          "after": " "
        },
        {
          "index": 10,
          "word": "win",
          "originalText": "win",
          "characterOffsetBegin": 1259,
          "characterOffsetEnd": 1262,
          "before": " ",
          "after": " "
        },
        {
          "index": 11,
          "word": "7",
          "originalText": "7",
          "characterOffsetBegin": 1263,
          "characterOffsetEnd": 1264,
          "before": " ",
          "after": " "
        },
        {
          "index": 12,
          "word": "free",
          "originalText": "free",
          "characterOffsetBegin": 1265,
          "characterOffsetEnd": 1269,
          "before": " ",
          "after": " "
        },
        {
          "index": 13,
          "word": "upgrade",
          "originalText": "upgrade",
          "characterOffsetBegin": 1270,
          "characterOffsetEnd": 1277,
          "before": " ",
          "after": " "
        },
        {
          "index": 14,
          "word": "to",
          "originalText": "to",
          "characterOffsetBegin": 1278,
          "characterOffsetEnd": 1280,
          "before": " ",
          "after": " "
        },
        {
          "index": 15,
          "word": "win",
          "originalText": "win",
          "characterOffsetBegin": 1281,
          "characterOffsetEnd": 1284,
          "before": " ",
          "after": " "
        },
        {
          "index": 16,
          "word": "10",
          "originalText": "10",
          "characterOffsetBegin": 1285,
          "characterOffsetEnd": 1287,
          "before": " ",
          "after": " "
        },
        {
          "index": 17,
          "word": ".",
          "originalText": ".",
          "characterOffsetBegin": 1288,
          "characterOffsetEnd": 1289,
          "before": " ",
          "after": ""
        }
      ]
    },
    {
      "index": 18,
      "tokens": [
        {
          "index": 1,
          "word": "@highlight",
          "originalText": "@highlight",
          "characterOffsetBegin": 1291,
          "characterOffsetEnd": 1301,
          "before": "",
          "after": ""
        }
      ]
    },
    {
      "index": 19,
      "tokens": [
        {
          "index": 1,
          "word": "@MicrosoftHelps",
          "originalText": "@MicrosoftHelps",
          "characterOffsetBegin": 1303,
          "characterOffsetEnd": 1318,
          "before": "",
          "after": " "
        },
        {
          "index": 2,
          "word": "@",
          "originalText": "@",
          "characterOffsetBegin": 1319,
          "characterOffsetEnd": 1320,
          "before": " ",
          "after": ""
        },
        {
          "index": 3,
          "word": "116230",
          "originalText": "116230",
          "characterOffsetBegin": 1320,
          "characterOffsetEnd": 1326,
          "before": "",
          "after": " "
        },
        {
          "index": 4,
          "word": "we",
          "originalText": "we",
          "characterOffsetBegin": 1327,
          "characterOffsetEnd": 1329,
          "before": " ",
          "after": " "
        },
        {
          "index": 5,
          "word": "dont",
          "originalText": "dont",
          "characterOffsetBegin": 1330,
          "characterOffsetEnd": 1334,
          "before": " ",
          "after": " "
        },
        {
          "index": 6,
          "word": "know",
          "originalText": "know",
          "characterOffsetBegin": 1335,
          "characterOffsetEnd": 1339,
          "before": " ",
          "after": " "
        },
        {
          "index": 7,
          "word": "if",
          "originalText": "if",
          "characterOffsetBegin": 1340,
          "characterOffsetEnd": 1342,
          "before": " ",
          "after": " "
        },
        {
          "index": 8,
          "word": "she",
          "originalText": "she",
          "characterOffsetBegin": 1343,
          "characterOffsetEnd": 1346,
          "before": " ",
          "after": " "
        },
        {
          "index": 9,
          "word": "has",
          "originalText": "has",
          "characterOffsetBegin": 1347,
          "characterOffsetEnd": 1350,
          "before": " ",
          "after": " "
        },
        {
          "index": 10,
          "word": "a",
          "originalText": "a",
          "characterOffsetBegin": 1351,
          "characterOffsetEnd": 1352,
          "before": " ",
          "after": " "
        },
        {
          "index": 11,
          "word": "ms",
          "originalText": "ms",
          "characterOffsetBegin": 1353,
          "characterOffsetEnd": 1355,
          "before": " ",
          "after": " "
        },
        {
          "index": 12,
          "word": "account",
          "originalText": "account",
          "characterOffsetBegin": 1356,
          "characterOffsetEnd": 1363,
          "before": " ",
          "after": " "
        },
        {
          "index": 13,
          "word": "linked",
          "originalText": "linked",
          "characterOffsetBegin": 1364,
          "characterOffsetEnd": 1370,
          "before": " ",
          "after": " "
        },
        {
          "index": 14,
          "word": "so",
          "originalText": "so",
          "characterOffsetBegin": 1371,
          "characterOffsetEnd": 1373,
          "before": " ",
          "after": " "
        },
        {
          "index": 15,
          "word": "we",
          "originalText": "we",
          "characterOffsetBegin": 1374,
          "characterOffsetEnd": 1376,
          "before": " ",
          "after": " "
        },
        {
          "index": 16,
          "word": "dont",
          "originalText": "dont",
          "characterOffsetBegin": 1377,
          "characterOffsetEnd": 1381,
          "before": " ",
          "after": " "
        },
        {
          "index": 17,
          "word": "know",
          "originalText": "know",
          "characterOffsetBegin": 1382,
          "characterOffsetEnd": 1386,
          "before": " ",
          "after": " "
        },
        {
          "index": 18,
          "word": "if",
          "originalText": "if",
          "characterOffsetBegin": 1387,
          "characterOffsetEnd": 1389,
          "before": " ",
          "after": " "
        },
        {
          "index": 19,
          "word": "the",
          "originalText": "the",
          "characterOffsetBegin": 1390,
          "characterOffsetEnd": 1393,
          "before": " ",
          "after": " "
        },
        {
          "index": 20,
          "word": "lisence",
          "originalText": "lisence",
          "characterOffsetBegin": 1394,
          "characterOffsetEnd": 1401,
          "before": " ",
          "after": " "
        },
        {
          "index": 21,
          "word": "is",
          "originalText": "is",
          "characterOffsetBegin": 1402,
          "characterOffsetEnd": 1404,
          "before": " ",
          "after": " "
        },
        {
          "index": 22,
          "word": "valid",
          "originalText": "valid",
          "characterOffsetBegin": 1405,
          "characterOffsetEnd": 1410,
          "before": " ",
          "after": " "
        },
        {
          "index": 23,
          "word": "shell",
          "originalText": "shell",
          "characterOffsetBegin": 1411,
          "characterOffsetEnd": 1416,
          "before": " ",
          "after": " "
        },
        {
          "index": 24,
          "word": "be",
          "originalText": "be",
          "characterOffsetBegin": 1417,
          "characterOffsetEnd": 1419,
          "before": " ",
          "after": " "
        },
        {
          "index": 25,
          "word": "reformatting",
          "originalText": "reformatting",
          "characterOffsetBegin": 1420,
          "characterOffsetEnd": 1432,
          "before": " ",
          "after": " "
        },
        {
          "index": 26,
          "word": "and",
          "originalText": "and",
          "characterOffsetBegin": 1433,
          "characterOffsetEnd": 1436,
          "before": " ",
          "after": " "
        },
        {
          "index": 27,
          "word": "reinstalling",
          "originalText": "reinstalling",
          "characterOffsetBegin": 1437,
          "characterOffsetEnd": 1449,
          "before": " ",
          "after": " "
        },
        {
          "index": 28,
          "word": "7",
          "originalText": "7",
          "characterOffsetBegin": 1450,
          "characterOffsetEnd": 1451,
          "before": " ",
          "after": "  "
        },
        {
          "index": 29,
          "word": "to",
          "originalText": "to",
          "characterOffsetBegin": 1453,
          "characterOffsetEnd": 1455,
          "before": "  ",
          "after": " "
        },
        {
          "index": 30,
          "word": "10",
          "originalText": "10",
          "characterOffsetBegin": 1456,
          "characterOffsetEnd": 1458,
          "before": " ",
          "after": ""
        }
      ]
    },
    {
      "index": 20,
      "tokens": [
        {
          "index": 1,
          "word": "@highlight",
          "originalText": "@highlight",
          "characterOffsetBegin": 1460,
          "characterOffsetEnd": 1470,
          "before": "",
          "after": ""
        }
      ]
    },
    {
      "index": 21,
      "tokens": [
        {
          "index": 1,
          "word": "Wont",
          "originalText": "Wont",
          "characterOffsetBegin": 1472,
          "characterOffsetEnd": 1476,
          "before": "",
          "after": " "
        },
        {
          "index": 2,
          "word": "let",
          "originalText": "let",
          "characterOffsetBegin": 1477,
          "characterOffsetEnd": 1480,
          "before": " ",
          "after": " "
        },
        {
          "index": 3,
          "word": "us",
          "originalText": "us",
          "characterOffsetBegin": 1481,
          "characterOffsetEnd": 1483,
          "before": " ",
          "after": " "
        },
        {
          "index": 4,
          "word": "start",
          "originalText": "start",
          "characterOffsetBegin": 1484,
          "characterOffsetEnd": 1489,
          "before": " ",
          "after": " "
        },
        {
          "index": 5,
          "word": "over",
          "originalText": "over",
          "characterOffsetBegin": 1490,
          "characterOffsetEnd": 1494,
          "before": " ",
          "after": " "
        },
        {
          "index": 6,
          "word": "and",
          "originalText": "and",
          "characterOffsetBegin": 1495,
          "characterOffsetEnd": 1498,
          "before": " ",
          "after": " "
        },
        {
          "index": 7,
          "word": "reformat",
          "originalText": "reformat",
          "characterOffsetBegin": 1499,
          "characterOffsetEnd": 1507,
          "before": " ",
          "after": " "
        },
        {
          "index": 8,
          "word": "disc",
          "originalText": "disc",
          "characterOffsetBegin": 1508,
          "characterOffsetEnd": 1512,
          "before": " ",
          "after": " "
        },
        {
          "index": 9,
          "word": "nor",
          "originalText": "nor",
          "characterOffsetBegin": 1513,
          "characterOffsetEnd": 1516,
          "before": " ",
          "after": " "
        },
        {
          "index": 10,
          "word": "proceede",
          "originalText": "proceede",
          "characterOffsetBegin": 1517,
          "characterOffsetEnd": 1525,
          "before": " ",
          "after": " "
        },
        {
          "index": 11,
          "word": "past",
          "originalText": "past",
          "characterOffsetBegin": 1526,
          "characterOffsetEnd": 1530,
          "before": " ",
          "after": " "
        },
        {
          "index": 12,
          "word": "the",
          "originalText": "the",
          "characterOffsetBegin": 1531,
          "characterOffsetEnd": 1534,
          "before": " ",
          "after": " "
        },
        {
          "index": 13,
          "word": "initial",
          "originalText": "initial",
          "characterOffsetBegin": 1535,
          "characterOffsetEnd": 1542,
          "before": " ",
          "after": " "
        },
        {
          "index": 14,
          "word": "start",
          "originalText": "start",
          "characterOffsetBegin": 1543,
          "characterOffsetEnd": 1548,
          "before": " ",
          "after": " "
        },
        {
          "index": 15,
          "word": "screen",
          "originalText": "screen",
          "characterOffsetBegin": 1549,
          "characterOffsetEnd": 1555,
          "before": " ",
          "after": ""
        }
      ]
    },
    {
      "index": 22,
      "tokens": [
        {
          "index": 1,
          "word": "@highlight",
          "originalText": "@highlight",
          "characterOffsetBegin": 1557,
          "characterOffsetEnd": 1567,
          "before": "",
          "after": ""
        }
      ]
    },
    {
      "index": 23,
      "tokens": [
        {
          "index": 1,
          "word": "@MicrosoftHelps",
          "originalText": "@MicrosoftHelps",
          "characterOffsetBegin": 1569,
          "characterOffsetEnd": 1584,
          "before": "",
          "after": " "
        },
        {
          "index": 2,
          "word": "Im",
          "originalText": "Im",
          "characterOffsetBegin": 1585,
          "characterOffsetEnd": 1587,
          "before": " ",
          "after": " "
        },
        {
          "index": 3,
          "word": "reporting",
          "originalText": "reporting",
          "characterOffsetBegin": 1588,
          "characterOffsetEnd": 1597,
          "before": " ",
          "after": " "
        },
        {
          "index": 4,
          "word": "what",
          "originalText": "what",
          "characterOffsetBegin": 1598,
          "characterOffsetEnd": 1602,
          "before": " ",
          "after": " "
        },
        {
          "index": 5,
          "word": "shes",
          "originalText": "shes",
          "characterOffsetBegin": 1603,
          "characterOffsetEnd": 1607,
          "before": " ",
          "after": " "
        },
        {
          "index": 6,
          "word": "telling",
          "originalText": "telling",
          "characterOffsetBegin": 1608,
          "characterOffsetEnd": 1615,
          "before": " ",
          "after": " "
        },
        {
          "index": 7,
          "word": "me",
          "originalText": "me",
          "characterOffsetBegin": 1616,
          "characterOffsetEnd": 1618,
          "before": " ",
          "after": " "
        },
        {
          "index": 8,
          "word": "she",
          "originalText": "she",
          "characterOffsetBegin": 1619,
          "characterOffsetEnd": 1622,
          "before": " ",
          "after": " "
        },
        {
          "index": 9,
          "word": "tried",
          "originalText": "tried",
          "characterOffsetBegin": 1623,
          "characterOffsetEnd": 1628,
          "before": " ",
          "after": " "
        },
        {
          "index": 10,
          "word": "to",
          "originalText": "to",
          "characterOffsetBegin": 1629,
          "characterOffsetEnd": 1631,
          "before": " ",
          "after": " "
        },
        {
          "index": 11,
          "word": "repair",
          "originalText": "repair",
          "characterOffsetBegin": 1632,
          "characterOffsetEnd": 1638,
          "before": " ",
          "after": " "
        },
        {
          "index": 12,
          "word": "windows",
          "originalText": "windows",
          "characterOffsetBegin": 1639,
          "characterOffsetEnd": 1646,
          "before": " ",
          "after": " "
        },
        {
          "index": 13,
          "word": "now",
          "originalText": "now",
          "characterOffsetBegin": 1647,
          "characterOffsetEnd": 1650,
          "before": " ",
          "after": " "
        },
        {
          "index": 14,
          "word": "itsclocked",
          "originalText": "itsclocked",
          "characterOffsetBegin": 1651,
          "characterOffsetEnd": 1661,
          "before": " ",
          "after": " "
        },
        {
          "index": 15,
          "word": "mid",
          "originalText": "mid",
          "characterOffsetBegin": 1662,
          "characterOffsetEnd": 1665,
          "before": " ",
          "after": " "
        },
        {
          "index": 16,
          "word": "install",
          "originalText": "install",
          "characterOffsetBegin": 1666,
          "characterOffsetEnd": 1673,
          "before": " ",
          "after": ""
        }
      ]
    },
    {
      "index": 24,
      "tokens": [
        {
          "index": 1,
          "word": "@highlight",
          "originalText": "@highlight",
          "characterOffsetBegin": 1675,
          "characterOffsetEnd": 1685,
          "before": "",
          "after": ""
        }
      ]
    },
    {
      "index": 25,
      "tokens": [
        {
          "index": 1,
          "word": "Agent",
          "originalText": "Agent",
          "characterOffsetBegin": 1687,
          "characterOffsetEnd": 1692,
          "before": "",
          "after": ""
        },
        {
          "index": 2,
          "word": ":",
          "originalText": ":",
          "characterOffsetBegin": 1692,
          "characterOffsetEnd": 1693,
          "before": "",
          "after": " "
        },
        {
          "index": 3,
          "word": "@",
          "originalText": "@",
          "characterOffsetBegin": 1694,
          "characterOffsetEnd": 1695,
          "before": " ",
          "after": ""
        },
        {
          "index": 4,
          "word": "219181",
          "originalText": "219181",
          "characterOffsetBegin": 1695,
          "characterOffsetEnd": 1701,
          "before": "",
          "after": " "
        },
        {
          "index": 5,
          "word": "To",
          "originalText": "To",
          "characterOffsetBegin": 1702,
          "characterOffsetEnd": 1704,
          "before": " ",
          "after": " "
        },
        {
          "index": 6,
          "word": "help",
          "originalText": "help",
          "characterOffsetBegin": 1705,
          "characterOffsetEnd": 1709,
          "before": " ",
          "after": " "
        },
        {
          "index": 7,
          "word": "your",
          "originalText": "your",
          "characterOffsetBegin": 1710,
          "characterOffsetEnd": 1714,
          "before": " ",
          "after": " "
        },
        {
          "index": 8,
          "word": "friend",
          "originalText": "friend",
          "characterOffsetBegin": 1715,
          "characterOffsetEnd": 1721,
          "before": " ",
          "after": " "
        },
        {
          "index": 9,
          "word": "to",
          "originalText": "to",
          "characterOffsetBegin": 1722,
          "characterOffsetEnd": 1724,
          "before": " ",
          "after": " "
        },
        {
          "index": 10,
          "word": "address",
          "originalText": "address",
          "characterOffsetBegin": 1725,
          "characterOffsetEnd": 1732,
          "before": " ",
          "after": " "
        },
        {
          "index": 11,
          "word": "this",
          "originalText": "this",
          "characterOffsetBegin": 1733,
          "characterOffsetEnd": 1737,
          "before": " ",
          "after": " "
        },
        {
          "index": 12,
          "word": "issue",
          "originalText": "issue",
          "characterOffsetBegin": 1738,
          "characterOffsetEnd": 1743,
          "before": " ",
          "after": ""
        },
        {
          "index": 13,
          "word": ",",
          "originalText": ",",
          "characterOffsetBegin": 1743,
          "characterOffsetEnd": 1744,
          "before": "",
          "after": " "
        },
        {
          "index": 14,
          "word": "we",
          "originalText": "we",
          "characterOffsetBegin": 1745,
          "characterOffsetEnd": 1747,
          "before": " ",
          "after": " "
        },
        {
          "index": 15,
          "word": "suggest",
          "originalText": "suggest",
          "characterOffsetBegin": 1748,
          "characterOffsetEnd": 1755,
          "before": " ",
          "after": " "
        },
        {
          "index": 16,
          "word": "that",
          "originalText": "that",
          "characterOffsetBegin": 1756,
          "characterOffsetEnd": 1760,
          "before": " ",
          "after": " "
        },
        {
          "index": 17,
          "word": "you",
          "originalText": "you",
          "characterOffsetBegin": 1761,
          "characterOffsetEnd": 1764,
          "before": " ",
          "after": " "
        },
        {
          "index": 18,
          "word": "see",
          "originalText": "see",
          "characterOffsetBegin": 1765,
          "characterOffsetEnd": 1768,
          "before": " ",
          "after": " "
        },
        {
          "index": 19,
          "word": "this",
          "originalText": "this",
          "characterOffsetBegin": 1769,
          "characterOffsetEnd": 1773,
          "before": " ",
          "after": " "
        },
        {
          "index": 20,
          "word": "link",
          "originalText": "link",
          "characterOffsetBegin": 1774,
          "characterOffsetEnd": 1778,
          "before": " ",
          "after": ""
        },
        {
          "index": 21,
          "word": ":",
          "originalText": ":",
          "characterOffsetBegin": 1778,
          "characterOffsetEnd": 1779,
          "before": "",
          "after": " "
        },
        {
          "index": 22,
          "word": "https://t.co/onpQlsZKRm",
          "originalText": "https://t.co/onpQlsZKRm",
          "characterOffsetBegin": 1780,
          "characterOffsetEnd": 1803,
          "before": " ",
          "after": ""
        },
        {
          "index": 23,
          "word": ".",
          "originalText": ".",
          "characterOffsetBegin": 1803,
          "characterOffsetEnd": 1804,
          "before": "",
          "after": ""
        }
      ]
    }
  ]
}