{
  "sentences": [
    {
      "index": 0,
      "tokens": [
        {
          "index": 1,
          "word": "Customer",
          "originalText": "Customer",
          "characterOffsetBegin": 0,
          "characterOffsetEnd": 8,
          "before": "",
          "after": ""
        },
        {
          "index": 2,
          "word": ":",
          "originalText": ":",
          "characterOffsetBegin": 8,
          "characterOffsetEnd": 9,
          "before": "",
          "after": " "
        },
        {
          "index": 3,
          "word": "@",
          "originalText": "@",
          "characterOffsetBegin": 10,
          "characterOffsetEnd": 11,
          "before": " ",
          "after": ""
        },
        {
          "index": 4,
          "word": "115873",
          "originalText": "115873",
          "characterOffsetBegin": 11,
          "characterOffsetEnd": 17,
          "before": "",
          "after": " "
        },
        {
          "index": 5,
          "word": "@Uber_Support",
          "originalText": "@Uber_Support",
          "characterOffsetBegin": 18,
          "characterOffsetEnd": 31,
          "before": " ",
          "after": " "
        },
        {
          "index": 6,
          "word": "very",
          "originalText": "very",
          "characterOffsetBegin": 32,
          "characterOffsetEnd": 36,
          "before": " ",
          "after": " "
        },
        {
          "index": 7,
          "word": "disappointed",
          "originalText": "disappointed",
          "characterOffsetBegin": 37,
          "characterOffsetEnd": 49,
          "before": " ",
          "after": " "
        },
        {
          "index": 8,
          "word": "price",
          "originalText": "price",
          "characterOffsetBegin": 50,
          "characterOffsetEnd": 55,
          "before": " ",
          "after": " "
        },
        {
          "index": 9,
          "word": "was",
          "originalText": "was",
          "characterOffsetBegin": 56,
          "characterOffsetEnd": 59,
          "before": " ",
          "after": " "
        },
        {
          "index": 10,
          "word": "not",
          "originalText": "not",
          "characterOffsetBegin": 60,
          "characterOffsetEnd": 63,
          "before": " ",
          "after": " "
        },
        {
          "index": 11,
          "word": "the",
          "originalText": "the",
          "characterOffsetBegin": 64,
          "characterOffsetEnd": 67,
          "before": " ",
          "after": " "
        },
        {
          "index": 12,
          "word": "same",
          "originalText": "same",
          "characterOffsetBegin": 68,
          "characterOffsetEnd": 72,
          "before": " ",
          "after": " "
        },
        {
          "index": 13,
          "word": "when",
          "originalText": "when",
          "characterOffsetBegin": 73,
          "characterOffsetEnd": 77,
          "before": " ",
          "after": " "
        },
        {
          "index": 14,
          "word": "boarded",
          "originalText": "boarded",
          "characterOffsetBegin": 78,
          "characterOffsetEnd": 85,
          "before": " ",
          "after": " "
        },
        {
          "index": 15,
          "word": "Uber",
          "originalText": "Uber",
          "characterOffsetBegin": 86,
          "characterOffsetEnd": 90,
          "before": " ",
          "after": " "
        },
        {
          "index": 16,
          "word": "https://t.co/pvSZC6Odrq",
          "originalText": "https://t.co/pvSZC6Odrq",
          "characterOffsetBegin": 91,
          "characterOffsetEnd": 114,
          "before": " ",
          "after": ""
        }
      ]
    },
    {
      "index": 1,
      "tokens": [
        {
          "index": 1,
          "word": "Customer",
          "originalText": "Customer",
          "characterOffsetBegin": 116,
          "characterOffsetEnd": 124,
          "before": "",
          "after": ""
        },
        {
          "index": 2,
          "word": ":",
          "originalText": ":",
          "characterOffsetBegin": 124,
          "characterOffsetEnd": 125,
          "before": "",
          "after": " "
        },
        {
          "index": 3,
          "word": "@",
          "originalText": "@",
          "characterOffsetBegin": 126,
          "characterOffsetEnd": 127,
          "before": " ",
          "after": ""
        },
        {
          "index": 4,
          "word": "115873",
          "originalText": "115873",
          "characterOffsetBegin": 127,
          "characterOffsetEnd": 133,
          "before": "",
          "after": " "
        },
        {
          "index": 5,
          "word": "@Uber_Support",
          "originalText": "@Uber_Support",
          "characterOffsetBegin": 134,
          "characterOffsetEnd": 147,
          "before": " ",
          "after": " "
        },
        {
          "index": 6,
          "word": "Price",
          "originalText": "Price",
          "characterOffsetBegin": 148,
          "characterOffsetEnd": 153,
          "before": " ",
          "after": " "
        },
        {
          "index": 7,
          "word": "shown",
          "originalText": "shown",
          "characterOffsetBegin": 154,
          "characterOffsetEnd": 159,
          "before": " ",
          "after": " "
        },
        {
          "index": 8,
          "word": "in",
          "originalText": "in",
          "characterOffsetBegin": 160,
          "characterOffsetEnd": 162,
          "before": " ",
          "after": " "
        },
        {
          "index": 9,
          "word": "my",
          "originalText": "my",
          "characterOffsetBegin": 163,
          "characterOffsetEnd": 165,
          "before": " ",
          "after": " "
        },
        {
          "index": 10,
          "word": "Uber",
          "originalText": "Uber",
          "characterOffsetBegin": 166,
          "characterOffsetEnd": 170,
          "before": " ",
          "after": " "
        },
        {
          "index": 11,
          "word": "App",
          "originalText": "App",
          "characterOffsetBegin": 171,
          "characterOffsetEnd": 174,
          "before": " ",
          "after": " "
        },
        {
          "index": 12,
          "word": "was",
          "originalText": "was",
          "characterOffsetBegin": 175,
          "characterOffsetEnd": 178,
          "before": " ",
          "after": " "
        },
        {
          "index": 13,
          "word": "totally",
          "originalText": "totally",
          "characterOffsetBegin": 179,
          "characterOffsetEnd": 186,
          "before": " ",
          "after": " "
        },
        {
          "index": 14,
          "word": "different",
          "originalText": "different",
          "characterOffsetBegin": 187,
          "characterOffsetEnd": 196,
          "before": " ",
          "after": " "
        },
        {
          "index": 15,
          "word": "than",
          "originalText": "than",
          "characterOffsetBegin": 197,
          "characterOffsetEnd": 201,
          "before": " ",
          "after": " "
        },
        {
          "index": 16,
          "word": "collected",
          "originalText": "collected",
          "characterOffsetBegin": 202,
          "characterOffsetEnd": 211,
          "before": " ",
          "after": ""
        }
      ]
    },
    {
      "index": 2,
      "tokens": [
        {
          "index": 1,
          "word": "Customer",
          "originalText": "Customer",
          "characterOffsetBegin": 213,
          "characterOffsetEnd": 221,
          "before": "",
          "after": ""
        },
        {
          "index": 2,
          "word": ":",
          "originalText": ":",
          "characterOffsetBegin": 221,
          "characterOffsetEnd": 222,
          "before": "",
          "after": " "
        },
        {
          "index": 3,
          "word": "@",
          "originalText": "@",
          "characterOffsetBegin": 223,
          "characterOffsetEnd": 224,
          "before": " ",
          "after": ""
        },
        {
          "index": 4,
          "word": "115873",
          "originalText": "115873",
          "characterOffsetBegin": 224,
          "characterOffsetEnd": 230,
          "before": "",
          "after": " "
        },
        {
          "index": 5,
          "word": "@Uber_Support",
          "originalText": "@Uber_Support",
          "characterOffsetBegin": 231,
          "characterOffsetEnd": 244,
          "before": " ",
          "after": " "
        },
        {
          "index": 6,
          "word": "It",
          "originalText": "It",
          "characterOffsetBegin": 245,
          "characterOffsetEnd": 247,
          "before": " ",
          "after": " "
        },
        {
          "index": 7,
          "word": "is",
          "originalText": "is",
          "characterOffsetBegin": 248,
          "characterOffsetEnd": 250,
          "before": " ",
          "after": " "
        },
        {
          "index": 8,
          "word": "better",
          "originalText": "better",
          "characterOffsetBegin": 251,
          "characterOffsetEnd": 257,
          "before": " ",
          "after": " "
        },
        {
          "index": 9,
          "word": "to",
          "originalText": "to",
          "characterOffsetBegin": 258,
          "characterOffsetEnd": 260,
          "before": " ",
          "after": " "
        },
        {
          "index": 10,
          "word": "use",
          "originalText": "use",
          "characterOffsetBegin": 261,
          "characterOffsetEnd": 264,
          "before": " ",
          "after": " "
        },
        {
          "index": 11,
          "word": "local",
          "originalText": "local",
          "characterOffsetBegin": 265,
          "characterOffsetEnd": 270,
          "before": " ",
          "after": " "
        },
        {
          "index": 12,
          "word": "transport",
          "originalText": "transport",
          "characterOffsetBegin": 271,
          "characterOffsetEnd": 280,
          "before": " ",
          "after": " "
        },
        {
          "index": 13,
          "word": "Pathetic",
          "originalText": "Pathetic",
          "characterOffsetBegin": 281,
          "characterOffsetEnd": 289,
          "before": " ",
          "after": " "
        },
        {
          "index": 14,
          "word": "#UberIndia",
          "originalText": "#UberIndia",
          "characterOffsetBegin": 290,
          "characterOffsetEnd": 300,
          "before": " ",
          "after": "  "
        },
        {
          "index": 15,
          "word": "@",
          "originalText": "@",
          "characterOffsetBegin": 302,
          "characterOffsetEnd": 303,
          "before": "  ",
          "after": ""
        },
        {
          "index": 16,
          "word": "115873",
          "originalText": "115873",
          "characterOffsetBegin": 303,
          "characterOffsetEnd": 309,
          "before": "",
          "after": ""
        }
      ]
    },
    {
      "index": 3,
      "tokens": [
        {
          "index": 1,
          "word": "Agent",
          "originalText": "Agent",
          "characterOffsetBegin": 311,
          "characterOffsetEnd": 316,
          "before": "",
          "after": ""
        },
        {
          "index": 2,
          "word": ":",
          "originalText": ":",
          "characterOffsetBegin": 316,
          "characterOffsetEnd": 317,
          "before": "",
          "after": " "
        },
        {
          "index": 3,
          "word": "@",
          "originalText": "@",
          "characterOffsetBegin": 318,
          "characterOffsetEnd": 319,
          "before": " ",
          "after": ""
        },
        {
          "index": 4,
          "word": "360358",
          "originalText": "360358",
          "characterOffsetBegin": 319,
          "characterOffsetEnd": 325,
          "before": "",
          "after": " "
        },
        {
          "index": 5,
          "word": "Please",
          "originalText": "Please",
          "characterOffsetBegin": 326,
          "characterOffsetEnd": 332,
          "before": " ",
          "after": " "
        },
        {
          "index": 6,
          "word": "connect",
          "originalText": "connect",
          "characterOffsetBegin": 333,
          "characterOffsetEnd": 340,
          "before": " ",
          "after": " "
        },
        {
          "index": 7,
          "word": "with",
          "originalText": "with",
          "characterOffsetBegin": 341,
          "characterOffsetEnd": 345,
          "before": " ",
          "after": " "
        },
        {
          "index": 8,
          "word": "us",
          "originalText": "us",
          "characterOffsetBegin": 346,
          "characterOffsetEnd": 348,
          "before": " ",
          "after": " "
        },
        {
          "index": 9,
          "word": "at",
          "originalText": "at",
          "characterOffsetBegin": 349,
          "characterOffsetEnd": 351,
          "before": " ",
          "after": " "
        },
        {
          "index": 10,
          "word": "https://t.co/wW2bTlNcsR",
          "originalText": "https://t.co/wW2bTlNcsR",
          "characterOffsetBegin": 352,
          "characterOffsetEnd": 375,
          "before": " ",
          "after": " "
        },
        {
          "index": 11,
          "word": "and",
          "originalText": "and",
          "characterOffsetBegin": 376,
          "characterOffsetEnd": 379,
          "before": " ",
          "after": " "
        },
        {
          "index": 12,
          "word": "we",
          "originalText": "we",
          "characterOffsetBegin": 380,
          "characterOffsetEnd": 382,
          "before": " ",
          "after": ""
        },
        {
          "index": 13,
          "word": "'ll",
          "originalText": "'ll",
          "characterOffsetBegin": 382,
          "characterOffsetEnd": 385,
          "before": "",
          "after": " "
        },
        {
          "index": 14,
          "word": "be",
          "originalText": "be",
          "characterOffsetBegin": 386,
          "characterOffsetEnd": 388,
          "before": " ",
          "after": " "
        },
        {
          "index": 15,
          "word": "happy",
          "originalText": "happy",
          "characterOffsetBegin": 389,
          "characterOffsetEnd": 394,
          "before": " ",
          "after": " "
        },
        {
          "index": 16,
          "word": "to",
          "originalText": "to",
          "characterOffsetBegin": 395,
          "characterOffsetEnd": 397,
          "before": " ",
          "after": " "
        },
        {
          "index": 17,
          "word": "review",
          "originalText": "review",
          "characterOffsetBegin": 398,
          "characterOffsetEnd": 404,
          "before": " ",
          "after": " "
        },
        {
          "index": 18,
          "word": "the",
          "originalText": "the",
          "characterOffsetBegin": 405,
          "characterOffsetEnd": 408,
          "before": " ",
          "after": " "
        },
        {
          "index": 19,
          "word": "fare",
          "originalText": "fare",
          "characterOffsetBegin": 409,
          "characterOffsetEnd": 413,
          "before": " ",
          "after": ""
        },
        {
          "index": 20,
          "word": ".",
          "originalText": ".",
          "characterOffsetBegin": 413,
          "characterOffsetEnd": 414,
          "before": "",
          "after": ""
        }
      ]
    },
    {
      "index": 4,
      "tokens": [
        {
          "index": 1,
          "word": "Customer",
          "originalText": "Customer",
          "characterOffsetBegin": 416,
          "characterOffsetEnd": 424,
          "before": "",
          "after": ""
        },
        {
          "index": 2,
          "word": ":",
          "originalText": ":",
          "characterOffsetBegin": 424,
          "characterOffsetEnd": 425,
          "before": "",
          "after": " "
        },
        {
          "index": 3,
          "word": "@Uber_Support",
          "originalText": "@Uber_Support",
          "characterOffsetBegin": 426,
          "characterOffsetEnd": 439,
          "before": " ",
          "after": " "
        },
        {
          "index": 4,
          "word": "No",
          "originalText": "No",
          "characterOffsetBegin": 440,
          "characterOffsetEnd": 442,
          "before": " ",
          "after": " "
        },
        {
          "index": 5,
          "word": "update",
          "originalText": "update",
          "characterOffsetBegin": 443,
          "characterOffsetEnd": 449,
          "before": " ",
          "after": " "
        },
        {
          "index": 6,
          "word": "i",
          "originalText": "i",
          "characterOffsetBegin": 450,
          "characterOffsetEnd": 451,
          "before": " ",
          "after": " "
        },
        {
          "index": 7,
          "word": "have",
          "originalText": "have",
          "characterOffsetBegin": 452,
          "characterOffsetEnd": 456,
          "before": " ",
          "after": " "
        },
        {
          "index": 8,
          "word": "submitted",
          "originalText": "submitted",
          "characterOffsetBegin": 457,
          "characterOffsetEnd": 466,
          "before": " ",
          "after": "  "
        },
        {
          "index": 9,
          "word": "my",
          "originalText": "my",
          "characterOffsetBegin": 468,
          "characterOffsetEnd": 470,
          "before": "  ",
          "after": " "
        },
        {
          "index": 10,
          "word": "request",
          "originalText": "request",
          "characterOffsetBegin": 471,
          "characterOffsetEnd": 478,
          "before": " ",
          "after": "  "
        },
        {
          "index": 11,
          "word": "on",
          "originalText": "on",
          "characterOffsetBegin": 480,
          "characterOffsetEnd": 482,
          "before": "  ",
          "after": " "
        },
        {
          "index": 12,
          "word": "the",
          "originalText": "the",
          "characterOffsetBegin": 483,
          "characterOffsetEnd": 486,
          "before": " ",
          "after": " "
        },
        {
          "index": 13,
          "word": "portal",
          "originalText": "portal",
          "characterOffsetBegin": 487,
          "characterOffsetEnd": 493,
          "before": " ",
          "after": ""
        }
      ]
    },
    {
      "index": 5,
      "tokens": [
        {
          "index": 1,
          "word": "Agent",
          "originalText": "Agent",
          "characterOffsetBegin": 495,
          "characterOffsetEnd": 500,
          "before": "",
          "after": ""
        },
        {
          "index": 2,
          "word": ":",
          "originalText": ":",
          "characterOffsetBegin": 500,
          "characterOffsetEnd": 501,
          "before": "",
          "after": " "
        },
        {
          "index": 3,
          "word": "@",
          "originalText": "@",
          "characterOffsetBegin": 502,
          "characterOffsetEnd": 503,
          "before": " ",
          "after": ""
        },
        {
          "index": 4,
          "word": "360358",
          "originalText": "360358",
          "characterOffsetBegin": 503,
          "characterOffsetEnd": 509,
          "before": "",
          "after": " "
        },
        {
          "index": 5,
          "word": "We",
          "originalText": "We",
          "characterOffsetBegin": 510,
          "characterOffsetEnd": 512,
          "before": " ",
          "after": " "
        },
        {
          "index": 6,
          "word": "apologize",
          "originalText": "apologize",
          "characterOffsetBegin": 513,
          "characterOffsetEnd": 522,
          "before": " ",
          "after": " "
        },
        {
          "index": 7,
          "word": "for",
          "originalText": "for",
          "characterOffsetBegin": 523,
          "characterOffsetEnd": 526,
          "before": " ",
          "after": " "
        },
        {
          "index": 8,
          "word": "the",
          "originalText": "the",
          "characterOffsetBegin": 527,
          "characterOffsetEnd": 530,
          "before": " ",
          "after": " "
        },
        {
          "index": 9,
          "word": "trouble",
          "originalText": "trouble",
          "characterOffsetBegin": 531,
          "characterOffsetEnd": 538,
          "before": " ",
          "after": ""
        },
        {
          "index": 10,
          "word": "!",
          "originalText": "!",
          "characterOffsetBegin": 538,
          "characterOffsetEnd": 539,
          "before": "",
          "after": ""
        }
      ]
    },
    {
      "index": 6,
      "tokens": [
        {
          "index": 1,
          "word": "Please",
          "originalText": "Please",
          "characterOffsetBegin": 541,
          "characterOffsetEnd": 547,
          "before": "",
          "after": " "
        },
        {
          "index": 2,
          "word": "DM",
          "originalText": "DM",
          "characterOffsetBegin": 548,
          "characterOffsetEnd": 550,
          "before": " ",
          "after": " "
        },
        {
          "index": 3,
          "word": "us",
          "originalText": "us",
          "characterOffsetBegin": 551,
          "characterOffsetEnd": 553,
          "before": " ",
          "after": " "
        },
        {
          "index": 4,
          "word": "your",
          "originalText": "your",
          "characterOffsetBegin": 554,
          "characterOffsetEnd": 558,
          "before": " ",
          "after": " "
        },
        {
          "index": 5,
          "word": "email",
          "originalText": "email",
          "characterOffsetBegin": 559,
          "characterOffsetEnd": 564,
          "before": " ",
          "after": " "
        },
        {
          "index": 6,
          "word": "address",
          "originalText": "address",
          "characterOffsetBegin": 565,
          "characterOffsetEnd": 572,
          "before": " ",
          "after": " "
        },
        {
          "index": 7,
          "word": "and",
          "originalText": "and",
          "characterOffsetBegin": 573,
          "characterOffsetEnd": 576,
          "before": " ",
          "after": " "
        },
        {
          "index": 8,
          "word": "we",
          "originalText": "we",
          "characterOffsetBegin": 577,
          "characterOffsetEnd": 579,
          "before": " ",
          "after": ""
        },
        {
          "index": 9,
          "word": "'ll",
          "originalText": "'ll",
          "characterOffsetBegin": 579,
          "characterOffsetEnd": 582,
          "before": "",
          "after": " "
        },
        {
          "index": 10,
          "word": "follow",
          "originalText": "follow",
          "characterOffsetBegin": 583,
          "characterOffsetEnd": 589,
          "before": " ",
          "after": " "
        },
        {
          "index": 11,
          "word": "up",
          "originalText": "up",
          "characterOffsetBegin": 590,
          "characterOffsetEnd": 592,
          "before": " ",
          "after": ""
        },
        {
          "index": 12,
          "word": ".",
          "originalText": ".",
          "characterOffsetBegin": 592,
          "characterOffsetEnd": 593,
          "before": "",
          "after": ""
        }
      ]
    },
    {
      "index": 7,
      "tokens": [
        {
          "index": 1,
          "word": "Customer",
          "originalText": "Customer",
          "characterOffsetBegin": 595,
          "characterOffsetEnd": 603,
          "before": "",
          "after": ""
        },
        {
          "index": 2,
          "word": ":",
          "originalText": ":",
          "characterOffsetBegin": 603,
          "characterOffsetEnd": 604,
          "before": "",
          "after": " "
        },
        {
          "index": 3,
          "word": "@Uber_Support",
          "originalText": "@Uber_Support",
          "characterOffsetBegin": 605,
          "characterOffsetEnd": 618,
          "before": " ",
          "after": " "
        },
        {
          "index": 4,
          "word": "__",
          "originalText": "__",
          "characterOffsetBegin": 619,
          "characterOffsetEnd": 621,
          "before": " ",
          "after": ""
        },
        {
          "index": 5,
          "word": "email",
          "originalText": "email",
          "characterOffsetBegin": 621,
          "characterOffsetEnd": 626,
          "before": "",
          "after": ""
        },
        {
          "index": 6,
          "word": "__",
          "originalText": "__",
          "characterOffsetBegin": 626,
          "characterOffsetEnd": 628,
          "before": "",
          "after": ""
        }
      ]
    },
    {
      "index": 8,
      "tokens": [
        {
          "index": 1,
          "word": "Agent",
          "originalText": "Agent",
          "characterOffsetBegin": 630,
          "characterOffsetEnd": 635,
          "before": "",
          "after": ""
        },
        {
          "index": 2,
          "word": ":",
          "originalText": ":",
          "characterOffsetBegin": 635,
          "characterOffsetEnd": 636,
          "before": "",
          "after": " "
        },
        {
          "index": 3,
          "word": "@",
          "originalText": "@",
          "characterOffsetBegin": 637,
          "characterOffsetEnd": 638,
          "before": " ",
          "after": ""
        },
        {
          "index": 4,
          "word": "360358",
          "originalText": "360358",
          "characterOffsetBegin": 638,
          "characterOffsetEnd": 644,
          "before": "",
          "after": " "
        },
        {
          "index": 5,
          "word": "Thanks",
          "originalText": "Thanks",
          "characterOffsetBegin": 645,
          "characterOffsetEnd": 651,
          "before": " ",
          "after": ""
        },
        {
          "index": 6,
          "word": ",",
          "originalText": ",",
          "characterOffsetBegin": 651,
          "characterOffsetEnd": 652,
          "before": "",
          "after": " "
        },
        {
          "index": 7,
          "word": "Gulab",
          "originalText": "Gulab",
          "characterOffsetBegin": 653,
          "characterOffsetEnd": 658,
          "before": " ",
          "after": ""
        },
        {
          "index": 8,
          "word": ".",
          "originalText": ".",
          "characterOffsetBegin": 658,
          "characterOffsetEnd": 659,
          "before": "",
          "after": ""
        }
      ]
    },
    {
      "index": 9,
      "tokens": [
        {
          "index": 1,
          "word": "It",
          "originalText": "It",
          "characterOffsetBegin": 661,
          "characterOffsetEnd": 663,
          "before": "",
          "after": " "
        },
        {
          "index": 2,
          "word": "looks",
          "originalText": "looks",
          "characterOffsetBegin": 664,
          "characterOffsetEnd": 669,
          "before": " ",
          "after": " "
        },
        {
          "index": 3,
          "word": "like",
          "originalText": "like",
          "characterOffsetBegin": 670,
          "characterOffsetEnd": 674,
          "before": " ",
          "after": " "
        },
        {
          "index": 4,
          "word": "our",
          "originalText": "our",
          "characterOffsetBegin": 675,
          "characterOffsetEnd": 678,
          "before": " ",
          "after": " "
        },
        {
          "index": 5,
          "word": "team",
          "originalText": "team",
          "characterOffsetBegin": 679,
          "characterOffsetEnd": 683,
          "before": " ",
          "after": " "
        },
        {
          "index": 6,
          "word": "was",
          "originalText": "was",
          "characterOffsetBegin": 684,
          "characterOffsetEnd": 687,
          "before": " ",
          "after": " "
        },
        {
          "index": 7,
          "word": "in",
          "originalText": "in",
          "characterOffsetBegin": 688,
          "characterOffsetEnd": 690,
          "before": " ",
          "after": " "
        },
        {
          "index": 8,
          "word": "touch",
          "originalText": "touch",
          "characterOffsetBegin": 691,
          "characterOffsetEnd": 696,
          "before": " ",
          "after": " "
        },
        {
          "index": 9,
          "word": "one",
          "originalText": "one",
          "characterOffsetBegin": 697,
          "characterOffsetEnd": 700,
          "before": " ",
          "after": " "
        },
        {
          "index": 10,
          "word": "day",
          "originalText": "day",
          "characterOffsetBegin": 701,
          "characterOffsetEnd": 704,
          "before": " ",
          "after": " "
        },
        {
          "index": 11,
          "word": "ago",
          "originalText": "ago",
          "characterOffsetBegin": 705,
          "characterOffsetEnd": 708,
          "before": " ",
          "after": " "
        },
        {
          "index": 12,
          "word": "and",
          "originalText": "and",
          "characterOffsetBegin": 709,
          "characterOffsetEnd": 712,
          "before": " ",
          "after": " "
        },
        {
          "index": 13,
          "word": "requested",
          "originalText": "requested",
          "characterOffsetBegin": 713,
          "characterOffsetEnd": 722,
          "before": " ",
          "after": " "
        },
        {
          "index": 14,
          "word": "more",
          "originalText": "more",
          "characterOffsetBegin": 723,
          "characterOffsetEnd": 727,
          "before": " ",
          "after": " "
        },
        {
          "index": 15,
          "word": "info",
          "originalText": "info",
          "characterOffsetBegin": 728,
          "characterOffsetEnd": 732,
          "before": " ",
          "after": ""
        },
        {
          "index": 16,
          "word": ".",
          "originalText": ".",
          "characterOffsetBegin": 732,
          "characterOffsetEnd": 733,
          "before": "",
          "after": ""
        }
      ]
    },
    {
      "index": 10,
      "tokens": [
        {
          "index": 1,
          "word": "Please",
          "originalText": "Please",
          "characterOffsetBegin": 735,
          "characterOffsetEnd": 741,
          "before": "",
          "after": " "
        },
        {
          "index": 2,
          "word": "keep",
          "originalText": "keep",
          "characterOffsetBegin": 742,
          "characterOffsetEnd": 746,
          "before": " ",
          "after": " "
        },
        {
          "index": 3,
          "word": "an",
          "originalText": "an",
          "characterOffsetBegin": 747,
          "characterOffsetEnd": 749,
          "before": " ",
          "after": " "
        },
        {
          "index": 4,
          "word": "eye",
          "originalText": "eye",
          "characterOffsetBegin": 750,
          "characterOffsetEnd": 753,
          "before": " ",
          "after": " "
        },
        {
          "index": 5,
          "word": "on",
          "originalText": "on",
          "characterOffsetBegin": 754,
          "characterOffsetEnd": 756,
          "before": " ",
          "after": " "
        },
        {
          "index": 6,
          "word": "your",
          "originalText": "your",
          "characterOffsetBegin": 757,
          "characterOffsetEnd": 761,
          "before": " ",
          "after": " "
        },
        {
          "index": 7,
          "word": "inbox",
          "originalText": "inbox",
          "characterOffsetBegin": 762,
          "characterOffsetEnd": 767,
          "before": " ",
          "after": " "
        },
        {
          "index": 8,
          "word": "for",
          "originalText": "for",
          "characterOffsetBegin": 768,
          "characterOffsetEnd": 771,
          "before": " ",
          "after": " "
        },
        {
          "index": 9,
          "word": "our",
          "originalText": "our",
          "characterOffsetBegin": 772,
          "characterOffsetEnd": 775,
          "before": " ",
          "after": " "
        },
        {
          "index": 10,
          "word": "response",
          "originalText": "response",
          "characterOffsetBegin": 776,
          "characterOffsetEnd": 784,
          "before": " ",
          "after": ""
        },
        {
          "index": 11,
          "word": ".",
          "originalText": ".",
          "characterOffsetBegin": 784,
          "characterOffsetEnd": 785,
          "before": "",
          "after": ""
        }
      ]
    },
    {
      "index": 11,
      "tokens": [
        {
          "index": 1,
          "word": "Customer",
          "originalText": "Customer",
          "characterOffsetBegin": 787,
          "characterOffsetEnd": 795,
          "before": "",
          "after": ""
        },
        {
          "index": 2,
          "word": ":",
          "originalText": ":",
          "characterOffsetBegin": 795,
          "characterOffsetEnd": 796,
          "before": "",
          "after": " "
        },
        {
          "index": 3,
          "word": "@Uber_Support",
          "originalText": "@Uber_Support",
          "characterOffsetBegin": 797,
          "characterOffsetEnd": 810,
          "before": " ",
          "after": " "
        },
        {
          "index": 4,
          "word": "No",
          "originalText": "No",
          "characterOffsetBegin": 811,
          "characterOffsetEnd": 813,
          "before": " ",
          "after": " "
        },
        {
          "index": 5,
          "word": "update",
          "originalText": "update",
          "characterOffsetBegin": 814,
          "characterOffsetEnd": 820,
          "before": " ",
          "after": " "
        },
        {
          "index": 6,
          "word": "yet",
          "originalText": "yet",
          "characterOffsetBegin": 821,
          "characterOffsetEnd": 824,
          "before": " ",
          "after": " "
        },
        {
          "index": 7,
          "word": "#UberIndia",
          "originalText": "#UberIndia",
          "characterOffsetBegin": 825,
          "characterOffsetEnd": 835,
          "before": " ",
          "after": ""
        }
      ]
    },
    {
      "index": 12,
      "tokens": [
        {
          "index": 1,
          "word": "Agent",
          "originalText": "Agent",
          "characterOffsetBegin": 837,
          "characterOffsetEnd": 842,
          "before": "",
          "after": ""
        },
        {
          "index": 2,
          "word": ":",
          "originalText": ":",
          "characterOffsetBegin": 842,
          "characterOffsetEnd": 843,
          "before": "",
          "after": " "
        },
        {
          "index": 3,
          "word": "@",
          "originalText": "@",
          "characterOffsetBegin": 844,
          "characterOffsetEnd": 845,
          "before": " ",
          "after": ""
        },
        {
          "index": 4,
          "word": "360358",
          "originalText": "360358",
          "characterOffsetBegin": 845,
          "characterOffsetEnd": 851,
          "before": "",
          "after": " "
        },
        {
          "index": 5,
          "word": "Hey",
          "originalText": "Hey",
          "characterOffsetBegin": 852,
          "characterOffsetEnd": 855,
          "before": " ",
          "after": " "
        },
        {
          "index": 6,
          "word": "Gulab",
          "originalText": "Gulab",
          "characterOffsetBegin": 856,
          "characterOffsetEnd": 861,
          "before": " ",
          "after": ""
        },
        {
          "index": 7,
          "word": ",",
          "originalText": ",",
          "characterOffsetBegin": 861,
          "characterOffsetEnd": 862,
          "before": "",
          "after": " "
        },
        {
          "index": 8,
          "word": "our",
          "originalText": "our",
          "characterOffsetBegin": 863,
          "characterOffsetEnd": 866,
          "before": " ",
          "after": " "
        },
        {
          "index": 9,
          "word": "team",
          "originalText": "team",
          "characterOffsetBegin": 867,
          "characterOffsetEnd": 871,
          "before": " ",
          "after": " "
        },
        {
          "index": 10,
          "word": "has",
          "originalText": "has",
          "characterOffsetBegin": 872,
          "characterOffsetEnd": 875,
          "before": " ",
          "after": " "
        },
        {
          "index": 11,
          "word": "been",
          "originalText": "been",
          "characterOffsetBegin": 876,
          "characterOffsetEnd": 880,
          "before": " ",
          "after": " "
        },
        {
          "index": 12,
          "word": "in",
          "originalText": "in",
          "characterOffsetBegin": 881,
          "characterOffsetEnd": 883,
          "before": " ",
          "after": " "
        },
        {
          "index": 13,
          "word": "touch",
          "originalText": "touch",
          "characterOffsetBegin": 884,
          "characterOffsetEnd": 889,
          "before": " ",
          "after": " "
        },
        {
          "index": 14,
          "word": "and",
          "originalText": "and",
          "characterOffsetBegin": 890,
          "characterOffsetEnd": 893,
          "before": " ",
          "after": " "
        },
        {
          "index": 15,
          "word": "is",
          "originalText": "is",
          "characterOffsetBegin": 894,
          "characterOffsetEnd": 896,
          "before": " ",
          "after": " "
        },
        {
          "index": 16,
          "word": "awaiting",
          "originalText": "awaiting",
          "characterOffsetBegin": 897,
          "characterOffsetEnd": 905,
          "before": " ",
          "after": " "
        },
        {
          "index": 17,
          "word": "your",
          "originalText": "your",
          "characterOffsetBegin": 906,
          "characterOffsetEnd": 910,
          "before": " ",
          "after": " "
        },
        {
          "index": 18,
          "word": "reply",
          "originalText": "reply",
          "characterOffsetBegin": 911,
          "characterOffsetEnd": 916,
          "before": " ",
          "after": ""
        },
        {
          "index": 19,
          "word": ".",
          "originalText": ".",
          "characterOffsetBegin": 916,
          "characterOffsetEnd": 917,
          "before": "",
          "after": ""
        }
      ]
    },
    {
      "index": 13,
      "tokens": [
        {
          "index": 1,
          "word": "Please",
          "originalText": "Please",
          "characterOffsetBegin": 919,
          "characterOffsetEnd": 925,
          "before": "",
          "after": " "
        },
        {
          "index": 2,
          "word": "check",
          "originalText": "check",
          "characterOffsetBegin": 926,
          "characterOffsetEnd": 931,
          "before": " ",
          "after": " "
        },
        {
          "index": 3,
          "word": "your",
          "originalText": "your",
          "characterOffsetBegin": 932,
          "characterOffsetEnd": 936,
          "before": " ",
          "after": " "
        },
        {
          "index": 4,
          "word": "rider",
          "originalText": "rider",
          "characterOffsetBegin": 937,
          "characterOffsetEnd": 942,
          "before": " ",
          "after": " "
        },
        {
          "index": 5,
          "word": "app",
          "originalText": "app",
          "characterOffsetBegin": 943,
          "characterOffsetEnd": 946,
          "before": " ",
          "after": " "
        },
        {
          "index": 6,
          "word": "under",
          "originalText": "under",
          "characterOffsetBegin": 947,
          "characterOffsetEnd": 952,
          "before": " ",
          "after": " "
        },
        {
          "index": 7,
          "word": "the",
          "originalText": "the",
          "characterOffsetBegin": 953,
          "characterOffsetEnd": 956,
          "before": " ",
          "after": " "
        },
        {
          "index": 8,
          "word": "`",
          "originalText": "'",
          "characterOffsetBegin": 957,
          "characterOffsetEnd": 958,
          "before": " ",
          "after": ""
        },
        {
          "index": 9,
          "word": "Help",
          "originalText": "Help",
          "characterOffsetBegin": 958,
          "characterOffsetEnd": 962,
          "before": "",
          "after": ""
        },
        {
          "index": 10,
          "word": "'",
          "originalText": "'",
          "characterOffsetBegin": 962,
          "characterOffsetEnd": 963,
          "before": "",
          "after": " "
        },
        {
          "index": 11,
          "word": "section",
          "originalText": "section",
          "characterOffsetBegin": 964,
          "characterOffsetEnd": 971,
          "before": " ",
          "after": " "
        },
        {
          "index": 12,
          "word": "or",
          "originalText": "or",
          "characterOffsetBegin": 972,
          "characterOffsetEnd": 974,
          "before": " ",
          "after": " "
        },
        {
          "index": 13,
          "word": "email",
          "originalText": "email",
          "characterOffsetBegin": 975,
          "characterOffsetEnd": 980,
          "before": " ",
          "after": " "
        },
        {
          "index": 14,
          "word": "to",
          "originalText": "to",
          "characterOffsetBegin": 981,
          "characterOffsetEnd": 983,
          "before": " ",
          "after": " "
        },
        {
          "index": 15,
          "word": "respond",
          "originalText": "respond",
          "characterOffsetBegin": 984,
          "characterOffsetEnd": 991,
          "before": " ",
          "after": ""
        },
        {
          "index": 16,
          "word": ".",
          "originalText": ".",
          "characterOffsetBegin": 991,
          "characterOffsetEnd": 992,
          "before": "",
          "after": ""
        }
      ]
    },
    {
      "index": 14,
      "tokens": [
        {
          "index": 1,
          "word": "@highlight",
          "originalText": "@highlight",
          "characterOffsetBegin": 994,
          "characterOffsetEnd": 1004,
          "before": "",
          "after": ""
        }
      ]
    },
    {
      "index": 15,
      "tokens": [
        {
          "index": 1,
          "word": "Customer",
          "originalText": "Customer",
          "characterOffsetBegin": 1006,
          "characterOffsetEnd": 1014,
          "before": "",
          "after": ""
        },
        {
          "index": 2,
          "word": ":",
          "originalText": ":",
          "characterOffsetBegin": 1014,
          "characterOffsetEnd": 1015,
          "before": "",
          "after": " "
        },
        {
          "index": 3,
          "word": "@",
          "originalText": "@",
          "characterOffsetBegin": 1016,
          "characterOffsetEnd": 1017,
          "before": " ",
          "after": ""
        },
        {
          "index": 4,
          "word": "115873",
          "originalText": "115873",
          "characterOffsetBegin": 1017,
          "characterOffsetEnd": 1023,
          "before": "",
          "after": " "
        },
        {
          "index": 5,
          "word": "@Uber_Support",
          "originalText": "@Uber_Support",
          "characterOffsetBegin": 1024,
          "characterOffsetEnd": 1037,
          "before": " ",
          "after": " "
        },
        {
          "index": 6,
          "word": "very",
          "originalText": "very",
          "characterOffsetBegin": 1038,
          "characterOffsetEnd": 1042,
          "before": " ",
          "after": " "
        },
        {
          "index": 7,
          "word": "disappointed",
          "originalText": "disappointed",
          "characterOffsetBegin": 1043,
          "characterOffsetEnd": 1055,
          "before": " ",
          "after": " "
        },
        {
          "index": 8,
          "word": "price",
          "originalText": "price",
          "characterOffsetBegin": 1056,
          "characterOffsetEnd": 1061,
          "before": " ",
          "after": " "
        },
        {
          "index": 9,
          "word": "was",
          "originalText": "was",
          "characterOffsetBegin": 1062,
          "characterOffsetEnd": 1065,
          "before": " ",
          "after": " "
        },
        {
          "index": 10,
          "word": "not",
          "originalText": "not",
          "characterOffsetBegin": 1066,
          "characterOffsetEnd": 1069,
          "before": " ",
          "after": " "
        },
        {
          "index": 11,
          "word": "the",
          "originalText": "the",
          "characterOffsetBegin": 1070,
          "characterOffsetEnd": 1073,
          "before": " ",
          "after": " "
        },
        {
          "index": 12,
          "word": "same",
          "originalText": "same",
          "characterOffsetBegin": 1074,
          "characterOffsetEnd": 1078,
          "before": " ",
          "after": " "
        },
        {
          "index": 13,
          "word": "when",
          "originalText": "when",
          "characterOffsetBegin": 1079,
          "characterOffsetEnd": 1083,
          "before": " ",
          "after": " "
        },
        {
          "index": 14,
          "word": "boarded",
          "originalText": "boarded",
          "characterOffsetBegin": 1084,
          "characterOffsetEnd": 1091,
          "before": " ",
          "after": " "
        },
        {
          "index": 15,
          "word": "Uber",
          "originalText": "Uber",
          "characterOffsetBegin": 1092,
          "characterOffsetEnd": 1096,
          "before": " ",
          "after": " "
        },
        {
          "index": 16,
          "word": "https://t.co/pvSZC6Odrq",
          "originalText": "https://t.co/pvSZC6Odrq",
          "characterOffsetBegin": 1097,
          "characterOffsetEnd": 1120,
          "before": " ",
          "after": ""
        }
      ]
    },
    {
      "index": 16,
      "tokens": [
        {
          "index": 1,
          "word": "@highlight",
          "originalText": "@highlight",
          "characterOffsetBegin": 1122,
          "characterOffsetEnd": 1132,
          "before": "",
          "after": ""
        }
      ]
    },
    {
      "index": 17,
      "tokens": [
        {
          "index": 1,
          "word": "Agent",
          "originalText": "Agent",
          "characterOffsetBegin": 1134,
          "characterOffsetEnd": 1139,
          "before": "",
          "after": ""
        },
        {
          "index": 2,
          "word": ":",
          "originalText": ":",
          "characterOffsetBegin": 1139,
          "characterOffsetEnd": 1140,
          "before": "",
          "after": " "
        },
        {
          "index": 3,
          "word": "@",
          "originalText": "@",
          "characterOffsetBegin": 1141,
          "characterOffsetEnd": 1142,
          "before": " ",
          "after": ""
        },
        {
          "index": 4,
          "word": "360358",
          "originalText": "360358",
          "characterOffsetBegin": 1142,
          "characterOffsetEnd": 1148,
          "before": "",
          "after": " "
        },
        {
          "index": 5,
          "word": "Please",
          "originalText": "Please",
          "characterOffsetBegin": 1149,
          "characterOffsetEnd": 1155,
          "before": " ",
          "after": " "
        },
        {
          "index": 6,
          "word": "connect",
          "originalText": "connect",
          "characterOffsetBegin": 1156,
          "characterOffsetEnd": 1163,
          "before": " ",
          "after": " "
        },
        {
          "index": 7,
          "word": "with",
          "originalText": "with",
          "characterOffsetBegin": 1164,
          "characterOffsetEnd": 1168,
          "before": " ",
          "after": " "
        },
        {
          "index": 8,
          "word": "us",
          "originalText": "us",
          "characterOffsetBegin": 1169,
          "characterOffsetEnd": 1171,
          "before": " ",
          "after": " "
        },
        {
          "index": 9,
          "word": "at",
          "originalText": "at",
          "characterOffsetBegin": 1172,
          "characterOffsetEnd": 1174,
          "before": " ",
          "after": " "
        },
        {
          "index": 10,
          "word": "https://t.co/wW2bTlNcsR",
          "originalText": "https://t.co/wW2bTlNcsR",
          "characterOffsetBegin": 1175,
          "characterOffsetEnd": 1198,
          "before": " ",
          "after": " "
        },
        {
          "index": 11,
          "word": "and",
          "originalText": "and",
          "characterOffsetBegin": 1199,
          "characterOffsetEnd": 1202,
          "before": " ",
          "after": " "
        },
        {
          "index": 12,
          "word": "we",
          "originalText": "we",
          "characterOffsetBegin": 1203,
          "characterOffsetEnd": 1205,
          "before": " ",
          "after": ""
        },
        {
          "index": 13,
          "word": "'ll",
          "originalText": "'ll",
          "characterOffsetBegin": 1205,
          "characterOffsetEnd": 1208,
          "before": "",
          "after": " "
        },
        {
          "index": 14,
          "word": "be",
          "originalText": "be",
          "characterOffsetBegin": 1209,
          "characterOffsetEnd": 1211,
          "before": " ",
          "after": " "
        },
        {
          "index": 15,
          "word": "happy",
          "originalText": "happy",
          "characterOffsetBegin": 1212,
          "characterOffsetEnd": 1217,
          "before": " ",
          "after": " "
        },
        {
          "index": 16,
          "word": "to",
          "originalText": "to",
          "characterOffsetBegin": 1218,
          "characterOffsetEnd": 1220,
          "before": " ",
          "after": " "
        },
        {
          "index": 17,
          "word": "review",
          "originalText": "review",
          "characterOffsetBegin": 1221,
          "characterOffsetEnd": 1227,
          "before": " ",
          "after": " "
        },
        {
          "index": 18,
          "word": "the",
          "originalText": "the",
          "characterOffsetBegin": 1228,
          "characterOffsetEnd": 1231,
          "before": " ",
          "after": " "
        },
        {
          "index": 19,
          "word": "fare",
          "originalText": "fare",
          "characterOffsetBegin": 1232,
          "characterOffsetEnd": 1236,
          "before": " ",
          "after": ""
        },
        {
          "index": 20,
          "word": ".",
          "originalText": ".",
          "characterOffsetBegin": 1236,
          "characterOffsetEnd": 1237,
          "before": "",
          "after": ""
        }
      ]
    },
    {
      "index": 18,
      "tokens": [
        {
          "index": 1,
          "word": "@highlight",
          "originalText": "@highlight",
          "characterOffsetBegin": 1239,
          "characterOffsetEnd": 1249,
          "before": "",
          "after": ""
        }
      ]
    },
    {
      "index": 19,
      "tokens": [
        {
          "index": 1,
          "word": "Please",
          "originalText": "Please",
          "characterOffsetBegin": 1251,
          "characterOffsetEnd": 1257,
          "before": "",
          "after": " "
        },
        {
          "index": 2,
          "word": "DM",
          "originalText": "DM",
          "characterOffsetBegin": 1258,
          "characterOffsetEnd": 1260,
          "before": " ",
          "after": " "
        },
        {
          "index": 3,
          "word": "us",
          "originalText": "us",
          "characterOffsetBegin": 1261,
          "characterOffsetEnd": 1263,
          "before": " ",
          "after": " "
        },
        {
          "index": 4,
          "word": "your",
          "originalText": "your",
          "characterOffsetBegin": 1264,
          "characterOffsetEnd": 1268,
          "before": " ",
          "after": " "
        },
        {
          "index": 5,
          "word": "email",
          "originalText": "email",
          "characterOffsetBegin": 1269,
          "characterOffsetEnd": 1274,
          "before": " ",
          "after": " "
        },
        {
          "index": 6,
          "word": "address",
          "originalText": "address",
          "characterOffsetBegin": 1275,
          "characterOffsetEnd": 1282,
          "before": " ",
          "after": " "
        },
        {
          "index": 7,
          "word": "and",
          "originalText": "and",
          "characterOffsetBegin": 1283,
          "characterOffsetEnd": 1286,
          "before": " ",
          "after": " "
        },
        {
          "index": 8,
          "word": "we",
          "originalText": "we",
          "characterOffsetBegin": 1287,
          "characterOffsetEnd": 1289,
          "before": " ",
          "after": ""
        },
        {
          "index": 9,
          "word": "'ll",
          "originalText": "'ll",
          "characterOffsetBegin": 1289,
          "characterOffsetEnd": 1292,
          "before": "",
          "after": " "
        },
        {
          "index": 10,
          "word": "follow",
          "originalText": "follow",
          "characterOffsetBegin": 1293,
          "characterOffsetEnd": 1299,
          "before": " ",
          "after": " "
        },
        {
          "index": 11,
          "word": "up",
          "originalText": "up",
          "characterOffsetBegin": 1300,
          "characterOffsetEnd": 1302,
          "before": " ",
          "after": ""
        },
        {
          "index": 12,
          "word": ".",
          "originalText": ".",
          "characterOffsetBegin": 1302,
          "characterOffsetEnd": 1303,
          "before": "",
          "after": ""
        }
      ]
    },
    {
      "index": 20,
      "tokens": [
        {
          "index": 1,
          "word": "@highlight",
          "originalText": "@highlight",
          "characterOffsetBegin": 1305,
          "characterOffsetEnd": 1315,
          "before": "",
          "after": ""
        }
      ]
    },
    {
      "index": 21,
      "tokens": [
        {
          "index": 1,
          "word": "Please",
          "originalText": "Please",
          "characterOffsetBegin": 1317,
          "characterOffsetEnd": 1323,
          "before": "",
          "after": " "
        },
        {
          "index": 2,
          "word": "keep",
          "originalText": "keep",
          "characterOffsetBegin": 1324,
          "characterOffsetEnd": 1328,
          "before": " ",
          "after": " "
        },
        {
          "index": 3,
          "word": "an",
          "originalText": "an",
          "characterOffsetBegin": 1329,
          "characterOffsetEnd": 1331,
          "before": " ",
          "after": " "
        },
        {
          "index": 4,
          "word": "eye",
          "originalText": "eye",
          "characterOffsetBegin": 1332,
          "characterOffsetEnd": 1335,
          "before": " ",
          "after": " "
        },
        {
          "index": 5,
          "word": "on",
          "originalText": "on",
          "characterOffsetBegin": 1336,
          "characterOffsetEnd": 1338,
          "before": " ",
          "after": " "
        },
        {
          "index": 6,
          "word": "your",
          "originalText": "your",
          "characterOffsetBegin": 1339,
          "characterOffsetEnd": 1343,
          "before": " ",
          "after": " "
        },
        {
          "index": 7,
          "word": "inbox",
          "originalText": "inbox",
          "characterOffsetBegin": 1344,
          "characterOffsetEnd": 1349,
          "before": " ",
          "after": " "
        },
        {
          "index": 8,
          "word": "for",
          "originalText": "for",
          "characterOffsetBegin": 1350,
          "characterOffsetEnd": 1353,
          "before": " ",
          "after": " "
        },
        {
          "index": 9,
          "word": "our",
          "originalText": "our",
          "characterOffsetBegin": 1354,
          "characterOffsetEnd": 1357,
          "before": " ",
          "after": " "
        },
        {
          "index": 10,
          "word": "response",
          "originalText": "response",
          "characterOffsetBegin": 1358,
          "characterOffsetEnd": 1366,
          "before": " ",
          "after": ""
        },
        {
          "index": 11,
          "word": ".",
          "originalText": ".",
          "characterOffsetBegin": 1366,
          "characterOffsetEnd": 1367,
          "before": "",
          "after": ""
        }
      ]
    },
    {
      "index": 22,
      "tokens": [
        {
          "index": 1,
          "word": "@highlight",
          "originalText": "@highlight",
          "characterOffsetBegin": 1369,
          "characterOffsetEnd": 1379,
          "before": "",
          "after": ""
        }
      ]
    },
    {
      "index": 23,
      "tokens": [
        {
          "index": 1,
          "word": "Please",
          "originalText": "Please",
          "characterOffsetBegin": 1381,
          "characterOffsetEnd": 1387,
          "before": "",
          "after": " "
        },
        {
          "index": 2,
          "word": "check",
          "originalText": "check",
          "characterOffsetBegin": 1388,
          "characterOffsetEnd": 1393,
          "before": " ",
          "after": " "
        },
        {
          "index": 3,
          "word": "your",
          "originalText": "your",
          "characterOffsetBegin": 1394,
          "characterOffsetEnd": 1398,
          "before": " ",
          "after": " "
        },
        {
          "index": 4,
          "word": "rider",
          "originalText": "rider",
          "characterOffsetBegin": 1399,
          "characterOffsetEnd": 1404,
          "before": " ",
          "after": " "
        },
        {
          "index": 5,
          "word": "app",
          "originalText": "app",
          "characterOffsetBegin": 1405,
          "characterOffsetEnd": 1408,
          "before": " ",
          "after": " "
        },
        {
          "index": 6,
          "word": "under",
          "originalText": "under",
          "characterOffsetBegin": 1409,
          "characterOffsetEnd": 1414,
          "before": " ",
          "after": " "
        },
        {
          "index": 7,
          "word": "the",
          "originalText": "the",
          "characterOffsetBegin": 1415,
          "characterOffsetEnd": 1418,
          "before": " ",
          "after": " "
        },
        {
          "index": 8,
          "word": "`",
          "originalText": "'",
          "characterOffsetBegin": 1419,
          "characterOffsetEnd": 1420,
          "before": " ",
          "after": ""
        },
        {
          "index": 9,
          "word": "Help",
          "originalText": "Help",
          "characterOffsetBegin": 1420,
          "characterOffsetEnd": 1424,
          "before": "",
          "after": ""
        },
        {
          "index": 10,
          "word": "'",
          "originalText": "'",
          "characterOffsetBegin": 1424,
          "characterOffsetEnd": 1425,
          "before": "",
          "after": " "
        },
        {
          "index": 11,
          "word": "section",
          "originalText": "section",
          "characterOffsetBegin": 1426,
          "characterOffsetEnd": 1433,
          "before": " ",
          "after": " "
        },
        {
          "index": 12,
          "word": "or",
          "originalText": "or",
          "characterOffsetBegin": 1434,
          "characterOffsetEnd": 1436,
          "before": " ",
          "after": " "
        },
        {
          "index": 13,
          "word": "email",
          "originalText": "email",
          "characterOffsetBegin": 1437,
          "characterOffsetEnd": 1442,
          "before": " ",
          "after": " "
        },
        {
          "index": 14,
          "word": "to",
          "originalText": "to",
          "characterOffsetBegin": 1443,
          "characterOffsetEnd": 1445,
          "before": " ",
          "after": " "
        },
        {
          "index": 15,
          "word": "respond",
          "originalText": "respond",
          "characterOffsetBegin": 1446,
          "characterOffsetEnd": 1453,
          "before": " ",
          "after": ""
        },
        {
          "index": 16,
          "word": ".",
          "originalText": ".",
          "characterOffsetBegin": 1453,
          "characterOffsetEnd": 1454,
          "before": "",
          "after": ""
        }
      ]
    }
  ]
}