{
  "sentences": [
    {
      "index": 0,
      "tokens": [
        {
          "index": 1,
          "word": "Customer",
          "originalText": "Customer",
          "characterOffsetBegin": 0,
          "characterOffsetEnd": 8,
          "before": "",
          "after": ""
        },
        {
          "index": 2,
          "word": ":",
          "originalText": ":",
          "characterOffsetBegin": 8,
          "characterOffsetEnd": 9,
          "before": "",
          "after": " "
        },
        {
          "index": 3,
          "word": "Cheers",
          "originalText": "Cheers",
          "characterOffsetBegin": 10,
          "characterOffsetEnd": 16,
          "before": " ",
          "after": " "
        },
        {
          "index": 4,
          "word": "@GWRHelp",
          "originalText": "@GWRHelp",
          "characterOffsetBegin": 17,
          "characterOffsetEnd": 25,
          "before": " ",
          "after": " "
        },
        {
          "index": 5,
          "word": "I",
          "originalText": "I",
          "characterOffsetBegin": 26,
          "characterOffsetEnd": 27,
          "before": " ",
          "after": ""
        },
        {
          "index": 6,
          "word": "'ve",
          "originalText": "'ve",
          "characterOffsetBegin": 27,
          "characterOffsetEnd": 30,
          "before": "",
          "after": " "
        },
        {
          "index": 7,
          "word": "not",
          "originalText": "not",
          "characterOffsetBegin": 31,
          "characterOffsetEnd": 34,
          "before": " ",
          "after": " "
        },
        {
          "index": 8,
          "word": "even",
          "originalText": "even",
          "characterOffsetBegin": 35,
          "characterOffsetEnd": 39,
          "before": " ",
          "after": " "
        },
        {
          "index": 9,
          "word": "left",
          "originalText": "left",
          "characterOffsetBegin": 40,
          "characterOffsetEnd": 44,
          "before": " ",
          "after": " "
        },
        {
          "index": 10,
          "word": "Bristol",
          "originalText": "Bristol",
          "characterOffsetBegin": 45,
          "characterOffsetEnd": 52,
          "before": " ",
          "after": " "
        },
        {
          "index": 11,
          "word": "Temple",
          "originalText": "Temple",
          "characterOffsetBegin": 53,
          "characterOffsetEnd": 59,
          "before": " ",
          "after": " "
        },
        {
          "index": 12,
          "word": "Meads",
          "originalText": "Meads",
          "characterOffsetBegin": 60,
          "characterOffsetEnd": 65,
          "before": " ",
          "after": " "
        },
        {
          "index": 13,
          "word": "and",
          "originalText": "and",
          "characterOffsetBegin": 66,
          "characterOffsetEnd": 69,
          "before": " ",
          "after": " "
        },
        {
          "index": 14,
          "word": "I",
          "originalText": "I",
          "characterOffsetBegin": 70,
          "characterOffsetEnd": 71,
          "before": " ",
          "after": ""
        },
        {
          "index": 15,
          "word": "'ve",
          "originalText": "'ve",
          "characterOffsetBegin": 71,
          "characterOffsetEnd": 74,
          "before": "",
          "after": " "
        },
        {
          "index": 16,
          "word": "already",
          "originalText": "already",
          "characterOffsetBegin": 75,
          "characterOffsetEnd": 82,
          "before": " ",
          "after": " "
        },
        {
          "index": 17,
          "word": "missed",
          "originalText": "missed",
          "characterOffsetBegin": 83,
          "characterOffsetEnd": 89,
          "before": " ",
          "after": " "
        },
        {
          "index": 18,
          "word": "my",
          "originalText": "my",
          "characterOffsetBegin": 90,
          "characterOffsetEnd": 92,
          "before": " ",
          "after": " "
        },
        {
          "index": 19,
          "word": "connection",
          "originalText": "connection",
          "characterOffsetBegin": 93,
          "characterOffsetEnd": 103,
          "before": " ",
          "after": " "
        },
        {
          "index": 20,
          "word": "at",
          "originalText": "at",
          "characterOffsetBegin": 104,
          "characterOffsetEnd": 106,
          "before": " ",
          "after": " "
        },
        {
          "index": 21,
          "word": "Newport",
          "originalText": "Newport",
          "characterOffsetBegin": 107,
          "characterOffsetEnd": 114,
          "before": " ",
          "after": " "
        },
        {
          "index": 22,
          "word": "because",
          "originalText": "because",
          "characterOffsetBegin": 115,
          "characterOffsetEnd": 122,
          "before": " ",
          "after": " "
        },
        {
          "index": 23,
          "word": "you",
          "originalText": "you",
          "characterOffsetBegin": 123,
          "characterOffsetEnd": 126,
          "before": " ",
          "after": ""
        },
        {
          "index": 24,
          "word": "'ve",
          "originalText": "'ve",
          "characterOffsetBegin": 126,
          "characterOffsetEnd": 129,
          "before": "",
          "after": " "
        },
        {
          "index": 25,
          "word": "decided",
          "originalText": "decided",
          "characterOffsetBegin": 130,
          "characterOffsetEnd": 137,
          "before": " ",
          "after": " "
        },
        {
          "index": 26,
          "word": "to",
          "originalText": "to",
          "characterOffsetBegin": 138,
          "characterOffsetEnd": 140,
          "before": " ",
          "after": " "
        },
        {
          "index": 27,
          "word": "stick",
          "originalText": "stick",
          "characterOffsetBegin": 141,
          "characterOffsetEnd": 146,
          "before": " ",
          "after": " "
        },
        {
          "index": 28,
          "word": "another",
          "originalText": "another",
          "characterOffsetBegin": 147,
          "characterOffsetEnd": 154,
          "before": " ",
          "after": " "
        },
        {
          "index": 29,
          "word": "carriage",
          "originalText": "carriage",
          "characterOffsetBegin": 155,
          "characterOffsetEnd": 163,
          "before": " ",
          "after": " "
        },
        {
          "index": 30,
          "word": "on",
          "originalText": "on",
          "characterOffsetBegin": 164,
          "characterOffsetEnd": 166,
          "before": " ",
          "after": " "
        },
        {
          "index": 31,
          "word": "just",
          "originalText": "just",
          "characterOffsetBegin": 167,
          "characterOffsetEnd": 171,
          "before": " ",
          "after": " "
        },
        {
          "index": 32,
          "word": "in",
          "originalText": "in",
          "characterOffsetBegin": 172,
          "characterOffsetEnd": 174,
          "before": " ",
          "after": " "
        },
        {
          "index": 33,
          "word": "case",
          "originalText": "case",
          "characterOffsetBegin": 175,
          "characterOffsetEnd": 179,
          "before": " ",
          "after": ""
        },
        {
          "index": 34,
          "word": ".",
          "originalText": ".",
          "characterOffsetBegin": 179,
          "characterOffsetEnd": 180,
          "before": "",
          "after": ""
        }
      ]
    },
    {
      "index": 1,
      "tokens": [
        {
          "index": 1,
          "word": "I",
          "originalText": "I",
          "characterOffsetBegin": 182,
          "characterOffsetEnd": 183,
          "before": "",
          "after": " "
        },
        {
          "index": 2,
          "word": "wo",
          "originalText": "wo",
          "characterOffsetBegin": 184,
          "characterOffsetEnd": 186,
          "before": " ",
          "after": ""
        },
        {
          "index": 3,
          "word": "n't",
          "originalText": "n't",
          "characterOffsetBegin": 186,
          "characterOffsetEnd": 189,
          "before": "",
          "after": " "
        },
        {
          "index": 4,
          "word": "get",
          "originalText": "get",
          "characterOffsetBegin": 190,
          "characterOffsetEnd": 193,
          "before": " ",
          "after": " "
        },
        {
          "index": 5,
          "word": "home",
          "originalText": "home",
          "characterOffsetBegin": 194,
          "characterOffsetEnd": 198,
          "before": " ",
          "after": " "
        },
        {
          "index": 6,
          "word": "until",
          "originalText": "until",
          "characterOffsetBegin": 199,
          "characterOffsetEnd": 204,
          "before": " ",
          "after": " "
        },
        {
          "index": 7,
          "word": "9pm",
          "originalText": "9pm",
          "characterOffsetBegin": 205,
          "characterOffsetEnd": 208,
          "before": " ",
          "after": " "
        },
        {
          "index": 8,
          "word": "now",
          "originalText": "now",
          "characterOffsetBegin": 209,
          "characterOffsetEnd": 212,
          "before": " ",
          "after": ""
        },
        {
          "index": 9,
          "word": ".",
          "originalText": ".",
          "characterOffsetBegin": 212,
          "characterOffsetEnd": 213,
          "before": "",
          "after": ""
        }
      ]
    },
    {
      "index": 2,
      "tokens": [
        {
          "index": 1,
          "word": "Agent",
          "originalText": "Agent",
          "characterOffsetBegin": 215,
          "characterOffsetEnd": 220,
          "before": "",
          "after": ""
        },
        {
          "index": 2,
          "word": ":",
          "originalText": ":",
          "characterOffsetBegin": 220,
          "characterOffsetEnd": 221,
          "before": "",
          "after": " "
        },
        {
          "index": 3,
          "word": "@",
          "originalText": "@",
          "characterOffsetBegin": 222,
          "characterOffsetEnd": 223,
          "before": " ",
          "after": ""
        },
        {
          "index": 4,
          "word": "639204",
          "originalText": "639204",
          "characterOffsetBegin": 223,
          "characterOffsetEnd": 229,
          "before": "",
          "after": " "
        },
        {
          "index": 5,
          "word": "Hi",
          "originalText": "Hi",
          "characterOffsetBegin": 230,
          "characterOffsetEnd": 232,
          "before": " ",
          "after": ""
        },
        {
          "index": 6,
          "word": ",",
          "originalText": ",",
          "characterOffsetBegin": 232,
          "characterOffsetEnd": 233,
          "before": "",
          "after": " "
        },
        {
          "index": 7,
          "word": "sorry",
          "originalText": "sorry",
          "characterOffsetBegin": 234,
          "characterOffsetEnd": 239,
          "before": " ",
          "after": " "
        },
        {
          "index": 8,
          "word": "for",
          "originalText": "for",
          "characterOffsetBegin": 240,
          "characterOffsetEnd": 243,
          "before": " ",
          "after": " "
        },
        {
          "index": 9,
          "word": "the",
          "originalText": "the",
          "characterOffsetBegin": 244,
          "characterOffsetEnd": 247,
          "before": " ",
          "after": " "
        },
        {
          "index": 10,
          "word": "delay",
          "originalText": "delay",
          "characterOffsetBegin": 248,
          "characterOffsetEnd": 253,
          "before": " ",
          "after": ""
        },
        {
          "index": 11,
          "word": ".",
          "originalText": ".",
          "characterOffsetBegin": 253,
          "characterOffsetEnd": 254,
          "before": "",
          "after": ""
        }
      ]
    },
    {
      "index": 3,
      "tokens": [
        {
          "index": 1,
          "word": "What",
          "originalText": "What",
          "characterOffsetBegin": 256,
          "characterOffsetEnd": 260,
          "before": "",
          "after": " "
        },
        {
          "index": 2,
          "word": "was",
          "originalText": "was",
          "characterOffsetBegin": 261,
          "characterOffsetEnd": 264,
          "before": " ",
          "after": " "
        },
        {
          "index": 3,
          "word": "the",
          "originalText": "the",
          "characterOffsetBegin": 265,
          "characterOffsetEnd": 268,
          "before": " ",
          "after": " "
        },
        {
          "index": 4,
          "word": "departure",
          "originalText": "departure",
          "characterOffsetBegin": 269,
          "characterOffsetEnd": 278,
          "before": " ",
          "after": " "
        },
        {
          "index": 5,
          "word": "time",
          "originalText": "time",
          "characterOffsetBegin": 279,
          "characterOffsetEnd": 283,
          "before": " ",
          "after": " "
        },
        {
          "index": 6,
          "word": "from",
          "originalText": "from",
          "characterOffsetBegin": 284,
          "characterOffsetEnd": 288,
          "before": " ",
          "after": " "
        },
        {
          "index": 7,
          "word": "Bristol",
          "originalText": "Bristol",
          "characterOffsetBegin": 289,
          "characterOffsetEnd": 296,
          "before": " ",
          "after": ""
        },
        {
          "index": 8,
          "word": "?",
          "originalText": "?",
          "characterOffsetBegin": 296,
          "characterOffsetEnd": 297,
          "before": "",
          "after": ""
        }
      ]
    },
    {
      "index": 4,
      "tokens": [
        {
          "index": 1,
          "word": "-",
          "originalText": "-",
          "characterOffsetBegin": 299,
          "characterOffsetEnd": 300,
          "before": "",
          "after": ""
        },
        {
          "index": 2,
          "word": "Andy",
          "originalText": "Andy",
          "characterOffsetBegin": 300,
          "characterOffsetEnd": 304,
          "before": "",
          "after": ""
        }
      ]
    },
    {
      "index": 5,
      "tokens": [
        {
          "index": 1,
          "word": "Customer",
          "originalText": "Customer",
          "characterOffsetBegin": 306,
          "characterOffsetEnd": 314,
          "before": "",
          "after": ""
        },
        {
          "index": 2,
          "word": ":",
          "originalText": ":",
          "characterOffsetBegin": 314,
          "characterOffsetEnd": 315,
          "before": "",
          "after": " "
        },
        {
          "index": 3,
          "word": "@GWRHelp",
          "originalText": "@GWRHelp",
          "characterOffsetBegin": 316,
          "characterOffsetEnd": 324,
          "before": " ",
          "after": " "
        },
        {
          "index": 4,
          "word": "14.54",
          "originalText": "14.54",
          "characterOffsetBegin": 325,
          "characterOffsetEnd": 330,
          "before": " ",
          "after": " "
        },
        {
          "index": 5,
          "word": "the",
          "originalText": "the",
          "characterOffsetBegin": 331,
          "characterOffsetEnd": 334,
          "before": " ",
          "after": " "
        },
        {
          "index": 6,
          "word": "train",
          "originalText": "train",
          "characterOffsetBegin": 335,
          "characterOffsetEnd": 340,
          "before": " ",
          "after": " "
        },
        {
          "index": 7,
          "word": "was",
          "originalText": "was",
          "characterOffsetBegin": 341,
          "characterOffsetEnd": 344,
          "before": " ",
          "after": " "
        },
        {
          "index": 8,
          "word": "on",
          "originalText": "on",
          "characterOffsetBegin": 345,
          "characterOffsetEnd": 347,
          "before": " ",
          "after": " "
        },
        {
          "index": 9,
          "word": "time",
          "originalText": "time",
          "characterOffsetBegin": 348,
          "characterOffsetEnd": 352,
          "before": " ",
          "after": " "
        },
        {
          "index": 10,
          "word": "until",
          "originalText": "until",
          "characterOffsetBegin": 353,
          "characterOffsetEnd": 358,
          "before": " ",
          "after": " "
        },
        {
          "index": 11,
          "word": "the",
          "originalText": "the",
          "characterOffsetBegin": 359,
          "characterOffsetEnd": 362,
          "before": " ",
          "after": " "
        },
        {
          "index": 12,
          "word": "extra",
          "originalText": "extra",
          "characterOffsetBegin": 363,
          "characterOffsetEnd": 368,
          "before": " ",
          "after": " "
        },
        {
          "index": 13,
          "word": "carriage",
          "originalText": "carriage",
          "characterOffsetBegin": 369,
          "characterOffsetEnd": 377,
          "before": " ",
          "after": " "
        },
        {
          "index": 14,
          "word": "silliness",
          "originalText": "silliness",
          "characterOffsetBegin": 378,
          "characterOffsetEnd": 387,
          "before": " ",
          "after": ""
        },
        {
          "index": 15,
          "word": ".",
          "originalText": ".",
          "characterOffsetBegin": 387,
          "characterOffsetEnd": 388,
          "before": "",
          "after": ""
        }
      ]
    },
    {
      "index": 6,
      "tokens": [
        {
          "index": 1,
          "word": "I",
          "originalText": "I",
          "characterOffsetBegin": 390,
          "characterOffsetEnd": 391,
          "before": "",
          "after": " "
        },
        {
          "index": 2,
          "word": "had",
          "originalText": "had",
          "characterOffsetBegin": 392,
          "characterOffsetEnd": 395,
          "before": " ",
          "after": " "
        },
        {
          "index": 3,
          "word": "a",
          "originalText": "a",
          "characterOffsetBegin": 396,
          "characterOffsetEnd": 397,
          "before": " ",
          "after": " "
        },
        {
          "index": 4,
          "word": "9",
          "originalText": "9",
          "characterOffsetBegin": 398,
          "characterOffsetEnd": 399,
          "before": " ",
          "after": " "
        },
        {
          "index": 5,
          "word": "minute",
          "originalText": "minute",
          "characterOffsetBegin": 400,
          "characterOffsetEnd": 406,
          "before": " ",
          "after": " "
        },
        {
          "index": 6,
          "word": "window",
          "originalText": "window",
          "characterOffsetBegin": 407,
          "characterOffsetEnd": 413,
          "before": " ",
          "after": " "
        },
        {
          "index": 7,
          "word": "in",
          "originalText": "in",
          "characterOffsetBegin": 414,
          "characterOffsetEnd": 416,
          "before": " ",
          "after": " "
        },
        {
          "index": 8,
          "word": "Newport",
          "originalText": "Newport",
          "characterOffsetBegin": 417,
          "characterOffsetEnd": 424,
          "before": " ",
          "after": " "
        },
        {
          "index": 9,
          "word": "but",
          "originalText": "but",
          "characterOffsetBegin": 425,
          "characterOffsetEnd": 428,
          "before": " ",
          "after": " "
        },
        {
          "index": 10,
          "word": "there",
          "originalText": "there",
          "characterOffsetBegin": 429,
          "characterOffsetEnd": 434,
          "before": " ",
          "after": ""
        },
        {
          "index": 11,
          "word": "'s",
          "originalText": "'s",
          "characterOffsetBegin": 434,
          "characterOffsetEnd": 436,
          "before": "",
          "after": " "
        },
        {
          "index": 12,
          "word": "no",
          "originalText": "no",
          "characterOffsetBegin": 437,
          "characterOffsetEnd": 439,
          "before": " ",
          "after": " "
        },
        {
          "index": 13,
          "word": "way",
          "originalText": "way",
          "characterOffsetBegin": 440,
          "characterOffsetEnd": 443,
          "before": " ",
          "after": " "
        },
        {
          "index": 14,
          "word": "I",
          "originalText": "I",
          "characterOffsetBegin": 444,
          "characterOffsetEnd": 445,
          "before": " ",
          "after": ""
        },
        {
          "index": 15,
          "word": "'m",
          "originalText": "'m",
          "characterOffsetBegin": 445,
          "characterOffsetEnd": 447,
          "before": "",
          "after": " "
        },
        {
          "index": 16,
          "word": "gon",
          "originalText": "gon",
          "characterOffsetBegin": 448,
          "characterOffsetEnd": 451,
          "before": " ",
          "after": ""
        },
        {
          "index": 17,
          "word": "na",
          "originalText": "na",
          "characterOffsetBegin": 451,
          "characterOffsetEnd": 453,
          "before": "",
          "after": " "
        },
        {
          "index": 18,
          "word": "make",
          "originalText": "make",
          "characterOffsetBegin": 454,
          "characterOffsetEnd": 458,
          "before": " ",
          "after": " "
        },
        {
          "index": 19,
          "word": "that",
          "originalText": "that",
          "characterOffsetBegin": 459,
          "characterOffsetEnd": 463,
          "before": " ",
          "after": " "
        },
        {
          "index": 20,
          "word": "connection",
          "originalText": "connection",
          "characterOffsetBegin": 464,
          "characterOffsetEnd": 474,
          "before": " ",
          "after": " "
        },
        {
          "index": 21,
          "word": "now",
          "originalText": "now",
          "characterOffsetBegin": 475,
          "characterOffsetEnd": 478,
          "before": " ",
          "after": " "
        },
        {
          "index": 22,
          "word": "unless",
          "originalText": "unless",
          "characterOffsetBegin": 479,
          "characterOffsetEnd": 485,
          "before": " ",
          "after": " "
        },
        {
          "index": 23,
          "word": "your",
          "originalText": "your",
          "characterOffsetBegin": 486,
          "characterOffsetEnd": 490,
          "before": " ",
          "after": " "
        },
        {
          "index": 24,
          "word": "train",
          "originalText": "train",
          "characterOffsetBegin": 491,
          "characterOffsetEnd": 496,
          "before": " ",
          "after": " "
        },
        {
          "index": 25,
          "word": "enters",
          "originalText": "enters",
          "characterOffsetBegin": 497,
          "characterOffsetEnd": 503,
          "before": " ",
          "after": " "
        },
        {
          "index": 26,
          "word": "a",
          "originalText": "a",
          "characterOffsetBegin": 504,
          "characterOffsetEnd": 505,
          "before": " ",
          "after": " "
        },
        {
          "index": 27,
          "word": "wormhole",
          "originalText": "wormhole",
          "characterOffsetBegin": 506,
          "characterOffsetEnd": 514,
          "before": " ",
          "after": " "
        },
        {
          "index": 28,
          "word": "or",
          "originalText": "or",
          "characterOffsetBegin": 515,
          "characterOffsetEnd": 517,
          "before": " ",
          "after": " "
        },
        {
          "index": 29,
          "word": "breaks",
          "originalText": "breaks",
          "characterOffsetBegin": 518,
          "characterOffsetEnd": 524,
          "before": " ",
          "after": " "
        },
        {
          "index": 30,
          "word": "the",
          "originalText": "the",
          "characterOffsetBegin": 525,
          "characterOffsetEnd": 528,
          "before": " ",
          "after": " "
        },
        {
          "index": 31,
          "word": "land",
          "originalText": "land",
          "characterOffsetBegin": 529,
          "characterOffsetEnd": 533,
          "before": " ",
          "after": " "
        },
        {
          "index": 32,
          "word": "speed",
          "originalText": "speed",
          "characterOffsetBegin": 534,
          "characterOffsetEnd": 539,
          "before": " ",
          "after": " "
        },
        {
          "index": 33,
          "word": "record",
          "originalText": "record",
          "characterOffsetBegin": 540,
          "characterOffsetEnd": 546,
          "before": " ",
          "after": ""
        },
        {
          "index": 34,
          "word": ".",
          "originalText": ".",
          "characterOffsetBegin": 546,
          "characterOffsetEnd": 547,
          "before": "",
          "after": ""
        }
      ]
    },
    {
      "index": 7,
      "tokens": [
        {
          "index": 1,
          "word": "Agent",
          "originalText": "Agent",
          "characterOffsetBegin": 549,
          "characterOffsetEnd": 554,
          "before": "",
          "after": ""
        },
        {
          "index": 2,
          "word": ":",
          "originalText": ":",
          "characterOffsetBegin": 554,
          "characterOffsetEnd": 555,
          "before": "",
          "after": " "
        },
        {
          "index": 3,
          "word": "@",
          "originalText": "@",
          "characterOffsetBegin": 556,
          "characterOffsetEnd": 557,
          "before": " ",
          "after": ""
        },
        {
          "index": 4,
          "word": "639204",
          "originalText": "639204",
          "characterOffsetBegin": 557,
          "characterOffsetEnd": 563,
          "before": "",
          "after": " "
        },
        {
          "index": 5,
          "word": "Apologies",
          "originalText": "Apologies",
          "characterOffsetBegin": 564,
          "characterOffsetEnd": 573,
          "before": " ",
          "after": " "
        },
        {
          "index": 6,
          "word": "this",
          "originalText": "this",
          "characterOffsetBegin": 574,
          "characterOffsetEnd": 578,
          "before": " ",
          "after": " "
        },
        {
          "index": 7,
          "word": "is",
          "originalText": "is",
          "characterOffsetBegin": 579,
          "characterOffsetEnd": 581,
          "before": " ",
          "after": " "
        },
        {
          "index": 8,
          "word": "now",
          "originalText": "now",
          "characterOffsetBegin": 582,
          "characterOffsetEnd": 585,
          "before": " ",
          "after": " "
        },
        {
          "index": 9,
          "word": "10",
          "originalText": "10",
          "characterOffsetBegin": 586,
          "characterOffsetEnd": 588,
          "before": " ",
          "after": " "
        },
        {
          "index": 10,
          "word": "minutes",
          "originalText": "minutes",
          "characterOffsetBegin": 589,
          "characterOffsetEnd": 596,
          "before": " ",
          "after": " "
        },
        {
          "index": 11,
          "word": "late",
          "originalText": "late",
          "characterOffsetBegin": 597,
          "characterOffsetEnd": 601,
          "before": " ",
          "after": ""
        },
        {
          "index": 12,
          "word": ",",
          "originalText": ",",
          "characterOffsetBegin": 601,
          "characterOffsetEnd": 602,
          "before": "",
          "after": " "
        },
        {
          "index": 13,
          "word": "where",
          "originalText": "where",
          "characterOffsetBegin": 603,
          "characterOffsetEnd": 608,
          "before": " ",
          "after": " "
        },
        {
          "index": 14,
          "word": "are",
          "originalText": "are",
          "characterOffsetBegin": 609,
          "characterOffsetEnd": 612,
          "before": " ",
          "after": " "
        },
        {
          "index": 15,
          "word": "you",
          "originalText": "you",
          "characterOffsetBegin": 613,
          "characterOffsetEnd": 616,
          "before": " ",
          "after": " "
        },
        {
          "index": 16,
          "word": "travelling",
          "originalText": "travelling",
          "characterOffsetBegin": 617,
          "characterOffsetEnd": 627,
          "before": " ",
          "after": " "
        },
        {
          "index": 17,
          "word": "to",
          "originalText": "to",
          "characterOffsetBegin": 628,
          "characterOffsetEnd": 630,
          "before": " ",
          "after": " "
        },
        {
          "index": 18,
          "word": "from",
          "originalText": "from",
          "characterOffsetBegin": 631,
          "characterOffsetEnd": 635,
          "before": " ",
          "after": " "
        },
        {
          "index": 19,
          "word": "Newport",
          "originalText": "Newport",
          "characterOffsetBegin": 636,
          "characterOffsetEnd": 643,
          "before": " ",
          "after": ""
        },
        {
          "index": 20,
          "word": "?",
          "originalText": "?",
          "characterOffsetBegin": 643,
          "characterOffsetEnd": 644,
          "before": "",
          "after": ""
        }
      ]
    },
    {
      "index": 8,
      "tokens": [
        {
          "index": 1,
          "word": "-",
          "originalText": "-",
          "characterOffsetBegin": 646,
          "characterOffsetEnd": 647,
          "before": "",
          "after": ""
        },
        {
          "index": 2,
          "word": "Andy",
          "originalText": "Andy",
          "characterOffsetBegin": 647,
          "characterOffsetEnd": 651,
          "before": "",
          "after": ""
        }
      ]
    },
    {
      "index": 9,
      "tokens": [
        {
          "index": 1,
          "word": "Customer",
          "originalText": "Customer",
          "characterOffsetBegin": 653,
          "characterOffsetEnd": 661,
          "before": "",
          "after": ""
        },
        {
          "index": 2,
          "word": ":",
          "originalText": ":",
          "characterOffsetBegin": 661,
          "characterOffsetEnd": 662,
          "before": "",
          "after": " "
        },
        {
          "index": 3,
          "word": "@GWRHelp",
          "originalText": "@GWRHelp",
          "characterOffsetBegin": 663,
          "characterOffsetEnd": 671,
          "before": " ",
          "after": " "
        },
        {
          "index": 4,
          "word": "Bangor",
          "originalText": "Bangor",
          "characterOffsetBegin": 672,
          "characterOffsetEnd": 678,
          "before": " ",
          "after": " "
        },
        {
          "index": 5,
          "word": "-LRB-",
          "originalText": "(",
          "characterOffsetBegin": 679,
          "characterOffsetEnd": 680,
          "before": " ",
          "after": ""
        },
        {
          "index": 6,
          "word": "Gwynedd",
          "originalText": "Gwynedd",
          "characterOffsetBegin": 680,
          "characterOffsetEnd": 687,
          "before": "",
          "after": ""
        },
        {
          "index": 7,
          "word": "-RRB-",
          "originalText": ")",
          "characterOffsetBegin": 687,
          "characterOffsetEnd": 688,
          "before": "",
          "after": ""
        },
        {
          "index": 8,
          "word": ".",
          "originalText": ".",
          "characterOffsetBegin": 688,
          "characterOffsetEnd": 689,
          "before": "",
          "after": ""
        }
      ]
    },
    {
      "index": 10,
      "tokens": [
        {
          "index": 1,
          "word": "I",
          "originalText": "I",
          "characterOffsetBegin": 691,
          "characterOffsetEnd": 692,
          "before": "",
          "after": ""
        },
        {
          "index": 2,
          "word": "'m",
          "originalText": "'m",
          "characterOffsetBegin": 692,
          "characterOffsetEnd": 694,
          "before": "",
          "after": " "
        },
        {
          "index": 3,
          "word": "screwed",
          "originalText": "screwed",
          "characterOffsetBegin": 695,
          "characterOffsetEnd": 702,
          "before": " ",
          "after": ""
        },
        {
          "index": 4,
          "word": ".",
          "originalText": ".",
          "characterOffsetBegin": 702,
          "characterOffsetEnd": 703,
          "before": "",
          "after": ""
        }
      ]
    },
    {
      "index": 11,
      "tokens": [
        {
          "index": 1,
          "word": "Agent",
          "originalText": "Agent",
          "characterOffsetBegin": 705,
          "characterOffsetEnd": 710,
          "before": "",
          "after": ""
        },
        {
          "index": 2,
          "word": ":",
          "originalText": ":",
          "characterOffsetBegin": 710,
          "characterOffsetEnd": 711,
          "before": "",
          "after": " "
        },
        {
          "index": 3,
          "word": "@",
          "originalText": "@",
          "characterOffsetBegin": 712,
          "characterOffsetEnd": 713,
          "before": " ",
          "after": ""
        },
        {
          "index": 4,
          "word": "639204",
          "originalText": "639204",
          "characterOffsetBegin": 713,
          "characterOffsetEnd": 719,
          "before": "",
          "after": " "
        },
        {
          "index": 5,
          "word": "Ok",
          "originalText": "Ok",
          "characterOffsetBegin": 720,
          "characterOffsetEnd": 722,
          "before": " ",
          "after": " "
        },
        {
          "index": 6,
          "word": "if",
          "originalText": "if",
          "characterOffsetBegin": 723,
          "characterOffsetEnd": 725,
          "before": " ",
          "after": " "
        },
        {
          "index": 7,
          "word": "you",
          "originalText": "you",
          "characterOffsetBegin": 726,
          "characterOffsetEnd": 729,
          "before": " ",
          "after": " "
        },
        {
          "index": 8,
          "word": "miss",
          "originalText": "miss",
          "characterOffsetBegin": 730,
          "characterOffsetEnd": 734,
          "before": " ",
          "after": " "
        },
        {
          "index": 9,
          "word": "the",
          "originalText": "the",
          "characterOffsetBegin": 735,
          "characterOffsetEnd": 738,
          "before": " ",
          "after": " "
        },
        {
          "index": 10,
          "word": "connection",
          "originalText": "connection",
          "characterOffsetBegin": 739,
          "characterOffsetEnd": 749,
          "before": " ",
          "after": " "
        },
        {
          "index": 11,
          "word": "next",
          "originalText": "next",
          "characterOffsetBegin": 750,
          "characterOffsetEnd": 754,
          "before": " ",
          "after": " "
        },
        {
          "index": 12,
          "word": "train",
          "originalText": "train",
          "characterOffsetBegin": 755,
          "characterOffsetEnd": 760,
          "before": " ",
          "after": " "
        },
        {
          "index": 13,
          "word": "would",
          "originalText": "would",
          "characterOffsetBegin": 761,
          "characterOffsetEnd": 766,
          "before": " ",
          "after": " "
        },
        {
          "index": 14,
          "word": "be",
          "originalText": "be",
          "characterOffsetBegin": 767,
          "characterOffsetEnd": 769,
          "before": " ",
          "after": " "
        },
        {
          "index": 15,
          "word": "16:35",
          "originalText": "16:35",
          "characterOffsetBegin": 770,
          "characterOffsetEnd": 775,
          "before": " ",
          "after": " "
        },
        {
          "index": 16,
          "word": "changing",
          "originalText": "changing",
          "characterOffsetBegin": 776,
          "characterOffsetEnd": 784,
          "before": " ",
          "after": " "
        },
        {
          "index": 17,
          "word": "at",
          "originalText": "at",
          "characterOffsetBegin": 785,
          "characterOffsetEnd": 787,
          "before": " ",
          "after": " "
        },
        {
          "index": 18,
          "word": "Crewe",
          "originalText": "Crewe",
          "characterOffsetBegin": 788,
          "characterOffsetEnd": 793,
          "before": " ",
          "after": ""
        },
        {
          "index": 19,
          "word": ".",
          "originalText": ".",
          "characterOffsetBegin": 793,
          "characterOffsetEnd": 794,
          "before": "",
          "after": ""
        }
      ]
    },
    {
      "index": 12,
      "tokens": [
        {
          "index": 1,
          "word": "If",
          "originalText": "If",
          "characterOffsetBegin": 796,
          "characterOffsetEnd": 798,
          "before": "",
          "after": " "
        },
        {
          "index": 2,
          "word": "you",
          "originalText": "you",
          "characterOffsetBegin": 799,
          "characterOffsetEnd": 802,
          "before": " ",
          "after": ""
        },
        {
          "index": 3,
          "word": "'re",
          "originalText": "'re",
          "characterOffsetBegin": 802,
          "characterOffsetEnd": 805,
          "before": "",
          "after": " "
        },
        {
          "index": 4,
          "word": "over",
          "originalText": "over",
          "characterOffsetBegin": 806,
          "characterOffsetEnd": 810,
          "before": " ",
          "after": " "
        },
        {
          "index": 5,
          "word": "an",
          "originalText": "an",
          "characterOffsetBegin": 811,
          "characterOffsetEnd": 813,
          "before": " ",
          "after": " "
        },
        {
          "index": 6,
          "word": "hour",
          "originalText": "hour",
          "characterOffsetBegin": 814,
          "characterOffsetEnd": 818,
          "before": " ",
          "after": " "
        },
        {
          "index": 7,
          "word": "late",
          "originalText": "late",
          "characterOffsetBegin": 819,
          "characterOffsetEnd": 823,
          "before": " ",
          "after": " "
        },
        {
          "index": 8,
          "word": "in",
          "originalText": "in",
          "characterOffsetBegin": 824,
          "characterOffsetEnd": 826,
          "before": " ",
          "after": " "
        },
        {
          "index": 9,
          "word": "to",
          "originalText": "to",
          "characterOffsetBegin": 827,
          "characterOffsetEnd": 829,
          "before": " ",
          "after": " "
        },
        {
          "index": 10,
          "word": "Bangor",
          "originalText": "Bangor",
          "characterOffsetBegin": 830,
          "characterOffsetEnd": 836,
          "before": " ",
          "after": " "
        },
        {
          "index": 11,
          "word": "compensation",
          "originalText": "compensation",
          "characterOffsetBegin": 837,
          "characterOffsetEnd": 849,
          "before": " ",
          "after": " "
        },
        {
          "index": 12,
          "word": "would",
          "originalText": "would",
          "characterOffsetBegin": 850,
          "characterOffsetEnd": 855,
          "before": " ",
          "after": " "
        },
        {
          "index": 13,
          "word": "be",
          "originalText": "be",
          "characterOffsetBegin": 856,
          "characterOffsetEnd": 858,
          "before": " ",
          "after": " "
        },
        {
          "index": 14,
          "word": "due",
          "originalText": "due",
          "characterOffsetBegin": 859,
          "characterOffsetEnd": 862,
          "before": " ",
          "after": ""
        },
        {
          "index": 15,
          "word": ".",
          "originalText": ".",
          "characterOffsetBegin": 862,
          "characterOffsetEnd": 863,
          "before": "",
          "after": ""
        }
      ]
    },
    {
      "index": 13,
      "tokens": [
        {
          "index": 1,
          "word": "-",
          "originalText": "-",
          "characterOffsetBegin": 865,
          "characterOffsetEnd": 866,
          "before": "",
          "after": ""
        },
        {
          "index": 2,
          "word": "Andy",
          "originalText": "Andy",
          "characterOffsetBegin": 866,
          "characterOffsetEnd": 870,
          "before": "",
          "after": ""
        }
      ]
    },
    {
      "index": 14,
      "tokens": [
        {
          "index": 1,
          "word": "Customer",
          "originalText": "Customer",
          "characterOffsetBegin": 872,
          "characterOffsetEnd": 880,
          "before": "",
          "after": ""
        },
        {
          "index": 2,
          "word": ":",
          "originalText": ":",
          "characterOffsetBegin": 880,
          "characterOffsetEnd": 881,
          "before": "",
          "after": " "
        },
        {
          "index": 3,
          "word": "@GWRHelp",
          "originalText": "@GWRHelp",
          "characterOffsetBegin": 882,
          "characterOffsetEnd": 890,
          "before": " ",
          "after": " "
        },
        {
          "index": 4,
          "word": "Thanks",
          "originalText": "Thanks",
          "characterOffsetBegin": 891,
          "characterOffsetEnd": 897,
          "before": " ",
          "after": " "
        },
        {
          "index": 5,
          "word": "I",
          "originalText": "I",
          "characterOffsetBegin": 898,
          "characterOffsetEnd": 899,
          "before": " ",
          "after": ""
        },
        {
          "index": 6,
          "word": "'ll",
          "originalText": "'ll",
          "characterOffsetBegin": 899,
          "characterOffsetEnd": 902,
          "before": "",
          "after": " "
        },
        {
          "index": 7,
          "word": "hopefully",
          "originalText": "hopefully",
          "characterOffsetBegin": 903,
          "characterOffsetEnd": 912,
          "before": " ",
          "after": " "
        },
        {
          "index": 8,
          "word": "get",
          "originalText": "get",
          "characterOffsetBegin": 913,
          "characterOffsetEnd": 916,
          "before": " ",
          "after": " "
        },
        {
          "index": 9,
          "word": "something",
          "originalText": "something",
          "characterOffsetBegin": 917,
          "characterOffsetEnd": 926,
          "before": " ",
          "after": ""
        },
        {
          "index": 10,
          "word": ".",
          "originalText": ".",
          "characterOffsetBegin": 926,
          "characterOffsetEnd": 927,
          "before": "",
          "after": ""
        }
      ]
    },
    {
      "index": 15,
      "tokens": [
        {
          "index": 1,
          "word": "Customer",
          "originalText": "Customer",
          "characterOffsetBegin": 929,
          "characterOffsetEnd": 937,
          "before": "",
          "after": ""
        },
        {
          "index": 2,
          "word": ":",
          "originalText": ":",
          "characterOffsetBegin": 937,
          "characterOffsetEnd": 938,
          "before": "",
          "after": " "
        },
        {
          "index": 3,
          "word": "@GWRHelp",
          "originalText": "@GWRHelp",
          "characterOffsetBegin": 939,
          "characterOffsetEnd": 947,
          "before": " ",
          "after": " "
        },
        {
          "index": 4,
          "word": "I",
          "originalText": "I",
          "characterOffsetBegin": 948,
          "characterOffsetEnd": 949,
          "before": " ",
          "after": " "
        },
        {
          "index": 5,
          "word": "just",
          "originalText": "just",
          "characterOffsetBegin": 950,
          "characterOffsetEnd": 954,
          "before": " ",
          "after": " "
        },
        {
          "index": 6,
          "word": "made",
          "originalText": "made",
          "characterOffsetBegin": 955,
          "characterOffsetEnd": 959,
          "before": " ",
          "after": " "
        },
        {
          "index": 7,
          "word": "it",
          "originalText": "it",
          "characterOffsetBegin": 960,
          "characterOffsetEnd": 962,
          "before": " ",
          "after": ""
        },
        {
          "index": 8,
          "word": ",",
          "originalText": ",",
          "characterOffsetBegin": 962,
          "characterOffsetEnd": 963,
          "before": "",
          "after": " "
        },
        {
          "index": 9,
          "word": "I",
          "originalText": "I",
          "characterOffsetBegin": 964,
          "characterOffsetEnd": 965,
          "before": " ",
          "after": " "
        },
        {
          "index": 10,
          "word": "do",
          "originalText": "do",
          "characterOffsetBegin": 966,
          "characterOffsetEnd": 968,
          "before": " ",
          "after": ""
        },
        {
          "index": 11,
          "word": "n't",
          "originalText": "n't",
          "characterOffsetBegin": 968,
          "characterOffsetEnd": 971,
          "before": "",
          "after": " "
        },
        {
          "index": 12,
          "word": "like",
          "originalText": "like",
          "characterOffsetBegin": 972,
          "characterOffsetEnd": 976,
          "before": " ",
          "after": " "
        },
        {
          "index": 13,
          "word": "running",
          "originalText": "running",
          "characterOffsetBegin": 977,
          "characterOffsetEnd": 984,
          "before": " ",
          "after": " "
        },
        {
          "index": 14,
          "word": "Andy",
          "originalText": "Andy",
          "characterOffsetBegin": 985,
          "characterOffsetEnd": 989,
          "before": " ",
          "after": ""
        },
        {
          "index": 15,
          "word": ",",
          "originalText": ",",
          "characterOffsetBegin": 989,
          "characterOffsetEnd": 990,
          "before": "",
          "after": " "
        },
        {
          "index": 16,
          "word": "now",
          "originalText": "now",
          "characterOffsetBegin": 991,
          "characterOffsetEnd": 994,
          "before": " ",
          "after": " "
        },
        {
          "index": 17,
          "word": "I",
          "originalText": "I",
          "characterOffsetBegin": 995,
          "characterOffsetEnd": 996,
          "before": " ",
          "after": " "
        },
        {
          "index": 18,
          "word": "have",
          "originalText": "have",
          "characterOffsetBegin": 997,
          "characterOffsetEnd": 1001,
          "before": " ",
          "after": " "
        },
        {
          "index": 19,
          "word": "to",
          "originalText": "to",
          "characterOffsetBegin": 1002,
          "characterOffsetEnd": 1004,
          "before": " ",
          "after": " "
        },
        {
          "index": 20,
          "word": "eat",
          "originalText": "eat",
          "characterOffsetBegin": 1005,
          "characterOffsetEnd": 1008,
          "before": " ",
          "after": " "
        },
        {
          "index": 21,
          "word": "a",
          "originalText": "a",
          "characterOffsetBegin": 1009,
          "characterOffsetEnd": 1010,
          "before": " ",
          "after": " "
        },
        {
          "index": 22,
          "word": "chocolate",
          "originalText": "chocolate",
          "characterOffsetBegin": 1011,
          "characterOffsetEnd": 1020,
          "before": " ",
          "after": " "
        },
        {
          "index": 23,
          "word": "bar",
          "originalText": "bar",
          "characterOffsetBegin": 1021,
          "characterOffsetEnd": 1024,
          "before": " ",
          "after": " "
        },
        {
          "index": 24,
          "word": "to",
          "originalText": "to",
          "characterOffsetBegin": 1025,
          "characterOffsetEnd": 1027,
          "before": " ",
          "after": " "
        },
        {
          "index": 25,
          "word": "make",
          "originalText": "make",
          "characterOffsetBegin": 1028,
          "characterOffsetEnd": 1032,
          "before": " ",
          "after": " "
        },
        {
          "index": 26,
          "word": "up",
          "originalText": "up",
          "characterOffsetBegin": 1033,
          "characterOffsetEnd": 1035,
          "before": " ",
          "after": " "
        },
        {
          "index": 27,
          "word": "for",
          "originalText": "for",
          "characterOffsetBegin": 1036,
          "characterOffsetEnd": 1039,
          "before": " ",
          "after": " "
        },
        {
          "index": 28,
          "word": "it",
          "originalText": "it",
          "characterOffsetBegin": 1040,
          "characterOffsetEnd": 1042,
          "before": " ",
          "after": ""
        },
        {
          "index": 29,
          "word": ".",
          "originalText": ".",
          "characterOffsetBegin": 1042,
          "characterOffsetEnd": 1043,
          "before": "",
          "after": ""
        }
      ]
    },
    {
      "index": 16,
      "tokens": [
        {
          "index": 1,
          "word": "Damn",
          "originalText": "Damn",
          "characterOffsetBegin": 1045,
          "characterOffsetEnd": 1049,
          "before": "",
          "after": " "
        },
        {
          "index": 2,
          "word": "you",
          "originalText": "you",
          "characterOffsetBegin": 1050,
          "characterOffsetEnd": 1053,
          "before": " ",
          "after": ""
        },
        {
          "index": 3,
          "word": "!",
          "originalText": "!",
          "characterOffsetBegin": 1053,
          "characterOffsetEnd": 1054,
          "before": "",
          "after": ""
        }
      ]
    },
    {
      "index": 17,
      "tokens": [
        {
          "index": 1,
          "word": "Agent",
          "originalText": "Agent",
          "characterOffsetBegin": 1056,
          "characterOffsetEnd": 1061,
          "before": "",
          "after": ""
        },
        {
          "index": 2,
          "word": ":",
          "originalText": ":",
          "characterOffsetBegin": 1061,
          "characterOffsetEnd": 1062,
          "before": "",
          "after": " "
        },
        {
          "index": 3,
          "word": "@",
          "originalText": "@",
          "characterOffsetBegin": 1063,
          "characterOffsetEnd": 1064,
          "before": " ",
          "after": ""
        },
        {
          "index": 4,
          "word": "639204",
          "originalText": "639204",
          "characterOffsetBegin": 1064,
          "characterOffsetEnd": 1070,
          "before": "",
          "after": " "
        },
        {
          "index": 5,
          "word": "Glad",
          "originalText": "Glad",
          "characterOffsetBegin": 1071,
          "characterOffsetEnd": 1075,
          "before": " ",
          "after": " "
        },
        {
          "index": 6,
          "word": "to",
          "originalText": "to",
          "characterOffsetBegin": 1076,
          "characterOffsetEnd": 1078,
          "before": " ",
          "after": " "
        },
        {
          "index": 7,
          "word": "hear",
          "originalText": "hear",
          "characterOffsetBegin": 1079,
          "characterOffsetEnd": 1083,
          "before": " ",
          "after": " "
        },
        {
          "index": 8,
          "word": "you",
          "originalText": "you",
          "characterOffsetBegin": 1084,
          "characterOffsetEnd": 1087,
          "before": " ",
          "after": " "
        },
        {
          "index": 9,
          "word": "made",
          "originalText": "made",
          "characterOffsetBegin": 1088,
          "characterOffsetEnd": 1092,
          "before": " ",
          "after": " "
        },
        {
          "index": 10,
          "word": "it",
          "originalText": "it",
          "characterOffsetBegin": 1093,
          "characterOffsetEnd": 1095,
          "before": " ",
          "after": ""
        },
        {
          "index": 11,
          "word": ",",
          "originalText": ",",
          "characterOffsetBegin": 1095,
          "characterOffsetEnd": 1096,
          "before": "",
          "after": " "
        },
        {
          "index": 12,
          "word": "sorry",
          "originalText": "sorry",
          "characterOffsetBegin": 1097,
          "characterOffsetEnd": 1102,
          "before": " ",
          "after": " "
        },
        {
          "index": 13,
          "word": "for",
          "originalText": "for",
          "characterOffsetBegin": 1103,
          "characterOffsetEnd": 1106,
          "before": " ",
          "after": " "
        },
        {
          "index": 14,
          "word": "the",
          "originalText": "the",
          "characterOffsetBegin": 1107,
          "characterOffsetEnd": 1110,
          "before": " ",
          "after": " "
        },
        {
          "index": 15,
          "word": "exercise",
          "originalText": "exercise",
          "characterOffsetBegin": 1111,
          "characterOffsetEnd": 1119,
          "before": " ",
          "after": ""
        },
        {
          "index": 16,
          "word": "!",
          "originalText": "!",
          "characterOffsetBegin": 1119,
          "characterOffsetEnd": 1120,
          "before": "",
          "after": ""
        }
      ]
    },
    {
      "index": 18,
      "tokens": [
        {
          "index": 1,
          "word": "-",
          "originalText": "-",
          "characterOffsetBegin": 1122,
          "characterOffsetEnd": 1123,
          "before": "",
          "after": ""
        },
        {
          "index": 2,
          "word": "Andy",
          "originalText": "Andy",
          "characterOffsetBegin": 1123,
          "characterOffsetEnd": 1127,
          "before": "",
          "after": ""
        }
      ]
    },
    {
      "index": 19,
      "tokens": [
        {
          "index": 1,
          "word": "Customer",
          "originalText": "Customer",
          "characterOffsetBegin": 1129,
          "characterOffsetEnd": 1137,
          "before": "",
          "after": ""
        },
        {
          "index": 2,
          "word": ":",
          "originalText": ":",
          "characterOffsetBegin": 1137,
          "characterOffsetEnd": 1138,
          "before": "",
          "after": " "
        },
        {
          "index": 3,
          "word": "@GWRHelp",
          "originalText": "@GWRHelp",
          "characterOffsetBegin": 1139,
          "characterOffsetEnd": 1147,
          "before": " ",
          "after": " "
        },
        {
          "index": 4,
          "word": "That",
          "originalText": "That",
          "characterOffsetBegin": 1148,
          "characterOffsetEnd": 1152,
          "before": " ",
          "after": " "
        },
        {
          "index": 5,
          "word": "was",
          "originalText": "was",
          "characterOffsetBegin": 1153,
          "characterOffsetEnd": 1156,
          "before": " ",
          "after": ""
        },
        {
          "index": 6,
          "word": "n't",
          "originalText": "n't",
          "characterOffsetBegin": 1156,
          "characterOffsetEnd": 1159,
          "before": "",
          "after": " "
        },
        {
          "index": 7,
          "word": "exercise",
          "originalText": "exercise",
          "characterOffsetBegin": 1160,
          "characterOffsetEnd": 1168,
          "before": " ",
          "after": ""
        },
        {
          "index": 8,
          "word": ",",
          "originalText": ",",
          "characterOffsetBegin": 1168,
          "characterOffsetEnd": 1169,
          "before": "",
          "after": " "
        },
        {
          "index": 9,
          "word": "it",
          "originalText": "it",
          "characterOffsetBegin": 1170,
          "characterOffsetEnd": 1172,
          "before": " ",
          "after": " "
        },
        {
          "index": 10,
          "word": "was",
          "originalText": "was",
          "characterOffsetBegin": 1173,
          "characterOffsetEnd": 1176,
          "before": " ",
          "after": " "
        },
        {
          "index": 11,
          "word": "torture",
          "originalText": "torture",
          "characterOffsetBegin": 1177,
          "characterOffsetEnd": 1184,
          "before": " ",
          "after": ""
        },
        {
          "index": 12,
          "word": ".",
          "originalText": ".",
          "characterOffsetBegin": 1184,
          "characterOffsetEnd": 1185,
          "before": "",
          "after": ""
        }
      ]
    },
    {
      "index": 20,
      "tokens": [
        {
          "index": 1,
          "word": "I",
          "originalText": "I",
          "characterOffsetBegin": 1187,
          "characterOffsetEnd": 1188,
          "before": "",
          "after": " "
        },
        {
          "index": 2,
          "word": "broke",
          "originalText": "broke",
          "characterOffsetBegin": 1189,
          "characterOffsetEnd": 1194,
          "before": " ",
          "after": " "
        },
        {
          "index": 3,
          "word": "into",
          "originalText": "into",
          "characterOffsetBegin": 1195,
          "characterOffsetEnd": 1199,
          "before": " ",
          "after": " "
        },
        {
          "index": 4,
          "word": "a",
          "originalText": "a",
          "characterOffsetBegin": 1200,
          "characterOffsetEnd": 1201,
          "before": " ",
          "after": " "
        },
        {
          "index": 5,
          "word": "sweat",
          "originalText": "sweat",
          "characterOffsetBegin": 1202,
          "characterOffsetEnd": 1207,
          "before": " ",
          "after": " "
        },
        {
          "index": 6,
          "word": "man",
          "originalText": "man",
          "characterOffsetBegin": 1208,
          "characterOffsetEnd": 1211,
          "before": " ",
          "after": ""
        },
        {
          "index": 7,
          "word": ",",
          "originalText": ",",
          "characterOffsetBegin": 1211,
          "characterOffsetEnd": 1212,
          "before": "",
          "after": " "
        },
        {
          "index": 8,
          "word": "and",
          "originalText": "and",
          "characterOffsetBegin": 1213,
          "characterOffsetEnd": 1216,
          "before": " ",
          "after": " "
        },
        {
          "index": 9,
          "word": "my",
          "originalText": "my",
          "characterOffsetBegin": 1217,
          "characterOffsetEnd": 1219,
          "before": " ",
          "after": " "
        },
        {
          "index": 10,
          "word": "composed",
          "originalText": "composed",
          "characterOffsetBegin": 1220,
          "characterOffsetEnd": 1228,
          "before": " ",
          "after": " "
        },
        {
          "index": 11,
          "word": "exterior",
          "originalText": "exterior",
          "characterOffsetBegin": 1229,
          "characterOffsetEnd": 1237,
          "before": " ",
          "after": " "
        },
        {
          "index": 12,
          "word": "disappeared",
          "originalText": "disappeared",
          "characterOffsetBegin": 1238,
          "characterOffsetEnd": 1249,
          "before": " ",
          "after": " "
        },
        {
          "index": 13,
          "word": "in",
          "originalText": "in",
          "characterOffsetBegin": 1250,
          "characterOffsetEnd": 1252,
          "before": " ",
          "after": " "
        },
        {
          "index": 14,
          "word": "a",
          "originalText": "a",
          "characterOffsetBegin": 1253,
          "characterOffsetEnd": 1254,
          "before": " ",
          "after": " "
        },
        {
          "index": 15,
          "word": "haze",
          "originalText": "haze",
          "characterOffsetBegin": 1255,
          "characterOffsetEnd": 1259,
          "before": " ",
          "after": " "
        },
        {
          "index": 16,
          "word": "of",
          "originalText": "of",
          "characterOffsetBegin": 1260,
          "characterOffsetEnd": 1262,
          "before": " ",
          "after": " "
        },
        {
          "index": 17,
          "word": "flailing",
          "originalText": "flailing",
          "characterOffsetBegin": 1263,
          "characterOffsetEnd": 1271,
          "before": " ",
          "after": " "
        },
        {
          "index": 18,
          "word": "limbs",
          "originalText": "limbs",
          "characterOffsetBegin": 1272,
          "characterOffsetEnd": 1277,
          "before": " ",
          "after": " "
        },
        {
          "index": 19,
          "word": "and",
          "originalText": "and",
          "characterOffsetBegin": 1278,
          "characterOffsetEnd": 1281,
          "before": " ",
          "after": " "
        },
        {
          "index": 20,
          "word": "panting",
          "originalText": "panting",
          "characterOffsetBegin": 1282,
          "characterOffsetEnd": 1289,
          "before": " ",
          "after": ""
        },
        {
          "index": 21,
          "word": ".",
          "originalText": ".",
          "characterOffsetBegin": 1289,
          "characterOffsetEnd": 1290,
          "before": "",
          "after": ""
        }
      ]
    },
    {
      "index": 21,
      "tokens": [
        {
          "index": 1,
          "word": "How",
          "originalText": "How",
          "characterOffsetBegin": 1292,
          "characterOffsetEnd": 1295,
          "before": "",
          "after": " "
        },
        {
          "index": 2,
          "word": "will",
          "originalText": "will",
          "characterOffsetBegin": 1296,
          "characterOffsetEnd": 1300,
          "before": " ",
          "after": " "
        },
        {
          "index": 3,
          "word": "I",
          "originalText": "I",
          "characterOffsetBegin": 1301,
          "characterOffsetEnd": 1302,
          "before": " ",
          "after": " "
        },
        {
          "index": 4,
          "word": "ever",
          "originalText": "ever",
          "characterOffsetBegin": 1303,
          "characterOffsetEnd": 1307,
          "before": " ",
          "after": " "
        },
        {
          "index": 5,
          "word": "be",
          "originalText": "be",
          "characterOffsetBegin": 1308,
          "characterOffsetEnd": 1310,
          "before": " ",
          "after": " "
        },
        {
          "index": 6,
          "word": "able",
          "originalText": "able",
          "characterOffsetBegin": 1311,
          "characterOffsetEnd": 1315,
          "before": " ",
          "after": " "
        },
        {
          "index": 7,
          "word": "to",
          "originalText": "to",
          "characterOffsetBegin": 1316,
          "characterOffsetEnd": 1318,
          "before": " ",
          "after": " "
        },
        {
          "index": 8,
          "word": "face",
          "originalText": "face",
          "characterOffsetBegin": 1319,
          "characterOffsetEnd": 1323,
          "before": " ",
          "after": " "
        },
        {
          "index": 9,
          "word": "society",
          "originalText": "society",
          "characterOffsetBegin": 1324,
          "characterOffsetEnd": 1331,
          "before": " ",
          "after": " "
        },
        {
          "index": 10,
          "word": "again",
          "originalText": "again",
          "characterOffsetBegin": 1332,
          "characterOffsetEnd": 1337,
          "before": " ",
          "after": ""
        },
        {
          "index": 11,
          "word": "?",
          "originalText": "?",
          "characterOffsetBegin": 1337,
          "characterOffsetEnd": 1338,
          "before": "",
          "after": ""
        }
      ]
    },
    {
      "index": 22,
      "tokens": [
        {
          "index": 1,
          "word": "Bloody",
          "originalText": "Bloody",
          "characterOffsetBegin": 1340,
          "characterOffsetEnd": 1346,
          "before": "",
          "after": " "
        },
        {
          "index": 2,
          "word": "trains",
          "originalText": "trains",
          "characterOffsetBegin": 1347,
          "characterOffsetEnd": 1353,
          "before": " ",
          "after": ""
        },
        {
          "index": 3,
          "word": ".",
          "originalText": ".",
          "characterOffsetBegin": 1353,
          "characterOffsetEnd": 1354,
          "before": "",
          "after": ""
        }
      ]
    },
    {
      "index": 23,
      "tokens": [
        {
          "index": 1,
          "word": "@highlight",
          "originalText": "@highlight",
          "characterOffsetBegin": 1356,
          "characterOffsetEnd": 1366,
          "before": "",
          "after": ""
        }
      ]
    },
    {
      "index": 24,
      "tokens": [
        {
          "index": 1,
          "word": "Customer",
          "originalText": "Customer",
          "characterOffsetBegin": 1368,
          "characterOffsetEnd": 1376,
          "before": "",
          "after": ""
        },
        {
          "index": 2,
          "word": ":",
          "originalText": ":",
          "characterOffsetBegin": 1376,
          "characterOffsetEnd": 1377,
          "before": "",
          "after": " "
        },
        {
          "index": 3,
          "word": "Cheers",
          "originalText": "Cheers",
          "characterOffsetBegin": 1378,
          "characterOffsetEnd": 1384,
          "before": " ",
          "after": " "
        },
        {
          "index": 4,
          "word": "@GWRHelp",
          "originalText": "@GWRHelp",
          "characterOffsetBegin": 1385,
          "characterOffsetEnd": 1393,
          "before": " ",
          "after": " "
        },
        {
          "index": 5,
          "word": "I",
          "originalText": "I",
          "characterOffsetBegin": 1394,
          "characterOffsetEnd": 1395,
          "before": " ",
          "after": ""
        },
        {
          "index": 6,
          "word": "'ve",
          "originalText": "'ve",
          "characterOffsetBegin": 1395,
          "characterOffsetEnd": 1398,
          "before": "",
          "after": " "
        },
        {
          "index": 7,
          "word": "not",
          "originalText": "not",
          "characterOffsetBegin": 1399,
          "characterOffsetEnd": 1402,
          "before": " ",
          "after": " "
        },
        {
          "index": 8,
          "word": "even",
          "originalText": "even",
          "characterOffsetBegin": 1403,
          "characterOffsetEnd": 1407,
          "before": " ",
          "after": " "
        },
        {
          "index": 9,
          "word": "left",
          "originalText": "left",
          "characterOffsetBegin": 1408,
          "characterOffsetEnd": 1412,
          "before": " ",
          "after": " "
        },
        {
          "index": 10,
          "word": "Bristol",
          "originalText": "Bristol",
          "characterOffsetBegin": 1413,
          "characterOffsetEnd": 1420,
          "before": " ",
          "after": " "
        },
        {
          "index": 11,
          "word": "Temple",
          "originalText": "Temple",
          "characterOffsetBegin": 1421,
          "characterOffsetEnd": 1427,
          "before": " ",
          "after": " "
        },
        {
          "index": 12,
          "word": "Meads",
          "originalText": "Meads",
          "characterOffsetBegin": 1428,
          "characterOffsetEnd": 1433,
          "before": " ",
          "after": " "
        },
        {
          "index": 13,
          "word": "and",
          "originalText": "and",
          "characterOffsetBegin": 1434,
          "characterOffsetEnd": 1437,
          "before": " ",
          "after": " "
        },
        {
          "index": 14,
          "word": "I",
          "originalText": "I",
          "characterOffsetBegin": 1438,
          "characterOffsetEnd": 1439,
          "before": " ",
          "after": ""
        },
        {
          "index": 15,
          "word": "'ve",
          "originalText": "'ve",
          "characterOffsetBegin": 1439,
          "characterOffsetEnd": 1442,
          "before": "",
          "after": " "
        },
        {
          "index": 16,
          "word": "already",
          "originalText": "already",
          "characterOffsetBegin": 1443,
          "characterOffsetEnd": 1450,
          "before": " ",
          "after": " "
        },
        {
          "index": 17,
          "word": "missed",
          "originalText": "missed",
          "characterOffsetBegin": 1451,
          "characterOffsetEnd": 1457,
          "before": " ",
          "after": " "
        },
        {
          "index": 18,
          "word": "my",
          "originalText": "my",
          "characterOffsetBegin": 1458,
          "characterOffsetEnd": 1460,
          "before": " ",
          "after": " "
        },
        {
          "index": 19,
          "word": "connection",
          "originalText": "connection",
          "characterOffsetBegin": 1461,
          "characterOffsetEnd": 1471,
          "before": " ",
          "after": " "
        },
        {
          "index": 20,
          "word": "at",
          "originalText": "at",
          "characterOffsetBegin": 1472,
          "characterOffsetEnd": 1474,
          "before": " ",
          "after": " "
        },
        {
          "index": 21,
          "word": "Newport",
          "originalText": "Newport",
          "characterOffsetBegin": 1475,
          "characterOffsetEnd": 1482,
          "before": " ",
          "after": " "
        },
        {
          "index": 22,
          "word": "because",
          "originalText": "because",
          "characterOffsetBegin": 1483,
          "characterOffsetEnd": 1490,
          "before": " ",
          "after": " "
        },
        {
          "index": 23,
          "word": "you",
          "originalText": "you",
          "characterOffsetBegin": 1491,
          "characterOffsetEnd": 1494,
          "before": " ",
          "after": ""
        },
        {
          "index": 24,
          "word": "'ve",
          "originalText": "'ve",
          "characterOffsetBegin": 1494,
          "characterOffsetEnd": 1497,
          "before": "",
          "after": " "
        },
        {
          "index": 25,
          "word": "decided",
          "originalText": "decided",
          "characterOffsetBegin": 1498,
          "characterOffsetEnd": 1505,
          "before": " ",
          "after": " "
        },
        {
          "index": 26,
          "word": "to",
          "originalText": "to",
          "characterOffsetBegin": 1506,
          "characterOffsetEnd": 1508,
          "before": " ",
          "after": " "
        },
        {
          "index": 27,
          "word": "stick",
          "originalText": "stick",
          "characterOffsetBegin": 1509,
          "characterOffsetEnd": 1514,
          "before": " ",
          "after": " "
        },
        {
          "index": 28,
          "word": "another",
          "originalText": "another",
          "characterOffsetBegin": 1515,
          "characterOffsetEnd": 1522,
          "before": " ",
          "after": " "
        },
        {
          "index": 29,
          "word": "carriage",
          "originalText": "carriage",
          "characterOffsetBegin": 1523,
          "characterOffsetEnd": 1531,
          "before": " ",
          "after": " "
        },
        {
          "index": 30,
          "word": "on",
          "originalText": "on",
          "characterOffsetBegin": 1532,
          "characterOffsetEnd": 1534,
          "before": " ",
          "after": " "
        },
        {
          "index": 31,
          "word": "just",
          "originalText": "just",
          "characterOffsetBegin": 1535,
          "characterOffsetEnd": 1539,
          "before": " ",
          "after": " "
        },
        {
          "index": 32,
          "word": "in",
          "originalText": "in",
          "characterOffsetBegin": 1540,
          "characterOffsetEnd": 1542,
          "before": " ",
          "after": " "
        },
        {
          "index": 33,
          "word": "case",
          "originalText": "case",
          "characterOffsetBegin": 1543,
          "characterOffsetEnd": 1547,
          "before": " ",
          "after": ""
        },
        {
          "index": 34,
          "word": ".",
          "originalText": ".",
          "characterOffsetBegin": 1547,
          "characterOffsetEnd": 1548,
          "before": "",
          "after": ""
        }
      ]
    },
    {
      "index": 25,
      "tokens": [
        {
          "index": 1,
          "word": "@highlight",
          "originalText": "@highlight",
          "characterOffsetBegin": 1550,
          "characterOffsetEnd": 1560,
          "before": "",
          "after": ""
        }
      ]
    },
    {
      "index": 26,
      "tokens": [
        {
          "index": 1,
          "word": "Agent",
          "originalText": "Agent",
          "characterOffsetBegin": 1562,
          "characterOffsetEnd": 1567,
          "before": "",
          "after": ""
        },
        {
          "index": 2,
          "word": ":",
          "originalText": ":",
          "characterOffsetBegin": 1567,
          "characterOffsetEnd": 1568,
          "before": "",
          "after": " "
        },
        {
          "index": 3,
          "word": "@",
          "originalText": "@",
          "characterOffsetBegin": 1569,
          "characterOffsetEnd": 1570,
          "before": " ",
          "after": ""
        },
        {
          "index": 4,
          "word": "639204",
          "originalText": "639204",
          "characterOffsetBegin": 1570,
          "characterOffsetEnd": 1576,
          "before": "",
          "after": " "
        },
        {
          "index": 5,
          "word": "Hi",
          "originalText": "Hi",
          "characterOffsetBegin": 1577,
          "characterOffsetEnd": 1579,
          "before": " ",
          "after": ""
        },
        {
          "index": 6,
          "word": ",",
          "originalText": ",",
          "characterOffsetBegin": 1579,
          "characterOffsetEnd": 1580,
          "before": "",
          "after": " "
        },
        {
          "index": 7,
          "word": "sorry",
          "originalText": "sorry",
          "characterOffsetBegin": 1581,
          "characterOffsetEnd": 1586,
          "before": " ",
          "after": " "
        },
        {
          "index": 8,
          "word": "for",
          "originalText": "for",
          "characterOffsetBegin": 1587,
          "characterOffsetEnd": 1590,
          "before": " ",
          "after": " "
        },
        {
          "index": 9,
          "word": "the",
          "originalText": "the",
          "characterOffsetBegin": 1591,
          "characterOffsetEnd": 1594,
          "before": " ",
          "after": " "
        },
        {
          "index": 10,
          "word": "delay",
          "originalText": "delay",
          "characterOffsetBegin": 1595,
          "characterOffsetEnd": 1600,
          "before": " ",
          "after": ""
        },
        {
          "index": 11,
          "word": ".",
          "originalText": ".",
          "characterOffsetBegin": 1600,
          "characterOffsetEnd": 1601,
          "before": "",
          "after": ""
        }
      ]
    }
  ]
}