{
  "sentences": [
    {
      "index": 0,
      "tokens": [
        {
          "index": 1,
          "word": "Customer",
          "originalText": "Customer",
          "characterOffsetBegin": 0,
          "characterOffsetEnd": 8,
          "before": "",
          "after": ""
        },
        {
          "index": 2,
          "word": ":",
          "originalText": ":",
          "characterOffsetBegin": 8,
          "characterOffsetEnd": 9,
          "before": "",
          "after": " "
        },
        {
          "index": 3,
          "word": "I",
          "originalText": "I",
          "characterOffsetBegin": 10,
          "characterOffsetEnd": 11,
          "before": " ",
          "after": " "
        },
        {
          "index": 4,
          "word": "wan",
          "originalText": "wan",
          "characterOffsetBegin": 12,
          "characterOffsetEnd": 15,
          "before": " ",
          "after": ""
        },
        {
          "index": 5,
          "word": "na",
          "originalText": "na",
          "characterOffsetBegin": 15,
          "characterOffsetEnd": 17,
          "before": "",
          "after": " "
        },
        {
          "index": 6,
          "word": "know",
          "originalText": "know",
          "characterOffsetBegin": 18,
          "characterOffsetEnd": 22,
          "before": " ",
          "after": " "
        },
        {
          "index": 7,
          "word": "why",
          "originalText": "why",
          "characterOffsetBegin": 23,
          "characterOffsetEnd": 26,
          "before": " ",
          "after": " "
        },
        {
          "index": 8,
          "word": "Este",
          "originalText": "Este",
          "characterOffsetBegin": 27,
          "characterOffsetEnd": 31,
          "before": " ",
          "after": " "
        },
        {
          "index": 9,
          "word": "Corazon",
          "originalText": "Corazon",
          "characterOffsetBegin": 32,
          "characterOffsetEnd": 39,
          "before": " ",
          "after": " "
        },
        {
          "index": 10,
          "word": "is",
          "originalText": "is",
          "characterOffsetBegin": 40,
          "characterOffsetEnd": 42,
          "before": " ",
          "after": " "
        },
        {
          "index": 11,
          "word": "the",
          "originalText": "the",
          "characterOffsetBegin": 43,
          "characterOffsetEnd": 46,
          "before": " ",
          "after": " "
        },
        {
          "index": 12,
          "word": "only",
          "originalText": "only",
          "characterOffsetBegin": 47,
          "characterOffsetEnd": 51,
          "before": " ",
          "after": " "
        },
        {
          "index": 13,
          "word": "RBD",
          "originalText": "RBD",
          "characterOffsetBegin": 52,
          "characterOffsetEnd": 55,
          "before": " ",
          "after": " "
        },
        {
          "index": 14,
          "word": "song",
          "originalText": "song",
          "characterOffsetBegin": 56,
          "characterOffsetEnd": 60,
          "before": " ",
          "after": " "
        },
        {
          "index": 15,
          "word": "I",
          "originalText": "I",
          "characterOffsetBegin": 61,
          "characterOffsetEnd": 62,
          "before": " ",
          "after": " "
        },
        {
          "index": 16,
          "word": "can",
          "originalText": "can",
          "characterOffsetBegin": 63,
          "characterOffsetEnd": 66,
          "before": " ",
          "after": " "
        },
        {
          "index": 17,
          "word": "find",
          "originalText": "find",
          "characterOffsetBegin": 67,
          "characterOffsetEnd": 71,
          "before": " ",
          "after": " "
        },
        {
          "index": 18,
          "word": "on",
          "originalText": "on",
          "characterOffsetBegin": 72,
          "characterOffsetEnd": 74,
          "before": " ",
          "after": " "
        },
        {
          "index": 19,
          "word": "@",
          "originalText": "@",
          "characterOffsetBegin": 75,
          "characterOffsetEnd": 76,
          "before": " ",
          "after": ""
        },
        {
          "index": 20,
          "word": "115888",
          "originalText": "115888",
          "characterOffsetBegin": 76,
          "characterOffsetEnd": 82,
          "before": "",
          "after": ""
        }
      ]
    },
    {
      "index": 1,
      "tokens": [
        {
          "index": 1,
          "word": "Agent",
          "originalText": "Agent",
          "characterOffsetBegin": 84,
          "characterOffsetEnd": 89,
          "before": "",
          "after": ""
        },
        {
          "index": 2,
          "word": ":",
          "originalText": ":",
          "characterOffsetBegin": 89,
          "characterOffsetEnd": 90,
          "before": "",
          "after": " "
        },
        {
          "index": 3,
          "word": "@",
          "originalText": "@",
          "characterOffsetBegin": 91,
          "characterOffsetEnd": 92,
          "before": " ",
          "after": ""
        },
        {
          "index": 4,
          "word": "472114",
          "originalText": "472114",
          "characterOffsetBegin": 92,
          "characterOffsetEnd": 98,
          "before": "",
          "after": " "
        },
        {
          "index": 5,
          "word": "Hey",
          "originalText": "Hey",
          "characterOffsetBegin": 99,
          "characterOffsetEnd": 102,
          "before": " ",
          "after": " "
        },
        {
          "index": 6,
          "word": "Ingrid",
          "originalText": "Ingrid",
          "characterOffsetBegin": 103,
          "characterOffsetEnd": 109,
          "before": " ",
          "after": ""
        },
        {
          "index": 7,
          "word": "!",
          "originalText": "!",
          "characterOffsetBegin": 109,
          "characterOffsetEnd": 110,
          "before": "",
          "after": ""
        }
      ]
    },
    {
      "index": 2,
      "tokens": [
        {
          "index": 1,
          "word": "Can",
          "originalText": "Can",
          "characterOffsetBegin": 112,
          "characterOffsetEnd": 115,
          "before": "",
          "after": " "
        },
        {
          "index": 2,
          "word": "you",
          "originalText": "you",
          "characterOffsetBegin": 116,
          "characterOffsetEnd": 119,
          "before": " ",
          "after": " "
        },
        {
          "index": 3,
          "word": "tell",
          "originalText": "tell",
          "characterOffsetBegin": 120,
          "characterOffsetEnd": 124,
          "before": " ",
          "after": " "
        },
        {
          "index": 4,
          "word": "us",
          "originalText": "us",
          "characterOffsetBegin": 125,
          "characterOffsetEnd": 127,
          "before": " ",
          "after": " "
        },
        {
          "index": 5,
          "word": "what",
          "originalText": "what",
          "characterOffsetBegin": 128,
          "characterOffsetEnd": 132,
          "before": " ",
          "after": " "
        },
        {
          "index": 6,
          "word": "country",
          "originalText": "country",
          "characterOffsetBegin": 133,
          "characterOffsetEnd": 140,
          "before": " ",
          "after": " "
        },
        {
          "index": 7,
          "word": "your",
          "originalText": "your",
          "characterOffsetBegin": 141,
          "characterOffsetEnd": 145,
          "before": " ",
          "after": " "
        },
        {
          "index": 8,
          "word": "account",
          "originalText": "account",
          "characterOffsetBegin": 146,
          "characterOffsetEnd": 153,
          "before": " ",
          "after": " "
        },
        {
          "index": 9,
          "word": "is",
          "originalText": "is",
          "characterOffsetBegin": 154,
          "characterOffsetEnd": 156,
          "before": " ",
          "after": " "
        },
        {
          "index": 10,
          "word": "set",
          "originalText": "set",
          "characterOffsetBegin": 157,
          "characterOffsetEnd": 160,
          "before": " ",
          "after": " "
        },
        {
          "index": 11,
          "word": "to",
          "originalText": "to",
          "characterOffsetBegin": 161,
          "characterOffsetEnd": 163,
          "before": " ",
          "after": ""
        },
        {
          "index": 12,
          "word": "?",
          "originalText": "?",
          "characterOffsetBegin": 163,
          "characterOffsetEnd": 164,
          "before": "",
          "after": ""
        }
      ]
    },
    {
      "index": 3,
      "tokens": [
        {
          "index": 1,
          "word": "We",
          "originalText": "We",
          "characterOffsetBegin": 166,
          "characterOffsetEnd": 168,
          "before": "",
          "after": ""
        },
        {
          "index": 2,
          "word": "'ll",
          "originalText": "'ll",
          "characterOffsetBegin": 168,
          "characterOffsetEnd": 171,
          "before": "",
          "after": " "
        },
        {
          "index": 3,
          "word": "check",
          "originalText": "check",
          "characterOffsetBegin": 172,
          "characterOffsetEnd": 177,
          "before": " ",
          "after": " "
        },
        {
          "index": 4,
          "word": "things",
          "originalText": "things",
          "characterOffsetBegin": 178,
          "characterOffsetEnd": 184,
          "before": " ",
          "after": " "
        },
        {
          "index": 5,
          "word": "out",
          "originalText": "out",
          "characterOffsetBegin": 185,
          "characterOffsetEnd": 188,
          "before": " ",
          "after": " "
        },
        {
          "index": 6,
          "word": "/",
          "originalText": "/",
          "characterOffsetBegin": 189,
          "characterOffsetEnd": 190,
          "before": " ",
          "after": ""
        },
        {
          "index": 7,
          "word": "CH",
          "originalText": "CH",
          "characterOffsetBegin": 190,
          "characterOffsetEnd": 192,
          "before": "",
          "after": ""
        }
      ]
    },
    {
      "index": 4,
      "tokens": [
        {
          "index": 1,
          "word": "Customer",
          "originalText": "Customer",
          "characterOffsetBegin": 194,
          "characterOffsetEnd": 202,
          "before": "",
          "after": ""
        },
        {
          "index": 2,
          "word": ":",
          "originalText": ":",
          "characterOffsetBegin": 202,
          "characterOffsetEnd": 203,
          "before": "",
          "after": " "
        },
        {
          "index": 3,
          "word": "@SpotifyCares",
          "originalText": "@SpotifyCares",
          "characterOffsetBegin": 204,
          "characterOffsetEnd": 217,
          "before": " ",
          "after": " "
        },
        {
          "index": 4,
          "word": "United",
          "originalText": "United",
          "characterOffsetBegin": 218,
          "characterOffsetEnd": 224,
          "before": " ",
          "after": " "
        },
        {
          "index": 5,
          "word": "States",
          "originalText": "States",
          "characterOffsetBegin": 225,
          "characterOffsetEnd": 231,
          "before": " ",
          "after": ""
        },
        {
          "index": 6,
          "word": "!",
          "originalText": "!",
          "characterOffsetBegin": 231,
          "characterOffsetEnd": 232,
          "before": "",
          "after": ""
        }
      ]
    },
    {
      "index": 5,
      "tokens": [
        {
          "index": 1,
          "word": "Agent",
          "originalText": "Agent",
          "characterOffsetBegin": 234,
          "characterOffsetEnd": 239,
          "before": "",
          "after": ""
        },
        {
          "index": 2,
          "word": ":",
          "originalText": ":",
          "characterOffsetBegin": 239,
          "characterOffsetEnd": 240,
          "before": "",
          "after": " "
        },
        {
          "index": 3,
          "word": "@",
          "originalText": "@",
          "characterOffsetBegin": 241,
          "characterOffsetEnd": 242,
          "before": " ",
          "after": ""
        },
        {
          "index": 4,
          "word": "472114",
          "originalText": "472114",
          "characterOffsetBegin": 242,
          "characterOffsetEnd": 248,
          "before": "",
          "after": " "
        },
        {
          "index": 5,
          "word": "Fingers",
          "originalText": "Fingers",
          "characterOffsetBegin": 249,
          "characterOffsetEnd": 256,
          "before": " ",
          "after": " "
        },
        {
          "index": 6,
          "word": "crossed",
          "originalText": "crossed",
          "characterOffsetBegin": 257,
          "characterOffsetEnd": 264,
          "before": " ",
          "after": " "
        },
        {
          "index": 7,
          "word": "we",
          "originalText": "we",
          "characterOffsetBegin": 265,
          "characterOffsetEnd": 267,
          "before": " ",
          "after": ""
        },
        {
          "index": 8,
          "word": "'ll",
          "originalText": "'ll",
          "characterOffsetBegin": 267,
          "characterOffsetEnd": 270,
          "before": "",
          "after": " "
        },
        {
          "index": 9,
          "word": "be",
          "originalText": "be",
          "characterOffsetBegin": 271,
          "characterOffsetEnd": 273,
          "before": " ",
          "after": " "
        },
        {
          "index": 10,
          "word": "able",
          "originalText": "able",
          "characterOffsetBegin": 274,
          "characterOffsetEnd": 278,
          "before": " ",
          "after": " "
        },
        {
          "index": 11,
          "word": "to",
          "originalText": "to",
          "characterOffsetBegin": 279,
          "characterOffsetEnd": 281,
          "before": " ",
          "after": " "
        },
        {
          "index": 12,
          "word": "have",
          "originalText": "have",
          "characterOffsetBegin": 282,
          "characterOffsetEnd": 286,
          "before": " ",
          "after": " "
        },
        {
          "index": 13,
          "word": "all",
          "originalText": "all",
          "characterOffsetBegin": 287,
          "characterOffsetEnd": 290,
          "before": " ",
          "after": " "
        },
        {
          "index": 14,
          "word": "of",
          "originalText": "of",
          "characterOffsetBegin": 291,
          "characterOffsetEnd": 293,
          "before": " ",
          "after": " "
        },
        {
          "index": 15,
          "word": "their",
          "originalText": "their",
          "characterOffsetBegin": 294,
          "characterOffsetEnd": 299,
          "before": " ",
          "after": " "
        },
        {
          "index": 16,
          "word": "songs",
          "originalText": "songs",
          "characterOffsetBegin": 300,
          "characterOffsetEnd": 305,
          "before": " ",
          "after": " "
        },
        {
          "index": 17,
          "word": "soon",
          "originalText": "soon",
          "characterOffsetBegin": 306,
          "characterOffsetEnd": 310,
          "before": " ",
          "after": ""
        },
        {
          "index": 18,
          "word": ",",
          "originalText": ",",
          "characterOffsetBegin": 310,
          "characterOffsetEnd": 311,
          "before": "",
          "after": " "
        },
        {
          "index": 19,
          "word": "but",
          "originalText": "but",
          "characterOffsetBegin": 312,
          "characterOffsetEnd": 315,
          "before": " ",
          "after": " "
        },
        {
          "index": 20,
          "word": "there",
          "originalText": "there",
          "characterOffsetBegin": 316,
          "characterOffsetEnd": 321,
          "before": " ",
          "after": ""
        },
        {
          "index": 21,
          "word": "'s",
          "originalText": "'s",
          "characterOffsetBegin": 321,
          "characterOffsetEnd": 323,
          "before": "",
          "after": " "
        },
        {
          "index": 22,
          "word": "info",
          "originalText": "info",
          "characterOffsetBegin": 324,
          "characterOffsetEnd": 328,
          "before": " ",
          "after": " "
        },
        {
          "index": 23,
          "word": "about",
          "originalText": "about",
          "characterOffsetBegin": 329,
          "characterOffsetEnd": 334,
          "before": " ",
          "after": " "
        },
        {
          "index": 24,
          "word": "Spotify",
          "originalText": "Spotify",
          "characterOffsetBegin": 335,
          "characterOffsetEnd": 342,
          "before": " ",
          "after": " "
        },
        {
          "index": 25,
          "word": "content",
          "originalText": "content",
          "characterOffsetBegin": 343,
          "characterOffsetEnd": 350,
          "before": " ",
          "after": " "
        },
        {
          "index": 26,
          "word": "here",
          "originalText": "here",
          "characterOffsetBegin": 351,
          "characterOffsetEnd": 355,
          "before": " ",
          "after": ""
        },
        {
          "index": 27,
          "word": ":",
          "originalText": ":",
          "characterOffsetBegin": 355,
          "characterOffsetEnd": 356,
          "before": "",
          "after": " "
        },
        {
          "index": 28,
          "word": "https://t.co/0i8GpimuDa",
          "originalText": "https://t.co/0i8GpimuDa",
          "characterOffsetBegin": 357,
          "characterOffsetEnd": 380,
          "before": " ",
          "after": " "
        },
        {
          "index": 29,
          "word": "/",
          "originalText": "/",
          "characterOffsetBegin": 381,
          "characterOffsetEnd": 382,
          "before": " ",
          "after": ""
        },
        {
          "index": 30,
          "word": "CH",
          "originalText": "CH",
          "characterOffsetBegin": 382,
          "characterOffsetEnd": 384,
          "before": "",
          "after": ""
        }
      ]
    },
    {
      "index": 6,
      "tokens": [
        {
          "index": 1,
          "word": "Customer",
          "originalText": "Customer",
          "characterOffsetBegin": 386,
          "characterOffsetEnd": 394,
          "before": "",
          "after": ""
        },
        {
          "index": 2,
          "word": ":",
          "originalText": ":",
          "characterOffsetBegin": 394,
          "characterOffsetEnd": 395,
          "before": "",
          "after": " "
        },
        {
          "index": 3,
          "word": "@SpotifyCares",
          "originalText": "@SpotifyCares",
          "characterOffsetBegin": 396,
          "characterOffsetEnd": 409,
          "before": " ",
          "after": " "
        },
        {
          "index": 4,
          "word": "Sweeeet",
          "originalText": "Sweeeet",
          "characterOffsetBegin": 410,
          "characterOffsetEnd": 417,
          "before": " ",
          "after": ""
        },
        {
          "index": 5,
          "word": "!",
          "originalText": "!",
          "characterOffsetBegin": 417,
          "characterOffsetEnd": 418,
          "before": "",
          "after": ""
        }
      ]
    },
    {
      "index": 7,
      "tokens": [
        {
          "index": 1,
          "word": "Agent",
          "originalText": "Agent",
          "characterOffsetBegin": 420,
          "characterOffsetEnd": 425,
          "before": "",
          "after": ""
        },
        {
          "index": 2,
          "word": ":",
          "originalText": ":",
          "characterOffsetBegin": 425,
          "characterOffsetEnd": 426,
          "before": "",
          "after": " "
        },
        {
          "index": 3,
          "word": "@",
          "originalText": "@",
          "characterOffsetBegin": 427,
          "characterOffsetEnd": 428,
          "before": " ",
          "after": ""
        },
        {
          "index": 4,
          "word": "472114",
          "originalText": "472114",
          "characterOffsetBegin": 428,
          "characterOffsetEnd": 434,
          "before": "",
          "after": " "
        },
        {
          "index": 5,
          "word": "Cool",
          "originalText": "Cool",
          "characterOffsetBegin": 435,
          "characterOffsetEnd": 439,
          "before": " ",
          "after": " "
        },
        {
          "index": 6,
          "word": "beans",
          "originalText": "beans",
          "characterOffsetBegin": 440,
          "characterOffsetEnd": 445,
          "before": " ",
          "after": ""
        },
        {
          "index": 7,
          "word": "!",
          "originalText": "!",
          "characterOffsetBegin": 445,
          "characterOffsetEnd": 446,
          "before": "",
          "after": ""
        }
      ]
    },
    {
      "index": 8,
      "tokens": [
        {
          "index": 1,
          "word": "You",
          "originalText": "You",
          "characterOffsetBegin": 448,
          "characterOffsetEnd": 451,
          "before": "",
          "after": " "
        },
        {
          "index": 2,
          "word": "know",
          "originalText": "know",
          "characterOffsetBegin": 452,
          "characterOffsetEnd": 456,
          "before": " ",
          "after": " "
        },
        {
          "index": 3,
          "word": "where",
          "originalText": "where",
          "characterOffsetBegin": 457,
          "characterOffsetEnd": 462,
          "before": " ",
          "after": " "
        },
        {
          "index": 4,
          "word": "to",
          "originalText": "to",
          "characterOffsetBegin": 463,
          "characterOffsetEnd": 465,
          "before": " ",
          "after": " "
        },
        {
          "index": 5,
          "word": "find",
          "originalText": "find",
          "characterOffsetBegin": 466,
          "characterOffsetEnd": 470,
          "before": " ",
          "after": " "
        },
        {
          "index": 6,
          "word": "us",
          "originalText": "us",
          "characterOffsetBegin": 471,
          "characterOffsetEnd": 473,
          "before": " ",
          "after": " "
        },
        {
          "index": 7,
          "word": "if",
          "originalText": "if",
          "characterOffsetBegin": 474,
          "characterOffsetEnd": 476,
          "before": " ",
          "after": " "
        },
        {
          "index": 8,
          "word": "there",
          "originalText": "there",
          "characterOffsetBegin": 477,
          "characterOffsetEnd": 482,
          "before": " ",
          "after": ""
        },
        {
          "index": 9,
          "word": "'s",
          "originalText": "'s",
          "characterOffsetBegin": 482,
          "characterOffsetEnd": 484,
          "before": "",
          "after": " "
        },
        {
          "index": 10,
          "word": "anything",
          "originalText": "anything",
          "characterOffsetBegin": 485,
          "characterOffsetEnd": 493,
          "before": " ",
          "after": " "
        },
        {
          "index": 11,
          "word": "else",
          "originalText": "else",
          "characterOffsetBegin": 494,
          "characterOffsetEnd": 498,
          "before": " ",
          "after": " "
        },
        {
          "index": 12,
          "word": "you",
          "originalText": "you",
          "characterOffsetBegin": 499,
          "characterOffsetEnd": 502,
          "before": " ",
          "after": " "
        },
        {
          "index": 13,
          "word": "need",
          "originalText": "need",
          "characterOffsetBegin": 503,
          "characterOffsetEnd": 507,
          "before": " ",
          "after": " "
        },
        {
          "index": 14,
          "word": "help",
          "originalText": "help",
          "characterOffsetBegin": 508,
          "characterOffsetEnd": 512,
          "before": " ",
          "after": " "
        },
        {
          "index": 15,
          "word": "with",
          "originalText": "with",
          "characterOffsetBegin": 513,
          "characterOffsetEnd": 517,
          "before": " ",
          "after": ""
        },
        {
          "index": 16,
          "word": ".",
          "originalText": ".",
          "characterOffsetBegin": 517,
          "characterOffsetEnd": 518,
          "before": "",
          "after": ""
        }
      ]
    },
    {
      "index": 9,
      "tokens": [
        {
          "index": 1,
          "word": "https://t.co/uEkAlnxbzn",
          "originalText": "https://t.co/uEkAlnxbzn",
          "characterOffsetBegin": 520,
          "characterOffsetEnd": 543,
          "before": "",
          "after": " "
        },
        {
          "index": 2,
          "word": "😉",
          "originalText": "😉",
          "characterOffsetBegin": 544,
          "characterOffsetEnd": 546,
          "before": " ",
          "after": " "
        },
        {
          "index": 3,
          "word": "/",
          "originalText": "/",
          "characterOffsetBegin": 547,
          "characterOffsetEnd": 548,
          "before": " ",
          "after": ""
        },
        {
          "index": 4,
          "word": "CH",
          "originalText": "CH",
          "characterOffsetBegin": 548,
          "characterOffsetEnd": 550,
          "before": "",
          "after": ""
        }
      ]
    },
    {
      "index": 10,
      "tokens": [
        {
          "index": 1,
          "word": "Customer",
          "originalText": "Customer",
          "characterOffsetBegin": 552,
          "characterOffsetEnd": 560,
          "before": "",
          "after": ""
        },
        {
          "index": 2,
          "word": ":",
          "originalText": ":",
          "characterOffsetBegin": 560,
          "characterOffsetEnd": 561,
          "before": "",
          "after": " "
        },
        {
          "index": 3,
          "word": "@SpotifyCares",
          "originalText": "@SpotifyCares",
          "characterOffsetBegin": 562,
          "characterOffsetEnd": 575,
          "before": " ",
          "after": " "
        },
        {
          "index": 4,
          "word": "Thank",
          "originalText": "Thank",
          "characterOffsetBegin": 576,
          "characterOffsetEnd": 581,
          "before": " ",
          "after": " "
        },
        {
          "index": 5,
          "word": "you",
          "originalText": "you",
          "characterOffsetBegin": 582,
          "characterOffsetEnd": 585,
          "before": " ",
          "after": ""
        },
        {
          "index": 6,
          "word": "!",
          "originalText": "!",
          "characterOffsetBegin": 585,
          "characterOffsetEnd": 586,
          "before": "",
          "after": ""
        }
      ]
    },
    {
      "index": 11,
      "tokens": [
        {
          "index": 1,
          "word": "😌",
          "originalText": "😌",
          "characterOffsetBegin": 588,
          "characterOffsetEnd": 590,
          "before": "",
          "after": ""
        }
      ]
    },
    {
      "index": 12,
      "tokens": [
        {
          "index": 1,
          "word": "Agent",
          "originalText": "Agent",
          "characterOffsetBegin": 592,
          "characterOffsetEnd": 597,
          "before": "",
          "after": ""
        },
        {
          "index": 2,
          "word": ":",
          "originalText": ":",
          "characterOffsetBegin": 597,
          "characterOffsetEnd": 598,
          "before": "",
          "after": " "
        },
        {
          "index": 3,
          "word": "@",
          "originalText": "@",
          "characterOffsetBegin": 599,
          "characterOffsetEnd": 600,
          "before": " ",
          "after": ""
        },
        {
          "index": 4,
          "word": "472114",
          "originalText": "472114",
          "characterOffsetBegin": 600,
          "characterOffsetEnd": 606,
          "before": "",
          "after": " "
        },
        {
          "index": 5,
          "word": "You",
          "originalText": "You",
          "characterOffsetBegin": 607,
          "characterOffsetEnd": 610,
          "before": " ",
          "after": ""
        },
        {
          "index": 6,
          "word": "'re",
          "originalText": "'re",
          "characterOffsetBegin": 610,
          "characterOffsetEnd": 613,
          "before": "",
          "after": " "
        },
        {
          "index": 7,
          "word": "always",
          "originalText": "always",
          "characterOffsetBegin": 614,
          "characterOffsetEnd": 620,
          "before": " ",
          "after": " "
        },
        {
          "index": 8,
          "word": "welcome",
          "originalText": "welcome",
          "characterOffsetBegin": 621,
          "characterOffsetEnd": 628,
          "before": " ",
          "after": ""
        },
        {
          "index": 9,
          "word": "!",
          "originalText": "!",
          "characterOffsetBegin": 628,
          "characterOffsetEnd": 629,
          "before": "",
          "after": ""
        }
      ]
    },
    {
      "index": 13,
      "tokens": [
        {
          "index": 1,
          "word": "😉",
          "originalText": "😉",
          "characterOffsetBegin": 631,
          "characterOffsetEnd": 633,
          "before": "",
          "after": " "
        },
        {
          "index": 2,
          "word": "/",
          "originalText": "/",
          "characterOffsetBegin": 634,
          "characterOffsetEnd": 635,
          "before": " ",
          "after": ""
        },
        {
          "index": 3,
          "word": "CH",
          "originalText": "CH",
          "characterOffsetBegin": 635,
          "characterOffsetEnd": 637,
          "before": "",
          "after": ""
        }
      ]
    },
    {
      "index": 14,
      "tokens": [
        {
          "index": 1,
          "word": "@highlight",
          "originalText": "@highlight",
          "characterOffsetBegin": 639,
          "characterOffsetEnd": 649,
          "before": "",
          "after": ""
        }
      ]
    },
    {
      "index": 15,
      "tokens": [
        {
          "index": 1,
          "word": "Customer",
          "originalText": "Customer",
          "characterOffsetBegin": 651,
          "characterOffsetEnd": 659,
          "before": "",
          "after": ""
        },
        {
          "index": 2,
          "word": ":",
          "originalText": ":",
          "characterOffsetBegin": 659,
          "characterOffsetEnd": 660,
          "before": "",
          "after": " "
        },
        {
          "index": 3,
          "word": "I",
          "originalText": "I",
          "characterOffsetBegin": 661,
          "characterOffsetEnd": 662,
          "before": " ",
          "after": " "
        },
        {
          "index": 4,
          "word": "wan",
          "originalText": "wan",
          "characterOffsetBegin": 663,
          "characterOffsetEnd": 666,
          "before": " ",
          "after": ""
        },
        {
          "index": 5,
          "word": "na",
          "originalText": "na",
          "characterOffsetBegin": 666,
          "characterOffsetEnd": 668,
          "before": "",
          "after": " "
        },
        {
          "index": 6,
          "word": "know",
          "originalText": "know",
          "characterOffsetBegin": 669,
          "characterOffsetEnd": 673,
          "before": " ",
          "after": " "
        },
        {
          "index": 7,
          "word": "why",
          "originalText": "why",
          "characterOffsetBegin": 674,
          "characterOffsetEnd": 677,
          "before": " ",
          "after": " "
        },
        {
          "index": 8,
          "word": "Este",
          "originalText": "Este",
          "characterOffsetBegin": 678,
          "characterOffsetEnd": 682,
          "before": " ",
          "after": " "
        },
        {
          "index": 9,
          "word": "Corazon",
          "originalText": "Corazon",
          "characterOffsetBegin": 683,
          "characterOffsetEnd": 690,
          "before": " ",
          "after": " "
        },
        {
          "index": 10,
          "word": "is",
          "originalText": "is",
          "characterOffsetBegin": 691,
          "characterOffsetEnd": 693,
          "before": " ",
          "after": " "
        },
        {
          "index": 11,
          "word": "the",
          "originalText": "the",
          "characterOffsetBegin": 694,
          "characterOffsetEnd": 697,
          "before": " ",
          "after": " "
        },
        {
          "index": 12,
          "word": "only",
          "originalText": "only",
          "characterOffsetBegin": 698,
          "characterOffsetEnd": 702,
          "before": " ",
          "after": " "
        },
        {
          "index": 13,
          "word": "RBD",
          "originalText": "RBD",
          "characterOffsetBegin": 703,
          "characterOffsetEnd": 706,
          "before": " ",
          "after": " "
        },
        {
          "index": 14,
          "word": "song",
          "originalText": "song",
          "characterOffsetBegin": 707,
          "characterOffsetEnd": 711,
          "before": " ",
          "after": " "
        },
        {
          "index": 15,
          "word": "I",
          "originalText": "I",
          "characterOffsetBegin": 712,
          "characterOffsetEnd": 713,
          "before": " ",
          "after": " "
        },
        {
          "index": 16,
          "word": "can",
          "originalText": "can",
          "characterOffsetBegin": 714,
          "characterOffsetEnd": 717,
          "before": " ",
          "after": " "
        },
        {
          "index": 17,
          "word": "find",
          "originalText": "find",
          "characterOffsetBegin": 718,
          "characterOffsetEnd": 722,
          "before": " ",
          "after": " "
        },
        {
          "index": 18,
          "word": "on",
          "originalText": "on",
          "characterOffsetBegin": 723,
          "characterOffsetEnd": 725,
          "before": " ",
          "after": " "
        },
        {
          "index": 19,
          "word": "@",
          "originalText": "@",
          "characterOffsetBegin": 726,
          "characterOffsetEnd": 727,
          "before": " ",
          "after": ""
        },
        {
          "index": 20,
          "word": "115888",
          "originalText": "115888",
          "characterOffsetBegin": 727,
          "characterOffsetEnd": 733,
          "before": "",
          "after": ""
        }
      ]
    },
    {
      "index": 16,
      "tokens": [
        {
          "index": 1,
          "word": "@highlight",
          "originalText": "@highlight",
          "characterOffsetBegin": 735,
          "characterOffsetEnd": 745,
          "before": "",
          "after": ""
        }
      ]
    },
    {
      "index": 17,
      "tokens": [
        {
          "index": 1,
          "word": "Agent",
          "originalText": "Agent",
          "characterOffsetBegin": 747,
          "characterOffsetEnd": 752,
          "before": "",
          "after": ""
        },
        {
          "index": 2,
          "word": ":",
          "originalText": ":",
          "characterOffsetBegin": 752,
          "characterOffsetEnd": 753,
          "before": "",
          "after": " "
        },
        {
          "index": 3,
          "word": "@",
          "originalText": "@",
          "characterOffsetBegin": 754,
          "characterOffsetEnd": 755,
          "before": " ",
          "after": ""
        },
        {
          "index": 4,
          "word": "472114",
          "originalText": "472114",
          "characterOffsetBegin": 755,
          "characterOffsetEnd": 761,
          "before": "",
          "after": " "
        },
        {
          "index": 5,
          "word": "Fingers",
          "originalText": "Fingers",
          "characterOffsetBegin": 762,
          "characterOffsetEnd": 769,
          "before": " ",
          "after": " "
        },
        {
          "index": 6,
          "word": "crossed",
          "originalText": "crossed",
          "characterOffsetBegin": 770,
          "characterOffsetEnd": 777,
          "before": " ",
          "after": " "
        },
        {
          "index": 7,
          "word": "we",
          "originalText": "we",
          "characterOffsetBegin": 778,
          "characterOffsetEnd": 780,
          "before": " ",
          "after": ""
        },
        {
          "index": 8,
          "word": "'ll",
          "originalText": "'ll",
          "characterOffsetBegin": 780,
          "characterOffsetEnd": 783,
          "before": "",
          "after": " "
        },
        {
          "index": 9,
          "word": "be",
          "originalText": "be",
          "characterOffsetBegin": 784,
          "characterOffsetEnd": 786,
          "before": " ",
          "after": " "
        },
        {
          "index": 10,
          "word": "able",
          "originalText": "able",
          "characterOffsetBegin": 787,
          "characterOffsetEnd": 791,
          "before": " ",
          "after": " "
        },
        {
          "index": 11,
          "word": "to",
          "originalText": "to",
          "characterOffsetBegin": 792,
          "characterOffsetEnd": 794,
          "before": " ",
          "after": " "
        },
        {
          "index": 12,
          "word": "have",
          "originalText": "have",
          "characterOffsetBegin": 795,
          "characterOffsetEnd": 799,
          "before": " ",
          "after": " "
        },
        {
          "index": 13,
          "word": "all",
          "originalText": "all",
          "characterOffsetBegin": 800,
          "characterOffsetEnd": 803,
          "before": " ",
          "after": " "
        },
        {
          "index": 14,
          "word": "of",
          "originalText": "of",
          "characterOffsetBegin": 804,
          "characterOffsetEnd": 806,
          "before": " ",
          "after": " "
        },
        {
          "index": 15,
          "word": "their",
          "originalText": "their",
          "characterOffsetBegin": 807,
          "characterOffsetEnd": 812,
          "before": " ",
          "after": " "
        },
        {
          "index": 16,
          "word": "songs",
          "originalText": "songs",
          "characterOffsetBegin": 813,
          "characterOffsetEnd": 818,
          "before": " ",
          "after": " "
        },
        {
          "index": 17,
          "word": "soon",
          "originalText": "soon",
          "characterOffsetBegin": 819,
          "characterOffsetEnd": 823,
          "before": " ",
          "after": ""
        },
        {
          "index": 18,
          "word": ",",
          "originalText": ",",
          "characterOffsetBegin": 823,
          "characterOffsetEnd": 824,
          "before": "",
          "after": " "
        },
        {
          "index": 19,
          "word": "but",
          "originalText": "but",
          "characterOffsetBegin": 825,
          "characterOffsetEnd": 828,
          "before": " ",
          "after": " "
        },
        {
          "index": 20,
          "word": "there",
          "originalText": "there",
          "characterOffsetBegin": 829,
          "characterOffsetEnd": 834,
          "before": " ",
          "after": ""
        },
        {
          "index": 21,
          "word": "'s",
          "originalText": "'s",
          "characterOffsetBegin": 834,
          "characterOffsetEnd": 836,
          "before": "",
          "after": " "
        },
        {
          "index": 22,
          "word": "info",
          "originalText": "info",
          "characterOffsetBegin": 837,
          "characterOffsetEnd": 841,
          "before": " ",
          "after": " "
        },
        {
          "index": 23,
          "word": "about",
          "originalText": "about",
          "characterOffsetBegin": 842,
          "characterOffsetEnd": 847,
          "before": " ",
          "after": " "
        },
        {
          "index": 24,
          "word": "Spotify",
          "originalText": "Spotify",
          "characterOffsetBegin": 848,
          "characterOffsetEnd": 855,
          "before": " ",
          "after": " "
        },
        {
          "index": 25,
          "word": "content",
          "originalText": "content",
          "characterOffsetBegin": 856,
          "characterOffsetEnd": 863,
          "before": " ",
          "after": " "
        },
        {
          "index": 26,
          "word": "here",
          "originalText": "here",
          "characterOffsetBegin": 864,
          "characterOffsetEnd": 868,
          "before": " ",
          "after": ""
        },
        {
          "index": 27,
          "word": ":",
          "originalText": ":",
          "characterOffsetBegin": 868,
          "characterOffsetEnd": 869,
          "before": "",
          "after": " "
        },
        {
          "index": 28,
          "word": "https://t.co/0i8GpimuDa",
          "originalText": "https://t.co/0i8GpimuDa",
          "characterOffsetBegin": 870,
          "characterOffsetEnd": 893,
          "before": " ",
          "after": " "
        },
        {
          "index": 29,
          "word": "/",
          "originalText": "/",
          "characterOffsetBegin": 894,
          "characterOffsetEnd": 895,
          "before": " ",
          "after": ""
        },
        {
          "index": 30,
          "word": "CH",
          "originalText": "CH",
          "characterOffsetBegin": 895,
          "characterOffsetEnd": 897,
          "before": "",
          "after": ""
        }
      ]
    }
  ]
}