{
  "sentences": [
    {
      "index": 0,
      "tokens": [
        {
          "index": 1,
          "word": "Customer",
          "originalText": "Customer",
          "characterOffsetBegin": 0,
          "characterOffsetEnd": 8,
          "before": "",
          "after": ""
        },
        {
          "index": 2,
          "word": ":",
          "originalText": ":",
          "characterOffsetBegin": 8,
          "characterOffsetEnd": 9,
          "before": "",
          "after": " "
        },
        {
          "index": 3,
          "word": "@SW_Help",
          "originalText": "@SW_Help",
          "characterOffsetBegin": 10,
          "characterOffsetEnd": 18,
          "before": " ",
          "after": " "
        },
        {
          "index": 4,
          "word": "the",
          "originalText": "the",
          "characterOffsetBegin": 19,
          "characterOffsetEnd": 22,
          "before": " ",
          "after": " "
        },
        {
          "index": 5,
          "word": "delightful",
          "originalText": "delightful",
          "characterOffsetBegin": 23,
          "characterOffsetEnd": 33,
          "before": " ",
          "after": " "
        },
        {
          "index": 6,
          "word": "smell",
          "originalText": "smell",
          "characterOffsetBegin": 34,
          "characterOffsetEnd": 39,
          "before": " ",
          "after": " "
        },
        {
          "index": 7,
          "word": "of",
          "originalText": "of",
          "characterOffsetBegin": 40,
          "characterOffsetEnd": 42,
          "before": " ",
          "after": " "
        },
        {
          "index": 8,
          "word": "urine",
          "originalText": "urine",
          "characterOffsetBegin": 43,
          "characterOffsetEnd": 48,
          "before": " ",
          "after": " "
        },
        {
          "index": 9,
          "word": "on",
          "originalText": "on",
          "characterOffsetBegin": 49,
          "characterOffsetEnd": 51,
          "before": " ",
          "after": " "
        },
        {
          "index": 10,
          "word": "the",
          "originalText": "the",
          "characterOffsetBegin": 52,
          "characterOffsetEnd": 55,
          "before": " ",
          "after": " "
        },
        {
          "index": 11,
          "word": "18.18",
          "originalText": "18.18",
          "characterOffsetBegin": 56,
          "characterOffsetEnd": 61,
          "before": " ",
          "after": " "
        },
        {
          "index": 12,
          "word": "to",
          "originalText": "to",
          "characterOffsetBegin": 62,
          "characterOffsetEnd": 64,
          "before": " ",
          "after": " "
        },
        {
          "index": 13,
          "word": "Portsmouth",
          "originalText": "Portsmouth",
          "characterOffsetBegin": 65,
          "characterOffsetEnd": 75,
          "before": " ",
          "after": ""
        }
      ]
    },
    {
      "index": 1,
      "tokens": [
        {
          "index": 1,
          "word": "Agent",
          "originalText": "Agent",
          "characterOffsetBegin": 77,
          "characterOffsetEnd": 82,
          "before": "",
          "after": ""
        },
        {
          "index": 2,
          "word": ":",
          "originalText": ":",
          "characterOffsetBegin": 82,
          "characterOffsetEnd": 83,
          "before": "",
          "after": " "
        },
        {
          "index": 3,
          "word": "@",
          "originalText": "@",
          "characterOffsetBegin": 84,
          "characterOffsetEnd": 85,
          "before": " ",
          "after": ""
        },
        {
          "index": 4,
          "word": "375656",
          "originalText": "375656",
          "characterOffsetBegin": 85,
          "characterOffsetEnd": 91,
          "before": "",
          "after": " "
        },
        {
          "index": 5,
          "word": "hi",
          "originalText": "hi",
          "characterOffsetBegin": 92,
          "characterOffsetEnd": 94,
          "before": " ",
          "after": ""
        },
        {
          "index": 6,
          "word": ",",
          "originalText": ",",
          "characterOffsetBegin": 94,
          "characterOffsetEnd": 95,
          "before": "",
          "after": " "
        },
        {
          "index": 7,
          "word": "sorry",
          "originalText": "sorry",
          "characterOffsetBegin": 96,
          "characterOffsetEnd": 101,
          "before": " ",
          "after": " "
        },
        {
          "index": 8,
          "word": "about",
          "originalText": "about",
          "characterOffsetBegin": 102,
          "characterOffsetEnd": 107,
          "before": " ",
          "after": " "
        },
        {
          "index": 9,
          "word": "this",
          "originalText": "this",
          "characterOffsetBegin": 108,
          "characterOffsetEnd": 112,
          "before": " ",
          "after": ""
        },
        {
          "index": 10,
          "word": ".",
          "originalText": ".",
          "characterOffsetBegin": 112,
          "characterOffsetEnd": 113,
          "before": "",
          "after": ""
        }
      ]
    },
    {
      "index": 2,
      "tokens": [
        {
          "index": 1,
          "word": "May",
          "originalText": "May",
          "characterOffsetBegin": 115,
          "characterOffsetEnd": 118,
          "before": "",
          "after": " "
        },
        {
          "index": 2,
          "word": "I",
          "originalText": "I",
          "characterOffsetBegin": 119,
          "characterOffsetEnd": 120,
          "before": " ",
          "after": " "
        },
        {
          "index": 3,
          "word": "know",
          "originalText": "know",
          "characterOffsetBegin": 121,
          "characterOffsetEnd": 125,
          "before": " ",
          "after": " "
        },
        {
          "index": 4,
          "word": "which",
          "originalText": "which",
          "characterOffsetBegin": 126,
          "characterOffsetEnd": 131,
          "before": " ",
          "after": " "
        },
        {
          "index": 5,
          "word": "train",
          "originalText": "train",
          "characterOffsetBegin": 132,
          "characterOffsetEnd": 137,
          "before": " ",
          "after": " "
        },
        {
          "index": 6,
          "word": "is",
          "originalText": "is",
          "characterOffsetBegin": 138,
          "characterOffsetEnd": 140,
          "before": " ",
          "after": " "
        },
        {
          "index": 7,
          "word": "this",
          "originalText": "this",
          "characterOffsetBegin": 141,
          "characterOffsetEnd": 145,
          "before": " ",
          "after": ""
        },
        {
          "index": 8,
          "word": ",",
          "originalText": ",",
          "characterOffsetBegin": 145,
          "characterOffsetEnd": 146,
          "before": "",
          "after": " "
        },
        {
          "index": 9,
          "word": "please",
          "originalText": "please",
          "characterOffsetBegin": 147,
          "characterOffsetEnd": 153,
          "before": " ",
          "after": ""
        },
        {
          "index": 10,
          "word": "?",
          "originalText": "?",
          "characterOffsetBegin": 153,
          "characterOffsetEnd": 154,
          "before": "",
          "after": ""
        }
      ]
    },
    {
      "index": 3,
      "tokens": [
        {
          "index": 1,
          "word": "^",
          "originalText": "^",
          "characterOffsetBegin": 156,
          "characterOffsetEnd": 157,
          "before": "",
          "after": ""
        },
        {
          "index": 2,
          "word": "JH",
          "originalText": "JH",
          "characterOffsetBegin": 157,
          "characterOffsetEnd": 159,
          "before": "",
          "after": ""
        }
      ]
    },
    {
      "index": 4,
      "tokens": [
        {
          "index": 1,
          "word": "Customer",
          "originalText": "Customer",
          "characterOffsetBegin": 161,
          "characterOffsetEnd": 169,
          "before": "",
          "after": ""
        },
        {
          "index": 2,
          "word": ":",
          "originalText": ":",
          "characterOffsetBegin": 169,
          "characterOffsetEnd": 170,
          "before": "",
          "after": " "
        },
        {
          "index": 3,
          "word": "@SW_Help",
          "originalText": "@SW_Help",
          "characterOffsetBegin": 171,
          "characterOffsetEnd": 179,
          "before": " ",
          "after": " "
        },
        {
          "index": 4,
          "word": "Waterloo",
          "originalText": "Waterloo",
          "characterOffsetBegin": 180,
          "characterOffsetEnd": 188,
          "before": " ",
          "after": " "
        },
        {
          "index": 5,
          "word": "18.17",
          "originalText": "18.17",
          "characterOffsetBegin": 189,
          "characterOffsetEnd": 194,
          "before": " ",
          "after": " "
        },
        {
          "index": 6,
          "word": "to",
          "originalText": "to",
          "characterOffsetBegin": 195,
          "characterOffsetEnd": 197,
          "before": " ",
          "after": " "
        },
        {
          "index": 7,
          "word": "Portsmouth",
          "originalText": "Portsmouth",
          "characterOffsetBegin": 198,
          "characterOffsetEnd": 208,
          "before": " ",
          "after": ""
        }
      ]
    },
    {
      "index": 5,
      "tokens": [
        {
          "index": 1,
          "word": "Agent",
          "originalText": "Agent",
          "characterOffsetBegin": 210,
          "characterOffsetEnd": 215,
          "before": "",
          "after": ""
        },
        {
          "index": 2,
          "word": ":",
          "originalText": ":",
          "characterOffsetBegin": 215,
          "characterOffsetEnd": 216,
          "before": "",
          "after": " "
        },
        {
          "index": 3,
          "word": "@",
          "originalText": "@",
          "characterOffsetBegin": 217,
          "characterOffsetEnd": 218,
          "before": " ",
          "after": ""
        },
        {
          "index": 4,
          "word": "375656",
          "originalText": "375656",
          "characterOffsetBegin": 218,
          "characterOffsetEnd": 224,
          "before": "",
          "after": " "
        },
        {
          "index": 5,
          "word": "I",
          "originalText": "I",
          "characterOffsetBegin": 225,
          "characterOffsetEnd": 226,
          "before": " ",
          "after": ""
        },
        {
          "index": 6,
          "word": "'m",
          "originalText": "'m",
          "characterOffsetBegin": 226,
          "characterOffsetEnd": 228,
          "before": "",
          "after": " "
        },
        {
          "index": 7,
          "word": "sorry",
          "originalText": "sorry",
          "characterOffsetBegin": 229,
          "characterOffsetEnd": 234,
          "before": " ",
          "after": " "
        },
        {
          "index": 8,
          "word": "but",
          "originalText": "but",
          "characterOffsetBegin": 235,
          "characterOffsetEnd": 238,
          "before": " ",
          "after": " "
        },
        {
          "index": 9,
          "word": "there",
          "originalText": "there",
          "characterOffsetBegin": 239,
          "characterOffsetEnd": 244,
          "before": " ",
          "after": " "
        },
        {
          "index": 10,
          "word": "is",
          "originalText": "is",
          "characterOffsetBegin": 245,
          "characterOffsetEnd": 247,
          "before": " ",
          "after": " "
        },
        {
          "index": 11,
          "word": "no",
          "originalText": "no",
          "characterOffsetBegin": 248,
          "characterOffsetEnd": 250,
          "before": " ",
          "after": " "
        },
        {
          "index": 12,
          "word": "1817",
          "originalText": "1817",
          "characterOffsetBegin": 251,
          "characterOffsetEnd": 255,
          "before": " ",
          "after": " "
        },
        {
          "index": 13,
          "word": "from",
          "originalText": "from",
          "characterOffsetBegin": 256,
          "characterOffsetEnd": 260,
          "before": " ",
          "after": " "
        },
        {
          "index": 14,
          "word": "Waterloo",
          "originalText": "Waterloo",
          "characterOffsetBegin": 261,
          "characterOffsetEnd": 269,
          "before": " ",
          "after": ""
        },
        {
          "index": 15,
          "word": ".",
          "originalText": ".",
          "characterOffsetBegin": 269,
          "characterOffsetEnd": 270,
          "before": "",
          "after": ""
        }
      ]
    },
    {
      "index": 6,
      "tokens": [
        {
          "index": 1,
          "word": "Did",
          "originalText": "Did",
          "characterOffsetBegin": 272,
          "characterOffsetEnd": 275,
          "before": "",
          "after": " "
        },
        {
          "index": 2,
          "word": "you",
          "originalText": "you",
          "characterOffsetBegin": 276,
          "characterOffsetEnd": 279,
          "before": " ",
          "after": " "
        },
        {
          "index": 3,
          "word": "get",
          "originalText": "get",
          "characterOffsetBegin": 280,
          "characterOffsetEnd": 283,
          "before": " ",
          "after": " "
        },
        {
          "index": 4,
          "word": "this",
          "originalText": "this",
          "characterOffsetBegin": 284,
          "characterOffsetEnd": 288,
          "before": " ",
          "after": " "
        },
        {
          "index": 5,
          "word": "train",
          "originalText": "train",
          "characterOffsetBegin": 289,
          "characterOffsetEnd": 294,
          "before": " ",
          "after": " "
        },
        {
          "index": 6,
          "word": "from",
          "originalText": "from",
          "characterOffsetBegin": 295,
          "characterOffsetEnd": 299,
          "before": " ",
          "after": " "
        },
        {
          "index": 7,
          "word": "Clapham",
          "originalText": "Clapham",
          "characterOffsetBegin": 300,
          "characterOffsetEnd": 307,
          "before": " ",
          "after": " "
        },
        {
          "index": 8,
          "word": "Junction",
          "originalText": "Junction",
          "characterOffsetBegin": 308,
          "characterOffsetEnd": 316,
          "before": " ",
          "after": ""
        },
        {
          "index": 9,
          "word": "?",
          "originalText": "?",
          "characterOffsetBegin": 316,
          "characterOffsetEnd": 317,
          "before": "",
          "after": ""
        }
      ]
    },
    {
      "index": 7,
      "tokens": [
        {
          "index": 1,
          "word": "^",
          "originalText": "^",
          "characterOffsetBegin": 319,
          "characterOffsetEnd": 320,
          "before": "",
          "after": ""
        },
        {
          "index": 2,
          "word": "JH",
          "originalText": "JH",
          "characterOffsetBegin": 320,
          "characterOffsetEnd": 322,
          "before": "",
          "after": ""
        }
      ]
    },
    {
      "index": 8,
      "tokens": [
        {
          "index": 1,
          "word": "Customer",
          "originalText": "Customer",
          "characterOffsetBegin": 324,
          "characterOffsetEnd": 332,
          "before": "",
          "after": ""
        },
        {
          "index": 2,
          "word": ":",
          "originalText": ":",
          "characterOffsetBegin": 332,
          "characterOffsetEnd": 333,
          "before": "",
          "after": " "
        },
        {
          "index": 3,
          "word": "@SW_Help",
          "originalText": "@SW_Help",
          "characterOffsetBegin": 334,
          "characterOffsetEnd": 342,
          "before": " ",
          "after": " "
        },
        {
          "index": 4,
          "word": "Golly",
          "originalText": "Golly",
          "characterOffsetBegin": 343,
          "characterOffsetEnd": 348,
          "before": " ",
          "after": " "
        },
        {
          "index": 5,
          "word": "Haslemere",
          "originalText": "Haslemere",
          "characterOffsetBegin": 349,
          "characterOffsetEnd": 358,
          "before": " ",
          "after": " "
        },
        {
          "index": 6,
          "word": "then",
          "originalText": "then",
          "characterOffsetBegin": 359,
          "characterOffsetEnd": 363,
          "before": " ",
          "after": " "
        },
        {
          "index": 7,
          "word": "same",
          "originalText": "same",
          "characterOffsetBegin": 364,
          "characterOffsetEnd": 368,
          "before": " ",
          "after": " "
        },
        {
          "index": 8,
          "word": "line",
          "originalText": "line",
          "characterOffsetBegin": 369,
          "characterOffsetEnd": 373,
          "before": " ",
          "after": ""
        }
      ]
    },
    {
      "index": 9,
      "tokens": [
        {
          "index": 1,
          "word": "Agent",
          "originalText": "Agent",
          "characterOffsetBegin": 375,
          "characterOffsetEnd": 380,
          "before": "",
          "after": ""
        },
        {
          "index": 2,
          "word": ":",
          "originalText": ":",
          "characterOffsetBegin": 380,
          "characterOffsetEnd": 381,
          "before": "",
          "after": " "
        },
        {
          "index": 3,
          "word": "@",
          "originalText": "@",
          "characterOffsetBegin": 382,
          "characterOffsetEnd": 383,
          "before": " ",
          "after": ""
        },
        {
          "index": 4,
          "word": "375656",
          "originalText": "375656",
          "characterOffsetBegin": 383,
          "characterOffsetEnd": 389,
          "before": "",
          "after": " "
        },
        {
          "index": 5,
          "word": "Thank",
          "originalText": "Thank",
          "characterOffsetBegin": 390,
          "characterOffsetEnd": 395,
          "before": " ",
          "after": " "
        },
        {
          "index": 6,
          "word": "you",
          "originalText": "you",
          "characterOffsetBegin": 396,
          "characterOffsetEnd": 399,
          "before": " ",
          "after": ""
        },
        {
          "index": 7,
          "word": "!",
          "originalText": "!",
          "characterOffsetBegin": 399,
          "characterOffsetEnd": 400,
          "before": "",
          "after": ""
        }
      ]
    },
    {
      "index": 10,
      "tokens": [
        {
          "index": 1,
          "word": "I",
          "originalText": "I",
          "characterOffsetBegin": 402,
          "characterOffsetEnd": 403,
          "before": "",
          "after": " "
        },
        {
          "index": 2,
          "word": "have",
          "originalText": "have",
          "characterOffsetBegin": 404,
          "characterOffsetEnd": 408,
          "before": " ",
          "after": " "
        },
        {
          "index": 3,
          "word": "passed",
          "originalText": "passed",
          "characterOffsetBegin": 409,
          "characterOffsetEnd": 415,
          "before": " ",
          "after": " "
        },
        {
          "index": 4,
          "word": "this",
          "originalText": "this",
          "characterOffsetBegin": 416,
          "characterOffsetEnd": 420,
          "before": " ",
          "after": " "
        },
        {
          "index": 5,
          "word": "to",
          "originalText": "to",
          "characterOffsetBegin": 421,
          "characterOffsetEnd": 423,
          "before": " ",
          "after": " "
        },
        {
          "index": 6,
          "word": "our",
          "originalText": "our",
          "characterOffsetBegin": 424,
          "characterOffsetEnd": 427,
          "before": " ",
          "after": " "
        },
        {
          "index": 7,
          "word": "Fleet",
          "originalText": "Fleet",
          "characterOffsetBegin": 428,
          "characterOffsetEnd": 433,
          "before": " ",
          "after": " "
        },
        {
          "index": 8,
          "word": "team",
          "originalText": "team",
          "characterOffsetBegin": 434,
          "characterOffsetEnd": 438,
          "before": " ",
          "after": " "
        },
        {
          "index": 9,
          "word": "now",
          "originalText": "now",
          "characterOffsetBegin": 439,
          "characterOffsetEnd": 442,
          "before": " ",
          "after": " "
        },
        {
          "index": 10,
          "word": "and",
          "originalText": "and",
          "characterOffsetBegin": 443,
          "characterOffsetEnd": 446,
          "before": " ",
          "after": " "
        },
        {
          "index": 11,
          "word": "may",
          "originalText": "may",
          "characterOffsetBegin": 447,
          "characterOffsetEnd": 450,
          "before": " ",
          "after": " "
        },
        {
          "index": 12,
          "word": "I",
          "originalText": "I",
          "characterOffsetBegin": 451,
          "characterOffsetEnd": 452,
          "before": " ",
          "after": " "
        },
        {
          "index": 13,
          "word": "know",
          "originalText": "know",
          "characterOffsetBegin": 453,
          "characterOffsetEnd": 457,
          "before": " ",
          "after": " "
        },
        {
          "index": 14,
          "word": "what",
          "originalText": "what",
          "characterOffsetBegin": 458,
          "characterOffsetEnd": 462,
          "before": " ",
          "after": " "
        },
        {
          "index": 15,
          "word": "coach",
          "originalText": "coach",
          "characterOffsetBegin": 463,
          "characterOffsetEnd": 468,
          "before": " ",
          "after": " "
        },
        {
          "index": 16,
          "word": "was",
          "originalText": "was",
          "characterOffsetBegin": 469,
          "characterOffsetEnd": 472,
          "before": " ",
          "after": " "
        },
        {
          "index": 17,
          "word": "this",
          "originalText": "this",
          "characterOffsetBegin": 473,
          "characterOffsetEnd": 477,
          "before": " ",
          "after": ""
        },
        {
          "index": 18,
          "word": "?",
          "originalText": "?",
          "characterOffsetBegin": 477,
          "characterOffsetEnd": 478,
          "before": "",
          "after": ""
        }
      ]
    },
    {
      "index": 11,
      "tokens": [
        {
          "index": 1,
          "word": "^",
          "originalText": "^",
          "characterOffsetBegin": 480,
          "characterOffsetEnd": 481,
          "before": "",
          "after": ""
        },
        {
          "index": 2,
          "word": "JH",
          "originalText": "JH",
          "characterOffsetBegin": 481,
          "characterOffsetEnd": 483,
          "before": "",
          "after": ""
        }
      ]
    },
    {
      "index": 12,
      "tokens": [
        {
          "index": 1,
          "word": "Customer",
          "originalText": "Customer",
          "characterOffsetBegin": 485,
          "characterOffsetEnd": 493,
          "before": "",
          "after": ""
        },
        {
          "index": 2,
          "word": ":",
          "originalText": ":",
          "characterOffsetBegin": 493,
          "characterOffsetEnd": 494,
          "before": "",
          "after": " "
        },
        {
          "index": 3,
          "word": "@SW_Help",
          "originalText": "@SW_Help",
          "characterOffsetBegin": 495,
          "characterOffsetEnd": 503,
          "before": " ",
          "after": " "
        },
        {
          "index": 4,
          "word": "smelly",
          "originalText": "smelly",
          "characterOffsetBegin": 504,
          "characterOffsetEnd": 510,
          "before": " ",
          "after": " "
        },
        {
          "index": 5,
          "word": "coach",
          "originalText": "coach",
          "characterOffsetBegin": 511,
          "characterOffsetEnd": 516,
          "before": " ",
          "after": " "
        },
        {
          "index": 6,
          "word": "10",
          "originalText": "10",
          "characterOffsetBegin": 517,
          "characterOffsetEnd": 519,
          "before": " ",
          "after": ""
        }
      ]
    },
    {
      "index": 13,
      "tokens": [
        {
          "index": 1,
          "word": "Agent",
          "originalText": "Agent",
          "characterOffsetBegin": 521,
          "characterOffsetEnd": 526,
          "before": "",
          "after": ""
        },
        {
          "index": 2,
          "word": ":",
          "originalText": ":",
          "characterOffsetBegin": 526,
          "characterOffsetEnd": 527,
          "before": "",
          "after": " "
        },
        {
          "index": 3,
          "word": "@",
          "originalText": "@",
          "characterOffsetBegin": 528,
          "characterOffsetEnd": 529,
          "before": " ",
          "after": ""
        },
        {
          "index": 4,
          "word": "375656",
          "originalText": "375656",
          "characterOffsetBegin": 529,
          "characterOffsetEnd": 535,
          "before": "",
          "after": " "
        },
        {
          "index": 5,
          "word": "Thanks",
          "originalText": "Thanks",
          "characterOffsetBegin": 536,
          "characterOffsetEnd": 542,
          "before": " ",
          "after": " "
        },
        {
          "index": 6,
          "word": "for",
          "originalText": "for",
          "characterOffsetBegin": 543,
          "characterOffsetEnd": 546,
          "before": " ",
          "after": " "
        },
        {
          "index": 7,
          "word": "the",
          "originalText": "the",
          "characterOffsetBegin": 547,
          "characterOffsetEnd": 550,
          "before": " ",
          "after": " "
        },
        {
          "index": 8,
          "word": "info",
          "originalText": "info",
          "characterOffsetBegin": 551,
          "characterOffsetEnd": 555,
          "before": " ",
          "after": ""
        },
        {
          "index": 9,
          "word": ",",
          "originalText": ",",
          "characterOffsetBegin": 555,
          "characterOffsetEnd": 556,
          "before": "",
          "after": " "
        },
        {
          "index": 10,
          "word": "I",
          "originalText": "I",
          "characterOffsetBegin": 557,
          "characterOffsetEnd": 558,
          "before": " ",
          "after": " "
        },
        {
          "index": 11,
          "word": "have",
          "originalText": "have",
          "characterOffsetBegin": 559,
          "characterOffsetEnd": 563,
          "before": " ",
          "after": " "
        },
        {
          "index": 12,
          "word": "passed",
          "originalText": "passed",
          "characterOffsetBegin": 564,
          "characterOffsetEnd": 570,
          "before": " ",
          "after": " "
        },
        {
          "index": 13,
          "word": "this",
          "originalText": "this",
          "characterOffsetBegin": 571,
          "characterOffsetEnd": 575,
          "before": " ",
          "after": " "
        },
        {
          "index": 14,
          "word": "on",
          "originalText": "on",
          "characterOffsetBegin": 576,
          "characterOffsetEnd": 578,
          "before": " ",
          "after": ""
        },
        {
          "index": 15,
          "word": ".",
          "originalText": ".",
          "characterOffsetBegin": 578,
          "characterOffsetEnd": 579,
          "before": "",
          "after": ""
        }
      ]
    },
    {
      "index": 14,
      "tokens": [
        {
          "index": 1,
          "word": "^",
          "originalText": "^",
          "characterOffsetBegin": 581,
          "characterOffsetEnd": 582,
          "before": "",
          "after": ""
        },
        {
          "index": 2,
          "word": "JH",
          "originalText": "JH",
          "characterOffsetBegin": 582,
          "characterOffsetEnd": 584,
          "before": "",
          "after": ""
        }
      ]
    },
    {
      "index": 15,
      "tokens": [
        {
          "index": 1,
          "word": "@highlight",
          "originalText": "@highlight",
          "characterOffsetBegin": 586,
          "characterOffsetEnd": 596,
          "before": "",
          "after": ""
        }
      ]
    },
    {
      "index": 16,
      "tokens": [
        {
          "index": 1,
          "word": "Customer",
          "originalText": "Customer",
          "characterOffsetBegin": 598,
          "characterOffsetEnd": 606,
          "before": "",
          "after": ""
        },
        {
          "index": 2,
          "word": ":",
          "originalText": ":",
          "characterOffsetBegin": 606,
          "characterOffsetEnd": 607,
          "before": "",
          "after": " "
        },
        {
          "index": 3,
          "word": "@SW_Help",
          "originalText": "@SW_Help",
          "characterOffsetBegin": 608,
          "characterOffsetEnd": 616,
          "before": " ",
          "after": " "
        },
        {
          "index": 4,
          "word": "the",
          "originalText": "the",
          "characterOffsetBegin": 617,
          "characterOffsetEnd": 620,
          "before": " ",
          "after": " "
        },
        {
          "index": 5,
          "word": "delightful",
          "originalText": "delightful",
          "characterOffsetBegin": 621,
          "characterOffsetEnd": 631,
          "before": " ",
          "after": " "
        },
        {
          "index": 6,
          "word": "smell",
          "originalText": "smell",
          "characterOffsetBegin": 632,
          "characterOffsetEnd": 637,
          "before": " ",
          "after": " "
        },
        {
          "index": 7,
          "word": "of",
          "originalText": "of",
          "characterOffsetBegin": 638,
          "characterOffsetEnd": 640,
          "before": " ",
          "after": " "
        },
        {
          "index": 8,
          "word": "urine",
          "originalText": "urine",
          "characterOffsetBegin": 641,
          "characterOffsetEnd": 646,
          "before": " ",
          "after": " "
        },
        {
          "index": 9,
          "word": "on",
          "originalText": "on",
          "characterOffsetBegin": 647,
          "characterOffsetEnd": 649,
          "before": " ",
          "after": " "
        },
        {
          "index": 10,
          "word": "the",
          "originalText": "the",
          "characterOffsetBegin": 650,
          "characterOffsetEnd": 653,
          "before": " ",
          "after": " "
        },
        {
          "index": 11,
          "word": "18.18",
          "originalText": "18.18",
          "characterOffsetBegin": 654,
          "characterOffsetEnd": 659,
          "before": " ",
          "after": " "
        },
        {
          "index": 12,
          "word": "to",
          "originalText": "to",
          "characterOffsetBegin": 660,
          "characterOffsetEnd": 662,
          "before": " ",
          "after": " "
        },
        {
          "index": 13,
          "word": "Portsmouth",
          "originalText": "Portsmouth",
          "characterOffsetBegin": 663,
          "characterOffsetEnd": 673,
          "before": " ",
          "after": ""
        }
      ]
    },
    {
      "index": 17,
      "tokens": [
        {
          "index": 1,
          "word": "@highlight",
          "originalText": "@highlight",
          "characterOffsetBegin": 675,
          "characterOffsetEnd": 685,
          "before": "",
          "after": ""
        }
      ]
    },
    {
      "index": 18,
      "tokens": [
        {
          "index": 1,
          "word": "Agent",
          "originalText": "Agent",
          "characterOffsetBegin": 687,
          "characterOffsetEnd": 692,
          "before": "",
          "after": ""
        },
        {
          "index": 2,
          "word": ":",
          "originalText": ":",
          "characterOffsetBegin": 692,
          "characterOffsetEnd": 693,
          "before": "",
          "after": " "
        },
        {
          "index": 3,
          "word": "May",
          "originalText": "May",
          "characterOffsetBegin": 694,
          "characterOffsetEnd": 697,
          "before": " ",
          "after": " "
        },
        {
          "index": 4,
          "word": "I",
          "originalText": "I",
          "characterOffsetBegin": 698,
          "characterOffsetEnd": 699,
          "before": " ",
          "after": " "
        },
        {
          "index": 5,
          "word": "know",
          "originalText": "know",
          "characterOffsetBegin": 700,
          "characterOffsetEnd": 704,
          "before": " ",
          "after": " "
        },
        {
          "index": 6,
          "word": "which",
          "originalText": "which",
          "characterOffsetBegin": 705,
          "characterOffsetEnd": 710,
          "before": " ",
          "after": " "
        },
        {
          "index": 7,
          "word": "train",
          "originalText": "train",
          "characterOffsetBegin": 711,
          "characterOffsetEnd": 716,
          "before": " ",
          "after": " "
        },
        {
          "index": 8,
          "word": "is",
          "originalText": "is",
          "characterOffsetBegin": 717,
          "characterOffsetEnd": 719,
          "before": " ",
          "after": " "
        },
        {
          "index": 9,
          "word": "this",
          "originalText": "this",
          "characterOffsetBegin": 720,
          "characterOffsetEnd": 724,
          "before": " ",
          "after": ""
        },
        {
          "index": 10,
          "word": ",",
          "originalText": ",",
          "characterOffsetBegin": 724,
          "characterOffsetEnd": 725,
          "before": "",
          "after": " "
        },
        {
          "index": 11,
          "word": "please",
          "originalText": "please",
          "characterOffsetBegin": 726,
          "characterOffsetEnd": 732,
          "before": " ",
          "after": ""
        },
        {
          "index": 12,
          "word": "?",
          "originalText": "?",
          "characterOffsetBegin": 732,
          "characterOffsetEnd": 733,
          "before": "",
          "after": ""
        }
      ]
    },
    {
      "index": 19,
      "tokens": [
        {
          "index": 1,
          "word": "@highlight",
          "originalText": "@highlight",
          "characterOffsetBegin": 735,
          "characterOffsetEnd": 745,
          "before": "",
          "after": ""
        }
      ]
    },
    {
      "index": 20,
      "tokens": [
        {
          "index": 1,
          "word": "Did",
          "originalText": "Did",
          "characterOffsetBegin": 747,
          "characterOffsetEnd": 750,
          "before": "",
          "after": " "
        },
        {
          "index": 2,
          "word": "you",
          "originalText": "you",
          "characterOffsetBegin": 751,
          "characterOffsetEnd": 754,
          "before": " ",
          "after": " "
        },
        {
          "index": 3,
          "word": "get",
          "originalText": "get",
          "characterOffsetBegin": 755,
          "characterOffsetEnd": 758,
          "before": " ",
          "after": " "
        },
        {
          "index": 4,
          "word": "this",
          "originalText": "this",
          "characterOffsetBegin": 759,
          "characterOffsetEnd": 763,
          "before": " ",
          "after": " "
        },
        {
          "index": 5,
          "word": "train",
          "originalText": "train",
          "characterOffsetBegin": 764,
          "characterOffsetEnd": 769,
          "before": " ",
          "after": " "
        },
        {
          "index": 6,
          "word": "from",
          "originalText": "from",
          "characterOffsetBegin": 770,
          "characterOffsetEnd": 774,
          "before": " ",
          "after": " "
        },
        {
          "index": 7,
          "word": "Clapham",
          "originalText": "Clapham",
          "characterOffsetBegin": 775,
          "characterOffsetEnd": 782,
          "before": " ",
          "after": " "
        },
        {
          "index": 8,
          "word": "Junction",
          "originalText": "Junction",
          "characterOffsetBegin": 783,
          "characterOffsetEnd": 791,
          "before": " ",
          "after": ""
        },
        {
          "index": 9,
          "word": "?",
          "originalText": "?",
          "characterOffsetBegin": 791,
          "characterOffsetEnd": 792,
          "before": "",
          "after": ""
        }
      ]
    },
    {
      "index": 21,
      "tokens": [
        {
          "index": 1,
          "word": "@highlight",
          "originalText": "@highlight",
          "characterOffsetBegin": 794,
          "characterOffsetEnd": 804,
          "before": "",
          "after": ""
        }
      ]
    },
    {
      "index": 22,
      "tokens": [
        {
          "index": 1,
          "word": "I",
          "originalText": "I",
          "characterOffsetBegin": 806,
          "characterOffsetEnd": 807,
          "before": "",
          "after": " "
        },
        {
          "index": 2,
          "word": "have",
          "originalText": "have",
          "characterOffsetBegin": 808,
          "characterOffsetEnd": 812,
          "before": " ",
          "after": " "
        },
        {
          "index": 3,
          "word": "passed",
          "originalText": "passed",
          "characterOffsetBegin": 813,
          "characterOffsetEnd": 819,
          "before": " ",
          "after": " "
        },
        {
          "index": 4,
          "word": "this",
          "originalText": "this",
          "characterOffsetBegin": 820,
          "characterOffsetEnd": 824,
          "before": " ",
          "after": " "
        },
        {
          "index": 5,
          "word": "to",
          "originalText": "to",
          "characterOffsetBegin": 825,
          "characterOffsetEnd": 827,
          "before": " ",
          "after": " "
        },
        {
          "index": 6,
          "word": "our",
          "originalText": "our",
          "characterOffsetBegin": 828,
          "characterOffsetEnd": 831,
          "before": " ",
          "after": " "
        },
        {
          "index": 7,
          "word": "Fleet",
          "originalText": "Fleet",
          "characterOffsetBegin": 832,
          "characterOffsetEnd": 837,
          "before": " ",
          "after": " "
        },
        {
          "index": 8,
          "word": "team",
          "originalText": "team",
          "characterOffsetBegin": 838,
          "characterOffsetEnd": 842,
          "before": " ",
          "after": " "
        },
        {
          "index": 9,
          "word": "now",
          "originalText": "now",
          "characterOffsetBegin": 843,
          "characterOffsetEnd": 846,
          "before": " ",
          "after": " "
        },
        {
          "index": 10,
          "word": "and",
          "originalText": "and",
          "characterOffsetBegin": 847,
          "characterOffsetEnd": 850,
          "before": " ",
          "after": " "
        },
        {
          "index": 11,
          "word": "may",
          "originalText": "may",
          "characterOffsetBegin": 851,
          "characterOffsetEnd": 854,
          "before": " ",
          "after": " "
        },
        {
          "index": 12,
          "word": "I",
          "originalText": "I",
          "characterOffsetBegin": 855,
          "characterOffsetEnd": 856,
          "before": " ",
          "after": " "
        },
        {
          "index": 13,
          "word": "know",
          "originalText": "know",
          "characterOffsetBegin": 857,
          "characterOffsetEnd": 861,
          "before": " ",
          "after": " "
        },
        {
          "index": 14,
          "word": "what",
          "originalText": "what",
          "characterOffsetBegin": 862,
          "characterOffsetEnd": 866,
          "before": " ",
          "after": " "
        },
        {
          "index": 15,
          "word": "coach",
          "originalText": "coach",
          "characterOffsetBegin": 867,
          "characterOffsetEnd": 872,
          "before": " ",
          "after": " "
        },
        {
          "index": 16,
          "word": "was",
          "originalText": "was",
          "characterOffsetBegin": 873,
          "characterOffsetEnd": 876,
          "before": " ",
          "after": " "
        },
        {
          "index": 17,
          "word": "this",
          "originalText": "this",
          "characterOffsetBegin": 877,
          "characterOffsetEnd": 881,
          "before": " ",
          "after": ""
        },
        {
          "index": 18,
          "word": "?",
          "originalText": "?",
          "characterOffsetBegin": 881,
          "characterOffsetEnd": 882,
          "before": "",
          "after": ""
        }
      ]
    }
  ]
}