{
  "sentences": [
    {
      "index": 0,
      "tokens": [
        {
          "index": 1,
          "word": "Customer",
          "originalText": "Customer",
          "characterOffsetBegin": 0,
          "characterOffsetEnd": 8,
          "before": "",
          "after": ""
        },
        {
          "index": 2,
          "word": ":",
          "originalText": ":",
          "characterOffsetBegin": 8,
          "characterOffsetEnd": 9,
          "before": "",
          "after": " "
        },
        {
          "index": 3,
          "word": "@ArgosHelpers",
          "originalText": "@ArgosHelpers",
          "characterOffsetBegin": 10,
          "characterOffsetEnd": 23,
          "before": " ",
          "after": " "
        },
        {
          "index": 4,
          "word": "could",
          "originalText": "could",
          "characterOffsetBegin": 24,
          "characterOffsetEnd": 29,
          "before": " ",
          "after": " "
        },
        {
          "index": 5,
          "word": "you",
          "originalText": "you",
          "characterOffsetBegin": 30,
          "characterOffsetEnd": 33,
          "before": " ",
          "after": " "
        },
        {
          "index": 6,
          "word": "let",
          "originalText": "let",
          "characterOffsetBegin": 34,
          "characterOffsetEnd": 37,
          "before": " ",
          "after": " "
        },
        {
          "index": 7,
          "word": "me",
          "originalText": "me",
          "characterOffsetBegin": 38,
          "characterOffsetEnd": 40,
          "before": " ",
          "after": " "
        },
        {
          "index": 8,
          "word": "know",
          "originalText": "know",
          "characterOffsetBegin": 41,
          "characterOffsetEnd": 45,
          "before": " ",
          "after": " "
        },
        {
          "index": 9,
          "word": "if",
          "originalText": "if",
          "characterOffsetBegin": 46,
          "characterOffsetEnd": 48,
          "before": " ",
          "after": " "
        },
        {
          "index": 10,
          "word": "you",
          "originalText": "you",
          "characterOffsetBegin": 49,
          "characterOffsetEnd": 52,
          "before": " ",
          "after": " "
        },
        {
          "index": 11,
          "word": "expect",
          "originalText": "expect",
          "characterOffsetBegin": 53,
          "characterOffsetEnd": 59,
          "before": " ",
          "after": " "
        },
        {
          "index": 12,
          "word": "the",
          "originalText": "the",
          "characterOffsetBegin": 60,
          "characterOffsetEnd": 63,
          "before": " ",
          "after": " "
        },
        {
          "index": 13,
          "word": "lol",
          "originalText": "lol",
          "characterOffsetBegin": 64,
          "characterOffsetEnd": 67,
          "before": " ",
          "after": " "
        },
        {
          "index": 14,
          "word": "surprise",
          "originalText": "surprise",
          "characterOffsetBegin": 68,
          "characterOffsetEnd": 76,
          "before": " ",
          "after": " "
        },
        {
          "index": 15,
          "word": "big",
          "originalText": "big",
          "characterOffsetBegin": 77,
          "characterOffsetEnd": 80,
          "before": " ",
          "after": " "
        },
        {
          "index": 16,
          "word": "surprise",
          "originalText": "surprise",
          "characterOffsetBegin": 81,
          "characterOffsetEnd": 89,
          "before": " ",
          "after": ""
        },
        {
          "index": 17,
          "word": ":",
          "originalText": ":",
          "characterOffsetBegin": 89,
          "characterOffsetEnd": 90,
          "before": "",
          "after": " "
        },
        {
          "index": 18,
          "word": "725/4811",
          "originalText": "725/4811",
          "characterOffsetBegin": 91,
          "characterOffsetEnd": 99,
          "before": " ",
          "after": " "
        },
        {
          "index": 19,
          "word": "to",
          "originalText": "to",
          "characterOffsetBegin": 100,
          "characterOffsetEnd": 102,
          "before": " ",
          "after": " "
        },
        {
          "index": 20,
          "word": "be",
          "originalText": "be",
          "characterOffsetBegin": 103,
          "characterOffsetEnd": 105,
          "before": " ",
          "after": " "
        },
        {
          "index": 21,
          "word": "back",
          "originalText": "back",
          "characterOffsetBegin": 106,
          "characterOffsetEnd": 110,
          "before": " ",
          "after": " "
        },
        {
          "index": 22,
          "word": "in",
          "originalText": "in",
          "characterOffsetBegin": 111,
          "characterOffsetEnd": 113,
          "before": " ",
          "after": " "
        },
        {
          "index": 23,
          "word": "stock",
          "originalText": "stock",
          "characterOffsetBegin": 114,
          "characterOffsetEnd": 119,
          "before": " ",
          "after": ""
        },
        {
          "index": 24,
          "word": "?",
          "originalText": "?",
          "characterOffsetBegin": 119,
          "characterOffsetEnd": 120,
          "before": "",
          "after": ""
        }
      ]
    },
    {
      "index": 1,
      "tokens": [
        {
          "index": 1,
          "word": "if",
          "originalText": "if",
          "characterOffsetBegin": 122,
          "characterOffsetEnd": 124,
          "before": "",
          "after": " "
        },
        {
          "index": 2,
          "word": "so",
          "originalText": "so",
          "characterOffsetBegin": 125,
          "characterOffsetEnd": 127,
          "before": " ",
          "after": ""
        },
        {
          "index": 3,
          "word": ",",
          "originalText": ",",
          "characterOffsetBegin": 127,
          "characterOffsetEnd": 128,
          "before": "",
          "after": " "
        },
        {
          "index": 4,
          "word": "when",
          "originalText": "when",
          "characterOffsetBegin": 129,
          "characterOffsetEnd": 133,
          "before": " ",
          "after": ""
        },
        {
          "index": 5,
          "word": "?",
          "originalText": "?",
          "characterOffsetBegin": 133,
          "characterOffsetEnd": 134,
          "before": "",
          "after": ""
        }
      ]
    },
    {
      "index": 2,
      "tokens": [
        {
          "index": 1,
          "word": "Agent",
          "originalText": "Agent",
          "characterOffsetBegin": 136,
          "characterOffsetEnd": 141,
          "before": "",
          "after": ""
        },
        {
          "index": 2,
          "word": ":",
          "originalText": ":",
          "characterOffsetBegin": 141,
          "characterOffsetEnd": 142,
          "before": "",
          "after": " "
        },
        {
          "index": 3,
          "word": "@",
          "originalText": "@",
          "characterOffsetBegin": 143,
          "characterOffsetEnd": 144,
          "before": " ",
          "after": ""
        },
        {
          "index": 4,
          "word": "424326",
          "originalText": "424326",
          "characterOffsetBegin": 144,
          "characterOffsetEnd": 150,
          "before": "",
          "after": " "
        },
        {
          "index": 5,
          "word": "HIya",
          "originalText": "HIya",
          "characterOffsetBegin": 151,
          "characterOffsetEnd": 155,
          "before": " ",
          "after": ""
        },
        {
          "index": 6,
          "word": ",",
          "originalText": ",",
          "characterOffsetBegin": 155,
          "characterOffsetEnd": 156,
          "before": "",
          "after": " "
        },
        {
          "index": 7,
          "word": "we",
          "originalText": "we",
          "characterOffsetBegin": 157,
          "characterOffsetEnd": 159,
          "before": " ",
          "after": " "
        },
        {
          "index": 8,
          "word": "are",
          "originalText": "are",
          "characterOffsetBegin": 160,
          "characterOffsetEnd": 163,
          "before": " ",
          "after": " "
        },
        {
          "index": 9,
          "word": "having",
          "originalText": "having",
          "characterOffsetBegin": 164,
          "characterOffsetEnd": 170,
          "before": " ",
          "after": " "
        },
        {
          "index": 10,
          "word": "some",
          "originalText": "some",
          "characterOffsetBegin": 171,
          "characterOffsetEnd": 175,
          "before": " ",
          "after": " "
        },
        {
          "index": 11,
          "word": "more",
          "originalText": "more",
          "characterOffsetBegin": 176,
          "characterOffsetEnd": 180,
          "before": " ",
          "after": " "
        },
        {
          "index": 12,
          "word": "stock",
          "originalText": "stock",
          "characterOffsetBegin": 181,
          "characterOffsetEnd": 186,
          "before": " ",
          "after": " "
        },
        {
          "index": 13,
          "word": "of",
          "originalText": "of",
          "characterOffsetBegin": 187,
          "characterOffsetEnd": 189,
          "before": " ",
          "after": " "
        },
        {
          "index": 14,
          "word": "these",
          "originalText": "these",
          "characterOffsetBegin": 190,
          "characterOffsetEnd": 195,
          "before": " ",
          "after": " "
        },
        {
          "index": 15,
          "word": "coming",
          "originalText": "coming",
          "characterOffsetBegin": 196,
          "characterOffsetEnd": 202,
          "before": " ",
          "after": " "
        },
        {
          "index": 16,
          "word": "back",
          "originalText": "back",
          "characterOffsetBegin": 203,
          "characterOffsetEnd": 207,
          "before": " ",
          "after": " "
        },
        {
          "index": 17,
          "word": "in",
          "originalText": "in",
          "characterOffsetBegin": 208,
          "characterOffsetEnd": 210,
          "before": " ",
          "after": " "
        },
        {
          "index": 18,
          "word": "around",
          "originalText": "around",
          "characterOffsetBegin": 211,
          "characterOffsetEnd": 217,
          "before": " ",
          "after": " "
        },
        {
          "index": 19,
          "word": "the",
          "originalText": "the",
          "characterOffsetBegin": 218,
          "characterOffsetEnd": 221,
          "before": " ",
          "after": " "
        },
        {
          "index": 20,
          "word": "beginning",
          "originalText": "beginning",
          "characterOffsetBegin": 222,
          "characterOffsetEnd": 231,
          "before": " ",
          "after": " "
        },
        {
          "index": 21,
          "word": "of",
          "originalText": "of",
          "characterOffsetBegin": 232,
          "characterOffsetEnd": 234,
          "before": " ",
          "after": " "
        },
        {
          "index": 22,
          "word": "November",
          "originalText": "November",
          "characterOffsetBegin": 235,
          "characterOffsetEnd": 243,
          "before": " ",
          "after": ""
        },
        {
          "index": 23,
          "word": ",",
          "originalText": ",",
          "characterOffsetBegin": 243,
          "characterOffsetEnd": 244,
          "before": "",
          "after": " "
        },
        {
          "index": 24,
          "word": "as",
          "originalText": "as",
          "characterOffsetBegin": 245,
          "characterOffsetEnd": 247,
          "before": " ",
          "after": " "
        },
        {
          "index": 25,
          "word": "of",
          "originalText": "of",
          "characterOffsetBegin": 248,
          "characterOffsetEnd": 250,
          "before": " ",
          "after": " "
        },
        {
          "index": 26,
          "word": "yet",
          "originalText": "yet",
          "characterOffsetBegin": 251,
          "characterOffsetEnd": 254,
          "before": " ",
          "after": " "
        },
        {
          "index": 27,
          "word": "there",
          "originalText": "there",
          "characterOffsetBegin": 255,
          "characterOffsetEnd": 260,
          "before": " ",
          "after": " "
        },
        {
          "index": 28,
          "word": "are",
          "originalText": "are",
          "characterOffsetBegin": 261,
          "characterOffsetEnd": 264,
          "before": " ",
          "after": " "
        },
        {
          "index": 29,
          "word": "no",
          "originalText": "no",
          "characterOffsetBegin": 265,
          "characterOffsetEnd": 267,
          "before": " ",
          "after": " "
        },
        {
          "index": 30,
          "word": "dates",
          "originalText": "dates",
          "characterOffsetBegin": 268,
          "characterOffsetEnd": 273,
          "before": " ",
          "after": " "
        },
        {
          "index": 31,
          "word": "for",
          "originalText": "for",
          "characterOffsetBegin": 274,
          "characterOffsetEnd": 277,
          "before": " ",
          "after": " "
        },
        {
          "index": 32,
          "word": "this",
          "originalText": "this",
          "characterOffsetBegin": 278,
          "characterOffsetEnd": 282,
          "before": " ",
          "after": " "
        },
        {
          "index": 33,
          "word": "-",
          "originalText": "-",
          "characterOffsetBegin": 283,
          "characterOffsetEnd": 284,
          "before": " ",
          "after": " "
        },
        {
          "index": 34,
          "word": "Lara",
          "originalText": "Lara",
          "characterOffsetBegin": 285,
          "characterOffsetEnd": 289,
          "before": " ",
          "after": ""
        }
      ]
    },
    {
      "index": 3,
      "tokens": [
        {
          "index": 1,
          "word": "Customer",
          "originalText": "Customer",
          "characterOffsetBegin": 291,
          "characterOffsetEnd": 299,
          "before": "",
          "after": ""
        },
        {
          "index": 2,
          "word": ":",
          "originalText": ":",
          "characterOffsetBegin": 299,
          "characterOffsetEnd": 300,
          "before": "",
          "after": " "
        },
        {
          "index": 3,
          "word": "@ArgosHelpers",
          "originalText": "@ArgosHelpers",
          "characterOffsetBegin": 301,
          "characterOffsetEnd": 314,
          "before": " ",
          "after": " "
        },
        {
          "index": 4,
          "word": "Thanks",
          "originalText": "Thanks",
          "characterOffsetBegin": 315,
          "characterOffsetEnd": 321,
          "before": " ",
          "after": ""
        },
        {
          "index": 5,
          "word": "!",
          "originalText": "!",
          "characterOffsetBegin": 321,
          "characterOffsetEnd": 322,
          "before": "",
          "after": ""
        }
      ]
    },
    {
      "index": 4,
      "tokens": [
        {
          "index": 1,
          "word": "Customer",
          "originalText": "Customer",
          "characterOffsetBegin": 324,
          "characterOffsetEnd": 332,
          "before": "",
          "after": ""
        },
        {
          "index": 2,
          "word": ":",
          "originalText": ":",
          "characterOffsetBegin": 332,
          "characterOffsetEnd": 333,
          "before": "",
          "after": " "
        },
        {
          "index": 3,
          "word": "@ArgosHelpers",
          "originalText": "@ArgosHelpers",
          "characterOffsetBegin": 334,
          "characterOffsetEnd": 347,
          "before": " ",
          "after": " "
        },
        {
          "index": 4,
          "word": "Hi",
          "originalText": "Hi",
          "characterOffsetBegin": 348,
          "characterOffsetEnd": 350,
          "before": " ",
          "after": " "
        },
        {
          "index": 5,
          "word": "guys",
          "originalText": "guys",
          "characterOffsetBegin": 351,
          "characterOffsetEnd": 355,
          "before": " ",
          "after": ""
        },
        {
          "index": 6,
          "word": ",",
          "originalText": ",",
          "characterOffsetBegin": 355,
          "characterOffsetEnd": 356,
          "before": "",
          "after": " "
        },
        {
          "index": 7,
          "word": "any",
          "originalText": "any",
          "characterOffsetBegin": 357,
          "characterOffsetEnd": 360,
          "before": " ",
          "after": " "
        },
        {
          "index": 8,
          "word": "update",
          "originalText": "update",
          "characterOffsetBegin": 361,
          "characterOffsetEnd": 367,
          "before": " ",
          "after": " "
        },
        {
          "index": 9,
          "word": "on",
          "originalText": "on",
          "characterOffsetBegin": 368,
          "characterOffsetEnd": 370,
          "before": " ",
          "after": " "
        },
        {
          "index": 10,
          "word": "this",
          "originalText": "this",
          "characterOffsetBegin": 371,
          "characterOffsetEnd": 375,
          "before": " ",
          "after": ""
        },
        {
          "index": 11,
          "word": "?",
          "originalText": "?",
          "characterOffsetBegin": 375,
          "characterOffsetEnd": 376,
          "before": "",
          "after": ""
        }
      ]
    },
    {
      "index": 5,
      "tokens": [
        {
          "index": 1,
          "word": "Agent",
          "originalText": "Agent",
          "characterOffsetBegin": 378,
          "characterOffsetEnd": 383,
          "before": "",
          "after": ""
        },
        {
          "index": 2,
          "word": ":",
          "originalText": ":",
          "characterOffsetBegin": 383,
          "characterOffsetEnd": 384,
          "before": "",
          "after": " "
        },
        {
          "index": 3,
          "word": "@",
          "originalText": "@",
          "characterOffsetBegin": 385,
          "characterOffsetEnd": 386,
          "before": " ",
          "after": ""
        },
        {
          "index": 4,
          "word": "424326",
          "originalText": "424326",
          "characterOffsetBegin": 386,
          "characterOffsetEnd": 392,
          "before": "",
          "after": " "
        },
        {
          "index": 5,
          "word": "Hi",
          "originalText": "Hi",
          "characterOffsetBegin": 393,
          "characterOffsetEnd": 395,
          "before": " ",
          "after": ""
        },
        {
          "index": 6,
          "word": ",",
          "originalText": ",",
          "characterOffsetBegin": 395,
          "characterOffsetEnd": 396,
          "before": "",
          "after": " "
        },
        {
          "index": 7,
          "word": "Is",
          "originalText": "Is",
          "characterOffsetBegin": 397,
          "characterOffsetEnd": 399,
          "before": " ",
          "after": " "
        },
        {
          "index": 8,
          "word": "this",
          "originalText": "this",
          "characterOffsetBegin": 400,
          "characterOffsetEnd": 404,
          "before": " ",
          "after": " "
        },
        {
          "index": 9,
          "word": "regarding",
          "originalText": "regarding",
          "characterOffsetBegin": 405,
          "characterOffsetEnd": 414,
          "before": " ",
          "after": " "
        },
        {
          "index": 10,
          "word": "the",
          "originalText": "the",
          "characterOffsetBegin": 415,
          "characterOffsetEnd": 418,
          "before": " ",
          "after": " "
        },
        {
          "index": 11,
          "word": "Luvabella",
          "originalText": "Luvabella",
          "characterOffsetBegin": 419,
          "characterOffsetEnd": 428,
          "before": " ",
          "after": " "
        },
        {
          "index": 12,
          "word": "doll",
          "originalText": "doll",
          "characterOffsetBegin": 429,
          "characterOffsetEnd": 433,
          "before": " ",
          "after": ""
        },
        {
          "index": 13,
          "word": "?",
          "originalText": "?",
          "characterOffsetBegin": 433,
          "characterOffsetEnd": 434,
          "before": "",
          "after": ""
        }
      ]
    },
    {
      "index": 6,
      "tokens": [
        {
          "index": 1,
          "word": "-",
          "originalText": "-",
          "characterOffsetBegin": 436,
          "characterOffsetEnd": 437,
          "before": "",
          "after": " "
        },
        {
          "index": 2,
          "word": "Kelly",
          "originalText": "Kelly",
          "characterOffsetBegin": 438,
          "characterOffsetEnd": 443,
          "before": " ",
          "after": ""
        }
      ]
    },
    {
      "index": 7,
      "tokens": [
        {
          "index": 1,
          "word": "Customer",
          "originalText": "Customer",
          "characterOffsetBegin": 445,
          "characterOffsetEnd": 453,
          "before": "",
          "after": ""
        },
        {
          "index": 2,
          "word": ":",
          "originalText": ":",
          "characterOffsetBegin": 453,
          "characterOffsetEnd": 454,
          "before": "",
          "after": " "
        },
        {
          "index": 3,
          "word": "@ArgosHelpers",
          "originalText": "@ArgosHelpers",
          "characterOffsetBegin": 455,
          "characterOffsetEnd": 468,
          "before": " ",
          "after": " "
        },
        {
          "index": 4,
          "word": "lol",
          "originalText": "lol",
          "characterOffsetBegin": 469,
          "characterOffsetEnd": 472,
          "before": " ",
          "after": " "
        },
        {
          "index": 5,
          "word": "big",
          "originalText": "big",
          "characterOffsetBegin": 473,
          "characterOffsetEnd": 476,
          "before": " ",
          "after": " "
        },
        {
          "index": 6,
          "word": "surprise",
          "originalText": "surprise",
          "characterOffsetBegin": 477,
          "characterOffsetEnd": 485,
          "before": " ",
          "after": " "
        },
        {
          "index": 7,
          "word": "and",
          "originalText": "and",
          "characterOffsetBegin": 486,
          "characterOffsetEnd": 489,
          "before": " ",
          "after": " "
        },
        {
          "index": 8,
          "word": "luvabella",
          "originalText": "luvabella",
          "characterOffsetBegin": 490,
          "characterOffsetEnd": 499,
          "before": " ",
          "after": ""
        },
        {
          "index": 9,
          "word": "...",
          "originalText": ".......",
          "characterOffsetBegin": 499,
          "characterOffsetEnd": 506,
          "before": "",
          "after": ""
        },
        {
          "index": 10,
          "word": "my",
          "originalText": "my",
          "characterOffsetBegin": 506,
          "characterOffsetEnd": 508,
          "before": "",
          "after": " "
        },
        {
          "index": 11,
          "word": "kids",
          "originalText": "kids",
          "characterOffsetBegin": 509,
          "characterOffsetEnd": 513,
          "before": " ",
          "after": " "
        },
        {
          "index": 12,
          "word": "have",
          "originalText": "have",
          "characterOffsetBegin": 514,
          "characterOffsetEnd": 518,
          "before": " ",
          "after": " "
        },
        {
          "index": 13,
          "word": "big",
          "originalText": "big",
          "characterOffsetBegin": 519,
          "characterOffsetEnd": 522,
          "before": " ",
          "after": " "
        },
        {
          "index": 14,
          "word": "demands",
          "originalText": "demands",
          "characterOffsetBegin": 523,
          "characterOffsetEnd": 530,
          "before": " ",
          "after": " "
        },
        {
          "index": 15,
          "word": "😉",
          "originalText": "😉",
          "characterOffsetBegin": 531,
          "characterOffsetEnd": 533,
          "before": " ",
          "after": ""
        }
      ]
    },
    {
      "index": 8,
      "tokens": [
        {
          "index": 1,
          "word": "Agent",
          "originalText": "Agent",
          "characterOffsetBegin": 535,
          "characterOffsetEnd": 540,
          "before": "",
          "after": ""
        },
        {
          "index": 2,
          "word": ":",
          "originalText": ":",
          "characterOffsetBegin": 540,
          "characterOffsetEnd": 541,
          "before": "",
          "after": " "
        },
        {
          "index": 3,
          "word": "@",
          "originalText": "@",
          "characterOffsetBegin": 542,
          "characterOffsetEnd": 543,
          "before": " ",
          "after": ""
        },
        {
          "index": 4,
          "word": "424326",
          "originalText": "424326",
          "characterOffsetBegin": 543,
          "characterOffsetEnd": 549,
          "before": "",
          "after": " "
        },
        {
          "index": 5,
          "word": "HI",
          "originalText": "HI",
          "characterOffsetBegin": 550,
          "characterOffsetEnd": 552,
          "before": " ",
          "after": " "
        },
        {
          "index": 6,
          "word": "there",
          "originalText": "there",
          "characterOffsetBegin": 553,
          "characterOffsetEnd": 558,
          "before": " ",
          "after": " "
        },
        {
          "index": 7,
          "word": "we",
          "originalText": "we",
          "characterOffsetBegin": 559,
          "characterOffsetEnd": 561,
          "before": " ",
          "after": " "
        },
        {
          "index": 8,
          "word": "are",
          "originalText": "are",
          "characterOffsetBegin": 562,
          "characterOffsetEnd": 565,
          "before": " ",
          "after": " "
        },
        {
          "index": 9,
          "word": "due",
          "originalText": "due",
          "characterOffsetBegin": 566,
          "characterOffsetEnd": 569,
          "before": " ",
          "after": " "
        },
        {
          "index": 10,
          "word": "to",
          "originalText": "to",
          "characterOffsetBegin": 570,
          "characterOffsetEnd": 572,
          "before": " ",
          "after": " "
        },
        {
          "index": 11,
          "word": "receive",
          "originalText": "receive",
          "characterOffsetBegin": 573,
          "characterOffsetEnd": 580,
          "before": " ",
          "after": " "
        },
        {
          "index": 12,
          "word": "further",
          "originalText": "further",
          "characterOffsetBegin": 581,
          "characterOffsetEnd": 588,
          "before": " ",
          "after": " "
        },
        {
          "index": 13,
          "word": "stock",
          "originalText": "stock",
          "characterOffsetBegin": 589,
          "characterOffsetEnd": 594,
          "before": " ",
          "after": " "
        },
        {
          "index": 14,
          "word": "towards",
          "originalText": "towards",
          "characterOffsetBegin": 595,
          "characterOffsetEnd": 602,
          "before": " ",
          "after": " "
        },
        {
          "index": 15,
          "word": "the",
          "originalText": "the",
          "characterOffsetBegin": 603,
          "characterOffsetEnd": 606,
          "before": " ",
          "after": " "
        },
        {
          "index": 16,
          "word": "end",
          "originalText": "end",
          "characterOffsetBegin": 607,
          "characterOffsetEnd": 610,
          "before": " ",
          "after": " "
        },
        {
          "index": 17,
          "word": "of",
          "originalText": "of",
          "characterOffsetBegin": 611,
          "characterOffsetEnd": 613,
          "before": " ",
          "after": " "
        },
        {
          "index": 18,
          "word": "November",
          "originalText": "November",
          "characterOffsetBegin": 614,
          "characterOffsetEnd": 622,
          "before": " ",
          "after": " "
        },
        {
          "index": 19,
          "word": "-",
          "originalText": "-",
          "characterOffsetBegin": 623,
          "characterOffsetEnd": 624,
          "before": " ",
          "after": " "
        },
        {
          "index": 20,
          "word": "Sheree",
          "originalText": "Sheree",
          "characterOffsetBegin": 625,
          "characterOffsetEnd": 631,
          "before": " ",
          "after": ""
        }
      ]
    },
    {
      "index": 9,
      "tokens": [
        {
          "index": 1,
          "word": "Customer",
          "originalText": "Customer",
          "characterOffsetBegin": 633,
          "characterOffsetEnd": 641,
          "before": "",
          "after": ""
        },
        {
          "index": 2,
          "word": ":",
          "originalText": ":",
          "characterOffsetBegin": 641,
          "characterOffsetEnd": 642,
          "before": "",
          "after": " "
        },
        {
          "index": 3,
          "word": "@ArgosHelpers",
          "originalText": "@ArgosHelpers",
          "characterOffsetBegin": 643,
          "characterOffsetEnd": 656,
          "before": " ",
          "after": " "
        },
        {
          "index": 4,
          "word": "of",
          "originalText": "of",
          "characterOffsetBegin": 657,
          "characterOffsetEnd": 659,
          "before": " ",
          "after": " "
        },
        {
          "index": 5,
          "word": "both",
          "originalText": "both",
          "characterOffsetBegin": 660,
          "characterOffsetEnd": 664,
          "before": " ",
          "after": " "
        },
        {
          "index": 6,
          "word": "LOL",
          "originalText": "LOL",
          "characterOffsetBegin": 665,
          "characterOffsetEnd": 668,
          "before": " ",
          "after": " "
        },
        {
          "index": 7,
          "word": "Big",
          "originalText": "Big",
          "characterOffsetBegin": 669,
          "characterOffsetEnd": 672,
          "before": " ",
          "after": " "
        },
        {
          "index": 8,
          "word": "Surprise",
          "originalText": "Surprise",
          "characterOffsetBegin": 673,
          "characterOffsetEnd": 681,
          "before": " ",
          "after": " "
        },
        {
          "index": 9,
          "word": "and",
          "originalText": "and",
          "characterOffsetBegin": 682,
          "characterOffsetEnd": 685,
          "before": " ",
          "after": " "
        },
        {
          "index": 10,
          "word": "Luvabella",
          "originalText": "Luvabella",
          "characterOffsetBegin": 686,
          "characterOffsetEnd": 695,
          "before": " ",
          "after": ""
        },
        {
          "index": 11,
          "word": "?",
          "originalText": "?",
          "characterOffsetBegin": 695,
          "characterOffsetEnd": 696,
          "before": "",
          "after": ""
        }
      ]
    },
    {
      "index": 10,
      "tokens": [
        {
          "index": 1,
          "word": "Agent",
          "originalText": "Agent",
          "characterOffsetBegin": 698,
          "characterOffsetEnd": 703,
          "before": "",
          "after": ""
        },
        {
          "index": 2,
          "word": ":",
          "originalText": ":",
          "characterOffsetBegin": 703,
          "characterOffsetEnd": 704,
          "before": "",
          "after": " "
        },
        {
          "index": 3,
          "word": "@",
          "originalText": "@",
          "characterOffsetBegin": 705,
          "characterOffsetEnd": 706,
          "before": " ",
          "after": ""
        },
        {
          "index": 4,
          "word": "424326",
          "originalText": "424326",
          "characterOffsetBegin": 706,
          "characterOffsetEnd": 712,
          "before": "",
          "after": " "
        },
        {
          "index": 5,
          "word": "Hi",
          "originalText": "Hi",
          "characterOffsetBegin": 713,
          "characterOffsetEnd": 715,
          "before": " ",
          "after": ""
        },
        {
          "index": 6,
          "word": ",",
          "originalText": ",",
          "characterOffsetBegin": 715,
          "characterOffsetEnd": 716,
          "before": "",
          "after": " "
        },
        {
          "index": 7,
          "word": "yes",
          "originalText": "yes",
          "characterOffsetBegin": 717,
          "characterOffsetEnd": 720,
          "before": " ",
          "after": " "
        },
        {
          "index": 8,
          "word": "both",
          "originalText": "both",
          "characterOffsetBegin": 721,
          "characterOffsetEnd": 725,
          "before": " ",
          "after": " "
        },
        {
          "index": 9,
          "word": "are",
          "originalText": "are",
          "characterOffsetBegin": 726,
          "characterOffsetEnd": 729,
          "before": " ",
          "after": " "
        },
        {
          "index": 10,
          "word": "currently",
          "originalText": "currently",
          "characterOffsetBegin": 730,
          "characterOffsetEnd": 739,
          "before": " ",
          "after": " "
        },
        {
          "index": 11,
          "word": "out",
          "originalText": "out",
          "characterOffsetBegin": 740,
          "characterOffsetEnd": 743,
          "before": " ",
          "after": " "
        },
        {
          "index": 12,
          "word": "of",
          "originalText": "of",
          "characterOffsetBegin": 744,
          "characterOffsetEnd": 746,
          "before": " ",
          "after": " "
        },
        {
          "index": 13,
          "word": "stock",
          "originalText": "stock",
          "characterOffsetBegin": 747,
          "characterOffsetEnd": 752,
          "before": " ",
          "after": " "
        },
        {
          "index": 14,
          "word": "due",
          "originalText": "due",
          "characterOffsetBegin": 753,
          "characterOffsetEnd": 756,
          "before": " ",
          "after": " "
        },
        {
          "index": 15,
          "word": "to",
          "originalText": "to",
          "characterOffsetBegin": 757,
          "characterOffsetEnd": 759,
          "before": " ",
          "after": " "
        },
        {
          "index": 16,
          "word": "such",
          "originalText": "such",
          "characterOffsetBegin": 760,
          "characterOffsetEnd": 764,
          "before": " ",
          "after": " "
        },
        {
          "index": 17,
          "word": "high",
          "originalText": "high",
          "characterOffsetBegin": 765,
          "characterOffsetEnd": 769,
          "before": " ",
          "after": " "
        },
        {
          "index": 18,
          "word": "demand",
          "originalText": "demand",
          "characterOffsetBegin": 770,
          "characterOffsetEnd": 776,
          "before": " ",
          "after": ""
        },
        {
          "index": 19,
          "word": ",",
          "originalText": ",",
          "characterOffsetBegin": 776,
          "characterOffsetEnd": 777,
          "before": "",
          "after": " "
        },
        {
          "index": 20,
          "word": "we",
          "originalText": "we",
          "characterOffsetBegin": 778,
          "characterOffsetEnd": 780,
          "before": " ",
          "after": " "
        },
        {
          "index": 21,
          "word": "are",
          "originalText": "are",
          "characterOffsetBegin": 781,
          "characterOffsetEnd": 784,
          "before": " ",
          "after": " "
        },
        {
          "index": 22,
          "word": "due",
          "originalText": "due",
          "characterOffsetBegin": 785,
          "characterOffsetEnd": 788,
          "before": " ",
          "after": " "
        },
        {
          "index": 23,
          "word": "more",
          "originalText": "more",
          "characterOffsetBegin": 789,
          "characterOffsetEnd": 793,
          "before": " ",
          "after": " "
        },
        {
          "index": 24,
          "word": "stock",
          "originalText": "stock",
          "characterOffsetBegin": 794,
          "characterOffsetEnd": 799,
          "before": " ",
          "after": " "
        },
        {
          "index": 25,
          "word": "on",
          "originalText": "on",
          "characterOffsetBegin": 800,
          "characterOffsetEnd": 802,
          "before": " ",
          "after": " "
        },
        {
          "index": 26,
          "word": "both",
          "originalText": "both",
          "characterOffsetBegin": 803,
          "characterOffsetEnd": 807,
          "before": " ",
          "after": " "
        },
        {
          "index": 27,
          "word": "items",
          "originalText": "items",
          "characterOffsetBegin": 808,
          "characterOffsetEnd": 813,
          "before": " ",
          "after": " "
        },
        {
          "index": 28,
          "word": "very",
          "originalText": "very",
          "characterOffsetBegin": 814,
          "characterOffsetEnd": 818,
          "before": " ",
          "after": " "
        },
        {
          "index": 29,
          "word": "soon",
          "originalText": "soon",
          "characterOffsetBegin": 819,
          "characterOffsetEnd": 823,
          "before": " ",
          "after": " "
        },
        {
          "index": 30,
          "word": "-",
          "originalText": "-",
          "characterOffsetBegin": 824,
          "characterOffsetEnd": 825,
          "before": " ",
          "after": " "
        },
        {
          "index": 31,
          "word": "Imanni",
          "originalText": "Imanni",
          "characterOffsetBegin": 826,
          "characterOffsetEnd": 832,
          "before": " ",
          "after": ""
        }
      ]
    },
    {
      "index": 11,
      "tokens": [
        {
          "index": 1,
          "word": "@highlight",
          "originalText": "@highlight",
          "characterOffsetBegin": 834,
          "characterOffsetEnd": 844,
          "before": "",
          "after": ""
        }
      ]
    },
    {
      "index": 12,
      "tokens": [
        {
          "index": 1,
          "word": "Customer",
          "originalText": "Customer",
          "characterOffsetBegin": 846,
          "characterOffsetEnd": 854,
          "before": "",
          "after": ""
        },
        {
          "index": 2,
          "word": ":",
          "originalText": ":",
          "characterOffsetBegin": 854,
          "characterOffsetEnd": 855,
          "before": "",
          "after": " "
        },
        {
          "index": 3,
          "word": "@ArgosHelpers",
          "originalText": "@ArgosHelpers",
          "characterOffsetBegin": 856,
          "characterOffsetEnd": 869,
          "before": " ",
          "after": " "
        },
        {
          "index": 4,
          "word": "could",
          "originalText": "could",
          "characterOffsetBegin": 870,
          "characterOffsetEnd": 875,
          "before": " ",
          "after": " "
        },
        {
          "index": 5,
          "word": "you",
          "originalText": "you",
          "characterOffsetBegin": 876,
          "characterOffsetEnd": 879,
          "before": " ",
          "after": " "
        },
        {
          "index": 6,
          "word": "let",
          "originalText": "let",
          "characterOffsetBegin": 880,
          "characterOffsetEnd": 883,
          "before": " ",
          "after": " "
        },
        {
          "index": 7,
          "word": "me",
          "originalText": "me",
          "characterOffsetBegin": 884,
          "characterOffsetEnd": 886,
          "before": " ",
          "after": " "
        },
        {
          "index": 8,
          "word": "know",
          "originalText": "know",
          "characterOffsetBegin": 887,
          "characterOffsetEnd": 891,
          "before": " ",
          "after": " "
        },
        {
          "index": 9,
          "word": "if",
          "originalText": "if",
          "characterOffsetBegin": 892,
          "characterOffsetEnd": 894,
          "before": " ",
          "after": " "
        },
        {
          "index": 10,
          "word": "you",
          "originalText": "you",
          "characterOffsetBegin": 895,
          "characterOffsetEnd": 898,
          "before": " ",
          "after": " "
        },
        {
          "index": 11,
          "word": "expect",
          "originalText": "expect",
          "characterOffsetBegin": 899,
          "characterOffsetEnd": 905,
          "before": " ",
          "after": " "
        },
        {
          "index": 12,
          "word": "the",
          "originalText": "the",
          "characterOffsetBegin": 906,
          "characterOffsetEnd": 909,
          "before": " ",
          "after": " "
        },
        {
          "index": 13,
          "word": "lol",
          "originalText": "lol",
          "characterOffsetBegin": 910,
          "characterOffsetEnd": 913,
          "before": " ",
          "after": " "
        },
        {
          "index": 14,
          "word": "surprise",
          "originalText": "surprise",
          "characterOffsetBegin": 914,
          "characterOffsetEnd": 922,
          "before": " ",
          "after": " "
        },
        {
          "index": 15,
          "word": "big",
          "originalText": "big",
          "characterOffsetBegin": 923,
          "characterOffsetEnd": 926,
          "before": " ",
          "after": " "
        },
        {
          "index": 16,
          "word": "surprise",
          "originalText": "surprise",
          "characterOffsetBegin": 927,
          "characterOffsetEnd": 935,
          "before": " ",
          "after": ""
        },
        {
          "index": 17,
          "word": ":",
          "originalText": ":",
          "characterOffsetBegin": 935,
          "characterOffsetEnd": 936,
          "before": "",
          "after": " "
        },
        {
          "index": 18,
          "word": "725/4811",
          "originalText": "725/4811",
          "characterOffsetBegin": 937,
          "characterOffsetEnd": 945,
          "before": " ",
          "after": " "
        },
        {
          "index": 19,
          "word": "to",
          "originalText": "to",
          "characterOffsetBegin": 946,
          "characterOffsetEnd": 948,
          "before": " ",
          "after": " "
        },
        {
          "index": 20,
          "word": "be",
          "originalText": "be",
          "characterOffsetBegin": 949,
          "characterOffsetEnd": 951,
          "before": " ",
          "after": " "
        },
        {
          "index": 21,
          "word": "back",
          "originalText": "back",
          "characterOffsetBegin": 952,
          "characterOffsetEnd": 956,
          "before": " ",
          "after": " "
        },
        {
          "index": 22,
          "word": "in",
          "originalText": "in",
          "characterOffsetBegin": 957,
          "characterOffsetEnd": 959,
          "before": " ",
          "after": " "
        },
        {
          "index": 23,
          "word": "stock",
          "originalText": "stock",
          "characterOffsetBegin": 960,
          "characterOffsetEnd": 965,
          "before": " ",
          "after": ""
        },
        {
          "index": 24,
          "word": "?",
          "originalText": "?",
          "characterOffsetBegin": 965,
          "characterOffsetEnd": 966,
          "before": "",
          "after": ""
        }
      ]
    },
    {
      "index": 13,
      "tokens": [
        {
          "index": 1,
          "word": "@highlight",
          "originalText": "@highlight",
          "characterOffsetBegin": 968,
          "characterOffsetEnd": 978,
          "before": "",
          "after": ""
        }
      ]
    },
    {
      "index": 14,
      "tokens": [
        {
          "index": 1,
          "word": "Agent",
          "originalText": "Agent",
          "characterOffsetBegin": 980,
          "characterOffsetEnd": 985,
          "before": "",
          "after": ""
        },
        {
          "index": 2,
          "word": ":",
          "originalText": ":",
          "characterOffsetBegin": 985,
          "characterOffsetEnd": 986,
          "before": "",
          "after": " "
        },
        {
          "index": 3,
          "word": "@",
          "originalText": "@",
          "characterOffsetBegin": 987,
          "characterOffsetEnd": 988,
          "before": " ",
          "after": ""
        },
        {
          "index": 4,
          "word": "424326",
          "originalText": "424326",
          "characterOffsetBegin": 988,
          "characterOffsetEnd": 994,
          "before": "",
          "after": " "
        },
        {
          "index": 5,
          "word": "HIya",
          "originalText": "HIya",
          "characterOffsetBegin": 995,
          "characterOffsetEnd": 999,
          "before": " ",
          "after": ""
        },
        {
          "index": 6,
          "word": ",",
          "originalText": ",",
          "characterOffsetBegin": 999,
          "characterOffsetEnd": 1000,
          "before": "",
          "after": " "
        },
        {
          "index": 7,
          "word": "we",
          "originalText": "we",
          "characterOffsetBegin": 1001,
          "characterOffsetEnd": 1003,
          "before": " ",
          "after": " "
        },
        {
          "index": 8,
          "word": "are",
          "originalText": "are",
          "characterOffsetBegin": 1004,
          "characterOffsetEnd": 1007,
          "before": " ",
          "after": " "
        },
        {
          "index": 9,
          "word": "having",
          "originalText": "having",
          "characterOffsetBegin": 1008,
          "characterOffsetEnd": 1014,
          "before": " ",
          "after": " "
        },
        {
          "index": 10,
          "word": "some",
          "originalText": "some",
          "characterOffsetBegin": 1015,
          "characterOffsetEnd": 1019,
          "before": " ",
          "after": " "
        },
        {
          "index": 11,
          "word": "more",
          "originalText": "more",
          "characterOffsetBegin": 1020,
          "characterOffsetEnd": 1024,
          "before": " ",
          "after": " "
        },
        {
          "index": 12,
          "word": "stock",
          "originalText": "stock",
          "characterOffsetBegin": 1025,
          "characterOffsetEnd": 1030,
          "before": " ",
          "after": " "
        },
        {
          "index": 13,
          "word": "of",
          "originalText": "of",
          "characterOffsetBegin": 1031,
          "characterOffsetEnd": 1033,
          "before": " ",
          "after": " "
        },
        {
          "index": 14,
          "word": "these",
          "originalText": "these",
          "characterOffsetBegin": 1034,
          "characterOffsetEnd": 1039,
          "before": " ",
          "after": " "
        },
        {
          "index": 15,
          "word": "coming",
          "originalText": "coming",
          "characterOffsetBegin": 1040,
          "characterOffsetEnd": 1046,
          "before": " ",
          "after": " "
        },
        {
          "index": 16,
          "word": "back",
          "originalText": "back",
          "characterOffsetBegin": 1047,
          "characterOffsetEnd": 1051,
          "before": " ",
          "after": " "
        },
        {
          "index": 17,
          "word": "in",
          "originalText": "in",
          "characterOffsetBegin": 1052,
          "characterOffsetEnd": 1054,
          "before": " ",
          "after": " "
        },
        {
          "index": 18,
          "word": "around",
          "originalText": "around",
          "characterOffsetBegin": 1055,
          "characterOffsetEnd": 1061,
          "before": " ",
          "after": " "
        },
        {
          "index": 19,
          "word": "the",
          "originalText": "the",
          "characterOffsetBegin": 1062,
          "characterOffsetEnd": 1065,
          "before": " ",
          "after": " "
        },
        {
          "index": 20,
          "word": "beginning",
          "originalText": "beginning",
          "characterOffsetBegin": 1066,
          "characterOffsetEnd": 1075,
          "before": " ",
          "after": " "
        },
        {
          "index": 21,
          "word": "of",
          "originalText": "of",
          "characterOffsetBegin": 1076,
          "characterOffsetEnd": 1078,
          "before": " ",
          "after": " "
        },
        {
          "index": 22,
          "word": "November",
          "originalText": "November",
          "characterOffsetBegin": 1079,
          "characterOffsetEnd": 1087,
          "before": " ",
          "after": ""
        },
        {
          "index": 23,
          "word": ",",
          "originalText": ",",
          "characterOffsetBegin": 1087,
          "characterOffsetEnd": 1088,
          "before": "",
          "after": " "
        },
        {
          "index": 24,
          "word": "as",
          "originalText": "as",
          "characterOffsetBegin": 1089,
          "characterOffsetEnd": 1091,
          "before": " ",
          "after": " "
        },
        {
          "index": 25,
          "word": "of",
          "originalText": "of",
          "characterOffsetBegin": 1092,
          "characterOffsetEnd": 1094,
          "before": " ",
          "after": " "
        },
        {
          "index": 26,
          "word": "yet",
          "originalText": "yet",
          "characterOffsetBegin": 1095,
          "characterOffsetEnd": 1098,
          "before": " ",
          "after": " "
        },
        {
          "index": 27,
          "word": "there",
          "originalText": "there",
          "characterOffsetBegin": 1099,
          "characterOffsetEnd": 1104,
          "before": " ",
          "after": " "
        },
        {
          "index": 28,
          "word": "are",
          "originalText": "are",
          "characterOffsetBegin": 1105,
          "characterOffsetEnd": 1108,
          "before": " ",
          "after": " "
        },
        {
          "index": 29,
          "word": "no",
          "originalText": "no",
          "characterOffsetBegin": 1109,
          "characterOffsetEnd": 1111,
          "before": " ",
          "after": " "
        },
        {
          "index": 30,
          "word": "dates",
          "originalText": "dates",
          "characterOffsetBegin": 1112,
          "characterOffsetEnd": 1117,
          "before": " ",
          "after": " "
        },
        {
          "index": 31,
          "word": "for",
          "originalText": "for",
          "characterOffsetBegin": 1118,
          "characterOffsetEnd": 1121,
          "before": " ",
          "after": " "
        },
        {
          "index": 32,
          "word": "this",
          "originalText": "this",
          "characterOffsetBegin": 1122,
          "characterOffsetEnd": 1126,
          "before": " ",
          "after": " "
        },
        {
          "index": 33,
          "word": "-",
          "originalText": "-",
          "characterOffsetBegin": 1127,
          "characterOffsetEnd": 1128,
          "before": " ",
          "after": " "
        },
        {
          "index": 34,
          "word": "Lara",
          "originalText": "Lara",
          "characterOffsetBegin": 1129,
          "characterOffsetEnd": 1133,
          "before": " ",
          "after": ""
        }
      ]
    },
    {
      "index": 15,
      "tokens": [
        {
          "index": 1,
          "word": "@highlight",
          "originalText": "@highlight",
          "characterOffsetBegin": 1135,
          "characterOffsetEnd": 1145,
          "before": "",
          "after": ""
        }
      ]
    },
    {
      "index": 16,
      "tokens": [
        {
          "index": 1,
          "word": "@",
          "originalText": "@",
          "characterOffsetBegin": 1147,
          "characterOffsetEnd": 1148,
          "before": "",
          "after": ""
        },
        {
          "index": 2,
          "word": "424326",
          "originalText": "424326",
          "characterOffsetBegin": 1148,
          "characterOffsetEnd": 1154,
          "before": "",
          "after": " "
        },
        {
          "index": 3,
          "word": "HI",
          "originalText": "HI",
          "characterOffsetBegin": 1155,
          "characterOffsetEnd": 1157,
          "before": " ",
          "after": " "
        },
        {
          "index": 4,
          "word": "there",
          "originalText": "there",
          "characterOffsetBegin": 1158,
          "characterOffsetEnd": 1163,
          "before": " ",
          "after": " "
        },
        {
          "index": 5,
          "word": "we",
          "originalText": "we",
          "characterOffsetBegin": 1164,
          "characterOffsetEnd": 1166,
          "before": " ",
          "after": " "
        },
        {
          "index": 6,
          "word": "are",
          "originalText": "are",
          "characterOffsetBegin": 1167,
          "characterOffsetEnd": 1170,
          "before": " ",
          "after": " "
        },
        {
          "index": 7,
          "word": "due",
          "originalText": "due",
          "characterOffsetBegin": 1171,
          "characterOffsetEnd": 1174,
          "before": " ",
          "after": " "
        },
        {
          "index": 8,
          "word": "to",
          "originalText": "to",
          "characterOffsetBegin": 1175,
          "characterOffsetEnd": 1177,
          "before": " ",
          "after": " "
        },
        {
          "index": 9,
          "word": "receive",
          "originalText": "receive",
          "characterOffsetBegin": 1178,
          "characterOffsetEnd": 1185,
          "before": " ",
          "after": " "
        },
        {
          "index": 10,
          "word": "further",
          "originalText": "further",
          "characterOffsetBegin": 1186,
          "characterOffsetEnd": 1193,
          "before": " ",
          "after": " "
        },
        {
          "index": 11,
          "word": "stock",
          "originalText": "stock",
          "characterOffsetBegin": 1194,
          "characterOffsetEnd": 1199,
          "before": " ",
          "after": " "
        },
        {
          "index": 12,
          "word": "towards",
          "originalText": "towards",
          "characterOffsetBegin": 1200,
          "characterOffsetEnd": 1207,
          "before": " ",
          "after": " "
        },
        {
          "index": 13,
          "word": "the",
          "originalText": "the",
          "characterOffsetBegin": 1208,
          "characterOffsetEnd": 1211,
          "before": " ",
          "after": " "
        },
        {
          "index": 14,
          "word": "end",
          "originalText": "end",
          "characterOffsetBegin": 1212,
          "characterOffsetEnd": 1215,
          "before": " ",
          "after": " "
        },
        {
          "index": 15,
          "word": "of",
          "originalText": "of",
          "characterOffsetBegin": 1216,
          "characterOffsetEnd": 1218,
          "before": " ",
          "after": " "
        },
        {
          "index": 16,
          "word": "November",
          "originalText": "November",
          "characterOffsetBegin": 1219,
          "characterOffsetEnd": 1227,
          "before": " ",
          "after": " "
        },
        {
          "index": 17,
          "word": "-",
          "originalText": "-",
          "characterOffsetBegin": 1228,
          "characterOffsetEnd": 1229,
          "before": " ",
          "after": " "
        },
        {
          "index": 18,
          "word": "Sheree",
          "originalText": "Sheree",
          "characterOffsetBegin": 1230,
          "characterOffsetEnd": 1236,
          "before": " ",
          "after": ""
        }
      ]
    },
    {
      "index": 17,
      "tokens": [
        {
          "index": 1,
          "word": "@highlight",
          "originalText": "@highlight",
          "characterOffsetBegin": 1238,
          "characterOffsetEnd": 1248,
          "before": "",
          "after": ""
        }
      ]
    },
    {
      "index": 18,
      "tokens": [
        {
          "index": 1,
          "word": "@",
          "originalText": "@",
          "characterOffsetBegin": 1250,
          "characterOffsetEnd": 1251,
          "before": "",
          "after": ""
        },
        {
          "index": 2,
          "word": "424326",
          "originalText": "424326",
          "characterOffsetBegin": 1251,
          "characterOffsetEnd": 1257,
          "before": "",
          "after": " "
        },
        {
          "index": 3,
          "word": "Hi",
          "originalText": "Hi",
          "characterOffsetBegin": 1258,
          "characterOffsetEnd": 1260,
          "before": " ",
          "after": ""
        },
        {
          "index": 4,
          "word": ",",
          "originalText": ",",
          "characterOffsetBegin": 1260,
          "characterOffsetEnd": 1261,
          "before": "",
          "after": " "
        },
        {
          "index": 5,
          "word": "yes",
          "originalText": "yes",
          "characterOffsetBegin": 1262,
          "characterOffsetEnd": 1265,
          "before": " ",
          "after": " "
        },
        {
          "index": 6,
          "word": "both",
          "originalText": "both",
          "characterOffsetBegin": 1266,
          "characterOffsetEnd": 1270,
          "before": " ",
          "after": " "
        },
        {
          "index": 7,
          "word": "are",
          "originalText": "are",
          "characterOffsetBegin": 1271,
          "characterOffsetEnd": 1274,
          "before": " ",
          "after": " "
        },
        {
          "index": 8,
          "word": "currently",
          "originalText": "currently",
          "characterOffsetBegin": 1275,
          "characterOffsetEnd": 1284,
          "before": " ",
          "after": " "
        },
        {
          "index": 9,
          "word": "out",
          "originalText": "out",
          "characterOffsetBegin": 1285,
          "characterOffsetEnd": 1288,
          "before": " ",
          "after": " "
        },
        {
          "index": 10,
          "word": "of",
          "originalText": "of",
          "characterOffsetBegin": 1289,
          "characterOffsetEnd": 1291,
          "before": " ",
          "after": " "
        },
        {
          "index": 11,
          "word": "stock",
          "originalText": "stock",
          "characterOffsetBegin": 1292,
          "characterOffsetEnd": 1297,
          "before": " ",
          "after": " "
        },
        {
          "index": 12,
          "word": "due",
          "originalText": "due",
          "characterOffsetBegin": 1298,
          "characterOffsetEnd": 1301,
          "before": " ",
          "after": " "
        },
        {
          "index": 13,
          "word": "to",
          "originalText": "to",
          "characterOffsetBegin": 1302,
          "characterOffsetEnd": 1304,
          "before": " ",
          "after": " "
        },
        {
          "index": 14,
          "word": "such",
          "originalText": "such",
          "characterOffsetBegin": 1305,
          "characterOffsetEnd": 1309,
          "before": " ",
          "after": " "
        },
        {
          "index": 15,
          "word": "high",
          "originalText": "high",
          "characterOffsetBegin": 1310,
          "characterOffsetEnd": 1314,
          "before": " ",
          "after": " "
        },
        {
          "index": 16,
          "word": "demand",
          "originalText": "demand",
          "characterOffsetBegin": 1315,
          "characterOffsetEnd": 1321,
          "before": " ",
          "after": ""
        },
        {
          "index": 17,
          "word": ",",
          "originalText": ",",
          "characterOffsetBegin": 1321,
          "characterOffsetEnd": 1322,
          "before": "",
          "after": " "
        },
        {
          "index": 18,
          "word": "we",
          "originalText": "we",
          "characterOffsetBegin": 1323,
          "characterOffsetEnd": 1325,
          "before": " ",
          "after": " "
        },
        {
          "index": 19,
          "word": "are",
          "originalText": "are",
          "characterOffsetBegin": 1326,
          "characterOffsetEnd": 1329,
          "before": " ",
          "after": " "
        },
        {
          "index": 20,
          "word": "due",
          "originalText": "due",
          "characterOffsetBegin": 1330,
          "characterOffsetEnd": 1333,
          "before": " ",
          "after": " "
        },
        {
          "index": 21,
          "word": "more",
          "originalText": "more",
          "characterOffsetBegin": 1334,
          "characterOffsetEnd": 1338,
          "before": " ",
          "after": " "
        },
        {
          "index": 22,
          "word": "stock",
          "originalText": "stock",
          "characterOffsetBegin": 1339,
          "characterOffsetEnd": 1344,
          "before": " ",
          "after": " "
        },
        {
          "index": 23,
          "word": "on",
          "originalText": "on",
          "characterOffsetBegin": 1345,
          "characterOffsetEnd": 1347,
          "before": " ",
          "after": " "
        },
        {
          "index": 24,
          "word": "both",
          "originalText": "both",
          "characterOffsetBegin": 1348,
          "characterOffsetEnd": 1352,
          "before": " ",
          "after": " "
        },
        {
          "index": 25,
          "word": "items",
          "originalText": "items",
          "characterOffsetBegin": 1353,
          "characterOffsetEnd": 1358,
          "before": " ",
          "after": " "
        },
        {
          "index": 26,
          "word": "very",
          "originalText": "very",
          "characterOffsetBegin": 1359,
          "characterOffsetEnd": 1363,
          "before": " ",
          "after": " "
        },
        {
          "index": 27,
          "word": "soon",
          "originalText": "soon",
          "characterOffsetBegin": 1364,
          "characterOffsetEnd": 1368,
          "before": " ",
          "after": " "
        },
        {
          "index": 28,
          "word": "-",
          "originalText": "-",
          "characterOffsetBegin": 1369,
          "characterOffsetEnd": 1370,
          "before": " ",
          "after": " "
        },
        {
          "index": 29,
          "word": "Imanni",
          "originalText": "Imanni",
          "characterOffsetBegin": 1371,
          "characterOffsetEnd": 1377,
          "before": " ",
          "after": ""
        }
      ]
    }
  ]
}