{
  "sentences": [
    {
      "index": 0,
      "tokens": [
        {
          "index": 1,
          "word": "Customer",
          "originalText": "Customer",
          "characterOffsetBegin": 0,
          "characterOffsetEnd": 8,
          "before": "",
          "after": ""
        },
        {
          "index": 2,
          "word": ":",
          "originalText": ":",
          "characterOffsetBegin": 8,
          "characterOffsetEnd": 9,
          "before": "",
          "after": " "
        },
        {
          "index": 3,
          "word": "After",
          "originalText": "After",
          "characterOffsetBegin": 10,
          "characterOffsetEnd": 15,
          "before": " ",
          "after": " "
        },
        {
          "index": 4,
          "word": "a",
          "originalText": "a",
          "characterOffsetBegin": 16,
          "characterOffsetEnd": 17,
          "before": " ",
          "after": " "
        },
        {
          "index": 5,
          "word": "weekend",
          "originalText": "weekend",
          "characterOffsetBegin": 18,
          "characterOffsetEnd": 25,
          "before": " ",
          "after": " "
        },
        {
          "index": 6,
          "word": "on",
          "originalText": "on",
          "characterOffsetBegin": 26,
          "characterOffsetEnd": 28,
          "before": " ",
          "after": " "
        },
        {
          "index": 7,
          "word": "the",
          "originalText": "the",
          "characterOffsetBegin": 29,
          "characterOffsetEnd": 32,
          "before": " ",
          "after": " "
        },
        {
          "index": 8,
          "word": "Gulf",
          "originalText": "Gulf",
          "characterOffsetBegin": 33,
          "characterOffsetEnd": 37,
          "before": " ",
          "after": " "
        },
        {
          "index": 9,
          "word": "Coast",
          "originalText": "Coast",
          "characterOffsetBegin": 38,
          "characterOffsetEnd": 43,
          "before": " ",
          "after": " "
        },
        {
          "index": 10,
          "word": "where",
          "originalText": "where",
          "characterOffsetBegin": 44,
          "characterOffsetEnd": 49,
          "before": " ",
          "after": " "
        },
        {
          "index": 11,
          "word": "I",
          "originalText": "I",
          "characterOffsetBegin": 50,
          "characterOffsetEnd": 51,
          "before": " ",
          "after": " "
        },
        {
          "index": 12,
          "word": "was",
          "originalText": "was",
          "characterOffsetBegin": 52,
          "characterOffsetEnd": 55,
          "before": " ",
          "after": " "
        },
        {
          "index": 13,
          "word": "careful",
          "originalText": "careful",
          "characterOffsetBegin": 56,
          "characterOffsetEnd": 63,
          "before": " ",
          "after": " "
        },
        {
          "index": 14,
          "word": "to",
          "originalText": "to",
          "characterOffsetBegin": 64,
          "characterOffsetEnd": 66,
          "before": " ",
          "after": " "
        },
        {
          "index": 15,
          "word": "#leaveonlyfootprints",
          "originalText": "#leaveonlyfootprints",
          "characterOffsetBegin": 67,
          "characterOffsetEnd": 87,
          "before": " ",
          "after": " "
        },
        {
          "index": 16,
          "word": "I",
          "originalText": "I",
          "characterOffsetBegin": 88,
          "characterOffsetEnd": 89,
          "before": " ",
          "after": ""
        },
        {
          "index": 17,
          "word": "'m",
          "originalText": "’m",
          "characterOffsetBegin": 89,
          "characterOffsetEnd": 91,
          "before": "",
          "after": " "
        },
        {
          "index": 18,
          "word": "ready",
          "originalText": "ready",
          "characterOffsetBegin": 92,
          "characterOffsetEnd": 97,
          "before": " ",
          "after": " "
        },
        {
          "index": 19,
          "word": "to",
          "originalText": "to",
          "characterOffsetBegin": 98,
          "characterOffsetEnd": 100,
          "before": " ",
          "after": " "
        },
        {
          "index": 20,
          "word": "board",
          "originalText": "board",
          "characterOffsetBegin": 101,
          "characterOffsetEnd": 106,
          "before": " ",
          "after": " "
        },
        {
          "index": 21,
          "word": "my",
          "originalText": "my",
          "characterOffsetBegin": 107,
          "characterOffsetEnd": 109,
          "before": " ",
          "after": " "
        },
        {
          "index": 22,
          "word": "@AmericanAir",
          "originalText": "@AmericanAir",
          "characterOffsetBegin": 110,
          "characterOffsetEnd": 122,
          "before": " ",
          "after": " "
        },
        {
          "index": 23,
          "word": "flight",
          "originalText": "flight",
          "characterOffsetBegin": 123,
          "characterOffsetEnd": 129,
          "before": " ",
          "after": " "
        },
        {
          "index": 24,
          "word": "in",
          "originalText": "in",
          "characterOffsetBegin": 130,
          "characterOffsetEnd": 132,
          "before": " ",
          "after": " "
        },
        {
          "index": 25,
          "word": "BTR",
          "originalText": "BTR",
          "characterOffsetBegin": 133,
          "characterOffsetEnd": 136,
          "before": " ",
          "after": " "
        },
        {
          "index": 26,
          "word": "headed",
          "originalText": "headed",
          "characterOffsetBegin": 137,
          "characterOffsetEnd": 143,
          "before": " ",
          "after": " "
        },
        {
          "index": 27,
          "word": "for",
          "originalText": "for",
          "characterOffsetBegin": 144,
          "characterOffsetEnd": 147,
          "before": " ",
          "after": " "
        },
        {
          "index": 28,
          "word": "DFW",
          "originalText": "DFW",
          "characterOffsetBegin": 148,
          "characterOffsetEnd": 151,
          "before": " ",
          "after": " "
        },
        {
          "index": 29,
          "word": "and",
          "originalText": "and",
          "characterOffsetBegin": 152,
          "characterOffsetEnd": 155,
          "before": " ",
          "after": " "
        },
        {
          "index": 30,
          "word": "on",
          "originalText": "on",
          "characterOffsetBegin": 156,
          "characterOffsetEnd": 158,
          "before": " ",
          "after": " "
        },
        {
          "index": 31,
          "word": "to",
          "originalText": "to",
          "characterOffsetBegin": 159,
          "characterOffsetEnd": 161,
          "before": " ",
          "after": " "
        },
        {
          "index": 32,
          "word": "PHX",
          "originalText": "PHX",
          "characterOffsetBegin": 162,
          "characterOffsetEnd": 165,
          "before": " ",
          "after": ""
        },
        {
          "index": 33,
          "word": ".",
          "originalText": ".",
          "characterOffsetBegin": 165,
          "characterOffsetEnd": 166,
          "before": "",
          "after": ""
        }
      ]
    },
    {
      "index": 1,
      "tokens": [
        {
          "index": 1,
          "word": "Amazing",
          "originalText": "Amazing",
          "characterOffsetBegin": 168,
          "characterOffsetEnd": 175,
          "before": "",
          "after": " "
        },
        {
          "index": 2,
          "word": "girlfriend",
          "originalText": "girlfriend",
          "characterOffsetBegin": 176,
          "characterOffsetEnd": 186,
          "before": " ",
          "after": " "
        },
        {
          "index": 3,
          "word": "getaway",
          "originalText": "getaway",
          "characterOffsetBegin": 187,
          "characterOffsetEnd": 194,
          "before": " ",
          "after": ""
        },
        {
          "index": 4,
          "word": "!",
          "originalText": "!",
          "characterOffsetBegin": 194,
          "characterOffsetEnd": 195,
          "before": "",
          "after": ""
        }
      ]
    },
    {
      "index": 2,
      "tokens": [
        {
          "index": 1,
          "word": "#gnomads",
          "originalText": "#gnomads",
          "characterOffsetBegin": 197,
          "characterOffsetEnd": 205,
          "before": "",
          "after": " "
        },
        {
          "index": 2,
          "word": "https://t.co/KCQ1ncDSeE",
          "originalText": "https://t.co/KCQ1ncDSeE",
          "characterOffsetBegin": 206,
          "characterOffsetEnd": 229,
          "before": " ",
          "after": ""
        }
      ]
    },
    {
      "index": 3,
      "tokens": [
        {
          "index": 1,
          "word": "Agent",
          "originalText": "Agent",
          "characterOffsetBegin": 231,
          "characterOffsetEnd": 236,
          "before": "",
          "after": ""
        },
        {
          "index": 2,
          "word": ":",
          "originalText": ":",
          "characterOffsetBegin": 236,
          "characterOffsetEnd": 237,
          "before": "",
          "after": " "
        },
        {
          "index": 3,
          "word": "@",
          "originalText": "@",
          "characterOffsetBegin": 238,
          "characterOffsetEnd": 239,
          "before": " ",
          "after": ""
        },
        {
          "index": 4,
          "word": "508944",
          "originalText": "508944",
          "characterOffsetBegin": 239,
          "characterOffsetEnd": 245,
          "before": "",
          "after": " "
        },
        {
          "index": 5,
          "word": "It",
          "originalText": "It",
          "characterOffsetBegin": 246,
          "characterOffsetEnd": 248,
          "before": " ",
          "after": " "
        },
        {
          "index": 6,
          "word": "looks",
          "originalText": "looks",
          "characterOffsetBegin": 249,
          "characterOffsetEnd": 254,
          "before": " ",
          "after": " "
        },
        {
          "index": 7,
          "word": "like",
          "originalText": "like",
          "characterOffsetBegin": 255,
          "characterOffsetEnd": 259,
          "before": " ",
          "after": " "
        },
        {
          "index": 8,
          "word": "you",
          "originalText": "you",
          "characterOffsetBegin": 260,
          "characterOffsetEnd": 263,
          "before": " ",
          "after": " "
        },
        {
          "index": 9,
          "word": "had",
          "originalText": "had",
          "characterOffsetBegin": 264,
          "characterOffsetEnd": 267,
          "before": " ",
          "after": " "
        },
        {
          "index": 10,
          "word": "fun",
          "originalText": "fun",
          "characterOffsetBegin": 268,
          "characterOffsetEnd": 271,
          "before": " ",
          "after": ""
        },
        {
          "index": 11,
          "word": ",",
          "originalText": ",",
          "characterOffsetBegin": 271,
          "characterOffsetEnd": 272,
          "before": "",
          "after": " "
        },
        {
          "index": 12,
          "word": "we",
          "originalText": "we",
          "characterOffsetBegin": 273,
          "characterOffsetEnd": 275,
          "before": " ",
          "after": " "
        },
        {
          "index": 13,
          "word": "know",
          "originalText": "know",
          "characterOffsetBegin": 276,
          "characterOffsetEnd": 280,
          "before": " ",
          "after": " "
        },
        {
          "index": 14,
          "word": "we",
          "originalText": "we",
          "characterOffsetBegin": 281,
          "characterOffsetEnd": 283,
          "before": " ",
          "after": " "
        },
        {
          "index": 15,
          "word": "would",
          "originalText": "would",
          "characterOffsetBegin": 284,
          "characterOffsetEnd": 289,
          "before": " ",
          "after": ""
        },
        {
          "index": 16,
          "word": ".",
          "originalText": ".",
          "characterOffsetBegin": 289,
          "characterOffsetEnd": 290,
          "before": "",
          "after": ""
        }
      ]
    },
    {
      "index": 4,
      "tokens": [
        {
          "index": 1,
          "word": "Now",
          "originalText": "Now",
          "characterOffsetBegin": 292,
          "characterOffsetEnd": 295,
          "before": "",
          "after": " "
        },
        {
          "index": 2,
          "word": "it",
          "originalText": "it",
          "characterOffsetBegin": 296,
          "characterOffsetEnd": 298,
          "before": " ",
          "after": ""
        },
        {
          "index": 3,
          "word": "'s",
          "originalText": "'s",
          "characterOffsetBegin": 298,
          "characterOffsetEnd": 300,
          "before": "",
          "after": " "
        },
        {
          "index": 4,
          "word": "time",
          "originalText": "time",
          "characterOffsetBegin": 301,
          "characterOffsetEnd": 305,
          "before": " ",
          "after": " "
        },
        {
          "index": 5,
          "word": "for",
          "originalText": "for",
          "characterOffsetBegin": 306,
          "characterOffsetEnd": 309,
          "before": " ",
          "after": " "
        },
        {
          "index": 6,
          "word": "a",
          "originalText": "a",
          "characterOffsetBegin": 310,
          "characterOffsetEnd": 311,
          "before": " ",
          "after": " "
        },
        {
          "index": 7,
          "word": "quick",
          "originalText": "quick",
          "characterOffsetBegin": 312,
          "characterOffsetEnd": 317,
          "before": " ",
          "after": " "
        },
        {
          "index": 8,
          "word": "and",
          "originalText": "and",
          "characterOffsetBegin": 318,
          "characterOffsetEnd": 321,
          "before": " ",
          "after": " "
        },
        {
          "index": 9,
          "word": "awesome",
          "originalText": "awesome",
          "characterOffsetBegin": 322,
          "characterOffsetEnd": 329,
          "before": " ",
          "after": " "
        },
        {
          "index": 10,
          "word": "ride",
          "originalText": "ride",
          "characterOffsetBegin": 330,
          "characterOffsetEnd": 334,
          "before": " ",
          "after": " "
        },
        {
          "index": 11,
          "word": "in",
          "originalText": "in",
          "characterOffsetBegin": 335,
          "characterOffsetEnd": 337,
          "before": " ",
          "after": " "
        },
        {
          "index": 12,
          "word": "the",
          "originalText": "the",
          "characterOffsetBegin": 338,
          "characterOffsetEnd": 341,
          "before": " ",
          "after": " "
        },
        {
          "index": 13,
          "word": "skies",
          "originalText": "skies",
          "characterOffsetBegin": 342,
          "characterOffsetEnd": 347,
          "before": " ",
          "after": ""
        },
        {
          "index": 14,
          "word": "!",
          "originalText": "!",
          "characterOffsetBegin": 347,
          "characterOffsetEnd": 348,
          "before": "",
          "after": ""
        }
      ]
    },
    {
      "index": 5,
      "tokens": [
        {
          "index": 1,
          "word": "Customer",
          "originalText": "Customer",
          "characterOffsetBegin": 350,
          "characterOffsetEnd": 358,
          "before": "",
          "after": ""
        },
        {
          "index": 2,
          "word": ":",
          "originalText": ":",
          "characterOffsetBegin": 358,
          "characterOffsetEnd": 359,
          "before": "",
          "after": " "
        },
        {
          "index": 3,
          "word": "@AmericanAir",
          "originalText": "@AmericanAir",
          "characterOffsetBegin": 360,
          "characterOffsetEnd": 372,
          "before": " ",
          "after": " "
        },
        {
          "index": 4,
          "word": "Well",
          "originalText": "Well",
          "characterOffsetBegin": 373,
          "characterOffsetEnd": 377,
          "before": " ",
          "after": " "
        },
        {
          "index": 5,
          "word": "except",
          "originalText": "except",
          "characterOffsetBegin": 378,
          "characterOffsetEnd": 384,
          "before": " ",
          "after": " "
        },
        {
          "index": 6,
          "word": "for",
          "originalText": "for",
          "characterOffsetBegin": 385,
          "characterOffsetEnd": 388,
          "before": " ",
          "after": " "
        },
        {
          "index": 7,
          "word": "the",
          "originalText": "the",
          "characterOffsetBegin": 389,
          "characterOffsetEnd": 392,
          "before": " ",
          "after": " "
        },
        {
          "index": 8,
          "word": "mechanical",
          "originalText": "mechanical",
          "characterOffsetBegin": 393,
          "characterOffsetEnd": 403,
          "before": " ",
          "after": " "
        },
        {
          "index": 9,
          "word": "delay",
          "originalText": "delay",
          "characterOffsetBegin": 404,
          "characterOffsetEnd": 409,
          "before": " ",
          "after": " "
        },
        {
          "index": 10,
          "word": "that",
          "originalText": "that",
          "characterOffsetBegin": 410,
          "characterOffsetEnd": 414,
          "before": " ",
          "after": " "
        },
        {
          "index": 11,
          "word": "leaves",
          "originalText": "leaves",
          "characterOffsetBegin": 415,
          "characterOffsetEnd": 421,
          "before": " ",
          "after": " "
        },
        {
          "index": 12,
          "word": "me",
          "originalText": "me",
          "characterOffsetBegin": 422,
          "characterOffsetEnd": 424,
          "before": " ",
          "after": " "
        },
        {
          "index": 13,
          "word": "here",
          "originalText": "here",
          "characterOffsetBegin": 425,
          "characterOffsetEnd": 429,
          "before": " ",
          "after": " "
        },
        {
          "index": 14,
          "word": "in",
          "originalText": "in",
          "characterOffsetBegin": 430,
          "characterOffsetEnd": 432,
          "before": " ",
          "after": " "
        },
        {
          "index": 15,
          "word": "the",
          "originalText": "the",
          "characterOffsetBegin": 433,
          "characterOffsetEnd": 436,
          "before": " ",
          "after": " "
        },
        {
          "index": 16,
          "word": "airport",
          "originalText": "airport",
          "characterOffsetBegin": 437,
          "characterOffsetEnd": 444,
          "before": " ",
          "after": " "
        },
        {
          "index": 17,
          "word": "now",
          "originalText": "now",
          "characterOffsetBegin": 445,
          "characterOffsetEnd": 448,
          "before": " ",
          "after": " "
        },
        {
          "index": 18,
          "word": "until",
          "originalText": "until",
          "characterOffsetBegin": 449,
          "characterOffsetEnd": 454,
          "before": " ",
          "after": " "
        },
        {
          "index": 19,
          "word": "noon",
          "originalText": "noon",
          "characterOffsetBegin": 455,
          "characterOffsetEnd": 459,
          "before": " ",
          "after": " "
        },
        {
          "index": 20,
          "word": "and",
          "originalText": "and",
          "characterOffsetBegin": 460,
          "characterOffsetEnd": 463,
          "before": " ",
          "after": " "
        },
        {
          "index": 21,
          "word": "missing",
          "originalText": "missing",
          "characterOffsetBegin": 464,
          "characterOffsetEnd": 471,
          "before": " ",
          "after": " "
        },
        {
          "index": 22,
          "word": "my",
          "originalText": "my",
          "characterOffsetBegin": 472,
          "characterOffsetEnd": 474,
          "before": " ",
          "after": " "
        },
        {
          "index": 23,
          "word": "PHX",
          "originalText": "PHX",
          "characterOffsetBegin": 475,
          "characterOffsetEnd": 478,
          "before": " ",
          "after": " "
        },
        {
          "index": 24,
          "word": "flight",
          "originalText": "flight",
          "characterOffsetBegin": 479,
          "characterOffsetEnd": 485,
          "before": " ",
          "after": ""
        },
        {
          "index": 25,
          "word": ".",
          "originalText": ".",
          "characterOffsetBegin": 485,
          "characterOffsetEnd": 486,
          "before": "",
          "after": ""
        }
      ]
    },
    {
      "index": 6,
      "tokens": [
        {
          "index": 1,
          "word": "#bummer",
          "originalText": "#bummer",
          "characterOffsetBegin": 488,
          "characterOffsetEnd": 495,
          "before": "",
          "after": " "
        },
        {
          "index": 2,
          "word": "way",
          "originalText": "way",
          "characterOffsetBegin": 496,
          "characterOffsetEnd": 499,
          "before": " ",
          "after": " "
        },
        {
          "index": 3,
          "word": "to",
          "originalText": "to",
          "characterOffsetBegin": 500,
          "characterOffsetEnd": 502,
          "before": " ",
          "after": " "
        },
        {
          "index": 4,
          "word": "end",
          "originalText": "end",
          "characterOffsetBegin": 503,
          "characterOffsetEnd": 506,
          "before": " ",
          "after": " "
        },
        {
          "index": 5,
          "word": "a",
          "originalText": "a",
          "characterOffsetBegin": 507,
          "characterOffsetEnd": 508,
          "before": " ",
          "after": " "
        },
        {
          "index": 6,
          "word": "perfect",
          "originalText": "perfect",
          "characterOffsetBegin": 509,
          "characterOffsetEnd": 516,
          "before": " ",
          "after": " "
        },
        {
          "index": 7,
          "word": "weekend",
          "originalText": "weekend",
          "characterOffsetBegin": 517,
          "characterOffsetEnd": 524,
          "before": " ",
          "after": ""
        }
      ]
    },
    {
      "index": 7,
      "tokens": [
        {
          "index": 1,
          "word": "Agent",
          "originalText": "Agent",
          "characterOffsetBegin": 526,
          "characterOffsetEnd": 531,
          "before": "",
          "after": ""
        },
        {
          "index": 2,
          "word": ":",
          "originalText": ":",
          "characterOffsetBegin": 531,
          "characterOffsetEnd": 532,
          "before": "",
          "after": " "
        },
        {
          "index": 3,
          "word": "@",
          "originalText": "@",
          "characterOffsetBegin": 533,
          "characterOffsetEnd": 534,
          "before": " ",
          "after": ""
        },
        {
          "index": 4,
          "word": "508944",
          "originalText": "508944",
          "characterOffsetBegin": 534,
          "characterOffsetEnd": 540,
          "before": "",
          "after": " "
        },
        {
          "index": 5,
          "word": "Oh",
          "originalText": "Oh",
          "characterOffsetBegin": 541,
          "characterOffsetEnd": 543,
          "before": " ",
          "after": " "
        },
        {
          "index": 6,
          "word": "darn",
          "originalText": "darn",
          "characterOffsetBegin": 544,
          "characterOffsetEnd": 548,
          "before": " ",
          "after": ""
        },
        {
          "index": 7,
          "word": ",",
          "originalText": ",",
          "characterOffsetBegin": 548,
          "characterOffsetEnd": 549,
          "before": "",
          "after": " "
        },
        {
          "index": 8,
          "word": "our",
          "originalText": "our",
          "characterOffsetBegin": 550,
          "characterOffsetEnd": 553,
          "before": " ",
          "after": " "
        },
        {
          "index": 9,
          "word": "apologies",
          "originalText": "apologies",
          "characterOffsetBegin": 554,
          "characterOffsetEnd": 563,
          "before": " ",
          "after": ""
        },
        {
          "index": 10,
          "word": ".",
          "originalText": ".",
          "characterOffsetBegin": 563,
          "characterOffsetEnd": 564,
          "before": "",
          "after": ""
        }
      ]
    },
    {
      "index": 8,
      "tokens": [
        {
          "index": 1,
          "word": "We",
          "originalText": "We",
          "characterOffsetBegin": 566,
          "characterOffsetEnd": 568,
          "before": "",
          "after": ""
        },
        {
          "index": 2,
          "word": "'ll",
          "originalText": "'ll",
          "characterOffsetBegin": 568,
          "characterOffsetEnd": 571,
          "before": "",
          "after": " "
        },
        {
          "index": 3,
          "word": "get",
          "originalText": "get",
          "characterOffsetBegin": 572,
          "characterOffsetEnd": 575,
          "before": " ",
          "after": " "
        },
        {
          "index": 4,
          "word": "you",
          "originalText": "you",
          "characterOffsetBegin": 576,
          "characterOffsetEnd": 579,
          "before": " ",
          "after": " "
        },
        {
          "index": 5,
          "word": "going",
          "originalText": "going",
          "characterOffsetBegin": 580,
          "characterOffsetEnd": 585,
          "before": " ",
          "after": " "
        },
        {
          "index": 6,
          "word": "as",
          "originalText": "as",
          "characterOffsetBegin": 586,
          "characterOffsetEnd": 588,
          "before": " ",
          "after": " "
        },
        {
          "index": 7,
          "word": "fast",
          "originalText": "fast",
          "characterOffsetBegin": 589,
          "characterOffsetEnd": 593,
          "before": " ",
          "after": " "
        },
        {
          "index": 8,
          "word": "as",
          "originalText": "as",
          "characterOffsetBegin": 594,
          "characterOffsetEnd": 596,
          "before": " ",
          "after": " "
        },
        {
          "index": 9,
          "word": "we",
          "originalText": "we",
          "characterOffsetBegin": 597,
          "characterOffsetEnd": 599,
          "before": " ",
          "after": " "
        },
        {
          "index": 10,
          "word": "can",
          "originalText": "can",
          "characterOffsetBegin": 600,
          "characterOffsetEnd": 603,
          "before": " ",
          "after": ""
        },
        {
          "index": 11,
          "word": ".",
          "originalText": ".",
          "characterOffsetBegin": 603,
          "characterOffsetEnd": 604,
          "before": "",
          "after": ""
        }
      ]
    },
    {
      "index": 9,
      "tokens": [
        {
          "index": 1,
          "word": "Customer",
          "originalText": "Customer",
          "characterOffsetBegin": 606,
          "characterOffsetEnd": 614,
          "before": "",
          "after": ""
        },
        {
          "index": 2,
          "word": ":",
          "originalText": ":",
          "characterOffsetBegin": 614,
          "characterOffsetEnd": 615,
          "before": "",
          "after": " "
        },
        {
          "index": 3,
          "word": "@AmericanAir",
          "originalText": "@AmericanAir",
          "characterOffsetBegin": 616,
          "characterOffsetEnd": 628,
          "before": " ",
          "after": " "
        },
        {
          "index": 4,
          "word": "Leaving",
          "originalText": "Leaving",
          "characterOffsetBegin": 629,
          "characterOffsetEnd": 636,
          "before": " ",
          "after": " "
        },
        {
          "index": 5,
          "word": "BTR",
          "originalText": "BTR",
          "characterOffsetBegin": 637,
          "characterOffsetEnd": 640,
          "before": " ",
          "after": " "
        },
        {
          "index": 6,
          "word": "finally",
          "originalText": "finally",
          "characterOffsetBegin": 641,
          "characterOffsetEnd": 648,
          "before": " ",
          "after": ""
        },
        {
          "index": 7,
          "word": ".",
          "originalText": ".",
          "characterOffsetBegin": 648,
          "characterOffsetEnd": 649,
          "before": "",
          "after": ""
        }
      ]
    },
    {
      "index": 10,
      "tokens": [
        {
          "index": 1,
          "word": "Hoping",
          "originalText": "Hoping",
          "characterOffsetBegin": 651,
          "characterOffsetEnd": 657,
          "before": "",
          "after": " "
        },
        {
          "index": 2,
          "word": "I",
          "originalText": "I",
          "characterOffsetBegin": 658,
          "characterOffsetEnd": 659,
          "before": " ",
          "after": " "
        },
        {
          "index": 3,
          "word": "can",
          "originalText": "can",
          "characterOffsetBegin": 660,
          "characterOffsetEnd": 663,
          "before": " ",
          "after": " "
        },
        {
          "index": 4,
          "word": "make",
          "originalText": "make",
          "characterOffsetBegin": 664,
          "characterOffsetEnd": 668,
          "before": " ",
          "after": " "
        },
        {
          "index": 5,
          "word": "an",
          "originalText": "an",
          "characterOffsetBegin": 669,
          "characterOffsetEnd": 671,
          "before": " ",
          "after": " "
        },
        {
          "index": 6,
          "word": "earlier",
          "originalText": "earlier",
          "characterOffsetBegin": 672,
          "characterOffsetEnd": 679,
          "before": " ",
          "after": " "
        },
        {
          "index": 7,
          "word": "flight",
          "originalText": "flight",
          "characterOffsetBegin": 680,
          "characterOffsetEnd": 686,
          "before": " ",
          "after": " "
        },
        {
          "index": 8,
          "word": "out",
          "originalText": "out",
          "characterOffsetBegin": 687,
          "characterOffsetEnd": 690,
          "before": " ",
          "after": " "
        },
        {
          "index": 9,
          "word": "of",
          "originalText": "of",
          "characterOffsetBegin": 691,
          "characterOffsetEnd": 693,
          "before": " ",
          "after": " "
        },
        {
          "index": 10,
          "word": "DFW",
          "originalText": "DFW",
          "characterOffsetBegin": 694,
          "characterOffsetEnd": 697,
          "before": " ",
          "after": ""
        },
        {
          "index": 11,
          "word": ".",
          "originalText": ".",
          "characterOffsetBegin": 697,
          "characterOffsetEnd": 698,
          "before": "",
          "after": ""
        }
      ]
    },
    {
      "index": 11,
      "tokens": [
        {
          "index": 1,
          "word": "I",
          "originalText": "I",
          "characterOffsetBegin": 700,
          "characterOffsetEnd": 701,
          "before": "",
          "after": ""
        },
        {
          "index": 2,
          "word": "'ve",
          "originalText": "’ve",
          "characterOffsetBegin": 701,
          "characterOffsetEnd": 704,
          "before": "",
          "after": " "
        },
        {
          "index": 3,
          "word": "missed",
          "originalText": "missed",
          "characterOffsetBegin": 705,
          "characterOffsetEnd": 711,
          "before": " ",
          "after": " "
        },
        {
          "index": 4,
          "word": "my",
          "originalText": "my",
          "characterOffsetBegin": 712,
          "characterOffsetEnd": 714,
          "before": " ",
          "after": " "
        },
        {
          "index": 5,
          "word": "original",
          "originalText": "original",
          "characterOffsetBegin": 715,
          "characterOffsetEnd": 723,
          "before": " ",
          "after": " "
        },
        {
          "index": 6,
          "word": "flight",
          "originalText": "flight",
          "characterOffsetBegin": 724,
          "characterOffsetEnd": 730,
          "before": " ",
          "after": ""
        },
        {
          "index": 7,
          "word": ".",
          "originalText": ".",
          "characterOffsetBegin": 730,
          "characterOffsetEnd": 731,
          "before": "",
          "after": ""
        }
      ]
    },
    {
      "index": 12,
      "tokens": [
        {
          "index": 1,
          "word": "But",
          "originalText": "But",
          "characterOffsetBegin": 733,
          "characterOffsetEnd": 736,
          "before": "",
          "after": " "
        },
        {
          "index": 2,
          "word": "got",
          "originalText": "got",
          "characterOffsetBegin": 737,
          "characterOffsetEnd": 740,
          "before": " ",
          "after": " "
        },
        {
          "index": 3,
          "word": "some",
          "originalText": "some",
          "characterOffsetBegin": 741,
          "characterOffsetEnd": 745,
          "before": " ",
          "after": " "
        },
        {
          "index": 4,
          "word": "work",
          "originalText": "work",
          "characterOffsetBegin": 746,
          "characterOffsetEnd": 750,
          "before": " ",
          "after": " "
        },
        {
          "index": 5,
          "word": "done",
          "originalText": "done",
          "characterOffsetBegin": 751,
          "characterOffsetEnd": 755,
          "before": " ",
          "after": " "
        },
        {
          "index": 6,
          "word": "so",
          "originalText": "so",
          "characterOffsetBegin": 756,
          "characterOffsetEnd": 758,
          "before": " ",
          "after": " "
        },
        {
          "index": 7,
          "word": "all",
          "originalText": "all",
          "characterOffsetBegin": 759,
          "characterOffsetEnd": 762,
          "before": " ",
          "after": " "
        },
        {
          "index": 8,
          "word": "was",
          "originalText": "was",
          "characterOffsetBegin": 763,
          "characterOffsetEnd": 766,
          "before": " ",
          "after": " "
        },
        {
          "index": 9,
          "word": "not",
          "originalText": "not",
          "characterOffsetBegin": 767,
          "characterOffsetEnd": 770,
          "before": " ",
          "after": " "
        },
        {
          "index": 10,
          "word": "lost",
          "originalText": "lost",
          "characterOffsetBegin": 771,
          "characterOffsetEnd": 775,
          "before": " ",
          "after": ""
        },
        {
          "index": 11,
          "word": "!",
          "originalText": "!",
          "characterOffsetBegin": 775,
          "characterOffsetEnd": 776,
          "before": "",
          "after": ""
        }
      ]
    },
    {
      "index": 13,
      "tokens": [
        {
          "index": 1,
          "word": "Friendly",
          "originalText": "Friendly",
          "characterOffsetBegin": 778,
          "characterOffsetEnd": 786,
          "before": "",
          "after": " "
        },
        {
          "index": 2,
          "word": "ground",
          "originalText": "ground",
          "characterOffsetBegin": 787,
          "characterOffsetEnd": 793,
          "before": " ",
          "after": " "
        },
        {
          "index": 3,
          "word": "staff",
          "originalText": "staff",
          "characterOffsetBegin": 794,
          "characterOffsetEnd": 799,
          "before": " ",
          "after": " "
        },
        {
          "index": 4,
          "word": "at",
          "originalText": "at",
          "characterOffsetBegin": 800,
          "characterOffsetEnd": 802,
          "before": " ",
          "after": " "
        },
        {
          "index": 5,
          "word": "BTR",
          "originalText": "BTR",
          "characterOffsetBegin": 803,
          "characterOffsetEnd": 806,
          "before": " ",
          "after": " "
        },
        {
          "index": 6,
          "word": "today",
          "originalText": "today",
          "characterOffsetBegin": 807,
          "characterOffsetEnd": 812,
          "before": " ",
          "after": " "
        },
        {
          "index": 7,
          "word": "American",
          "originalText": "American",
          "characterOffsetBegin": 813,
          "characterOffsetEnd": 821,
          "before": " ",
          "after": ""
        },
        {
          "index": 8,
          "word": "!",
          "originalText": "!",
          "characterOffsetBegin": 821,
          "characterOffsetEnd": 822,
          "before": "",
          "after": ""
        }
      ]
    },
    {
      "index": 14,
      "tokens": [
        {
          "index": 1,
          "word": "That",
          "originalText": "That",
          "characterOffsetBegin": 824,
          "characterOffsetEnd": 828,
          "before": "",
          "after": " "
        },
        {
          "index": 2,
          "word": "always",
          "originalText": "always",
          "characterOffsetBegin": 829,
          "characterOffsetEnd": 835,
          "before": " ",
          "after": " "
        },
        {
          "index": 3,
          "word": "helps",
          "originalText": "helps",
          "characterOffsetBegin": 836,
          "characterOffsetEnd": 841,
          "before": " ",
          "after": ""
        },
        {
          "index": 4,
          "word": "!",
          "originalText": "!",
          "characterOffsetBegin": 841,
          "characterOffsetEnd": 842,
          "before": "",
          "after": ""
        }
      ]
    },
    {
      "index": 15,
      "tokens": [
        {
          "index": 1,
          "word": "Woot",
          "originalText": "Woot",
          "characterOffsetBegin": 844,
          "characterOffsetEnd": 848,
          "before": "",
          "after": ""
        },
        {
          "index": 2,
          "word": "!",
          "originalText": "!",
          "characterOffsetBegin": 848,
          "characterOffsetEnd": 849,
          "before": "",
          "after": ""
        }
      ]
    },
    {
      "index": 16,
      "tokens": [
        {
          "index": 1,
          "word": "Agent",
          "originalText": "Agent",
          "characterOffsetBegin": 851,
          "characterOffsetEnd": 856,
          "before": "",
          "after": ""
        },
        {
          "index": 2,
          "word": ":",
          "originalText": ":",
          "characterOffsetBegin": 856,
          "characterOffsetEnd": 857,
          "before": "",
          "after": " "
        },
        {
          "index": 3,
          "word": "@",
          "originalText": "@",
          "characterOffsetBegin": 858,
          "characterOffsetEnd": 859,
          "before": " ",
          "after": ""
        },
        {
          "index": 4,
          "word": "508944",
          "originalText": "508944",
          "characterOffsetBegin": 859,
          "characterOffsetEnd": 865,
          "before": "",
          "after": " "
        },
        {
          "index": 5,
          "word": "We",
          "originalText": "We",
          "characterOffsetBegin": 866,
          "characterOffsetEnd": 868,
          "before": " ",
          "after": ""
        },
        {
          "index": 6,
          "word": "'ll",
          "originalText": "'ll",
          "characterOffsetBegin": 868,
          "characterOffsetEnd": 871,
          "before": "",
          "after": " "
        },
        {
          "index": 7,
          "word": "have",
          "originalText": "have",
          "characterOffsetBegin": 872,
          "characterOffsetEnd": 876,
          "before": " ",
          "after": " "
        },
        {
          "index": 8,
          "word": "you",
          "originalText": "you",
          "characterOffsetBegin": 877,
          "characterOffsetEnd": 880,
          "before": " ",
          "after": " "
        },
        {
          "index": 9,
          "word": "in",
          "originalText": "in",
          "characterOffsetBegin": 881,
          "characterOffsetEnd": 883,
          "before": " ",
          "after": " "
        },
        {
          "index": 10,
          "word": "DFW",
          "originalText": "DFW",
          "characterOffsetBegin": 884,
          "characterOffsetEnd": 887,
          "before": " ",
          "after": " "
        },
        {
          "index": 11,
          "word": "before",
          "originalText": "before",
          "characterOffsetBegin": 888,
          "characterOffsetEnd": 894,
          "before": " ",
          "after": " "
        },
        {
          "index": 12,
          "word": "you",
          "originalText": "you",
          "characterOffsetBegin": 895,
          "characterOffsetEnd": 898,
          "before": " ",
          "after": " "
        },
        {
          "index": 13,
          "word": "know",
          "originalText": "know",
          "characterOffsetBegin": 899,
          "characterOffsetEnd": 903,
          "before": " ",
          "after": " "
        },
        {
          "index": 14,
          "word": "it",
          "originalText": "it",
          "characterOffsetBegin": 904,
          "characterOffsetEnd": 906,
          "before": " ",
          "after": ""
        },
        {
          "index": 15,
          "word": "!",
          "originalText": "!",
          "characterOffsetBegin": 906,
          "characterOffsetEnd": 907,
          "before": "",
          "after": ""
        }
      ]
    },
    {
      "index": 17,
      "tokens": [
        {
          "index": 1,
          "word": "Please",
          "originalText": "Please",
          "characterOffsetBegin": 909,
          "characterOffsetEnd": 915,
          "before": "",
          "after": " "
        },
        {
          "index": 2,
          "word": "check",
          "originalText": "check",
          "characterOffsetBegin": 916,
          "characterOffsetEnd": 921,
          "before": " ",
          "after": " "
        },
        {
          "index": 3,
          "word": "with",
          "originalText": "with",
          "characterOffsetBegin": 922,
          "characterOffsetEnd": 926,
          "before": " ",
          "after": " "
        },
        {
          "index": 4,
          "word": "our",
          "originalText": "our",
          "characterOffsetBegin": 927,
          "characterOffsetEnd": 930,
          "before": " ",
          "after": " "
        },
        {
          "index": 5,
          "word": "airport",
          "originalText": "airport",
          "characterOffsetBegin": 931,
          "characterOffsetEnd": 938,
          "before": " ",
          "after": " "
        },
        {
          "index": 6,
          "word": "team",
          "originalText": "team",
          "characterOffsetBegin": 939,
          "characterOffsetEnd": 943,
          "before": " ",
          "after": " "
        },
        {
          "index": 7,
          "word": "when",
          "originalText": "when",
          "characterOffsetBegin": 944,
          "characterOffsetEnd": 948,
          "before": " ",
          "after": " "
        },
        {
          "index": 8,
          "word": "you",
          "originalText": "you",
          "characterOffsetBegin": 949,
          "characterOffsetEnd": 952,
          "before": " ",
          "after": " "
        },
        {
          "index": 9,
          "word": "arrive",
          "originalText": "arrive",
          "characterOffsetBegin": 953,
          "characterOffsetEnd": 959,
          "before": " ",
          "after": " "
        },
        {
          "index": 10,
          "word": "for",
          "originalText": "for",
          "characterOffsetBegin": 960,
          "characterOffsetEnd": 963,
          "before": " ",
          "after": " "
        },
        {
          "index": 11,
          "word": "standby",
          "originalText": "standby",
          "characterOffsetBegin": 964,
          "characterOffsetEnd": 971,
          "before": " ",
          "after": " "
        },
        {
          "index": 12,
          "word": "on",
          "originalText": "on",
          "characterOffsetBegin": 972,
          "characterOffsetEnd": 974,
          "before": " ",
          "after": " "
        },
        {
          "index": 13,
          "word": "an",
          "originalText": "an",
          "characterOffsetBegin": 975,
          "characterOffsetEnd": 977,
          "before": " ",
          "after": " "
        },
        {
          "index": 14,
          "word": "earlier",
          "originalText": "earlier",
          "characterOffsetBegin": 978,
          "characterOffsetEnd": 985,
          "before": " ",
          "after": " "
        },
        {
          "index": 15,
          "word": "flight",
          "originalText": "flight",
          "characterOffsetBegin": 986,
          "characterOffsetEnd": 992,
          "before": " ",
          "after": " "
        },
        {
          "index": 16,
          "word": "to",
          "originalText": "to",
          "characterOffsetBegin": 993,
          "characterOffsetEnd": 995,
          "before": " ",
          "after": " "
        },
        {
          "index": 17,
          "word": "PHX",
          "originalText": "PHX",
          "characterOffsetBegin": 996,
          "characterOffsetEnd": 999,
          "before": " ",
          "after": ""
        },
        {
          "index": 18,
          "word": ".",
          "originalText": ".",
          "characterOffsetBegin": 999,
          "characterOffsetEnd": 1000,
          "before": "",
          "after": ""
        }
      ]
    },
    {
      "index": 18,
      "tokens": [
        {
          "index": 1,
          "word": "Customer",
          "originalText": "Customer",
          "characterOffsetBegin": 1002,
          "characterOffsetEnd": 1010,
          "before": "",
          "after": ""
        },
        {
          "index": 2,
          "word": ":",
          "originalText": ":",
          "characterOffsetBegin": 1010,
          "characterOffsetEnd": 1011,
          "before": "",
          "after": " "
        },
        {
          "index": 3,
          "word": "@AmericanAir",
          "originalText": "@AmericanAir",
          "characterOffsetBegin": 1012,
          "characterOffsetEnd": 1024,
          "before": " ",
          "after": " "
        },
        {
          "index": 4,
          "word": "I",
          "originalText": "I",
          "characterOffsetBegin": 1025,
          "characterOffsetEnd": 1026,
          "before": " ",
          "after": " "
        },
        {
          "index": 5,
          "word": "opted",
          "originalText": "opted",
          "characterOffsetBegin": 1027,
          "characterOffsetEnd": 1032,
          "before": " ",
          "after": " "
        },
        {
          "index": 6,
          "word": "for",
          "originalText": "for",
          "characterOffsetBegin": 1033,
          "characterOffsetEnd": 1036,
          "before": " ",
          "after": " "
        },
        {
          "index": 7,
          "word": "lunch",
          "originalText": "lunch",
          "characterOffsetBegin": 1037,
          "characterOffsetEnd": 1042,
          "before": " ",
          "after": " "
        },
        {
          "index": 8,
          "word": "in",
          "originalText": "in",
          "characterOffsetBegin": 1043,
          "characterOffsetEnd": 1045,
          "before": " ",
          "after": " "
        },
        {
          "index": 9,
          "word": "the",
          "originalText": "the",
          "characterOffsetBegin": 1046,
          "characterOffsetEnd": 1049,
          "before": " ",
          "after": " "
        },
        {
          "index": 10,
          "word": "lounge",
          "originalText": "lounge",
          "characterOffsetBegin": 1050,
          "characterOffsetEnd": 1056,
          "before": " ",
          "after": " "
        },
        {
          "index": 11,
          "word": "rather",
          "originalText": "rather",
          "characterOffsetBegin": 1057,
          "characterOffsetEnd": 1063,
          "before": " ",
          "after": " "
        },
        {
          "index": 12,
          "word": "than",
          "originalText": "than",
          "characterOffsetBegin": 1064,
          "characterOffsetEnd": 1068,
          "before": " ",
          "after": " "
        },
        {
          "index": 13,
          "word": "running",
          "originalText": "running",
          "characterOffsetBegin": 1069,
          "characterOffsetEnd": 1076,
          "before": " ",
          "after": " "
        },
        {
          "index": 14,
          "word": "to",
          "originalText": "to",
          "characterOffsetBegin": 1077,
          "characterOffsetEnd": 1079,
          "before": " ",
          "after": " "
        },
        {
          "index": 15,
          "word": "the",
          "originalText": "the",
          "characterOffsetBegin": 1080,
          "characterOffsetEnd": 1083,
          "before": " ",
          "after": " "
        },
        {
          "index": 16,
          "word": "flight",
          "originalText": "flight",
          "characterOffsetBegin": 1084,
          "characterOffsetEnd": 1090,
          "before": " ",
          "after": " "
        },
        {
          "index": 17,
          "word": "that",
          "originalText": "that",
          "characterOffsetBegin": 1091,
          "characterOffsetEnd": 1095,
          "before": " ",
          "after": " "
        },
        {
          "index": 18,
          "word": "was",
          "originalText": "was",
          "characterOffsetBegin": 1096,
          "characterOffsetEnd": 1099,
          "before": " ",
          "after": " "
        },
        {
          "index": 19,
          "word": "leaving",
          "originalText": "leaving",
          "characterOffsetBegin": 1100,
          "characterOffsetEnd": 1107,
          "before": " ",
          "after": ""
        },
        {
          "index": 20,
          "word": ".",
          "originalText": ".",
          "characterOffsetBegin": 1107,
          "characterOffsetEnd": 1108,
          "before": "",
          "after": ""
        }
      ]
    },
    {
      "index": 19,
      "tokens": [
        {
          "index": 1,
          "word": "Travel",
          "originalText": "Travel",
          "characterOffsetBegin": 1110,
          "characterOffsetEnd": 1116,
          "before": "",
          "after": " "
        },
        {
          "index": 2,
          "word": "is",
          "originalText": "is",
          "characterOffsetBegin": 1117,
          "characterOffsetEnd": 1119,
          "before": " ",
          "after": " "
        },
        {
          "index": 3,
          "word": "an",
          "originalText": "an",
          "characterOffsetBegin": 1120,
          "characterOffsetEnd": 1122,
          "before": " ",
          "after": " "
        },
        {
          "index": 4,
          "word": "adventure",
          "originalText": "adventure",
          "characterOffsetBegin": 1123,
          "characterOffsetEnd": 1132,
          "before": " ",
          "after": ""
        },
        {
          "index": 5,
          "word": "!",
          "originalText": "!",
          "characterOffsetBegin": 1132,
          "characterOffsetEnd": 1133,
          "before": "",
          "after": ""
        }
      ]
    },
    {
      "index": 20,
      "tokens": [
        {
          "index": 1,
          "word": "The",
          "originalText": "The",
          "characterOffsetBegin": 1135,
          "characterOffsetEnd": 1138,
          "before": "",
          "after": " "
        },
        {
          "index": 2,
          "word": "hummus",
          "originalText": "hummus",
          "characterOffsetBegin": 1139,
          "characterOffsetEnd": 1145,
          "before": " ",
          "after": " "
        },
        {
          "index": 3,
          "word": "in",
          "originalText": "in",
          "characterOffsetBegin": 1146,
          "characterOffsetEnd": 1148,
          "before": " ",
          "after": " "
        },
        {
          "index": 4,
          "word": "the",
          "originalText": "the",
          "characterOffsetBegin": 1149,
          "characterOffsetEnd": 1152,
          "before": " ",
          "after": " "
        },
        {
          "index": 5,
          "word": "lounge",
          "originalText": "lounge",
          "characterOffsetBegin": 1153,
          "characterOffsetEnd": 1159,
          "before": " ",
          "after": " "
        },
        {
          "index": 6,
          "word": "was",
          "originalText": "was",
          "characterOffsetBegin": 1160,
          "characterOffsetEnd": 1163,
          "before": " ",
          "after": " "
        },
        {
          "index": 7,
          "word": "calling",
          "originalText": "calling",
          "characterOffsetBegin": 1164,
          "characterOffsetEnd": 1171,
          "before": " ",
          "after": ""
        },
        {
          "index": 8,
          "word": "!",
          "originalText": "!",
          "characterOffsetBegin": 1171,
          "characterOffsetEnd": 1172,
          "before": "",
          "after": ""
        }
      ]
    },
    {
      "index": 21,
      "tokens": [
        {
          "index": 1,
          "word": "Hopefully",
          "originalText": "Hopefully",
          "characterOffsetBegin": 1174,
          "characterOffsetEnd": 1183,
          "before": "",
          "after": " "
        },
        {
          "index": 2,
          "word": "PHX",
          "originalText": "PHX",
          "characterOffsetBegin": 1184,
          "characterOffsetEnd": 1187,
          "before": " ",
          "after": " "
        },
        {
          "index": 3,
          "word": "bound",
          "originalText": "bound",
          "characterOffsetBegin": 1188,
          "characterOffsetEnd": 1193,
          "before": " ",
          "after": " "
        },
        {
          "index": 4,
          "word": "in",
          "originalText": "in",
          "characterOffsetBegin": 1194,
          "characterOffsetEnd": 1196,
          "before": " ",
          "after": " "
        },
        {
          "index": 5,
          "word": "an",
          "originalText": "an",
          "characterOffsetBegin": 1197,
          "characterOffsetEnd": 1199,
          "before": " ",
          "after": " "
        },
        {
          "index": 6,
          "word": "hour",
          "originalText": "hour",
          "characterOffsetBegin": 1200,
          "characterOffsetEnd": 1204,
          "before": " ",
          "after": ""
        },
        {
          "index": 7,
          "word": "!",
          "originalText": "!",
          "characterOffsetBegin": 1204,
          "characterOffsetEnd": 1205,
          "before": "",
          "after": ""
        }
      ]
    },
    {
      "index": 22,
      "tokens": [
        {
          "index": 1,
          "word": "Agent",
          "originalText": "Agent",
          "characterOffsetBegin": 1207,
          "characterOffsetEnd": 1212,
          "before": "",
          "after": ""
        },
        {
          "index": 2,
          "word": ":",
          "originalText": ":",
          "characterOffsetBegin": 1212,
          "characterOffsetEnd": 1213,
          "before": "",
          "after": " "
        },
        {
          "index": 3,
          "word": "@",
          "originalText": "@",
          "characterOffsetBegin": 1214,
          "characterOffsetEnd": 1215,
          "before": " ",
          "after": ""
        },
        {
          "index": 4,
          "word": "508944",
          "originalText": "508944",
          "characterOffsetBegin": 1215,
          "characterOffsetEnd": 1221,
          "before": "",
          "after": " "
        },
        {
          "index": 5,
          "word": "We",
          "originalText": "We",
          "characterOffsetBegin": 1222,
          "characterOffsetEnd": 1224,
          "before": " ",
          "after": " "
        },
        {
          "index": 6,
          "word": "understand",
          "originalText": "understand",
          "characterOffsetBegin": 1225,
          "characterOffsetEnd": 1235,
          "before": " ",
          "after": " "
        },
        {
          "index": 7,
          "word": "and",
          "originalText": "and",
          "characterOffsetBegin": 1236,
          "characterOffsetEnd": 1239,
          "before": " ",
          "after": " "
        },
        {
          "index": 8,
          "word": "have",
          "originalText": "have",
          "characterOffsetBegin": 1240,
          "characterOffsetEnd": 1244,
          "before": " ",
          "after": " "
        },
        {
          "index": 9,
          "word": "our",
          "originalText": "our",
          "characterOffsetBegin": 1245,
          "characterOffsetEnd": 1248,
          "before": " ",
          "after": " "
        },
        {
          "index": 10,
          "word": "#wingscrossed",
          "originalText": "#wingscrossed",
          "characterOffsetBegin": 1249,
          "characterOffsetEnd": 1262,
          "before": " ",
          "after": " "
        },
        {
          "index": 11,
          "word": "for",
          "originalText": "for",
          "characterOffsetBegin": 1263,
          "characterOffsetEnd": 1266,
          "before": " ",
          "after": " "
        },
        {
          "index": 12,
          "word": "you",
          "originalText": "you",
          "characterOffsetBegin": 1267,
          "characterOffsetEnd": 1270,
          "before": " ",
          "after": ""
        },
        {
          "index": 13,
          "word": "!",
          "originalText": "!",
          "characterOffsetBegin": 1270,
          "characterOffsetEnd": 1271,
          "before": "",
          "after": ""
        }
      ]
    },
    {
      "index": 23,
      "tokens": [
        {
          "index": 1,
          "word": "@highlight",
          "originalText": "@highlight",
          "characterOffsetBegin": 1273,
          "characterOffsetEnd": 1283,
          "before": "",
          "after": ""
        }
      ]
    },
    {
      "index": 24,
      "tokens": [
        {
          "index": 1,
          "word": "Customer",
          "originalText": "Customer",
          "characterOffsetBegin": 1285,
          "characterOffsetEnd": 1293,
          "before": "",
          "after": ""
        },
        {
          "index": 2,
          "word": ":",
          "originalText": ":",
          "characterOffsetBegin": 1293,
          "characterOffsetEnd": 1294,
          "before": "",
          "after": " "
        },
        {
          "index": 3,
          "word": "After",
          "originalText": "After",
          "characterOffsetBegin": 1295,
          "characterOffsetEnd": 1300,
          "before": " ",
          "after": " "
        },
        {
          "index": 4,
          "word": "a",
          "originalText": "a",
          "characterOffsetBegin": 1301,
          "characterOffsetEnd": 1302,
          "before": " ",
          "after": " "
        },
        {
          "index": 5,
          "word": "weekend",
          "originalText": "weekend",
          "characterOffsetBegin": 1303,
          "characterOffsetEnd": 1310,
          "before": " ",
          "after": " "
        },
        {
          "index": 6,
          "word": "on",
          "originalText": "on",
          "characterOffsetBegin": 1311,
          "characterOffsetEnd": 1313,
          "before": " ",
          "after": " "
        },
        {
          "index": 7,
          "word": "the",
          "originalText": "the",
          "characterOffsetBegin": 1314,
          "characterOffsetEnd": 1317,
          "before": " ",
          "after": " "
        },
        {
          "index": 8,
          "word": "Gulf",
          "originalText": "Gulf",
          "characterOffsetBegin": 1318,
          "characterOffsetEnd": 1322,
          "before": " ",
          "after": " "
        },
        {
          "index": 9,
          "word": "Coast",
          "originalText": "Coast",
          "characterOffsetBegin": 1323,
          "characterOffsetEnd": 1328,
          "before": " ",
          "after": " "
        },
        {
          "index": 10,
          "word": "where",
          "originalText": "where",
          "characterOffsetBegin": 1329,
          "characterOffsetEnd": 1334,
          "before": " ",
          "after": " "
        },
        {
          "index": 11,
          "word": "I",
          "originalText": "I",
          "characterOffsetBegin": 1335,
          "characterOffsetEnd": 1336,
          "before": " ",
          "after": " "
        },
        {
          "index": 12,
          "word": "was",
          "originalText": "was",
          "characterOffsetBegin": 1337,
          "characterOffsetEnd": 1340,
          "before": " ",
          "after": " "
        },
        {
          "index": 13,
          "word": "careful",
          "originalText": "careful",
          "characterOffsetBegin": 1341,
          "characterOffsetEnd": 1348,
          "before": " ",
          "after": " "
        },
        {
          "index": 14,
          "word": "to",
          "originalText": "to",
          "characterOffsetBegin": 1349,
          "characterOffsetEnd": 1351,
          "before": " ",
          "after": " "
        },
        {
          "index": 15,
          "word": "#leaveonlyfootprints",
          "originalText": "#leaveonlyfootprints",
          "characterOffsetBegin": 1352,
          "characterOffsetEnd": 1372,
          "before": " ",
          "after": " "
        },
        {
          "index": 16,
          "word": "I",
          "originalText": "I",
          "characterOffsetBegin": 1373,
          "characterOffsetEnd": 1374,
          "before": " ",
          "after": ""
        },
        {
          "index": 17,
          "word": "'m",
          "originalText": "’m",
          "characterOffsetBegin": 1374,
          "characterOffsetEnd": 1376,
          "before": "",
          "after": " "
        },
        {
          "index": 18,
          "word": "ready",
          "originalText": "ready",
          "characterOffsetBegin": 1377,
          "characterOffsetEnd": 1382,
          "before": " ",
          "after": " "
        },
        {
          "index": 19,
          "word": "to",
          "originalText": "to",
          "characterOffsetBegin": 1383,
          "characterOffsetEnd": 1385,
          "before": " ",
          "after": " "
        },
        {
          "index": 20,
          "word": "board",
          "originalText": "board",
          "characterOffsetBegin": 1386,
          "characterOffsetEnd": 1391,
          "before": " ",
          "after": " "
        },
        {
          "index": 21,
          "word": "my",
          "originalText": "my",
          "characterOffsetBegin": 1392,
          "characterOffsetEnd": 1394,
          "before": " ",
          "after": " "
        },
        {
          "index": 22,
          "word": "@AmericanAir",
          "originalText": "@AmericanAir",
          "characterOffsetBegin": 1395,
          "characterOffsetEnd": 1407,
          "before": " ",
          "after": " "
        },
        {
          "index": 23,
          "word": "flight",
          "originalText": "flight",
          "characterOffsetBegin": 1408,
          "characterOffsetEnd": 1414,
          "before": " ",
          "after": " "
        },
        {
          "index": 24,
          "word": "in",
          "originalText": "in",
          "characterOffsetBegin": 1415,
          "characterOffsetEnd": 1417,
          "before": " ",
          "after": " "
        },
        {
          "index": 25,
          "word": "BTR",
          "originalText": "BTR",
          "characterOffsetBegin": 1418,
          "characterOffsetEnd": 1421,
          "before": " ",
          "after": " "
        },
        {
          "index": 26,
          "word": "headed",
          "originalText": "headed",
          "characterOffsetBegin": 1422,
          "characterOffsetEnd": 1428,
          "before": " ",
          "after": " "
        },
        {
          "index": 27,
          "word": "for",
          "originalText": "for",
          "characterOffsetBegin": 1429,
          "characterOffsetEnd": 1432,
          "before": " ",
          "after": " "
        },
        {
          "index": 28,
          "word": "DFW",
          "originalText": "DFW",
          "characterOffsetBegin": 1433,
          "characterOffsetEnd": 1436,
          "before": " ",
          "after": " "
        },
        {
          "index": 29,
          "word": "and",
          "originalText": "and",
          "characterOffsetBegin": 1437,
          "characterOffsetEnd": 1440,
          "before": " ",
          "after": " "
        },
        {
          "index": 30,
          "word": "on",
          "originalText": "on",
          "characterOffsetBegin": 1441,
          "characterOffsetEnd": 1443,
          "before": " ",
          "after": " "
        },
        {
          "index": 31,
          "word": "to",
          "originalText": "to",
          "characterOffsetBegin": 1444,
          "characterOffsetEnd": 1446,
          "before": " ",
          "after": " "
        },
        {
          "index": 32,
          "word": "PHX",
          "originalText": "PHX",
          "characterOffsetBegin": 1447,
          "characterOffsetEnd": 1450,
          "before": " ",
          "after": ""
        },
        {
          "index": 33,
          "word": ".",
          "originalText": ".",
          "characterOffsetBegin": 1450,
          "characterOffsetEnd": 1451,
          "before": "",
          "after": ""
        }
      ]
    },
    {
      "index": 25,
      "tokens": [
        {
          "index": 1,
          "word": "@highlight",
          "originalText": "@highlight",
          "characterOffsetBegin": 1453,
          "characterOffsetEnd": 1463,
          "before": "",
          "after": ""
        }
      ]
    },
    {
      "index": 26,
      "tokens": [
        {
          "index": 1,
          "word": "@AmericanAir",
          "originalText": "@AmericanAir",
          "characterOffsetBegin": 1465,
          "characterOffsetEnd": 1477,
          "before": "",
          "after": " "
        },
        {
          "index": 2,
          "word": "Well",
          "originalText": "Well",
          "characterOffsetBegin": 1478,
          "characterOffsetEnd": 1482,
          "before": " ",
          "after": " "
        },
        {
          "index": 3,
          "word": "except",
          "originalText": "except",
          "characterOffsetBegin": 1483,
          "characterOffsetEnd": 1489,
          "before": " ",
          "after": " "
        },
        {
          "index": 4,
          "word": "for",
          "originalText": "for",
          "characterOffsetBegin": 1490,
          "characterOffsetEnd": 1493,
          "before": " ",
          "after": " "
        },
        {
          "index": 5,
          "word": "the",
          "originalText": "the",
          "characterOffsetBegin": 1494,
          "characterOffsetEnd": 1497,
          "before": " ",
          "after": " "
        },
        {
          "index": 6,
          "word": "mechanical",
          "originalText": "mechanical",
          "characterOffsetBegin": 1498,
          "characterOffsetEnd": 1508,
          "before": " ",
          "after": " "
        },
        {
          "index": 7,
          "word": "delay",
          "originalText": "delay",
          "characterOffsetBegin": 1509,
          "characterOffsetEnd": 1514,
          "before": " ",
          "after": " "
        },
        {
          "index": 8,
          "word": "that",
          "originalText": "that",
          "characterOffsetBegin": 1515,
          "characterOffsetEnd": 1519,
          "before": " ",
          "after": " "
        },
        {
          "index": 9,
          "word": "leaves",
          "originalText": "leaves",
          "characterOffsetBegin": 1520,
          "characterOffsetEnd": 1526,
          "before": " ",
          "after": " "
        },
        {
          "index": 10,
          "word": "me",
          "originalText": "me",
          "characterOffsetBegin": 1527,
          "characterOffsetEnd": 1529,
          "before": " ",
          "after": " "
        },
        {
          "index": 11,
          "word": "here",
          "originalText": "here",
          "characterOffsetBegin": 1530,
          "characterOffsetEnd": 1534,
          "before": " ",
          "after": " "
        },
        {
          "index": 12,
          "word": "in",
          "originalText": "in",
          "characterOffsetBegin": 1535,
          "characterOffsetEnd": 1537,
          "before": " ",
          "after": " "
        },
        {
          "index": 13,
          "word": "the",
          "originalText": "the",
          "characterOffsetBegin": 1538,
          "characterOffsetEnd": 1541,
          "before": " ",
          "after": " "
        },
        {
          "index": 14,
          "word": "airport",
          "originalText": "airport",
          "characterOffsetBegin": 1542,
          "characterOffsetEnd": 1549,
          "before": " ",
          "after": " "
        },
        {
          "index": 15,
          "word": "now",
          "originalText": "now",
          "characterOffsetBegin": 1550,
          "characterOffsetEnd": 1553,
          "before": " ",
          "after": " "
        },
        {
          "index": 16,
          "word": "until",
          "originalText": "until",
          "characterOffsetBegin": 1554,
          "characterOffsetEnd": 1559,
          "before": " ",
          "after": " "
        },
        {
          "index": 17,
          "word": "noon",
          "originalText": "noon",
          "characterOffsetBegin": 1560,
          "characterOffsetEnd": 1564,
          "before": " ",
          "after": " "
        },
        {
          "index": 18,
          "word": "and",
          "originalText": "and",
          "characterOffsetBegin": 1565,
          "characterOffsetEnd": 1568,
          "before": " ",
          "after": " "
        },
        {
          "index": 19,
          "word": "missing",
          "originalText": "missing",
          "characterOffsetBegin": 1569,
          "characterOffsetEnd": 1576,
          "before": " ",
          "after": " "
        },
        {
          "index": 20,
          "word": "my",
          "originalText": "my",
          "characterOffsetBegin": 1577,
          "characterOffsetEnd": 1579,
          "before": " ",
          "after": " "
        },
        {
          "index": 21,
          "word": "PHX",
          "originalText": "PHX",
          "characterOffsetBegin": 1580,
          "characterOffsetEnd": 1583,
          "before": " ",
          "after": " "
        },
        {
          "index": 22,
          "word": "flight",
          "originalText": "flight",
          "characterOffsetBegin": 1584,
          "characterOffsetEnd": 1590,
          "before": " ",
          "after": ""
        },
        {
          "index": 23,
          "word": ".",
          "originalText": ".",
          "characterOffsetBegin": 1590,
          "characterOffsetEnd": 1591,
          "before": "",
          "after": ""
        }
      ]
    },
    {
      "index": 27,
      "tokens": [
        {
          "index": 1,
          "word": "@highlight",
          "originalText": "@highlight",
          "characterOffsetBegin": 1593,
          "characterOffsetEnd": 1603,
          "before": "",
          "after": ""
        }
      ]
    },
    {
      "index": 28,
      "tokens": [
        {
          "index": 1,
          "word": "Agent",
          "originalText": "Agent",
          "characterOffsetBegin": 1605,
          "characterOffsetEnd": 1610,
          "before": "",
          "after": ""
        },
        {
          "index": 2,
          "word": ":",
          "originalText": ":",
          "characterOffsetBegin": 1610,
          "characterOffsetEnd": 1611,
          "before": "",
          "after": " "
        },
        {
          "index": 3,
          "word": "We",
          "originalText": "We",
          "characterOffsetBegin": 1612,
          "characterOffsetEnd": 1614,
          "before": " ",
          "after": ""
        },
        {
          "index": 4,
          "word": "'ll",
          "originalText": "'ll",
          "characterOffsetBegin": 1614,
          "characterOffsetEnd": 1617,
          "before": "",
          "after": " "
        },
        {
          "index": 5,
          "word": "get",
          "originalText": "get",
          "characterOffsetBegin": 1618,
          "characterOffsetEnd": 1621,
          "before": " ",
          "after": " "
        },
        {
          "index": 6,
          "word": "you",
          "originalText": "you",
          "characterOffsetBegin": 1622,
          "characterOffsetEnd": 1625,
          "before": " ",
          "after": " "
        },
        {
          "index": 7,
          "word": "going",
          "originalText": "going",
          "characterOffsetBegin": 1626,
          "characterOffsetEnd": 1631,
          "before": " ",
          "after": " "
        },
        {
          "index": 8,
          "word": "as",
          "originalText": "as",
          "characterOffsetBegin": 1632,
          "characterOffsetEnd": 1634,
          "before": " ",
          "after": " "
        },
        {
          "index": 9,
          "word": "fast",
          "originalText": "fast",
          "characterOffsetBegin": 1635,
          "characterOffsetEnd": 1639,
          "before": " ",
          "after": " "
        },
        {
          "index": 10,
          "word": "as",
          "originalText": "as",
          "characterOffsetBegin": 1640,
          "characterOffsetEnd": 1642,
          "before": " ",
          "after": " "
        },
        {
          "index": 11,
          "word": "we",
          "originalText": "we",
          "characterOffsetBegin": 1643,
          "characterOffsetEnd": 1645,
          "before": " ",
          "after": " "
        },
        {
          "index": 12,
          "word": "can",
          "originalText": "can",
          "characterOffsetBegin": 1646,
          "characterOffsetEnd": 1649,
          "before": " ",
          "after": ""
        },
        {
          "index": 13,
          "word": ".",
          "originalText": ".",
          "characterOffsetBegin": 1649,
          "characterOffsetEnd": 1650,
          "before": "",
          "after": ""
        }
      ]
    },
    {
      "index": 29,
      "tokens": [
        {
          "index": 1,
          "word": "@highlight",
          "originalText": "@highlight",
          "characterOffsetBegin": 1652,
          "characterOffsetEnd": 1662,
          "before": "",
          "after": ""
        }
      ]
    },
    {
      "index": 30,
      "tokens": [
        {
          "index": 1,
          "word": "Please",
          "originalText": "Please",
          "characterOffsetBegin": 1664,
          "characterOffsetEnd": 1670,
          "before": "",
          "after": " "
        },
        {
          "index": 2,
          "word": "check",
          "originalText": "check",
          "characterOffsetBegin": 1671,
          "characterOffsetEnd": 1676,
          "before": " ",
          "after": " "
        },
        {
          "index": 3,
          "word": "with",
          "originalText": "with",
          "characterOffsetBegin": 1677,
          "characterOffsetEnd": 1681,
          "before": " ",
          "after": " "
        },
        {
          "index": 4,
          "word": "our",
          "originalText": "our",
          "characterOffsetBegin": 1682,
          "characterOffsetEnd": 1685,
          "before": " ",
          "after": " "
        },
        {
          "index": 5,
          "word": "airport",
          "originalText": "airport",
          "characterOffsetBegin": 1686,
          "characterOffsetEnd": 1693,
          "before": " ",
          "after": " "
        },
        {
          "index": 6,
          "word": "team",
          "originalText": "team",
          "characterOffsetBegin": 1694,
          "characterOffsetEnd": 1698,
          "before": " ",
          "after": " "
        },
        {
          "index": 7,
          "word": "when",
          "originalText": "when",
          "characterOffsetBegin": 1699,
          "characterOffsetEnd": 1703,
          "before": " ",
          "after": " "
        },
        {
          "index": 8,
          "word": "you",
          "originalText": "you",
          "characterOffsetBegin": 1704,
          "characterOffsetEnd": 1707,
          "before": " ",
          "after": " "
        },
        {
          "index": 9,
          "word": "arrive",
          "originalText": "arrive",
          "characterOffsetBegin": 1708,
          "characterOffsetEnd": 1714,
          "before": " ",
          "after": " "
        },
        {
          "index": 10,
          "word": "for",
          "originalText": "for",
          "characterOffsetBegin": 1715,
          "characterOffsetEnd": 1718,
          "before": " ",
          "after": " "
        },
        {
          "index": 11,
          "word": "standby",
          "originalText": "standby",
          "characterOffsetBegin": 1719,
          "characterOffsetEnd": 1726,
          "before": " ",
          "after": " "
        },
        {
          "index": 12,
          "word": "on",
          "originalText": "on",
          "characterOffsetBegin": 1727,
          "characterOffsetEnd": 1729,
          "before": " ",
          "after": " "
        },
        {
          "index": 13,
          "word": "an",
          "originalText": "an",
          "characterOffsetBegin": 1730,
          "characterOffsetEnd": 1732,
          "before": " ",
          "after": " "
        },
        {
          "index": 14,
          "word": "earlier",
          "originalText": "earlier",
          "characterOffsetBegin": 1733,
          "characterOffsetEnd": 1740,
          "before": " ",
          "after": " "
        },
        {
          "index": 15,
          "word": "flight",
          "originalText": "flight",
          "characterOffsetBegin": 1741,
          "characterOffsetEnd": 1747,
          "before": " ",
          "after": " "
        },
        {
          "index": 16,
          "word": "to",
          "originalText": "to",
          "characterOffsetBegin": 1748,
          "characterOffsetEnd": 1750,
          "before": " ",
          "after": " "
        },
        {
          "index": 17,
          "word": "PHX",
          "originalText": "PHX",
          "characterOffsetBegin": 1751,
          "characterOffsetEnd": 1754,
          "before": " ",
          "after": ""
        },
        {
          "index": 18,
          "word": ".",
          "originalText": ".",
          "characterOffsetBegin": 1754,
          "characterOffsetEnd": 1755,
          "before": "",
          "after": ""
        }
      ]
    }
  ]
}