{
  "sentences": [
    {
      "index": 0,
      "tokens": [
        {
          "index": 1,
          "word": "Customer",
          "originalText": "Customer",
          "characterOffsetBegin": 0,
          "characterOffsetEnd": 8,
          "before": "",
          "after": ""
        },
        {
          "index": 2,
          "word": ":",
          "originalText": ":",
          "characterOffsetBegin": 8,
          "characterOffsetEnd": 9,
          "before": "",
          "after": " "
        },
        {
          "index": 3,
          "word": "Why",
          "originalText": "Why",
          "characterOffsetBegin": 10,
          "characterOffsetEnd": 13,
          "before": " ",
          "after": " "
        },
        {
          "index": 4,
          "word": "does",
          "originalText": "does",
          "characterOffsetBegin": 14,
          "characterOffsetEnd": 18,
          "before": " ",
          "after": " "
        },
        {
          "index": 5,
          "word": "@marksandspencer",
          "originalText": "@marksandspencer",
          "characterOffsetBegin": 19,
          "characterOffsetEnd": 35,
          "before": " ",
          "after": " "
        },
        {
          "index": 6,
          "word": "at",
          "originalText": "at",
          "characterOffsetBegin": 36,
          "characterOffsetEnd": 38,
          "before": " ",
          "after": " "
        },
        {
          "index": 7,
          "word": "Marylebone",
          "originalText": "Marylebone",
          "characterOffsetBegin": 39,
          "characterOffsetEnd": 49,
          "before": " ",
          "after": " "
        },
        {
          "index": 8,
          "word": "close",
          "originalText": "close",
          "characterOffsetBegin": 50,
          "characterOffsetEnd": 55,
          "before": " ",
          "after": " "
        },
        {
          "index": 9,
          "word": "BEFORE",
          "originalText": "BEFORE",
          "characterOffsetBegin": 56,
          "characterOffsetEnd": 62,
          "before": " ",
          "after": " "
        },
        {
          "index": 10,
          "word": "station",
          "originalText": "station",
          "characterOffsetBegin": 63,
          "characterOffsetEnd": 70,
          "before": " ",
          "after": " "
        },
        {
          "index": 11,
          "word": "closes",
          "originalText": "closes",
          "characterOffsetBegin": 71,
          "characterOffsetEnd": 77,
          "before": " ",
          "after": ""
        },
        {
          "index": 12,
          "word": ".",
          "originalText": ".",
          "characterOffsetBegin": 77,
          "characterOffsetEnd": 78,
          "before": "",
          "after": ""
        }
      ]
    },
    {
      "index": 1,
      "tokens": [
        {
          "index": 1,
          "word": "22",
          "originalText": "22",
          "characterOffsetBegin": 80,
          "characterOffsetEnd": 82,
          "before": "",
          "after": " "
        },
        {
          "index": 2,
          "word": "potential",
          "originalText": "potential",
          "characterOffsetBegin": 83,
          "characterOffsetEnd": 92,
          "before": " ",
          "after": " "
        },
        {
          "index": 3,
          "word": "customers",
          "originalText": "customers",
          "characterOffsetBegin": 93,
          "characterOffsetEnd": 102,
          "before": " ",
          "after": " "
        },
        {
          "index": 4,
          "word": "in",
          "originalText": "in",
          "characterOffsetBegin": 103,
          "characterOffsetEnd": 105,
          "before": " ",
          "after": " "
        },
        {
          "index": 5,
          "word": "8",
          "originalText": "8",
          "characterOffsetBegin": 106,
          "characterOffsetEnd": 107,
          "before": " ",
          "after": " "
        },
        {
          "index": 6,
          "word": "minutes.The",
          "originalText": "minutes.The",
          "characterOffsetBegin": 108,
          "characterOffsetEnd": 119,
          "before": " ",
          "after": " "
        },
        {
          "index": 7,
          "word": "delight",
          "originalText": "delight",
          "characterOffsetBegin": 120,
          "characterOffsetEnd": 127,
          "before": " ",
          "after": " "
        },
        {
          "index": 8,
          "word": "on",
          "originalText": "on",
          "characterOffsetBegin": 128,
          "characterOffsetEnd": 130,
          "before": " ",
          "after": " "
        },
        {
          "index": 9,
          "word": "his",
          "originalText": "his",
          "characterOffsetBegin": 131,
          "characterOffsetEnd": 134,
          "before": " ",
          "after": " "
        },
        {
          "index": 10,
          "word": "face",
          "originalText": "face",
          "characterOffsetBegin": 135,
          "characterOffsetEnd": 139,
          "before": " ",
          "after": " "
        },
        {
          "index": 11,
          "word": "says",
          "originalText": "says",
          "characterOffsetBegin": 140,
          "characterOffsetEnd": 144,
          "before": " ",
          "after": " "
        },
        {
          "index": 12,
          "word": "it",
          "originalText": "it",
          "characterOffsetBegin": 145,
          "characterOffsetEnd": 147,
          "before": " ",
          "after": " "
        },
        {
          "index": 13,
          "word": "all",
          "originalText": "all",
          "characterOffsetBegin": 148,
          "characterOffsetEnd": 151,
          "before": " ",
          "after": " "
        },
        {
          "index": 14,
          "word": "https://t.co/N7BzJROGO6",
          "originalText": "https://t.co/N7BzJROGO6",
          "characterOffsetBegin": 152,
          "characterOffsetEnd": 175,
          "before": " ",
          "after": ""
        }
      ]
    },
    {
      "index": 2,
      "tokens": [
        {
          "index": 1,
          "word": "Agent",
          "originalText": "Agent",
          "characterOffsetBegin": 177,
          "characterOffsetEnd": 182,
          "before": "",
          "after": ""
        },
        {
          "index": 2,
          "word": ":",
          "originalText": ":",
          "characterOffsetBegin": 182,
          "characterOffsetEnd": 183,
          "before": "",
          "after": " "
        },
        {
          "index": 3,
          "word": "@",
          "originalText": "@",
          "characterOffsetBegin": 184,
          "characterOffsetEnd": 185,
          "before": " ",
          "after": ""
        },
        {
          "index": 4,
          "word": "482662",
          "originalText": "482662",
          "characterOffsetBegin": 185,
          "characterOffsetEnd": 191,
          "before": "",
          "after": " "
        },
        {
          "index": 5,
          "word": "Hi",
          "originalText": "Hi",
          "characterOffsetBegin": 192,
          "characterOffsetEnd": 194,
          "before": " ",
          "after": " "
        },
        {
          "index": 6,
          "word": "Rob",
          "originalText": "Rob",
          "characterOffsetBegin": 195,
          "characterOffsetEnd": 198,
          "before": " ",
          "after": ""
        },
        {
          "index": 7,
          "word": ".",
          "originalText": ".",
          "characterOffsetBegin": 198,
          "characterOffsetEnd": 199,
          "before": "",
          "after": ""
        }
      ]
    },
    {
      "index": 3,
      "tokens": [
        {
          "index": 1,
          "word": "We",
          "originalText": "We",
          "characterOffsetBegin": 201,
          "characterOffsetEnd": 203,
          "before": "",
          "after": " "
        },
        {
          "index": 2,
          "word": "need",
          "originalText": "need",
          "characterOffsetBegin": 204,
          "characterOffsetEnd": 208,
          "before": " ",
          "after": " "
        },
        {
          "index": 3,
          "word": "to",
          "originalText": "to",
          "characterOffsetBegin": 209,
          "characterOffsetEnd": 211,
          "before": " ",
          "after": " "
        },
        {
          "index": 4,
          "word": "make",
          "originalText": "make",
          "characterOffsetBegin": 212,
          "characterOffsetEnd": 216,
          "before": " ",
          "after": " "
        },
        {
          "index": 5,
          "word": "sure",
          "originalText": "sure",
          "characterOffsetBegin": 217,
          "characterOffsetEnd": 221,
          "before": " ",
          "after": " "
        },
        {
          "index": 6,
          "word": "we",
          "originalText": "we",
          "characterOffsetBegin": 222,
          "characterOffsetEnd": 224,
          "before": " ",
          "after": " "
        },
        {
          "index": 7,
          "word": "have",
          "originalText": "have",
          "characterOffsetBegin": 225,
          "characterOffsetEnd": 229,
          "before": " ",
          "after": " "
        },
        {
          "index": 8,
          "word": "enough",
          "originalText": "enough",
          "characterOffsetBegin": 230,
          "characterOffsetEnd": 236,
          "before": " ",
          "after": " "
        },
        {
          "index": 9,
          "word": "time",
          "originalText": "time",
          "characterOffsetBegin": 237,
          "characterOffsetEnd": 241,
          "before": " ",
          "after": " "
        },
        {
          "index": 10,
          "word": "to",
          "originalText": "to",
          "characterOffsetBegin": 242,
          "characterOffsetEnd": 244,
          "before": " ",
          "after": " "
        },
        {
          "index": 11,
          "word": "get",
          "originalText": "get",
          "characterOffsetBegin": 245,
          "characterOffsetEnd": 248,
          "before": " ",
          "after": " "
        },
        {
          "index": 12,
          "word": "the",
          "originalText": "the",
          "characterOffsetBegin": 249,
          "characterOffsetEnd": 252,
          "before": " ",
          "after": " "
        },
        {
          "index": 13,
          "word": "store",
          "originalText": "store",
          "characterOffsetBegin": 253,
          "characterOffsetEnd": 258,
          "before": " ",
          "after": " "
        },
        {
          "index": 14,
          "word": "cleaned",
          "originalText": "cleaned",
          "characterOffsetBegin": 259,
          "characterOffsetEnd": 266,
          "before": " ",
          "after": " "
        },
        {
          "index": 15,
          "word": "and",
          "originalText": "and",
          "characterOffsetBegin": 267,
          "characterOffsetEnd": 270,
          "before": " ",
          "after": " "
        },
        {
          "index": 16,
          "word": "sorted",
          "originalText": "sorted",
          "characterOffsetBegin": 271,
          "characterOffsetEnd": 277,
          "before": " ",
          "after": " "
        },
        {
          "index": 17,
          "word": "ready",
          "originalText": "ready",
          "characterOffsetBegin": 278,
          "characterOffsetEnd": 283,
          "before": " ",
          "after": " "
        },
        {
          "index": 18,
          "word": "for",
          "originalText": "for",
          "characterOffsetBegin": 284,
          "characterOffsetEnd": 287,
          "before": " ",
          "after": " "
        },
        {
          "index": 19,
          "word": "the",
          "originalText": "the",
          "characterOffsetBegin": 288,
          "characterOffsetEnd": 291,
          "before": " ",
          "after": " "
        },
        {
          "index": 20,
          "word": "next",
          "originalText": "next",
          "characterOffsetBegin": 292,
          "characterOffsetEnd": 296,
          "before": " ",
          "after": " "
        },
        {
          "index": 21,
          "word": "day",
          "originalText": "day",
          "characterOffsetBegin": 297,
          "characterOffsetEnd": 300,
          "before": " ",
          "after": " "
        },
        {
          "index": 22,
          "word": "before",
          "originalText": "before",
          "characterOffsetBegin": 301,
          "characterOffsetEnd": 307,
          "before": " ",
          "after": " "
        },
        {
          "index": 23,
          "word": "the",
          "originalText": "the",
          "characterOffsetBegin": 308,
          "characterOffsetEnd": 311,
          "before": " ",
          "after": " "
        },
        {
          "index": 24,
          "word": "station",
          "originalText": "station",
          "characterOffsetBegin": 312,
          "characterOffsetEnd": 319,
          "before": " ",
          "after": " "
        },
        {
          "index": 25,
          "word": "closes",
          "originalText": "closes",
          "characterOffsetBegin": 320,
          "characterOffsetEnd": 326,
          "before": " ",
          "after": ""
        },
        {
          "index": 26,
          "word": "!",
          "originalText": "!",
          "characterOffsetBegin": 326,
          "characterOffsetEnd": 327,
          "before": "",
          "after": ""
        }
      ]
    },
    {
      "index": 4,
      "tokens": [
        {
          "index": 1,
          "word": "Customer",
          "originalText": "Customer",
          "characterOffsetBegin": 329,
          "characterOffsetEnd": 337,
          "before": "",
          "after": ""
        },
        {
          "index": 2,
          "word": ":",
          "originalText": ":",
          "characterOffsetBegin": 337,
          "characterOffsetEnd": 338,
          "before": "",
          "after": " "
        },
        {
          "index": 3,
          "word": "@marksandspencer",
          "originalText": "@marksandspencer",
          "characterOffsetBegin": 339,
          "characterOffsetEnd": 355,
          "before": " ",
          "after": " "
        },
        {
          "index": 4,
          "word": "True",
          "originalText": "True",
          "characterOffsetBegin": 356,
          "characterOffsetEnd": 360,
          "before": " ",
          "after": ""
        },
        {
          "index": 5,
          "word": ",",
          "originalText": ",",
          "characterOffsetBegin": 360,
          "characterOffsetEnd": 361,
          "before": "",
          "after": " "
        },
        {
          "index": 6,
          "word": "but",
          "originalText": "but",
          "characterOffsetBegin": 362,
          "characterOffsetEnd": 365,
          "before": " ",
          "after": " "
        },
        {
          "index": 7,
          "word": "not",
          "originalText": "not",
          "characterOffsetBegin": 366,
          "characterOffsetEnd": 369,
          "before": " ",
          "after": " "
        },
        {
          "index": 8,
          "word": "related",
          "originalText": "related",
          "characterOffsetBegin": 370,
          "characterOffsetEnd": 377,
          "before": " ",
          "after": " "
        },
        {
          "index": 9,
          "word": "to",
          "originalText": "to",
          "characterOffsetBegin": 378,
          "characterOffsetEnd": 380,
          "before": " ",
          "after": " "
        },
        {
          "index": 10,
          "word": "when",
          "originalText": "when",
          "characterOffsetBegin": 381,
          "characterOffsetEnd": 385,
          "before": " ",
          "after": " "
        },
        {
          "index": 11,
          "word": "staff",
          "originalText": "staff",
          "characterOffsetBegin": 386,
          "characterOffsetEnd": 391,
          "before": " ",
          "after": " "
        },
        {
          "index": 12,
          "word": "start",
          "originalText": "start",
          "characterOffsetBegin": 392,
          "characterOffsetEnd": 397,
          "before": " ",
          "after": " "
        },
        {
          "index": 13,
          "word": "turning",
          "originalText": "turning",
          "characterOffsetBegin": 398,
          "characterOffsetEnd": 405,
          "before": " ",
          "after": " "
        },
        {
          "index": 14,
          "word": "customers",
          "originalText": "customers",
          "characterOffsetBegin": 406,
          "characterOffsetEnd": 415,
          "before": " ",
          "after": " "
        },
        {
          "index": 15,
          "word": "away",
          "originalText": "away",
          "characterOffsetBegin": 416,
          "characterOffsetEnd": 420,
          "before": " ",
          "after": " "
        },
        {
          "index": 16,
          "word": "while",
          "originalText": "while",
          "characterOffsetBegin": 421,
          "characterOffsetEnd": 426,
          "before": " ",
          "after": " "
        },
        {
          "index": 17,
          "word": "others",
          "originalText": "others",
          "characterOffsetBegin": 427,
          "characterOffsetEnd": 433,
          "before": " ",
          "after": " "
        },
        {
          "index": 18,
          "word": "shop",
          "originalText": "shop",
          "characterOffsetBegin": 434,
          "characterOffsetEnd": 438,
          "before": " ",
          "after": ""
        },
        {
          "index": 19,
          "word": ".",
          "originalText": ".",
          "characterOffsetBegin": 438,
          "characterOffsetEnd": 439,
          "before": "",
          "after": ""
        }
      ]
    },
    {
      "index": 5,
      "tokens": [
        {
          "index": 1,
          "word": "What",
          "originalText": "What",
          "characterOffsetBegin": 441,
          "characterOffsetEnd": 445,
          "before": "",
          "after": " "
        },
        {
          "index": 2,
          "word": "are",
          "originalText": "are",
          "characterOffsetBegin": 446,
          "characterOffsetEnd": 449,
          "before": " ",
          "after": " "
        },
        {
          "index": 3,
          "word": "official",
          "originalText": "official",
          "characterOffsetBegin": 450,
          "characterOffsetEnd": 458,
          "before": " ",
          "after": " "
        },
        {
          "index": 4,
          "word": "opening",
          "originalText": "opening",
          "characterOffsetBegin": 459,
          "characterOffsetEnd": 466,
          "before": " ",
          "after": " "
        },
        {
          "index": 5,
          "word": "times",
          "originalText": "times",
          "characterOffsetBegin": 467,
          "characterOffsetEnd": 472,
          "before": " ",
          "after": " "
        },
        {
          "index": 6,
          "word": "of",
          "originalText": "of",
          "characterOffsetBegin": 473,
          "characterOffsetEnd": 475,
          "before": " ",
          "after": " "
        },
        {
          "index": 7,
          "word": "that",
          "originalText": "that",
          "characterOffsetBegin": 476,
          "characterOffsetEnd": 480,
          "before": " ",
          "after": " "
        },
        {
          "index": 8,
          "word": "store",
          "originalText": "store",
          "characterOffsetBegin": 481,
          "characterOffsetEnd": 486,
          "before": " ",
          "after": " "
        },
        {
          "index": 9,
          "word": "please",
          "originalText": "please",
          "characterOffsetBegin": 487,
          "characterOffsetEnd": 493,
          "before": " ",
          "after": ""
        },
        {
          "index": 10,
          "word": "?",
          "originalText": "?",
          "characterOffsetBegin": 493,
          "characterOffsetEnd": 494,
          "before": "",
          "after": ""
        }
      ]
    },
    {
      "index": 6,
      "tokens": [
        {
          "index": 1,
          "word": "Agent",
          "originalText": "Agent",
          "characterOffsetBegin": 496,
          "characterOffsetEnd": 501,
          "before": "",
          "after": ""
        },
        {
          "index": 2,
          "word": ":",
          "originalText": ":",
          "characterOffsetBegin": 501,
          "characterOffsetEnd": 502,
          "before": "",
          "after": " "
        },
        {
          "index": 3,
          "word": "@",
          "originalText": "@",
          "characterOffsetBegin": 503,
          "characterOffsetEnd": 504,
          "before": " ",
          "after": ""
        },
        {
          "index": 4,
          "word": "482662",
          "originalText": "482662",
          "characterOffsetBegin": 504,
          "characterOffsetEnd": 510,
          "before": "",
          "after": " "
        },
        {
          "index": 5,
          "word": "The",
          "originalText": "The",
          "characterOffsetBegin": 511,
          "characterOffsetEnd": 514,
          "before": " ",
          "after": " "
        },
        {
          "index": 6,
          "word": "store",
          "originalText": "store",
          "characterOffsetBegin": 515,
          "characterOffsetEnd": 520,
          "before": " ",
          "after": " "
        },
        {
          "index": 7,
          "word": "shuts",
          "originalText": "shuts",
          "characterOffsetBegin": 521,
          "characterOffsetEnd": 526,
          "before": " ",
          "after": " "
        },
        {
          "index": 8,
          "word": "at",
          "originalText": "at",
          "characterOffsetBegin": 527,
          "characterOffsetEnd": 529,
          "before": " ",
          "after": " "
        },
        {
          "index": 9,
          "word": "11pm",
          "originalText": "11pm",
          "characterOffsetBegin": 530,
          "characterOffsetEnd": 534,
          "before": " ",
          "after": ""
        },
        {
          "index": 10,
          "word": ".",
          "originalText": ".",
          "characterOffsetBegin": 534,
          "characterOffsetEnd": 535,
          "before": "",
          "after": ""
        }
      ]
    },
    {
      "index": 7,
      "tokens": [
        {
          "index": 1,
          "word": "Customer",
          "originalText": "Customer",
          "characterOffsetBegin": 537,
          "characterOffsetEnd": 545,
          "before": "",
          "after": ""
        },
        {
          "index": 2,
          "word": ":",
          "originalText": ":",
          "characterOffsetBegin": 545,
          "characterOffsetEnd": 546,
          "before": "",
          "after": " "
        },
        {
          "index": 3,
          "word": "@marksandspencer",
          "originalText": "@marksandspencer",
          "characterOffsetBegin": 547,
          "characterOffsetEnd": 563,
          "before": " ",
          "after": " "
        },
        {
          "index": 4,
          "word": "and",
          "originalText": "and",
          "characterOffsetBegin": 564,
          "characterOffsetEnd": 567,
          "before": " ",
          "after": " "
        },
        {
          "index": 5,
          "word": "opens",
          "originalText": "opens",
          "characterOffsetBegin": 568,
          "characterOffsetEnd": 573,
          "before": " ",
          "after": " "
        },
        {
          "index": 6,
          "word": "at",
          "originalText": "at",
          "characterOffsetBegin": 574,
          "characterOffsetEnd": 576,
          "before": " ",
          "after": ""
        },
        {
          "index": 7,
          "word": "?",
          "originalText": "?",
          "characterOffsetBegin": 576,
          "characterOffsetEnd": 577,
          "before": "",
          "after": ""
        }
      ]
    },
    {
      "index": 8,
      "tokens": [
        {
          "index": 1,
          "word": "Agent",
          "originalText": "Agent",
          "characterOffsetBegin": 579,
          "characterOffsetEnd": 584,
          "before": "",
          "after": ""
        },
        {
          "index": 2,
          "word": ":",
          "originalText": ":",
          "characterOffsetBegin": 584,
          "characterOffsetEnd": 585,
          "before": "",
          "after": " "
        },
        {
          "index": 3,
          "word": "@",
          "originalText": "@",
          "characterOffsetBegin": 586,
          "characterOffsetEnd": 587,
          "before": " ",
          "after": ""
        },
        {
          "index": 4,
          "word": "482662",
          "originalText": "482662",
          "characterOffsetBegin": 587,
          "characterOffsetEnd": 593,
          "before": "",
          "after": " "
        },
        {
          "index": 5,
          "word": "7am",
          "originalText": "7am",
          "characterOffsetBegin": 594,
          "characterOffsetEnd": 597,
          "before": " ",
          "after": " "
        },
        {
          "index": 6,
          "word": "Mon",
          "originalText": "Mon",
          "characterOffsetBegin": 598,
          "characterOffsetEnd": 601,
          "before": " ",
          "after": " "
        },
        {
          "index": 7,
          "word": "-",
          "originalText": "-",
          "characterOffsetBegin": 602,
          "characterOffsetEnd": 603,
          "before": " ",
          "after": " "
        },
        {
          "index": 8,
          "word": "Fri",
          "originalText": "Fri",
          "characterOffsetBegin": 604,
          "characterOffsetEnd": 607,
          "before": " ",
          "after": " "
        },
        {
          "index": 9,
          "word": "and",
          "originalText": "and",
          "characterOffsetBegin": 608,
          "characterOffsetEnd": 611,
          "before": " ",
          "after": " "
        },
        {
          "index": 10,
          "word": "8am",
          "originalText": "8am",
          "characterOffsetBegin": 612,
          "characterOffsetEnd": 615,
          "before": " ",
          "after": " "
        },
        {
          "index": 11,
          "word": "on",
          "originalText": "on",
          "characterOffsetBegin": 616,
          "characterOffsetEnd": 618,
          "before": " ",
          "after": " "
        },
        {
          "index": 12,
          "word": "Sat",
          "originalText": "Sat",
          "characterOffsetBegin": 619,
          "characterOffsetEnd": 622,
          "before": " ",
          "after": " "
        },
        {
          "index": 13,
          "word": "and",
          "originalText": "and",
          "characterOffsetBegin": 623,
          "characterOffsetEnd": 626,
          "before": " ",
          "after": " "
        },
        {
          "index": 14,
          "word": "Sun",
          "originalText": "Sun",
          "characterOffsetBegin": 627,
          "characterOffsetEnd": 630,
          "before": " ",
          "after": ""
        },
        {
          "index": 15,
          "word": ".",
          "originalText": ".",
          "characterOffsetBegin": 630,
          "characterOffsetEnd": 631,
          "before": "",
          "after": ""
        }
      ]
    },
    {
      "index": 9,
      "tokens": [
        {
          "index": 1,
          "word": "Customer",
          "originalText": "Customer",
          "characterOffsetBegin": 633,
          "characterOffsetEnd": 641,
          "before": "",
          "after": ""
        },
        {
          "index": 2,
          "word": ":",
          "originalText": ":",
          "characterOffsetBegin": 641,
          "characterOffsetEnd": 642,
          "before": "",
          "after": " "
        },
        {
          "index": 3,
          "word": "@marksandspencer",
          "originalText": "@marksandspencer",
          "characterOffsetBegin": 643,
          "characterOffsetEnd": 659,
          "before": " ",
          "after": " "
        },
        {
          "index": 4,
          "word": "This",
          "originalText": "This",
          "characterOffsetBegin": 660,
          "characterOffsetEnd": 664,
          "before": " ",
          "after": " "
        },
        {
          "index": 5,
          "word": "needs",
          "originalText": "needs",
          "characterOffsetBegin": 665,
          "characterOffsetEnd": 670,
          "before": " ",
          "after": " "
        },
        {
          "index": 6,
          "word": "to",
          "originalText": "to",
          "characterOffsetBegin": 671,
          "characterOffsetEnd": 673,
          "before": " ",
          "after": " "
        },
        {
          "index": 7,
          "word": "be",
          "originalText": "be",
          "characterOffsetBegin": 674,
          "characterOffsetEnd": 676,
          "before": " ",
          "after": " "
        },
        {
          "index": 8,
          "word": "reviewed",
          "originalText": "reviewed",
          "characterOffsetBegin": 677,
          "characterOffsetEnd": 685,
          "before": " ",
          "after": ""
        },
        {
          "index": 9,
          "word": ",",
          "originalText": ",",
          "characterOffsetBegin": 685,
          "characterOffsetEnd": 686,
          "before": "",
          "after": " "
        },
        {
          "index": 10,
          "word": "staff",
          "originalText": "staff",
          "characterOffsetBegin": 687,
          "characterOffsetEnd": 692,
          "before": " ",
          "after": " "
        },
        {
          "index": 11,
          "word": "are",
          "originalText": "are",
          "characterOffsetBegin": 693,
          "characterOffsetEnd": 696,
          "before": " ",
          "after": " "
        },
        {
          "index": 12,
          "word": "trying",
          "originalText": "trying",
          "characterOffsetBegin": 697,
          "characterOffsetEnd": 703,
          "before": " ",
          "after": " "
        },
        {
          "index": 13,
          "word": "to",
          "originalText": "to",
          "characterOffsetBegin": 704,
          "characterOffsetEnd": 706,
          "before": " ",
          "after": " "
        },
        {
          "index": 14,
          "word": "be",
          "originalText": "be",
          "characterOffsetBegin": 707,
          "characterOffsetEnd": 709,
          "before": " ",
          "after": " "
        },
        {
          "index": 15,
          "word": "helpful",
          "originalText": "helpful",
          "characterOffsetBegin": 710,
          "characterOffsetEnd": 717,
          "before": " ",
          "after": " "
        },
        {
          "index": 16,
          "word": "and",
          "originalText": "and",
          "characterOffsetBegin": 718,
          "characterOffsetEnd": 721,
          "before": " ",
          "after": " "
        },
        {
          "index": 17,
          "word": "open",
          "originalText": "open",
          "characterOffsetBegin": 722,
          "characterOffsetEnd": 726,
          "before": " ",
          "after": " "
        },
        {
          "index": 18,
          "word": "the",
          "originalText": "the",
          "characterOffsetBegin": 727,
          "characterOffsetEnd": 730,
          "before": " ",
          "after": " "
        },
        {
          "index": 19,
          "word": "doors",
          "originalText": "doors",
          "characterOffsetBegin": 731,
          "characterOffsetEnd": 736,
          "before": " ",
          "after": " "
        },
        {
          "index": 20,
          "word": "later",
          "originalText": "later",
          "characterOffsetBegin": 737,
          "characterOffsetEnd": 742,
          "before": " ",
          "after": " "
        },
        {
          "index": 21,
          "word": "but",
          "originalText": "but",
          "characterOffsetBegin": 743,
          "characterOffsetEnd": 746,
          "before": " ",
          "after": " "
        },
        {
          "index": 22,
          "word": "leave",
          "originalText": "leave",
          "characterOffsetBegin": 747,
          "characterOffsetEnd": 752,
          "before": " ",
          "after": " "
        },
        {
          "index": 23,
          "word": "customers",
          "originalText": "customers",
          "characterOffsetBegin": 753,
          "characterOffsetEnd": 762,
          "before": " ",
          "after": " "
        },
        {
          "index": 24,
          "word": "with",
          "originalText": "with",
          "characterOffsetBegin": 763,
          "characterOffsetEnd": 767,
          "before": " ",
          "after": " "
        },
        {
          "index": 25,
          "word": "an",
          "originalText": "an",
          "characterOffsetBegin": 768,
          "characterOffsetEnd": 770,
          "before": " ",
          "after": " "
        },
        {
          "index": 26,
          "word": "inconsistent",
          "originalText": "inconsistent",
          "characterOffsetBegin": 771,
          "characterOffsetEnd": 783,
          "before": " ",
          "after": " "
        },
        {
          "index": 27,
          "word": "experience",
          "originalText": "experience",
          "characterOffsetBegin": 784,
          "characterOffsetEnd": 794,
          "before": " ",
          "after": ""
        }
      ]
    },
    {
      "index": 10,
      "tokens": [
        {
          "index": 1,
          "word": "Customer",
          "originalText": "Customer",
          "characterOffsetBegin": 796,
          "characterOffsetEnd": 804,
          "before": "",
          "after": ""
        },
        {
          "index": 2,
          "word": ":",
          "originalText": ":",
          "characterOffsetBegin": 804,
          "characterOffsetEnd": 805,
          "before": "",
          "after": " "
        },
        {
          "index": 3,
          "word": "@marksandspencer",
          "originalText": "@marksandspencer",
          "characterOffsetBegin": 806,
          "characterOffsetEnd": 822,
          "before": " ",
          "after": " "
        },
        {
          "index": 4,
          "word": "Which",
          "originalText": "Which",
          "characterOffsetBegin": 823,
          "characterOffsetEnd": 828,
          "before": " ",
          "after": " "
        },
        {
          "index": 5,
          "word": "destroys",
          "originalText": "destroys",
          "characterOffsetBegin": 829,
          "characterOffsetEnd": 837,
          "before": " ",
          "after": " "
        },
        {
          "index": 6,
          "word": "overall",
          "originalText": "overall",
          "characterOffsetBegin": 838,
          "characterOffsetEnd": 845,
          "before": " ",
          "after": " "
        },
        {
          "index": 7,
          "word": "customer",
          "originalText": "customer",
          "characterOffsetBegin": 846,
          "characterOffsetEnd": 854,
          "before": " ",
          "after": " "
        },
        {
          "index": 8,
          "word": "satisfaction",
          "originalText": "satisfaction",
          "characterOffsetBegin": 855,
          "characterOffsetEnd": 867,
          "before": " ",
          "after": ""
        },
        {
          "index": 9,
          "word": ".",
          "originalText": ".",
          "characterOffsetBegin": 867,
          "characterOffsetEnd": 868,
          "before": "",
          "after": ""
        }
      ]
    },
    {
      "index": 11,
      "tokens": [
        {
          "index": 1,
          "word": "Far",
          "originalText": "Far",
          "characterOffsetBegin": 870,
          "characterOffsetEnd": 873,
          "before": "",
          "after": " "
        },
        {
          "index": 2,
          "word": "better",
          "originalText": "better",
          "characterOffsetBegin": 874,
          "characterOffsetEnd": 880,
          "before": " ",
          "after": " "
        },
        {
          "index": 3,
          "word": "to",
          "originalText": "to",
          "characterOffsetBegin": 881,
          "characterOffsetEnd": 883,
          "before": " ",
          "after": " "
        },
        {
          "index": 4,
          "word": "stay",
          "originalText": "stay",
          "characterOffsetBegin": 884,
          "characterOffsetEnd": 888,
          "before": " ",
          "after": " "
        },
        {
          "index": 5,
          "word": "open",
          "originalText": "open",
          "characterOffsetBegin": 889,
          "characterOffsetEnd": 893,
          "before": " ",
          "after": " "
        },
        {
          "index": 6,
          "word": "later",
          "originalText": "later",
          "characterOffsetBegin": 894,
          "characterOffsetEnd": 899,
          "before": " ",
          "after": " "
        },
        {
          "index": 7,
          "word": "and",
          "originalText": "and",
          "characterOffsetBegin": 900,
          "characterOffsetEnd": 903,
          "before": " ",
          "after": " "
        },
        {
          "index": 8,
          "word": "be",
          "originalText": "be",
          "characterOffsetBegin": 904,
          "characterOffsetEnd": 906,
          "before": " ",
          "after": " "
        },
        {
          "index": 9,
          "word": "consistent",
          "originalText": "consistent",
          "characterOffsetBegin": 907,
          "characterOffsetEnd": 917,
          "before": " ",
          "after": " "
        },
        {
          "index": 10,
          "word": "so",
          "originalText": "so",
          "characterOffsetBegin": 918,
          "characterOffsetEnd": 920,
          "before": " ",
          "after": " "
        },
        {
          "index": 11,
          "word": "we",
          "originalText": "we",
          "characterOffsetBegin": 921,
          "characterOffsetEnd": 923,
          "before": " ",
          "after": " "
        },
        {
          "index": 12,
          "word": "can",
          "originalText": "can",
          "characterOffsetBegin": 924,
          "characterOffsetEnd": 927,
          "before": " ",
          "after": " "
        },
        {
          "index": 13,
          "word": "rely",
          "originalText": "rely",
          "characterOffsetBegin": 928,
          "characterOffsetEnd": 932,
          "before": " ",
          "after": " "
        },
        {
          "index": 14,
          "word": "on",
          "originalText": "on",
          "characterOffsetBegin": 933,
          "characterOffsetEnd": 935,
          "before": " ",
          "after": " "
        },
        {
          "index": 15,
          "word": "@marksandspencer",
          "originalText": "@marksandspencer",
          "characterOffsetBegin": 936,
          "characterOffsetEnd": 952,
          "before": " ",
          "after": ""
        }
      ]
    },
    {
      "index": 12,
      "tokens": [
        {
          "index": 1,
          "word": "Agent",
          "originalText": "Agent",
          "characterOffsetBegin": 954,
          "characterOffsetEnd": 959,
          "before": "",
          "after": ""
        },
        {
          "index": 2,
          "word": ":",
          "originalText": ":",
          "characterOffsetBegin": 959,
          "characterOffsetEnd": 960,
          "before": "",
          "after": " "
        },
        {
          "index": 3,
          "word": "@",
          "originalText": "@",
          "characterOffsetBegin": 961,
          "characterOffsetEnd": 962,
          "before": " ",
          "after": ""
        },
        {
          "index": 4,
          "word": "482662",
          "originalText": "482662",
          "characterOffsetBegin": 962,
          "characterOffsetEnd": 968,
          "before": "",
          "after": " "
        },
        {
          "index": 5,
          "word": "We",
          "originalText": "We",
          "characterOffsetBegin": 969,
          "characterOffsetEnd": 971,
          "before": " ",
          "after": ""
        },
        {
          "index": 6,
          "word": "'ll",
          "originalText": "'ll",
          "characterOffsetBegin": 971,
          "characterOffsetEnd": 974,
          "before": "",
          "after": " "
        },
        {
          "index": 7,
          "word": "get",
          "originalText": "get",
          "characterOffsetBegin": 975,
          "characterOffsetEnd": 978,
          "before": " ",
          "after": " "
        },
        {
          "index": 8,
          "word": "your",
          "originalText": "your",
          "characterOffsetBegin": 979,
          "characterOffsetEnd": 983,
          "before": " ",
          "after": " "
        },
        {
          "index": 9,
          "word": "comments",
          "originalText": "comments",
          "characterOffsetBegin": 984,
          "characterOffsetEnd": 992,
          "before": " ",
          "after": " "
        },
        {
          "index": 10,
          "word": "passed",
          "originalText": "passed",
          "characterOffsetBegin": 993,
          "characterOffsetEnd": 999,
          "before": " ",
          "after": " "
        },
        {
          "index": 11,
          "word": "over",
          "originalText": "over",
          "characterOffsetBegin": 1000,
          "characterOffsetEnd": 1004,
          "before": " ",
          "after": " "
        },
        {
          "index": 12,
          "word": "to",
          "originalText": "to",
          "characterOffsetBegin": 1005,
          "characterOffsetEnd": 1007,
          "before": " ",
          "after": " "
        },
        {
          "index": 13,
          "word": "the",
          "originalText": "the",
          "characterOffsetBegin": 1008,
          "characterOffsetEnd": 1011,
          "before": " ",
          "after": " "
        },
        {
          "index": 14,
          "word": "store",
          "originalText": "store",
          "characterOffsetBegin": 1012,
          "characterOffsetEnd": 1017,
          "before": " ",
          "after": " "
        },
        {
          "index": 15,
          "word": "management",
          "originalText": "management",
          "characterOffsetBegin": 1018,
          "characterOffsetEnd": 1028,
          "before": " ",
          "after": " "
        },
        {
          "index": 16,
          "word": "team",
          "originalText": "team",
          "characterOffsetBegin": 1029,
          "characterOffsetEnd": 1033,
          "before": " ",
          "after": " "
        },
        {
          "index": 17,
          "word": "Rob",
          "originalText": "Rob",
          "characterOffsetBegin": 1034,
          "characterOffsetEnd": 1037,
          "before": " ",
          "after": ""
        },
        {
          "index": 18,
          "word": ".",
          "originalText": ".",
          "characterOffsetBegin": 1037,
          "characterOffsetEnd": 1038,
          "before": "",
          "after": ""
        }
      ]
    },
    {
      "index": 13,
      "tokens": [
        {
          "index": 1,
          "word": "Customer",
          "originalText": "Customer",
          "characterOffsetBegin": 1040,
          "characterOffsetEnd": 1048,
          "before": "",
          "after": ""
        },
        {
          "index": 2,
          "word": ":",
          "originalText": ":",
          "characterOffsetBegin": 1048,
          "characterOffsetEnd": 1049,
          "before": "",
          "after": " "
        },
        {
          "index": 3,
          "word": "@marksandspencer",
          "originalText": "@marksandspencer",
          "characterOffsetBegin": 1050,
          "characterOffsetEnd": 1066,
          "before": " ",
          "after": " "
        },
        {
          "index": 4,
          "word": "Eight",
          "originalText": "Eight",
          "characterOffsetBegin": 1067,
          "characterOffsetEnd": 1072,
          "before": " ",
          "after": " "
        },
        {
          "index": 5,
          "word": "hours",
          "originalText": "hours",
          "characterOffsetBegin": 1073,
          "characterOffsetEnd": 1078,
          "before": " ",
          "after": " "
        },
        {
          "index": 6,
          "word": "is",
          "originalText": "is",
          "characterOffsetBegin": 1079,
          "characterOffsetEnd": 1081,
          "before": " ",
          "after": " "
        },
        {
          "index": 7,
          "word": "much",
          "originalText": "much",
          "characterOffsetBegin": 1082,
          "characterOffsetEnd": 1086,
          "before": " ",
          "after": " "
        },
        {
          "index": 8,
          "word": "more",
          "originalText": "more",
          "characterOffsetBegin": 1087,
          "characterOffsetEnd": 1091,
          "before": " ",
          "after": " "
        },
        {
          "index": 9,
          "word": "time",
          "originalText": "time",
          "characterOffsetBegin": 1092,
          "characterOffsetEnd": 1096,
          "before": " ",
          "after": " "
        },
        {
          "index": 10,
          "word": "than",
          "originalText": "than",
          "characterOffsetBegin": 1097,
          "characterOffsetEnd": 1101,
          "before": " ",
          "after": " "
        },
        {
          "index": 11,
          "word": "needed",
          "originalText": "needed",
          "characterOffsetBegin": 1102,
          "characterOffsetEnd": 1108,
          "before": " ",
          "after": " "
        },
        {
          "index": 12,
          "word": "to",
          "originalText": "to",
          "characterOffsetBegin": 1109,
          "characterOffsetEnd": 1111,
          "before": " ",
          "after": " "
        },
        {
          "index": 13,
          "word": "clean",
          "originalText": "clean",
          "characterOffsetBegin": 1112,
          "characterOffsetEnd": 1117,
          "before": " ",
          "after": " "
        },
        {
          "index": 14,
          "word": "and",
          "originalText": "and",
          "characterOffsetBegin": 1118,
          "characterOffsetEnd": 1121,
          "before": " ",
          "after": " "
        },
        {
          "index": 15,
          "word": "sort",
          "originalText": "sort",
          "characterOffsetBegin": 1122,
          "characterOffsetEnd": 1126,
          "before": " ",
          "after": " "
        },
        {
          "index": 16,
          "word": "a",
          "originalText": "a",
          "characterOffsetBegin": 1127,
          "characterOffsetEnd": 1128,
          "before": " ",
          "after": " "
        },
        {
          "index": 17,
          "word": "store",
          "originalText": "store",
          "characterOffsetBegin": 1129,
          "characterOffsetEnd": 1134,
          "before": " ",
          "after": " "
        },
        {
          "index": 18,
          "word": "that",
          "originalText": "that",
          "characterOffsetBegin": 1135,
          "characterOffsetEnd": 1139,
          "before": " ",
          "after": " "
        },
        {
          "index": 19,
          "word": "size",
          "originalText": "size",
          "characterOffsetBegin": 1140,
          "characterOffsetEnd": 1144,
          "before": " ",
          "after": ""
        },
        {
          "index": 20,
          "word": ",",
          "originalText": ",",
          "characterOffsetBegin": 1144,
          "characterOffsetEnd": 1145,
          "before": "",
          "after": " "
        },
        {
          "index": 21,
          "word": "so",
          "originalText": "so",
          "characterOffsetBegin": 1146,
          "characterOffsetEnd": 1148,
          "before": " ",
          "after": " "
        },
        {
          "index": 22,
          "word": "there",
          "originalText": "there",
          "characterOffsetBegin": 1149,
          "characterOffsetEnd": 1154,
          "before": " ",
          "after": " "
        },
        {
          "index": 23,
          "word": "is",
          "originalText": "is",
          "characterOffsetBegin": 1155,
          "characterOffsetEnd": 1157,
          "before": " ",
          "after": " "
        },
        {
          "index": 24,
          "word": "room",
          "originalText": "room",
          "characterOffsetBegin": 1158,
          "characterOffsetEnd": 1162,
          "before": " ",
          "after": " "
        },
        {
          "index": 25,
          "word": "to",
          "originalText": "to",
          "characterOffsetBegin": 1163,
          "characterOffsetEnd": 1165,
          "before": " ",
          "after": " "
        },
        {
          "index": 26,
          "word": "improve",
          "originalText": "improve",
          "characterOffsetBegin": 1166,
          "characterOffsetEnd": 1173,
          "before": " ",
          "after": ""
        },
        {
          "index": 27,
          "word": ".",
          "originalText": ".",
          "characterOffsetBegin": 1173,
          "characterOffsetEnd": 1174,
          "before": "",
          "after": ""
        }
      ]
    },
    {
      "index": 14,
      "tokens": [
        {
          "index": 1,
          "word": "Customer",
          "originalText": "Customer",
          "characterOffsetBegin": 1176,
          "characterOffsetEnd": 1184,
          "before": "",
          "after": ""
        },
        {
          "index": 2,
          "word": ":",
          "originalText": ":",
          "characterOffsetBegin": 1184,
          "characterOffsetEnd": 1185,
          "before": "",
          "after": " "
        },
        {
          "index": 3,
          "word": "@marksandspencer",
          "originalText": "@marksandspencer",
          "characterOffsetBegin": 1186,
          "characterOffsetEnd": 1202,
          "before": " ",
          "after": " "
        },
        {
          "index": 4,
          "word": "Thanks",
          "originalText": "Thanks",
          "characterOffsetBegin": 1203,
          "characterOffsetEnd": 1209,
          "before": " ",
          "after": ""
        },
        {
          "index": 5,
          "word": ".",
          "originalText": ".",
          "characterOffsetBegin": 1209,
          "characterOffsetEnd": 1210,
          "before": "",
          "after": ""
        }
      ]
    },
    {
      "index": 15,
      "tokens": [
        {
          "index": 1,
          "word": "When",
          "originalText": "When",
          "characterOffsetBegin": 1212,
          "characterOffsetEnd": 1216,
          "before": "",
          "after": " "
        },
        {
          "index": 2,
          "word": "you",
          "originalText": "you",
          "characterOffsetBegin": 1217,
          "characterOffsetEnd": 1220,
          "before": " ",
          "after": " "
        },
        {
          "index": 3,
          "word": "do",
          "originalText": "do",
          "characterOffsetBegin": 1221,
          "characterOffsetEnd": 1223,
          "before": " ",
          "after": " "
        },
        {
          "index": 4,
          "word": "the",
          "originalText": "the",
          "characterOffsetBegin": 1224,
          "characterOffsetEnd": 1227,
          "before": " ",
          "after": " "
        },
        {
          "index": 5,
          "word": "store",
          "originalText": "store",
          "characterOffsetBegin": 1228,
          "characterOffsetEnd": 1233,
          "before": " ",
          "after": " "
        },
        {
          "index": 6,
          "word": "review",
          "originalText": "review",
          "characterOffsetBegin": 1234,
          "characterOffsetEnd": 1240,
          "before": " ",
          "after": " "
        },
        {
          "index": 7,
          "word": "please",
          "originalText": "please",
          "characterOffsetBegin": 1241,
          "characterOffsetEnd": 1247,
          "before": " ",
          "after": " "
        },
        {
          "index": 8,
          "word": "also",
          "originalText": "also",
          "characterOffsetBegin": 1248,
          "characterOffsetEnd": 1252,
          "before": " ",
          "after": " "
        },
        {
          "index": 9,
          "word": "be",
          "originalText": "be",
          "characterOffsetBegin": 1253,
          "characterOffsetEnd": 1255,
          "before": " ",
          "after": " "
        },
        {
          "index": 10,
          "word": "aware",
          "originalText": "aware",
          "characterOffsetBegin": 1256,
          "characterOffsetEnd": 1261,
          "before": " ",
          "after": " "
        },
        {
          "index": 11,
          "word": "that",
          "originalText": "that",
          "characterOffsetBegin": 1262,
          "characterOffsetEnd": 1266,
          "before": " ",
          "after": " "
        },
        {
          "index": 12,
          "word": "the",
          "originalText": "the",
          "characterOffsetBegin": 1267,
          "characterOffsetEnd": 1270,
          "before": " ",
          "after": " "
        },
        {
          "index": 13,
          "word": "train",
          "originalText": "train",
          "characterOffsetBegin": 1271,
          "characterOffsetEnd": 1276,
          "before": " ",
          "after": " "
        },
        {
          "index": 14,
          "word": "timetable",
          "originalText": "timetable",
          "characterOffsetBegin": 1277,
          "characterOffsetEnd": 1286,
          "before": " ",
          "after": " "
        },
        {
          "index": 15,
          "word": "out",
          "originalText": "out",
          "characterOffsetBegin": 1287,
          "characterOffsetEnd": 1290,
          "before": " ",
          "after": " "
        },
        {
          "index": 16,
          "word": "of",
          "originalText": "of",
          "characterOffsetBegin": 1291,
          "characterOffsetEnd": 1293,
          "before": " ",
          "after": " "
        },
        {
          "index": 17,
          "word": "Marylebone",
          "originalText": "Marylebone",
          "characterOffsetBegin": 1294,
          "characterOffsetEnd": 1304,
          "before": " ",
          "after": " "
        },
        {
          "index": 18,
          "word": "runs",
          "originalText": "runs",
          "characterOffsetBegin": 1305,
          "characterOffsetEnd": 1309,
          "before": " ",
          "after": " "
        },
        {
          "index": 19,
          "word": "later",
          "originalText": "later",
          "characterOffsetBegin": 1310,
          "characterOffsetEnd": 1315,
          "before": " ",
          "after": " "
        },
        {
          "index": 20,
          "word": "on",
          "originalText": "on",
          "characterOffsetBegin": 1316,
          "characterOffsetEnd": 1318,
          "before": " ",
          "after": " "
        },
        {
          "index": 21,
          "word": "Fri",
          "originalText": "Fri",
          "characterOffsetBegin": 1319,
          "characterOffsetEnd": 1322,
          "before": " ",
          "after": " "
        },
        {
          "index": 22,
          "word": "&",
          "originalText": "&amp;",
          "characterOffsetBegin": 1323,
          "characterOffsetEnd": 1328,
          "before": " ",
          "after": " "
        },
        {
          "index": 23,
          "word": "Sat",
          "originalText": "Sat",
          "characterOffsetBegin": 1329,
          "characterOffsetEnd": 1332,
          "before": " ",
          "after": " "
        },
        {
          "index": 24,
          "word": "evenings",
          "originalText": "evenings",
          "characterOffsetBegin": 1333,
          "characterOffsetEnd": 1341,
          "before": " ",
          "after": ""
        },
        {
          "index": 25,
          "word": ".",
          "originalText": ".",
          "characterOffsetBegin": 1341,
          "characterOffsetEnd": 1342,
          "before": "",
          "after": ""
        }
      ]
    },
    {
      "index": 16,
      "tokens": [
        {
          "index": 1,
          "word": "@highlight",
          "originalText": "@highlight",
          "characterOffsetBegin": 1344,
          "characterOffsetEnd": 1354,
          "before": "",
          "after": ""
        }
      ]
    },
    {
      "index": 17,
      "tokens": [
        {
          "index": 1,
          "word": "Customer",
          "originalText": "Customer",
          "characterOffsetBegin": 1356,
          "characterOffsetEnd": 1364,
          "before": "",
          "after": ""
        },
        {
          "index": 2,
          "word": ":",
          "originalText": ":",
          "characterOffsetBegin": 1364,
          "characterOffsetEnd": 1365,
          "before": "",
          "after": " "
        },
        {
          "index": 3,
          "word": "Why",
          "originalText": "Why",
          "characterOffsetBegin": 1366,
          "characterOffsetEnd": 1369,
          "before": " ",
          "after": " "
        },
        {
          "index": 4,
          "word": "does",
          "originalText": "does",
          "characterOffsetBegin": 1370,
          "characterOffsetEnd": 1374,
          "before": " ",
          "after": " "
        },
        {
          "index": 5,
          "word": "@marksandspencer",
          "originalText": "@marksandspencer",
          "characterOffsetBegin": 1375,
          "characterOffsetEnd": 1391,
          "before": " ",
          "after": " "
        },
        {
          "index": 6,
          "word": "at",
          "originalText": "at",
          "characterOffsetBegin": 1392,
          "characterOffsetEnd": 1394,
          "before": " ",
          "after": " "
        },
        {
          "index": 7,
          "word": "Marylebone",
          "originalText": "Marylebone",
          "characterOffsetBegin": 1395,
          "characterOffsetEnd": 1405,
          "before": " ",
          "after": " "
        },
        {
          "index": 8,
          "word": "close",
          "originalText": "close",
          "characterOffsetBegin": 1406,
          "characterOffsetEnd": 1411,
          "before": " ",
          "after": " "
        },
        {
          "index": 9,
          "word": "BEFORE",
          "originalText": "BEFORE",
          "characterOffsetBegin": 1412,
          "characterOffsetEnd": 1418,
          "before": " ",
          "after": " "
        },
        {
          "index": 10,
          "word": "station",
          "originalText": "station",
          "characterOffsetBegin": 1419,
          "characterOffsetEnd": 1426,
          "before": " ",
          "after": " "
        },
        {
          "index": 11,
          "word": "closes",
          "originalText": "closes",
          "characterOffsetBegin": 1427,
          "characterOffsetEnd": 1433,
          "before": " ",
          "after": ""
        },
        {
          "index": 12,
          "word": ".",
          "originalText": ".",
          "characterOffsetBegin": 1433,
          "characterOffsetEnd": 1434,
          "before": "",
          "after": ""
        }
      ]
    },
    {
      "index": 18,
      "tokens": [
        {
          "index": 1,
          "word": "@highlight",
          "originalText": "@highlight",
          "characterOffsetBegin": 1436,
          "characterOffsetEnd": 1446,
          "before": "",
          "after": ""
        }
      ]
    },
    {
      "index": 19,
      "tokens": [
        {
          "index": 1,
          "word": "What",
          "originalText": "What",
          "characterOffsetBegin": 1448,
          "characterOffsetEnd": 1452,
          "before": "",
          "after": " "
        },
        {
          "index": 2,
          "word": "are",
          "originalText": "are",
          "characterOffsetBegin": 1453,
          "characterOffsetEnd": 1456,
          "before": " ",
          "after": " "
        },
        {
          "index": 3,
          "word": "official",
          "originalText": "official",
          "characterOffsetBegin": 1457,
          "characterOffsetEnd": 1465,
          "before": " ",
          "after": " "
        },
        {
          "index": 4,
          "word": "opening",
          "originalText": "opening",
          "characterOffsetBegin": 1466,
          "characterOffsetEnd": 1473,
          "before": " ",
          "after": " "
        },
        {
          "index": 5,
          "word": "times",
          "originalText": "times",
          "characterOffsetBegin": 1474,
          "characterOffsetEnd": 1479,
          "before": " ",
          "after": " "
        },
        {
          "index": 6,
          "word": "of",
          "originalText": "of",
          "characterOffsetBegin": 1480,
          "characterOffsetEnd": 1482,
          "before": " ",
          "after": " "
        },
        {
          "index": 7,
          "word": "that",
          "originalText": "that",
          "characterOffsetBegin": 1483,
          "characterOffsetEnd": 1487,
          "before": " ",
          "after": " "
        },
        {
          "index": 8,
          "word": "store",
          "originalText": "store",
          "characterOffsetBegin": 1488,
          "characterOffsetEnd": 1493,
          "before": " ",
          "after": " "
        },
        {
          "index": 9,
          "word": "please",
          "originalText": "please",
          "characterOffsetBegin": 1494,
          "characterOffsetEnd": 1500,
          "before": " ",
          "after": ""
        },
        {
          "index": 10,
          "word": "?",
          "originalText": "?",
          "characterOffsetBegin": 1500,
          "characterOffsetEnd": 1501,
          "before": "",
          "after": ""
        }
      ]
    },
    {
      "index": 20,
      "tokens": [
        {
          "index": 1,
          "word": "@highlight",
          "originalText": "@highlight",
          "characterOffsetBegin": 1503,
          "characterOffsetEnd": 1513,
          "before": "",
          "after": ""
        }
      ]
    },
    {
      "index": 21,
      "tokens": [
        {
          "index": 1,
          "word": "@marksandspencer",
          "originalText": "@marksandspencer",
          "characterOffsetBegin": 1515,
          "characterOffsetEnd": 1531,
          "before": "",
          "after": " "
        },
        {
          "index": 2,
          "word": "and",
          "originalText": "and",
          "characterOffsetBegin": 1532,
          "characterOffsetEnd": 1535,
          "before": " ",
          "after": " "
        },
        {
          "index": 3,
          "word": "opens",
          "originalText": "opens",
          "characterOffsetBegin": 1536,
          "characterOffsetEnd": 1541,
          "before": " ",
          "after": " "
        },
        {
          "index": 4,
          "word": "at",
          "originalText": "at",
          "characterOffsetBegin": 1542,
          "characterOffsetEnd": 1544,
          "before": " ",
          "after": ""
        },
        {
          "index": 5,
          "word": "?",
          "originalText": "?",
          "characterOffsetBegin": 1544,
          "characterOffsetEnd": 1545,
          "before": "",
          "after": ""
        }
      ]
    },
    {
      "index": 22,
      "tokens": [
        {
          "index": 1,
          "word": "@highlight",
          "originalText": "@highlight",
          "characterOffsetBegin": 1547,
          "characterOffsetEnd": 1557,
          "before": "",
          "after": ""
        }
      ]
    },
    {
      "index": 23,
      "tokens": [
        {
          "index": 1,
          "word": "@marksandspencer",
          "originalText": "@marksandspencer",
          "characterOffsetBegin": 1559,
          "characterOffsetEnd": 1575,
          "before": "",
          "after": " "
        },
        {
          "index": 2,
          "word": "This",
          "originalText": "This",
          "characterOffsetBegin": 1576,
          "characterOffsetEnd": 1580,
          "before": " ",
          "after": " "
        },
        {
          "index": 3,
          "word": "needs",
          "originalText": "needs",
          "characterOffsetBegin": 1581,
          "characterOffsetEnd": 1586,
          "before": " ",
          "after": " "
        },
        {
          "index": 4,
          "word": "to",
          "originalText": "to",
          "characterOffsetBegin": 1587,
          "characterOffsetEnd": 1589,
          "before": " ",
          "after": " "
        },
        {
          "index": 5,
          "word": "be",
          "originalText": "be",
          "characterOffsetBegin": 1590,
          "characterOffsetEnd": 1592,
          "before": " ",
          "after": " "
        },
        {
          "index": 6,
          "word": "reviewed",
          "originalText": "reviewed",
          "characterOffsetBegin": 1593,
          "characterOffsetEnd": 1601,
          "before": " ",
          "after": ""
        },
        {
          "index": 7,
          "word": ",",
          "originalText": ",",
          "characterOffsetBegin": 1601,
          "characterOffsetEnd": 1602,
          "before": "",
          "after": " "
        },
        {
          "index": 8,
          "word": "staff",
          "originalText": "staff",
          "characterOffsetBegin": 1603,
          "characterOffsetEnd": 1608,
          "before": " ",
          "after": " "
        },
        {
          "index": 9,
          "word": "are",
          "originalText": "are",
          "characterOffsetBegin": 1609,
          "characterOffsetEnd": 1612,
          "before": " ",
          "after": " "
        },
        {
          "index": 10,
          "word": "trying",
          "originalText": "trying",
          "characterOffsetBegin": 1613,
          "characterOffsetEnd": 1619,
          "before": " ",
          "after": " "
        },
        {
          "index": 11,
          "word": "to",
          "originalText": "to",
          "characterOffsetBegin": 1620,
          "characterOffsetEnd": 1622,
          "before": " ",
          "after": " "
        },
        {
          "index": 12,
          "word": "be",
          "originalText": "be",
          "characterOffsetBegin": 1623,
          "characterOffsetEnd": 1625,
          "before": " ",
          "after": " "
        },
        {
          "index": 13,
          "word": "helpful",
          "originalText": "helpful",
          "characterOffsetBegin": 1626,
          "characterOffsetEnd": 1633,
          "before": " ",
          "after": " "
        },
        {
          "index": 14,
          "word": "and",
          "originalText": "and",
          "characterOffsetBegin": 1634,
          "characterOffsetEnd": 1637,
          "before": " ",
          "after": " "
        },
        {
          "index": 15,
          "word": "open",
          "originalText": "open",
          "characterOffsetBegin": 1638,
          "characterOffsetEnd": 1642,
          "before": " ",
          "after": " "
        },
        {
          "index": 16,
          "word": "the",
          "originalText": "the",
          "characterOffsetBegin": 1643,
          "characterOffsetEnd": 1646,
          "before": " ",
          "after": " "
        },
        {
          "index": 17,
          "word": "doors",
          "originalText": "doors",
          "characterOffsetBegin": 1647,
          "characterOffsetEnd": 1652,
          "before": " ",
          "after": " "
        },
        {
          "index": 18,
          "word": "later",
          "originalText": "later",
          "characterOffsetBegin": 1653,
          "characterOffsetEnd": 1658,
          "before": " ",
          "after": " "
        },
        {
          "index": 19,
          "word": "but",
          "originalText": "but",
          "characterOffsetBegin": 1659,
          "characterOffsetEnd": 1662,
          "before": " ",
          "after": " "
        },
        {
          "index": 20,
          "word": "leave",
          "originalText": "leave",
          "characterOffsetBegin": 1663,
          "characterOffsetEnd": 1668,
          "before": " ",
          "after": " "
        },
        {
          "index": 21,
          "word": "customers",
          "originalText": "customers",
          "characterOffsetBegin": 1669,
          "characterOffsetEnd": 1678,
          "before": " ",
          "after": " "
        },
        {
          "index": 22,
          "word": "with",
          "originalText": "with",
          "characterOffsetBegin": 1679,
          "characterOffsetEnd": 1683,
          "before": " ",
          "after": " "
        },
        {
          "index": 23,
          "word": "an",
          "originalText": "an",
          "characterOffsetBegin": 1684,
          "characterOffsetEnd": 1686,
          "before": " ",
          "after": " "
        },
        {
          "index": 24,
          "word": "inconsistent",
          "originalText": "inconsistent",
          "characterOffsetBegin": 1687,
          "characterOffsetEnd": 1699,
          "before": " ",
          "after": " "
        },
        {
          "index": 25,
          "word": "experience",
          "originalText": "experience",
          "characterOffsetBegin": 1700,
          "characterOffsetEnd": 1710,
          "before": " ",
          "after": ""
        }
      ]
    },
    {
      "index": 24,
      "tokens": [
        {
          "index": 1,
          "word": "@highlight",
          "originalText": "@highlight",
          "characterOffsetBegin": 1712,
          "characterOffsetEnd": 1722,
          "before": "",
          "after": ""
        }
      ]
    },
    {
      "index": 25,
      "tokens": [
        {
          "index": 1,
          "word": "Agent",
          "originalText": "Agent",
          "characterOffsetBegin": 1724,
          "characterOffsetEnd": 1729,
          "before": "",
          "after": ""
        },
        {
          "index": 2,
          "word": ":",
          "originalText": ":",
          "characterOffsetBegin": 1729,
          "characterOffsetEnd": 1730,
          "before": "",
          "after": " "
        },
        {
          "index": 3,
          "word": "We",
          "originalText": "We",
          "characterOffsetBegin": 1731,
          "characterOffsetEnd": 1733,
          "before": " ",
          "after": " "
        },
        {
          "index": 4,
          "word": "need",
          "originalText": "need",
          "characterOffsetBegin": 1734,
          "characterOffsetEnd": 1738,
          "before": " ",
          "after": " "
        },
        {
          "index": 5,
          "word": "to",
          "originalText": "to",
          "characterOffsetBegin": 1739,
          "characterOffsetEnd": 1741,
          "before": " ",
          "after": " "
        },
        {
          "index": 6,
          "word": "make",
          "originalText": "make",
          "characterOffsetBegin": 1742,
          "characterOffsetEnd": 1746,
          "before": " ",
          "after": " "
        },
        {
          "index": 7,
          "word": "sure",
          "originalText": "sure",
          "characterOffsetBegin": 1747,
          "characterOffsetEnd": 1751,
          "before": " ",
          "after": " "
        },
        {
          "index": 8,
          "word": "we",
          "originalText": "we",
          "characterOffsetBegin": 1752,
          "characterOffsetEnd": 1754,
          "before": " ",
          "after": " "
        },
        {
          "index": 9,
          "word": "have",
          "originalText": "have",
          "characterOffsetBegin": 1755,
          "characterOffsetEnd": 1759,
          "before": " ",
          "after": " "
        },
        {
          "index": 10,
          "word": "enough",
          "originalText": "enough",
          "characterOffsetBegin": 1760,
          "characterOffsetEnd": 1766,
          "before": " ",
          "after": " "
        },
        {
          "index": 11,
          "word": "time",
          "originalText": "time",
          "characterOffsetBegin": 1767,
          "characterOffsetEnd": 1771,
          "before": " ",
          "after": " "
        },
        {
          "index": 12,
          "word": "to",
          "originalText": "to",
          "characterOffsetBegin": 1772,
          "characterOffsetEnd": 1774,
          "before": " ",
          "after": " "
        },
        {
          "index": 13,
          "word": "get",
          "originalText": "get",
          "characterOffsetBegin": 1775,
          "characterOffsetEnd": 1778,
          "before": " ",
          "after": " "
        },
        {
          "index": 14,
          "word": "the",
          "originalText": "the",
          "characterOffsetBegin": 1779,
          "characterOffsetEnd": 1782,
          "before": " ",
          "after": " "
        },
        {
          "index": 15,
          "word": "store",
          "originalText": "store",
          "characterOffsetBegin": 1783,
          "characterOffsetEnd": 1788,
          "before": " ",
          "after": " "
        },
        {
          "index": 16,
          "word": "cleaned",
          "originalText": "cleaned",
          "characterOffsetBegin": 1789,
          "characterOffsetEnd": 1796,
          "before": " ",
          "after": " "
        },
        {
          "index": 17,
          "word": "and",
          "originalText": "and",
          "characterOffsetBegin": 1797,
          "characterOffsetEnd": 1800,
          "before": " ",
          "after": " "
        },
        {
          "index": 18,
          "word": "sorted",
          "originalText": "sorted",
          "characterOffsetBegin": 1801,
          "characterOffsetEnd": 1807,
          "before": " ",
          "after": " "
        },
        {
          "index": 19,
          "word": "ready",
          "originalText": "ready",
          "characterOffsetBegin": 1808,
          "characterOffsetEnd": 1813,
          "before": " ",
          "after": " "
        },
        {
          "index": 20,
          "word": "for",
          "originalText": "for",
          "characterOffsetBegin": 1814,
          "characterOffsetEnd": 1817,
          "before": " ",
          "after": " "
        },
        {
          "index": 21,
          "word": "the",
          "originalText": "the",
          "characterOffsetBegin": 1818,
          "characterOffsetEnd": 1821,
          "before": " ",
          "after": " "
        },
        {
          "index": 22,
          "word": "next",
          "originalText": "next",
          "characterOffsetBegin": 1822,
          "characterOffsetEnd": 1826,
          "before": " ",
          "after": " "
        },
        {
          "index": 23,
          "word": "day",
          "originalText": "day",
          "characterOffsetBegin": 1827,
          "characterOffsetEnd": 1830,
          "before": " ",
          "after": " "
        },
        {
          "index": 24,
          "word": "before",
          "originalText": "before",
          "characterOffsetBegin": 1831,
          "characterOffsetEnd": 1837,
          "before": " ",
          "after": " "
        },
        {
          "index": 25,
          "word": "the",
          "originalText": "the",
          "characterOffsetBegin": 1838,
          "characterOffsetEnd": 1841,
          "before": " ",
          "after": " "
        },
        {
          "index": 26,
          "word": "station",
          "originalText": "station",
          "characterOffsetBegin": 1842,
          "characterOffsetEnd": 1849,
          "before": " ",
          "after": " "
        },
        {
          "index": 27,
          "word": "closes",
          "originalText": "closes",
          "characterOffsetBegin": 1850,
          "characterOffsetEnd": 1856,
          "before": " ",
          "after": ""
        },
        {
          "index": 28,
          "word": "!",
          "originalText": "!",
          "characterOffsetBegin": 1856,
          "characterOffsetEnd": 1857,
          "before": "",
          "after": ""
        }
      ]
    },
    {
      "index": 26,
      "tokens": [
        {
          "index": 1,
          "word": "@highlight",
          "originalText": "@highlight",
          "characterOffsetBegin": 1859,
          "characterOffsetEnd": 1869,
          "before": "",
          "after": ""
        }
      ]
    },
    {
      "index": 27,
      "tokens": [
        {
          "index": 1,
          "word": "@",
          "originalText": "@",
          "characterOffsetBegin": 1871,
          "characterOffsetEnd": 1872,
          "before": "",
          "after": ""
        },
        {
          "index": 2,
          "word": "482662",
          "originalText": "482662",
          "characterOffsetBegin": 1872,
          "characterOffsetEnd": 1878,
          "before": "",
          "after": " "
        },
        {
          "index": 3,
          "word": "The",
          "originalText": "The",
          "characterOffsetBegin": 1879,
          "characterOffsetEnd": 1882,
          "before": " ",
          "after": " "
        },
        {
          "index": 4,
          "word": "store",
          "originalText": "store",
          "characterOffsetBegin": 1883,
          "characterOffsetEnd": 1888,
          "before": " ",
          "after": " "
        },
        {
          "index": 5,
          "word": "shuts",
          "originalText": "shuts",
          "characterOffsetBegin": 1889,
          "characterOffsetEnd": 1894,
          "before": " ",
          "after": " "
        },
        {
          "index": 6,
          "word": "at",
          "originalText": "at",
          "characterOffsetBegin": 1895,
          "characterOffsetEnd": 1897,
          "before": " ",
          "after": " "
        },
        {
          "index": 7,
          "word": "11pm",
          "originalText": "11pm",
          "characterOffsetBegin": 1898,
          "characterOffsetEnd": 1902,
          "before": " ",
          "after": ""
        },
        {
          "index": 8,
          "word": ".",
          "originalText": ".",
          "characterOffsetBegin": 1902,
          "characterOffsetEnd": 1903,
          "before": "",
          "after": ""
        }
      ]
    },
    {
      "index": 28,
      "tokens": [
        {
          "index": 1,
          "word": "@highlight",
          "originalText": "@highlight",
          "characterOffsetBegin": 1905,
          "characterOffsetEnd": 1915,
          "before": "",
          "after": ""
        }
      ]
    },
    {
      "index": 29,
      "tokens": [
        {
          "index": 1,
          "word": "@",
          "originalText": "@",
          "characterOffsetBegin": 1917,
          "characterOffsetEnd": 1918,
          "before": "",
          "after": ""
        },
        {
          "index": 2,
          "word": "482662",
          "originalText": "482662",
          "characterOffsetBegin": 1918,
          "characterOffsetEnd": 1924,
          "before": "",
          "after": " "
        },
        {
          "index": 3,
          "word": "7am",
          "originalText": "7am",
          "characterOffsetBegin": 1925,
          "characterOffsetEnd": 1928,
          "before": " ",
          "after": " "
        },
        {
          "index": 4,
          "word": "Mon",
          "originalText": "Mon",
          "characterOffsetBegin": 1929,
          "characterOffsetEnd": 1932,
          "before": " ",
          "after": " "
        },
        {
          "index": 5,
          "word": "-",
          "originalText": "-",
          "characterOffsetBegin": 1933,
          "characterOffsetEnd": 1934,
          "before": " ",
          "after": " "
        },
        {
          "index": 6,
          "word": "Fri",
          "originalText": "Fri",
          "characterOffsetBegin": 1935,
          "characterOffsetEnd": 1938,
          "before": " ",
          "after": " "
        },
        {
          "index": 7,
          "word": "and",
          "originalText": "and",
          "characterOffsetBegin": 1939,
          "characterOffsetEnd": 1942,
          "before": " ",
          "after": " "
        },
        {
          "index": 8,
          "word": "8am",
          "originalText": "8am",
          "characterOffsetBegin": 1943,
          "characterOffsetEnd": 1946,
          "before": " ",
          "after": " "
        },
        {
          "index": 9,
          "word": "on",
          "originalText": "on",
          "characterOffsetBegin": 1947,
          "characterOffsetEnd": 1949,
          "before": " ",
          "after": " "
        },
        {
          "index": 10,
          "word": "Sat",
          "originalText": "Sat",
          "characterOffsetBegin": 1950,
          "characterOffsetEnd": 1953,
          "before": " ",
          "after": " "
        },
        {
          "index": 11,
          "word": "and",
          "originalText": "and",
          "characterOffsetBegin": 1954,
          "characterOffsetEnd": 1957,
          "before": " ",
          "after": " "
        },
        {
          "index": 12,
          "word": "Sun",
          "originalText": "Sun",
          "characterOffsetBegin": 1958,
          "characterOffsetEnd": 1961,
          "before": " ",
          "after": ""
        },
        {
          "index": 13,
          "word": ".",
          "originalText": ".",
          "characterOffsetBegin": 1961,
          "characterOffsetEnd": 1962,
          "before": "",
          "after": ""
        }
      ]
    },
    {
      "index": 30,
      "tokens": [
        {
          "index": 1,
          "word": "@highlight",
          "originalText": "@highlight",
          "characterOffsetBegin": 1964,
          "characterOffsetEnd": 1974,
          "before": "",
          "after": ""
        }
      ]
    },
    {
      "index": 31,
      "tokens": [
        {
          "index": 1,
          "word": "@",
          "originalText": "@",
          "characterOffsetBegin": 1976,
          "characterOffsetEnd": 1977,
          "before": "",
          "after": ""
        },
        {
          "index": 2,
          "word": "482662",
          "originalText": "482662",
          "characterOffsetBegin": 1977,
          "characterOffsetEnd": 1983,
          "before": "",
          "after": " "
        },
        {
          "index": 3,
          "word": "We",
          "originalText": "We",
          "characterOffsetBegin": 1984,
          "characterOffsetEnd": 1986,
          "before": " ",
          "after": ""
        },
        {
          "index": 4,
          "word": "'ll",
          "originalText": "'ll",
          "characterOffsetBegin": 1986,
          "characterOffsetEnd": 1989,
          "before": "",
          "after": " "
        },
        {
          "index": 5,
          "word": "get",
          "originalText": "get",
          "characterOffsetBegin": 1990,
          "characterOffsetEnd": 1993,
          "before": " ",
          "after": " "
        },
        {
          "index": 6,
          "word": "your",
          "originalText": "your",
          "characterOffsetBegin": 1994,
          "characterOffsetEnd": 1998,
          "before": " ",
          "after": " "
        },
        {
          "index": 7,
          "word": "comments",
          "originalText": "comments",
          "characterOffsetBegin": 1999,
          "characterOffsetEnd": 2007,
          "before": " ",
          "after": " "
        },
        {
          "index": 8,
          "word": "passed",
          "originalText": "passed",
          "characterOffsetBegin": 2008,
          "characterOffsetEnd": 2014,
          "before": " ",
          "after": " "
        },
        {
          "index": 9,
          "word": "over",
          "originalText": "over",
          "characterOffsetBegin": 2015,
          "characterOffsetEnd": 2019,
          "before": " ",
          "after": " "
        },
        {
          "index": 10,
          "word": "to",
          "originalText": "to",
          "characterOffsetBegin": 2020,
          "characterOffsetEnd": 2022,
          "before": " ",
          "after": " "
        },
        {
          "index": 11,
          "word": "the",
          "originalText": "the",
          "characterOffsetBegin": 2023,
          "characterOffsetEnd": 2026,
          "before": " ",
          "after": " "
        },
        {
          "index": 12,
          "word": "store",
          "originalText": "store",
          "characterOffsetBegin": 2027,
          "characterOffsetEnd": 2032,
          "before": " ",
          "after": " "
        },
        {
          "index": 13,
          "word": "management",
          "originalText": "management",
          "characterOffsetBegin": 2033,
          "characterOffsetEnd": 2043,
          "before": " ",
          "after": " "
        },
        {
          "index": 14,
          "word": "team",
          "originalText": "team",
          "characterOffsetBegin": 2044,
          "characterOffsetEnd": 2048,
          "before": " ",
          "after": " "
        },
        {
          "index": 15,
          "word": "Rob",
          "originalText": "Rob",
          "characterOffsetBegin": 2049,
          "characterOffsetEnd": 2052,
          "before": " ",
          "after": ""
        },
        {
          "index": 16,
          "word": ".",
          "originalText": ".",
          "characterOffsetBegin": 2052,
          "characterOffsetEnd": 2053,
          "before": "",
          "after": ""
        }
      ]
    }
  ]
}