{
  "sentences": [
    {
      "index": 0,
      "tokens": [
        {
          "index": 1,
          "word": "Customer",
          "originalText": "Customer",
          "characterOffsetBegin": 0,
          "characterOffsetEnd": 8,
          "before": "",
          "after": ""
        },
        {
          "index": 2,
          "word": ":",
          "originalText": ":",
          "characterOffsetBegin": 8,
          "characterOffsetEnd": 9,
          "before": "",
          "after": " "
        },
        {
          "index": 3,
          "word": "@GWRHelp",
          "originalText": "@GWRHelp",
          "characterOffsetBegin": 10,
          "characterOffsetEnd": 18,
          "before": " ",
          "after": "  "
        },
        {
          "index": 4,
          "word": "are",
          "originalText": "are",
          "characterOffsetBegin": 20,
          "characterOffsetEnd": 23,
          "before": "  ",
          "after": " "
        },
        {
          "index": 5,
          "word": "trains",
          "originalText": "trains",
          "characterOffsetBegin": 24,
          "characterOffsetEnd": 30,
          "before": " ",
          "after": " "
        },
        {
          "index": 6,
          "word": "from",
          "originalText": "from",
          "characterOffsetBegin": 31,
          "characterOffsetEnd": 35,
          "before": " ",
          "after": " "
        },
        {
          "index": 7,
          "word": "London",
          "originalText": "London",
          "characterOffsetBegin": 36,
          "characterOffsetEnd": 42,
          "before": " ",
          "after": " "
        },
        {
          "index": 8,
          "word": "Paddington",
          "originalText": "Paddington",
          "characterOffsetBegin": 43,
          "characterOffsetEnd": 53,
          "before": " ",
          "after": " "
        },
        {
          "index": 9,
          "word": "to",
          "originalText": "to",
          "characterOffsetBegin": 54,
          "characterOffsetEnd": 56,
          "before": " ",
          "after": " "
        },
        {
          "index": 10,
          "word": "Hereford",
          "originalText": "Hereford",
          "characterOffsetBegin": 57,
          "characterOffsetEnd": 65,
          "before": " ",
          "after": " "
        },
        {
          "index": 11,
          "word": "tomorrow",
          "originalText": "tomorrow",
          "characterOffsetBegin": 66,
          "characterOffsetEnd": 74,
          "before": " ",
          "after": " "
        },
        {
          "index": 12,
          "word": "delayed",
          "originalText": "delayed",
          "characterOffsetBegin": 75,
          "characterOffsetEnd": 82,
          "before": " ",
          "after": " "
        },
        {
          "index": 13,
          "word": "or",
          "originalText": "or",
          "characterOffsetBegin": 83,
          "characterOffsetEnd": 85,
          "before": " ",
          "after": " "
        },
        {
          "index": 14,
          "word": "cancelled",
          "originalText": "cancelled",
          "characterOffsetBegin": 86,
          "characterOffsetEnd": 95,
          "before": " ",
          "after": ""
        },
        {
          "index": 15,
          "word": "?",
          "originalText": "?",
          "characterOffsetBegin": 95,
          "characterOffsetEnd": 96,
          "before": "",
          "after": ""
        }
      ]
    },
    {
      "index": 1,
      "tokens": [
        {
          "index": 1,
          "word": "Need",
          "originalText": "Need",
          "characterOffsetBegin": 98,
          "characterOffsetEnd": 102,
          "before": "",
          "after": " "
        },
        {
          "index": 2,
          "word": "to",
          "originalText": "to",
          "characterOffsetBegin": 103,
          "characterOffsetEnd": 105,
          "before": " ",
          "after": " "
        },
        {
          "index": 3,
          "word": "get",
          "originalText": "get",
          "characterOffsetBegin": 106,
          "characterOffsetEnd": 109,
          "before": " ",
          "after": " "
        },
        {
          "index": 4,
          "word": "home",
          "originalText": "home",
          "characterOffsetBegin": 110,
          "characterOffsetEnd": 114,
          "before": " ",
          "after": " "
        },
        {
          "index": 5,
          "word": "then",
          "originalText": "then",
          "characterOffsetBegin": 115,
          "characterOffsetEnd": 119,
          "before": " ",
          "after": ""
        }
      ]
    },
    {
      "index": 2,
      "tokens": [
        {
          "index": 1,
          "word": "Agent",
          "originalText": "Agent",
          "characterOffsetBegin": 121,
          "characterOffsetEnd": 126,
          "before": "",
          "after": ""
        },
        {
          "index": 2,
          "word": ":",
          "originalText": ":",
          "characterOffsetBegin": 126,
          "characterOffsetEnd": 127,
          "before": "",
          "after": " "
        },
        {
          "index": 3,
          "word": "@",
          "originalText": "@",
          "characterOffsetBegin": 128,
          "characterOffsetEnd": 129,
          "before": " ",
          "after": ""
        },
        {
          "index": 4,
          "word": "120729",
          "originalText": "120729",
          "characterOffsetBegin": 129,
          "characterOffsetEnd": 135,
          "before": "",
          "after": " "
        },
        {
          "index": 5,
          "word": "There",
          "originalText": "There",
          "characterOffsetBegin": 136,
          "characterOffsetEnd": 141,
          "before": " ",
          "after": " "
        },
        {
          "index": 6,
          "word": "are",
          "originalText": "are",
          "characterOffsetBegin": 142,
          "characterOffsetEnd": 145,
          "before": " ",
          "after": " "
        },
        {
          "index": 7,
          "word": "expected",
          "originalText": "expected",
          "characterOffsetBegin": 146,
          "characterOffsetEnd": 154,
          "before": " ",
          "after": " "
        },
        {
          "index": 8,
          "word": "to",
          "originalText": "to",
          "characterOffsetBegin": 155,
          "characterOffsetEnd": 157,
          "before": " ",
          "after": " "
        },
        {
          "index": 9,
          "word": "be",
          "originalText": "be",
          "characterOffsetBegin": 158,
          "characterOffsetEnd": 160,
          "before": " ",
          "after": " "
        },
        {
          "index": 10,
          "word": "signalling",
          "originalText": "signalling",
          "characterOffsetBegin": 161,
          "characterOffsetEnd": 171,
          "before": " ",
          "after": " "
        },
        {
          "index": 11,
          "word": "issues",
          "originalText": "issues",
          "characterOffsetBegin": 172,
          "characterOffsetEnd": 178,
          "before": " ",
          "after": " "
        },
        {
          "index": 12,
          "word": "between",
          "originalText": "between",
          "characterOffsetBegin": 179,
          "characterOffsetEnd": 186,
          "before": " ",
          "after": " "
        },
        {
          "index": 13,
          "word": "Paddington",
          "originalText": "Paddington",
          "characterOffsetBegin": 187,
          "characterOffsetEnd": 197,
          "before": " ",
          "after": " "
        },
        {
          "index": 14,
          "word": "and",
          "originalText": "and",
          "characterOffsetBegin": 198,
          "characterOffsetEnd": 201,
          "before": " ",
          "after": " "
        },
        {
          "index": 15,
          "word": "Hayes",
          "originalText": "Hayes",
          "characterOffsetBegin": 202,
          "characterOffsetEnd": 207,
          "before": " ",
          "after": " "
        },
        {
          "index": 16,
          "word": "and",
          "originalText": "and",
          "characterOffsetBegin": 208,
          "characterOffsetEnd": 211,
          "before": " ",
          "after": " "
        },
        {
          "index": 17,
          "word": "Harlington",
          "originalText": "Harlington",
          "characterOffsetBegin": 212,
          "characterOffsetEnd": 222,
          "before": " ",
          "after": ""
        },
        {
          "index": 18,
          "word": ",",
          "originalText": ",",
          "characterOffsetBegin": 222,
          "characterOffsetEnd": 223,
          "before": "",
          "after": " "
        },
        {
          "index": 19,
          "word": "but",
          "originalText": "but",
          "characterOffsetBegin": 224,
          "characterOffsetEnd": 227,
          "before": " ",
          "after": " "
        },
        {
          "index": 20,
          "word": "no",
          "originalText": "no",
          "characterOffsetBegin": 228,
          "characterOffsetEnd": 230,
          "before": " ",
          "after": " "
        },
        {
          "index": 21,
          "word": "cancellations",
          "originalText": "cancellations",
          "characterOffsetBegin": 231,
          "characterOffsetEnd": 244,
          "before": " ",
          "after": " "
        },
        {
          "index": 22,
          "word": "expected",
          "originalText": "expected",
          "characterOffsetBegin": 245,
          "characterOffsetEnd": 253,
          "before": " ",
          "after": ""
        },
        {
          "index": 23,
          "word": ".",
          "originalText": ".",
          "characterOffsetBegin": 253,
          "characterOffsetEnd": 254,
          "before": "",
          "after": ""
        }
      ]
    },
    {
      "index": 3,
      "tokens": [
        {
          "index": 1,
          "word": "What",
          "originalText": "What",
          "characterOffsetBegin": 256,
          "characterOffsetEnd": 260,
          "before": "",
          "after": " "
        },
        {
          "index": 2,
          "word": "time",
          "originalText": "time",
          "characterOffsetBegin": 261,
          "characterOffsetEnd": 265,
          "before": " ",
          "after": ""
        },
        {
          "index": 3,
          "word": "?",
          "originalText": "?",
          "characterOffsetBegin": 265,
          "characterOffsetEnd": 266,
          "before": "",
          "after": ""
        }
      ]
    },
    {
      "index": 4,
      "tokens": [
        {
          "index": 1,
          "word": "Phil",
          "originalText": "Phil",
          "characterOffsetBegin": 268,
          "characterOffsetEnd": 272,
          "before": "",
          "after": ""
        },
        {
          "index": 2,
          "word": ".",
          "originalText": ".",
          "characterOffsetBegin": 272,
          "characterOffsetEnd": 273,
          "before": "",
          "after": ""
        }
      ]
    },
    {
      "index": 5,
      "tokens": [
        {
          "index": 1,
          "word": "Customer",
          "originalText": "Customer",
          "characterOffsetBegin": 275,
          "characterOffsetEnd": 283,
          "before": "",
          "after": ""
        },
        {
          "index": 2,
          "word": ":",
          "originalText": ":",
          "characterOffsetBegin": 283,
          "characterOffsetEnd": 284,
          "before": "",
          "after": " "
        },
        {
          "index": 3,
          "word": "@GWRHelp",
          "originalText": "@GWRHelp",
          "characterOffsetBegin": 285,
          "characterOffsetEnd": 293,
          "before": " ",
          "after": " "
        },
        {
          "index": 4,
          "word": "After",
          "originalText": "After",
          "characterOffsetBegin": 294,
          "characterOffsetEnd": 299,
          "before": " ",
          "after": " "
        },
        {
          "index": 5,
          "word": "8am",
          "originalText": "8am",
          "characterOffsetBegin": 300,
          "characterOffsetEnd": 303,
          "before": " ",
          "after": " "
        },
        {
          "index": 6,
          "word": "tomorrow",
          "originalText": "tomorrow",
          "characterOffsetBegin": 304,
          "characterOffsetEnd": 312,
          "before": " ",
          "after": " "
        },
        {
          "index": 7,
          "word": "thanks",
          "originalText": "thanks",
          "characterOffsetBegin": 313,
          "characterOffsetEnd": 319,
          "before": " ",
          "after": ""
        }
      ]
    },
    {
      "index": 6,
      "tokens": [
        {
          "index": 1,
          "word": "Agent",
          "originalText": "Agent",
          "characterOffsetBegin": 321,
          "characterOffsetEnd": 326,
          "before": "",
          "after": ""
        },
        {
          "index": 2,
          "word": ":",
          "originalText": ":",
          "characterOffsetBegin": 326,
          "characterOffsetEnd": 327,
          "before": "",
          "after": " "
        },
        {
          "index": 3,
          "word": "@",
          "originalText": "@",
          "characterOffsetBegin": 328,
          "characterOffsetEnd": 329,
          "before": " ",
          "after": ""
        },
        {
          "index": 4,
          "word": "120729",
          "originalText": "120729",
          "characterOffsetBegin": 329,
          "characterOffsetEnd": 335,
          "before": "",
          "after": " "
        },
        {
          "index": 5,
          "word": "Trains",
          "originalText": "Trains",
          "characterOffsetBegin": 336,
          "characterOffsetEnd": 342,
          "before": " ",
          "after": " "
        },
        {
          "index": 6,
          "word": "may",
          "originalText": "may",
          "characterOffsetBegin": 343,
          "characterOffsetEnd": 346,
          "before": " ",
          "after": " "
        },
        {
          "index": 7,
          "word": "be",
          "originalText": "be",
          "characterOffsetBegin": 347,
          "characterOffsetEnd": 349,
          "before": " ",
          "after": " "
        },
        {
          "index": 8,
          "word": "delayed",
          "originalText": "delayed",
          "characterOffsetBegin": 350,
          "characterOffsetEnd": 357,
          "before": " ",
          "after": " "
        },
        {
          "index": 9,
          "word": "but",
          "originalText": "but",
          "characterOffsetBegin": 358,
          "characterOffsetEnd": 361,
          "before": " ",
          "after": " "
        },
        {
          "index": 10,
          "word": "no",
          "originalText": "no",
          "characterOffsetBegin": 362,
          "characterOffsetEnd": 364,
          "before": " ",
          "after": " "
        },
        {
          "index": 11,
          "word": "cancellations",
          "originalText": "cancellations",
          "characterOffsetBegin": 365,
          "characterOffsetEnd": 378,
          "before": " ",
          "after": " "
        },
        {
          "index": 12,
          "word": "expected",
          "originalText": "expected",
          "characterOffsetBegin": 379,
          "characterOffsetEnd": 387,
          "before": " ",
          "after": ""
        },
        {
          "index": 13,
          "word": ".",
          "originalText": ".",
          "characterOffsetBegin": 387,
          "characterOffsetEnd": 388,
          "before": "",
          "after": ""
        }
      ]
    },
    {
      "index": 7,
      "tokens": [
        {
          "index": 1,
          "word": "Updates",
          "originalText": "Updates",
          "characterOffsetBegin": 390,
          "characterOffsetEnd": 397,
          "before": "",
          "after": " "
        },
        {
          "index": 2,
          "word": "will",
          "originalText": "will",
          "characterOffsetBegin": 398,
          "characterOffsetEnd": 402,
          "before": " ",
          "after": " "
        },
        {
          "index": 3,
          "word": "show",
          "originalText": "show",
          "characterOffsetBegin": 403,
          "characterOffsetEnd": 407,
          "before": " ",
          "after": " "
        },
        {
          "index": 4,
          "word": "at",
          "originalText": "at",
          "characterOffsetBegin": 408,
          "characterOffsetEnd": 410,
          "before": " ",
          "after": " "
        },
        {
          "index": 5,
          "word": "https://t.co/kSQp5pCyxo",
          "originalText": "https://t.co/kSQp5pCyxo",
          "characterOffsetBegin": 411,
          "characterOffsetEnd": 434,
          "before": " ",
          "after": ""
        },
        {
          "index": 6,
          "word": ".",
          "originalText": ".",
          "characterOffsetBegin": 434,
          "characterOffsetEnd": 435,
          "before": "",
          "after": ""
        }
      ]
    },
    {
      "index": 8,
      "tokens": [
        {
          "index": 1,
          "word": "You",
          "originalText": "You",
          "characterOffsetBegin": 437,
          "characterOffsetEnd": 440,
          "before": "",
          "after": " "
        },
        {
          "index": 2,
          "word": "can",
          "originalText": "can",
          "characterOffsetBegin": 441,
          "characterOffsetEnd": 444,
          "before": " ",
          "after": " "
        },
        {
          "index": 3,
          "word": "check",
          "originalText": "check",
          "characterOffsetBegin": 445,
          "characterOffsetEnd": 450,
          "before": " ",
          "after": " "
        },
        {
          "index": 4,
          "word": "with",
          "originalText": "with",
          "characterOffsetBegin": 451,
          "characterOffsetEnd": 455,
          "before": " ",
          "after": " "
        },
        {
          "index": 5,
          "word": "us",
          "originalText": "us",
          "characterOffsetBegin": 456,
          "characterOffsetEnd": 458,
          "before": " ",
          "after": " "
        },
        {
          "index": 6,
          "word": "in",
          "originalText": "in",
          "characterOffsetBegin": 459,
          "characterOffsetEnd": 461,
          "before": " ",
          "after": " "
        },
        {
          "index": 7,
          "word": "the",
          "originalText": "the",
          "characterOffsetBegin": 462,
          "characterOffsetEnd": 465,
          "before": " ",
          "after": " "
        },
        {
          "index": 8,
          "word": "AM",
          "originalText": "AM",
          "characterOffsetBegin": 466,
          "characterOffsetEnd": 468,
          "before": " ",
          "after": " "
        },
        {
          "index": 9,
          "word": "too",
          "originalText": "too",
          "characterOffsetBegin": 469,
          "characterOffsetEnd": 472,
          "before": " ",
          "after": ""
        },
        {
          "index": 10,
          "word": ".",
          "originalText": ".",
          "characterOffsetBegin": 472,
          "characterOffsetEnd": 473,
          "before": "",
          "after": ""
        }
      ]
    },
    {
      "index": 9,
      "tokens": [
        {
          "index": 1,
          "word": "Customer",
          "originalText": "Customer",
          "characterOffsetBegin": 475,
          "characterOffsetEnd": 483,
          "before": "",
          "after": ""
        },
        {
          "index": 2,
          "word": ":",
          "originalText": ":",
          "characterOffsetBegin": 483,
          "characterOffsetEnd": 484,
          "before": "",
          "after": " "
        },
        {
          "index": 3,
          "word": "@GWRHelp",
          "originalText": "@GWRHelp",
          "characterOffsetBegin": 485,
          "characterOffsetEnd": 493,
          "before": " ",
          "after": " "
        },
        {
          "index": 4,
          "word": "Good",
          "originalText": "Good",
          "characterOffsetBegin": 494,
          "characterOffsetEnd": 498,
          "before": " ",
          "after": " "
        },
        {
          "index": 5,
          "word": "morning",
          "originalText": "morning",
          "characterOffsetBegin": 499,
          "characterOffsetEnd": 506,
          "before": " ",
          "after": ""
        },
        {
          "index": 6,
          "word": ",",
          "originalText": ",",
          "characterOffsetBegin": 506,
          "characterOffsetEnd": 507,
          "before": "",
          "after": " "
        },
        {
          "index": 7,
          "word": "what",
          "originalText": "what",
          "characterOffsetBegin": 508,
          "characterOffsetEnd": 512,
          "before": " ",
          "after": " "
        },
        {
          "index": 8,
          "word": "is",
          "originalText": "is",
          "characterOffsetBegin": 513,
          "characterOffsetEnd": 515,
          "before": " ",
          "after": " "
        },
        {
          "index": 9,
          "word": "the",
          "originalText": "the",
          "characterOffsetBegin": 516,
          "characterOffsetEnd": 519,
          "before": " ",
          "after": " "
        },
        {
          "index": 10,
          "word": "delay",
          "originalText": "delay",
          "characterOffsetBegin": 520,
          "characterOffsetEnd": 525,
          "before": " ",
          "after": " "
        },
        {
          "index": 11,
          "word": "on",
          "originalText": "on",
          "characterOffsetBegin": 526,
          "characterOffsetEnd": 528,
          "before": " ",
          "after": " "
        },
        {
          "index": 12,
          "word": "the",
          "originalText": "the",
          "characterOffsetBegin": 529,
          "characterOffsetEnd": 532,
          "before": " ",
          "after": " "
        },
        {
          "index": 13,
          "word": "8.20",
          "originalText": "8.20",
          "characterOffsetBegin": 533,
          "characterOffsetEnd": 537,
          "before": " ",
          "after": " "
        },
        {
          "index": 14,
          "word": "paddington",
          "originalText": "paddington",
          "characterOffsetBegin": 538,
          "characterOffsetEnd": 548,
          "before": " ",
          "after": " "
        },
        {
          "index": 15,
          "word": "to",
          "originalText": "to",
          "characterOffsetBegin": 549,
          "characterOffsetEnd": 551,
          "before": " ",
          "after": " "
        },
        {
          "index": 16,
          "word": "Hereford",
          "originalText": "Hereford",
          "characterOffsetBegin": 552,
          "characterOffsetEnd": 560,
          "before": " ",
          "after": " "
        },
        {
          "index": 17,
          "word": "train",
          "originalText": "train",
          "characterOffsetBegin": 561,
          "characterOffsetEnd": 566,
          "before": " ",
          "after": " "
        },
        {
          "index": 18,
          "word": "this",
          "originalText": "this",
          "characterOffsetBegin": 567,
          "characterOffsetEnd": 571,
          "before": " ",
          "after": " "
        },
        {
          "index": 19,
          "word": "morning",
          "originalText": "morning",
          "characterOffsetBegin": 572,
          "characterOffsetEnd": 579,
          "before": " ",
          "after": ""
        },
        {
          "index": 20,
          "word": "?",
          "originalText": "?",
          "characterOffsetBegin": 579,
          "characterOffsetEnd": 580,
          "before": "",
          "after": ""
        }
      ]
    },
    {
      "index": 10,
      "tokens": [
        {
          "index": 1,
          "word": "Thanks",
          "originalText": "Thanks",
          "characterOffsetBegin": 582,
          "characterOffsetEnd": 588,
          "before": "",
          "after": ""
        }
      ]
    },
    {
      "index": 11,
      "tokens": [
        {
          "index": 1,
          "word": "Agent",
          "originalText": "Agent",
          "characterOffsetBegin": 590,
          "characterOffsetEnd": 595,
          "before": "",
          "after": ""
        },
        {
          "index": 2,
          "word": ":",
          "originalText": ":",
          "characterOffsetBegin": 595,
          "characterOffsetEnd": 596,
          "before": "",
          "after": " "
        },
        {
          "index": 3,
          "word": "@",
          "originalText": "@",
          "characterOffsetBegin": 597,
          "characterOffsetEnd": 598,
          "before": " ",
          "after": ""
        },
        {
          "index": 4,
          "word": "120729",
          "originalText": "120729",
          "characterOffsetBegin": 598,
          "characterOffsetEnd": 604,
          "before": "",
          "after": " "
        },
        {
          "index": 5,
          "word": "Hi",
          "originalText": "Hi",
          "characterOffsetBegin": 605,
          "characterOffsetEnd": 607,
          "before": " ",
          "after": " "
        },
        {
          "index": 6,
          "word": "Simon",
          "originalText": "Simon",
          "characterOffsetBegin": 608,
          "characterOffsetEnd": 613,
          "before": " ",
          "after": ""
        },
        {
          "index": 7,
          "word": ".",
          "originalText": ".",
          "characterOffsetBegin": 613,
          "characterOffsetEnd": 614,
          "before": "",
          "after": ""
        }
      ]
    },
    {
      "index": 12,
      "tokens": [
        {
          "index": 1,
          "word": "Nothing",
          "originalText": "Nothing",
          "characterOffsetBegin": 616,
          "characterOffsetEnd": 623,
          "before": "",
          "after": " "
        },
        {
          "index": 2,
          "word": "has",
          "originalText": "has",
          "characterOffsetBegin": 624,
          "characterOffsetEnd": 627,
          "before": " ",
          "after": " "
        },
        {
          "index": 3,
          "word": "been",
          "originalText": "been",
          "characterOffsetBegin": 628,
          "characterOffsetEnd": 632,
          "before": " ",
          "after": " "
        },
        {
          "index": 4,
          "word": "reported",
          "originalText": "reported",
          "characterOffsetBegin": 633,
          "characterOffsetEnd": 641,
          "before": " ",
          "after": " "
        },
        {
          "index": 5,
          "word": "to",
          "originalText": "to",
          "characterOffsetBegin": 642,
          "characterOffsetEnd": 644,
          "before": " ",
          "after": " "
        },
        {
          "index": 6,
          "word": "suggest",
          "originalText": "suggest",
          "characterOffsetBegin": 645,
          "characterOffsetEnd": 652,
          "before": " ",
          "after": " "
        },
        {
          "index": 7,
          "word": "this",
          "originalText": "this",
          "characterOffsetBegin": 653,
          "characterOffsetEnd": 657,
          "before": " ",
          "after": " "
        },
        {
          "index": 8,
          "word": "service",
          "originalText": "service",
          "characterOffsetBegin": 658,
          "characterOffsetEnd": 665,
          "before": " ",
          "after": " "
        },
        {
          "index": 9,
          "word": "will",
          "originalText": "will",
          "characterOffsetBegin": 666,
          "characterOffsetEnd": 670,
          "before": " ",
          "after": " "
        },
        {
          "index": 10,
          "word": "be",
          "originalText": "be",
          "characterOffsetBegin": 671,
          "characterOffsetEnd": 673,
          "before": " ",
          "after": " "
        },
        {
          "index": 11,
          "word": "delayed",
          "originalText": "delayed",
          "characterOffsetBegin": 674,
          "characterOffsetEnd": 681,
          "before": " ",
          "after": " "
        },
        {
          "index": 12,
          "word": "-",
          "originalText": "-",
          "characterOffsetBegin": 682,
          "characterOffsetEnd": 683,
          "before": " ",
          "after": " "
        },
        {
          "index": 13,
          "word": "Josh",
          "originalText": "Josh",
          "characterOffsetBegin": 684,
          "characterOffsetEnd": 688,
          "before": " ",
          "after": ""
        }
      ]
    },
    {
      "index": 13,
      "tokens": [
        {
          "index": 1,
          "word": "Customer",
          "originalText": "Customer",
          "characterOffsetBegin": 690,
          "characterOffsetEnd": 698,
          "before": "",
          "after": ""
        },
        {
          "index": 2,
          "word": ":",
          "originalText": ":",
          "characterOffsetBegin": 698,
          "characterOffsetEnd": 699,
          "before": "",
          "after": " "
        },
        {
          "index": 3,
          "word": "@GWRHelp",
          "originalText": "@GWRHelp",
          "characterOffsetBegin": 700,
          "characterOffsetEnd": 708,
          "before": " ",
          "after": " "
        },
        {
          "index": 4,
          "word": "Are",
          "originalText": "Are",
          "characterOffsetBegin": 709,
          "characterOffsetEnd": 712,
          "before": " ",
          "after": " "
        },
        {
          "index": 5,
          "word": "these",
          "originalText": "these",
          "characterOffsetBegin": 713,
          "characterOffsetEnd": 718,
          "before": " ",
          "after": " "
        },
        {
          "index": 6,
          "word": "new",
          "originalText": "new",
          "characterOffsetBegin": 719,
          "characterOffsetEnd": 722,
          "before": " ",
          "after": " "
        },
        {
          "index": 7,
          "word": "trains",
          "originalText": "trains",
          "characterOffsetBegin": 723,
          "characterOffsetEnd": 729,
          "before": " ",
          "after": " "
        },
        {
          "index": 8,
          "word": "-",
          "originalText": "-",
          "characterOffsetBegin": 730,
          "characterOffsetEnd": 731,
          "before": " ",
          "after": " "
        },
        {
          "index": 9,
          "word": "bought",
          "originalText": "bought",
          "characterOffsetBegin": 732,
          "characterOffsetEnd": 738,
          "before": " ",
          "after": " "
        },
        {
          "index": 10,
          "word": "by",
          "originalText": "by",
          "characterOffsetBegin": 739,
          "characterOffsetEnd": 741,
          "before": " ",
          "after": " "
        },
        {
          "index": 11,
          "word": "1st",
          "originalText": "1st",
          "characterOffsetBegin": 742,
          "characterOffsetEnd": 745,
          "before": " ",
          "after": " "
        },
        {
          "index": 12,
          "word": "class",
          "originalText": "class",
          "characterOffsetBegin": 746,
          "characterOffsetEnd": 751,
          "before": " ",
          "after": " "
        },
        {
          "index": 13,
          "word": "ticket",
          "originalText": "ticket",
          "characterOffsetBegin": 752,
          "characterOffsetEnd": 758,
          "before": " ",
          "after": ""
        },
        {
          "index": 14,
          "word": ",",
          "originalText": ",",
          "characterOffsetBegin": 758,
          "characterOffsetEnd": 759,
          "before": "",
          "after": " "
        },
        {
          "index": 15,
          "word": "but",
          "originalText": "but",
          "characterOffsetBegin": 760,
          "characterOffsetEnd": 763,
          "before": " ",
          "after": " "
        },
        {
          "index": 16,
          "word": "this",
          "originalText": "this",
          "characterOffsetBegin": 764,
          "characterOffsetEnd": 768,
          "before": " ",
          "after": " "
        },
        {
          "index": 17,
          "word": "is",
          "originalText": "is",
          "characterOffsetBegin": 769,
          "characterOffsetEnd": 771,
          "before": " ",
          "after": " "
        },
        {
          "index": 18,
          "word": "sub",
          "originalText": "sub",
          "characterOffsetBegin": 772,
          "characterOffsetEnd": 775,
          "before": " ",
          "after": " "
        },
        {
          "index": 19,
          "word": "standard",
          "originalText": "standard",
          "characterOffsetBegin": 776,
          "characterOffsetEnd": 784,
          "before": " ",
          "after": " "
        },
        {
          "index": 20,
          "word": "and",
          "originalText": "and",
          "characterOffsetBegin": 785,
          "characterOffsetEnd": 788,
          "before": " ",
          "after": " "
        },
        {
          "index": 21,
          "word": "completely",
          "originalText": "completely",
          "characterOffsetBegin": 789,
          "characterOffsetEnd": 799,
          "before": " ",
          "after": " "
        },
        {
          "index": 22,
          "word": "unacceptable",
          "originalText": "unacceptable",
          "characterOffsetBegin": 800,
          "characterOffsetEnd": 812,
          "before": " ",
          "after": " "
        },
        {
          "index": 23,
          "word": "-",
          "originalText": "-",
          "characterOffsetBegin": 813,
          "characterOffsetEnd": 814,
          "before": " ",
          "after": " "
        },
        {
          "index": 24,
          "word": "feel",
          "originalText": "feel",
          "characterOffsetBegin": 815,
          "characterOffsetEnd": 819,
          "before": " ",
          "after": " "
        },
        {
          "index": 25,
          "word": "cheated",
          "originalText": "cheated",
          "characterOffsetBegin": 820,
          "characterOffsetEnd": 827,
          "before": " ",
          "after": " "
        },
        {
          "index": 26,
          "word": "-",
          "originalText": "-",
          "characterOffsetBegin": 828,
          "characterOffsetEnd": 829,
          "before": " ",
          "after": " "
        },
        {
          "index": 27,
          "word": "disgraceful",
          "originalText": "disgraceful",
          "characterOffsetBegin": 830,
          "characterOffsetEnd": 841,
          "before": " ",
          "after": ""
        }
      ]
    },
    {
      "index": 14,
      "tokens": [
        {
          "index": 1,
          "word": "Agent",
          "originalText": "Agent",
          "characterOffsetBegin": 843,
          "characterOffsetEnd": 848,
          "before": "",
          "after": ""
        },
        {
          "index": 2,
          "word": ":",
          "originalText": ":",
          "characterOffsetBegin": 848,
          "characterOffsetEnd": 849,
          "before": "",
          "after": " "
        },
        {
          "index": 3,
          "word": "@",
          "originalText": "@",
          "characterOffsetBegin": 850,
          "characterOffsetEnd": 851,
          "before": " ",
          "after": ""
        },
        {
          "index": 4,
          "word": "120729",
          "originalText": "120729",
          "characterOffsetBegin": 851,
          "characterOffsetEnd": 857,
          "before": "",
          "after": " "
        },
        {
          "index": 5,
          "word": "Sorry",
          "originalText": "Sorry",
          "characterOffsetBegin": 858,
          "characterOffsetEnd": 863,
          "before": " ",
          "after": " "
        },
        {
          "index": 6,
          "word": "you",
          "originalText": "you",
          "characterOffsetBegin": 864,
          "characterOffsetEnd": 867,
          "before": " ",
          "after": " "
        },
        {
          "index": 7,
          "word": "feel",
          "originalText": "feel",
          "characterOffsetBegin": 868,
          "characterOffsetEnd": 872,
          "before": " ",
          "after": " "
        },
        {
          "index": 8,
          "word": "like",
          "originalText": "like",
          "characterOffsetBegin": 873,
          "characterOffsetEnd": 877,
          "before": " ",
          "after": " "
        },
        {
          "index": 9,
          "word": "this",
          "originalText": "this",
          "characterOffsetBegin": 878,
          "characterOffsetEnd": 882,
          "before": " ",
          "after": " "
        },
        {
          "index": 10,
          "word": "Simon",
          "originalText": "Simon",
          "characterOffsetBegin": 883,
          "characterOffsetEnd": 888,
          "before": " ",
          "after": ""
        },
        {
          "index": 11,
          "word": ".",
          "originalText": ".",
          "characterOffsetBegin": 888,
          "characterOffsetEnd": 889,
          "before": "",
          "after": ""
        }
      ]
    },
    {
      "index": 15,
      "tokens": [
        {
          "index": 1,
          "word": "This",
          "originalText": "This",
          "characterOffsetBegin": 891,
          "characterOffsetEnd": 895,
          "before": "",
          "after": " "
        },
        {
          "index": 2,
          "word": "service",
          "originalText": "service",
          "characterOffsetBegin": 896,
          "characterOffsetEnd": 903,
          "before": " ",
          "after": " "
        },
        {
          "index": 3,
          "word": "is",
          "originalText": "is",
          "characterOffsetBegin": 904,
          "characterOffsetEnd": 906,
          "before": " ",
          "after": " "
        },
        {
          "index": 4,
          "word": "not",
          "originalText": "not",
          "characterOffsetBegin": 907,
          "characterOffsetEnd": 910,
          "before": " ",
          "after": " "
        },
        {
          "index": 5,
          "word": "one",
          "originalText": "one",
          "characterOffsetBegin": 911,
          "characterOffsetEnd": 914,
          "before": " ",
          "after": " "
        },
        {
          "index": 6,
          "word": "of",
          "originalText": "of",
          "characterOffsetBegin": 915,
          "characterOffsetEnd": 917,
          "before": " ",
          "after": " "
        },
        {
          "index": 7,
          "word": "our",
          "originalText": "our",
          "characterOffsetBegin": 918,
          "characterOffsetEnd": 921,
          "before": " ",
          "after": " "
        },
        {
          "index": 8,
          "word": "new",
          "originalText": "new",
          "characterOffsetBegin": 922,
          "characterOffsetEnd": 925,
          "before": " ",
          "after": " "
        },
        {
          "index": 9,
          "word": "services",
          "originalText": "services",
          "characterOffsetBegin": 926,
          "characterOffsetEnd": 934,
          "before": " ",
          "after": ""
        },
        {
          "index": 10,
          "word": ".",
          "originalText": ".",
          "characterOffsetBegin": 934,
          "characterOffsetEnd": 935,
          "before": "",
          "after": ""
        }
      ]
    },
    {
      "index": 16,
      "tokens": [
        {
          "index": 1,
          "word": "To",
          "originalText": "To",
          "characterOffsetBegin": 937,
          "characterOffsetEnd": 939,
          "before": "",
          "after": " "
        },
        {
          "index": 2,
          "word": "make",
          "originalText": "make",
          "characterOffsetBegin": 940,
          "characterOffsetEnd": 944,
          "before": " ",
          "after": " "
        },
        {
          "index": 3,
          "word": "a",
          "originalText": "a",
          "characterOffsetBegin": 945,
          "characterOffsetEnd": 946,
          "before": " ",
          "after": " "
        },
        {
          "index": 4,
          "word": "complaint",
          "originalText": "complaint",
          "characterOffsetBegin": 947,
          "characterOffsetEnd": 956,
          "before": " ",
          "after": " "
        },
        {
          "index": 5,
          "word": "please",
          "originalText": "please",
          "characterOffsetBegin": 957,
          "characterOffsetEnd": 963,
          "before": " ",
          "after": " "
        },
        {
          "index": 6,
          "word": "email",
          "originalText": "email",
          "characterOffsetBegin": 964,
          "characterOffsetEnd": 969,
          "before": " ",
          "after": " "
        },
        {
          "index": 7,
          "word": "__",
          "originalText": "__",
          "characterOffsetBegin": 970,
          "characterOffsetEnd": 972,
          "before": " ",
          "after": ""
        },
        {
          "index": 8,
          "word": "email",
          "originalText": "email",
          "characterOffsetBegin": 972,
          "characterOffsetEnd": 977,
          "before": "",
          "after": ""
        },
        {
          "index": 9,
          "word": "__",
          "originalText": "__",
          "characterOffsetBegin": 977,
          "characterOffsetEnd": 979,
          "before": "",
          "after": " "
        },
        {
          "index": 10,
          "word": "-",
          "originalText": "-",
          "characterOffsetBegin": 980,
          "characterOffsetEnd": 981,
          "before": " ",
          "after": " "
        },
        {
          "index": 11,
          "word": "Josh",
          "originalText": "Josh",
          "characterOffsetBegin": 982,
          "characterOffsetEnd": 986,
          "before": " ",
          "after": ""
        }
      ]
    },
    {
      "index": 17,
      "tokens": [
        {
          "index": 1,
          "word": "@highlight",
          "originalText": "@highlight",
          "characterOffsetBegin": 988,
          "characterOffsetEnd": 998,
          "before": "",
          "after": ""
        }
      ]
    },
    {
      "index": 18,
      "tokens": [
        {
          "index": 1,
          "word": "Customer",
          "originalText": "Customer",
          "characterOffsetBegin": 1000,
          "characterOffsetEnd": 1008,
          "before": "",
          "after": ""
        },
        {
          "index": 2,
          "word": ":",
          "originalText": ":",
          "characterOffsetBegin": 1008,
          "characterOffsetEnd": 1009,
          "before": "",
          "after": " "
        },
        {
          "index": 3,
          "word": "@GWRHelp",
          "originalText": "@GWRHelp",
          "characterOffsetBegin": 1010,
          "characterOffsetEnd": 1018,
          "before": " ",
          "after": "  "
        },
        {
          "index": 4,
          "word": "are",
          "originalText": "are",
          "characterOffsetBegin": 1020,
          "characterOffsetEnd": 1023,
          "before": "  ",
          "after": " "
        },
        {
          "index": 5,
          "word": "trains",
          "originalText": "trains",
          "characterOffsetBegin": 1024,
          "characterOffsetEnd": 1030,
          "before": " ",
          "after": " "
        },
        {
          "index": 6,
          "word": "from",
          "originalText": "from",
          "characterOffsetBegin": 1031,
          "characterOffsetEnd": 1035,
          "before": " ",
          "after": " "
        },
        {
          "index": 7,
          "word": "London",
          "originalText": "London",
          "characterOffsetBegin": 1036,
          "characterOffsetEnd": 1042,
          "before": " ",
          "after": " "
        },
        {
          "index": 8,
          "word": "Paddington",
          "originalText": "Paddington",
          "characterOffsetBegin": 1043,
          "characterOffsetEnd": 1053,
          "before": " ",
          "after": " "
        },
        {
          "index": 9,
          "word": "to",
          "originalText": "to",
          "characterOffsetBegin": 1054,
          "characterOffsetEnd": 1056,
          "before": " ",
          "after": " "
        },
        {
          "index": 10,
          "word": "Hereford",
          "originalText": "Hereford",
          "characterOffsetBegin": 1057,
          "characterOffsetEnd": 1065,
          "before": " ",
          "after": " "
        },
        {
          "index": 11,
          "word": "tomorrow",
          "originalText": "tomorrow",
          "characterOffsetBegin": 1066,
          "characterOffsetEnd": 1074,
          "before": " ",
          "after": " "
        },
        {
          "index": 12,
          "word": "delayed",
          "originalText": "delayed",
          "characterOffsetBegin": 1075,
          "characterOffsetEnd": 1082,
          "before": " ",
          "after": " "
        },
        {
          "index": 13,
          "word": "or",
          "originalText": "or",
          "characterOffsetBegin": 1083,
          "characterOffsetEnd": 1085,
          "before": " ",
          "after": " "
        },
        {
          "index": 14,
          "word": "cancelled",
          "originalText": "cancelled",
          "characterOffsetBegin": 1086,
          "characterOffsetEnd": 1095,
          "before": " ",
          "after": ""
        },
        {
          "index": 15,
          "word": "?",
          "originalText": "?",
          "characterOffsetBegin": 1095,
          "characterOffsetEnd": 1096,
          "before": "",
          "after": ""
        }
      ]
    },
    {
      "index": 19,
      "tokens": [
        {
          "index": 1,
          "word": "@highlight",
          "originalText": "@highlight",
          "characterOffsetBegin": 1098,
          "characterOffsetEnd": 1108,
          "before": "",
          "after": ""
        }
      ]
    },
    {
      "index": 20,
      "tokens": [
        {
          "index": 1,
          "word": "@GWRHelp",
          "originalText": "@GWRHelp",
          "characterOffsetBegin": 1110,
          "characterOffsetEnd": 1118,
          "before": "",
          "after": " "
        },
        {
          "index": 2,
          "word": "Good",
          "originalText": "Good",
          "characterOffsetBegin": 1119,
          "characterOffsetEnd": 1123,
          "before": " ",
          "after": " "
        },
        {
          "index": 3,
          "word": "morning",
          "originalText": "morning",
          "characterOffsetBegin": 1124,
          "characterOffsetEnd": 1131,
          "before": " ",
          "after": ""
        },
        {
          "index": 4,
          "word": ",",
          "originalText": ",",
          "characterOffsetBegin": 1131,
          "characterOffsetEnd": 1132,
          "before": "",
          "after": " "
        },
        {
          "index": 5,
          "word": "what",
          "originalText": "what",
          "characterOffsetBegin": 1133,
          "characterOffsetEnd": 1137,
          "before": " ",
          "after": " "
        },
        {
          "index": 6,
          "word": "is",
          "originalText": "is",
          "characterOffsetBegin": 1138,
          "characterOffsetEnd": 1140,
          "before": " ",
          "after": " "
        },
        {
          "index": 7,
          "word": "the",
          "originalText": "the",
          "characterOffsetBegin": 1141,
          "characterOffsetEnd": 1144,
          "before": " ",
          "after": " "
        },
        {
          "index": 8,
          "word": "delay",
          "originalText": "delay",
          "characterOffsetBegin": 1145,
          "characterOffsetEnd": 1150,
          "before": " ",
          "after": " "
        },
        {
          "index": 9,
          "word": "on",
          "originalText": "on",
          "characterOffsetBegin": 1151,
          "characterOffsetEnd": 1153,
          "before": " ",
          "after": " "
        },
        {
          "index": 10,
          "word": "the",
          "originalText": "the",
          "characterOffsetBegin": 1154,
          "characterOffsetEnd": 1157,
          "before": " ",
          "after": " "
        },
        {
          "index": 11,
          "word": "8.20",
          "originalText": "8.20",
          "characterOffsetBegin": 1158,
          "characterOffsetEnd": 1162,
          "before": " ",
          "after": " "
        },
        {
          "index": 12,
          "word": "paddington",
          "originalText": "paddington",
          "characterOffsetBegin": 1163,
          "characterOffsetEnd": 1173,
          "before": " ",
          "after": " "
        },
        {
          "index": 13,
          "word": "to",
          "originalText": "to",
          "characterOffsetBegin": 1174,
          "characterOffsetEnd": 1176,
          "before": " ",
          "after": " "
        },
        {
          "index": 14,
          "word": "Hereford",
          "originalText": "Hereford",
          "characterOffsetBegin": 1177,
          "characterOffsetEnd": 1185,
          "before": " ",
          "after": " "
        },
        {
          "index": 15,
          "word": "train",
          "originalText": "train",
          "characterOffsetBegin": 1186,
          "characterOffsetEnd": 1191,
          "before": " ",
          "after": " "
        },
        {
          "index": 16,
          "word": "this",
          "originalText": "this",
          "characterOffsetBegin": 1192,
          "characterOffsetEnd": 1196,
          "before": " ",
          "after": " "
        },
        {
          "index": 17,
          "word": "morning",
          "originalText": "morning",
          "characterOffsetBegin": 1197,
          "characterOffsetEnd": 1204,
          "before": " ",
          "after": ""
        },
        {
          "index": 18,
          "word": "?",
          "originalText": "?",
          "characterOffsetBegin": 1204,
          "characterOffsetEnd": 1205,
          "before": "",
          "after": ""
        }
      ]
    },
    {
      "index": 21,
      "tokens": [
        {
          "index": 1,
          "word": "@highlight",
          "originalText": "@highlight",
          "characterOffsetBegin": 1207,
          "characterOffsetEnd": 1217,
          "before": "",
          "after": ""
        }
      ]
    },
    {
      "index": 22,
      "tokens": [
        {
          "index": 1,
          "word": "Agent",
          "originalText": "Agent",
          "characterOffsetBegin": 1219,
          "characterOffsetEnd": 1224,
          "before": "",
          "after": ""
        },
        {
          "index": 2,
          "word": ":",
          "originalText": ":",
          "characterOffsetBegin": 1224,
          "characterOffsetEnd": 1225,
          "before": "",
          "after": " "
        },
        {
          "index": 3,
          "word": "@",
          "originalText": "@",
          "characterOffsetBegin": 1226,
          "characterOffsetEnd": 1227,
          "before": " ",
          "after": ""
        },
        {
          "index": 4,
          "word": "120729",
          "originalText": "120729",
          "characterOffsetBegin": 1227,
          "characterOffsetEnd": 1233,
          "before": "",
          "after": " "
        },
        {
          "index": 5,
          "word": "There",
          "originalText": "There",
          "characterOffsetBegin": 1234,
          "characterOffsetEnd": 1239,
          "before": " ",
          "after": " "
        },
        {
          "index": 6,
          "word": "are",
          "originalText": "are",
          "characterOffsetBegin": 1240,
          "characterOffsetEnd": 1243,
          "before": " ",
          "after": " "
        },
        {
          "index": 7,
          "word": "expected",
          "originalText": "expected",
          "characterOffsetBegin": 1244,
          "characterOffsetEnd": 1252,
          "before": " ",
          "after": " "
        },
        {
          "index": 8,
          "word": "to",
          "originalText": "to",
          "characterOffsetBegin": 1253,
          "characterOffsetEnd": 1255,
          "before": " ",
          "after": " "
        },
        {
          "index": 9,
          "word": "be",
          "originalText": "be",
          "characterOffsetBegin": 1256,
          "characterOffsetEnd": 1258,
          "before": " ",
          "after": " "
        },
        {
          "index": 10,
          "word": "signalling",
          "originalText": "signalling",
          "characterOffsetBegin": 1259,
          "characterOffsetEnd": 1269,
          "before": " ",
          "after": " "
        },
        {
          "index": 11,
          "word": "issues",
          "originalText": "issues",
          "characterOffsetBegin": 1270,
          "characterOffsetEnd": 1276,
          "before": " ",
          "after": " "
        },
        {
          "index": 12,
          "word": "between",
          "originalText": "between",
          "characterOffsetBegin": 1277,
          "characterOffsetEnd": 1284,
          "before": " ",
          "after": " "
        },
        {
          "index": 13,
          "word": "Paddington",
          "originalText": "Paddington",
          "characterOffsetBegin": 1285,
          "characterOffsetEnd": 1295,
          "before": " ",
          "after": " "
        },
        {
          "index": 14,
          "word": "and",
          "originalText": "and",
          "characterOffsetBegin": 1296,
          "characterOffsetEnd": 1299,
          "before": " ",
          "after": " "
        },
        {
          "index": 15,
          "word": "Hayes",
          "originalText": "Hayes",
          "characterOffsetBegin": 1300,
          "characterOffsetEnd": 1305,
          "before": " ",
          "after": " "
        },
        {
          "index": 16,
          "word": "and",
          "originalText": "and",
          "characterOffsetBegin": 1306,
          "characterOffsetEnd": 1309,
          "before": " ",
          "after": " "
        },
        {
          "index": 17,
          "word": "Harlington",
          "originalText": "Harlington",
          "characterOffsetBegin": 1310,
          "characterOffsetEnd": 1320,
          "before": " ",
          "after": ""
        },
        {
          "index": 18,
          "word": ",",
          "originalText": ",",
          "characterOffsetBegin": 1320,
          "characterOffsetEnd": 1321,
          "before": "",
          "after": " "
        },
        {
          "index": 19,
          "word": "but",
          "originalText": "but",
          "characterOffsetBegin": 1322,
          "characterOffsetEnd": 1325,
          "before": " ",
          "after": " "
        },
        {
          "index": 20,
          "word": "no",
          "originalText": "no",
          "characterOffsetBegin": 1326,
          "characterOffsetEnd": 1328,
          "before": " ",
          "after": " "
        },
        {
          "index": 21,
          "word": "cancellations",
          "originalText": "cancellations",
          "characterOffsetBegin": 1329,
          "characterOffsetEnd": 1342,
          "before": " ",
          "after": " "
        },
        {
          "index": 22,
          "word": "expected",
          "originalText": "expected",
          "characterOffsetBegin": 1343,
          "characterOffsetEnd": 1351,
          "before": " ",
          "after": ""
        },
        {
          "index": 23,
          "word": ".",
          "originalText": ".",
          "characterOffsetBegin": 1351,
          "characterOffsetEnd": 1352,
          "before": "",
          "after": ""
        }
      ]
    },
    {
      "index": 23,
      "tokens": [
        {
          "index": 1,
          "word": "@highlight",
          "originalText": "@highlight",
          "characterOffsetBegin": 1354,
          "characterOffsetEnd": 1364,
          "before": "",
          "after": ""
        }
      ]
    },
    {
      "index": 24,
      "tokens": [
        {
          "index": 1,
          "word": "You",
          "originalText": "You",
          "characterOffsetBegin": 1366,
          "characterOffsetEnd": 1369,
          "before": "",
          "after": " "
        },
        {
          "index": 2,
          "word": "can",
          "originalText": "can",
          "characterOffsetBegin": 1370,
          "characterOffsetEnd": 1373,
          "before": " ",
          "after": " "
        },
        {
          "index": 3,
          "word": "check",
          "originalText": "check",
          "characterOffsetBegin": 1374,
          "characterOffsetEnd": 1379,
          "before": " ",
          "after": " "
        },
        {
          "index": 4,
          "word": "with",
          "originalText": "with",
          "characterOffsetBegin": 1380,
          "characterOffsetEnd": 1384,
          "before": " ",
          "after": " "
        },
        {
          "index": 5,
          "word": "us",
          "originalText": "us",
          "characterOffsetBegin": 1385,
          "characterOffsetEnd": 1387,
          "before": " ",
          "after": " "
        },
        {
          "index": 6,
          "word": "in",
          "originalText": "in",
          "characterOffsetBegin": 1388,
          "characterOffsetEnd": 1390,
          "before": " ",
          "after": " "
        },
        {
          "index": 7,
          "word": "the",
          "originalText": "the",
          "characterOffsetBegin": 1391,
          "characterOffsetEnd": 1394,
          "before": " ",
          "after": " "
        },
        {
          "index": 8,
          "word": "AM",
          "originalText": "AM",
          "characterOffsetBegin": 1395,
          "characterOffsetEnd": 1397,
          "before": " ",
          "after": " "
        },
        {
          "index": 9,
          "word": "too",
          "originalText": "too",
          "characterOffsetBegin": 1398,
          "characterOffsetEnd": 1401,
          "before": " ",
          "after": ""
        },
        {
          "index": 10,
          "word": ".",
          "originalText": ".",
          "characterOffsetBegin": 1401,
          "characterOffsetEnd": 1402,
          "before": "",
          "after": ""
        }
      ]
    }
  ]
}