{
  "sentences": [
    {
      "index": 0,
      "tokens": [
        {
          "index": 1,
          "word": "Customer",
          "originalText": "Customer",
          "characterOffsetBegin": 0,
          "characterOffsetEnd": 8,
          "before": "",
          "after": ""
        },
        {
          "index": 2,
          "word": ":",
          "originalText": ":",
          "characterOffsetBegin": 8,
          "characterOffsetEnd": 9,
          "before": "",
          "after": " "
        },
        {
          "index": 3,
          "word": "@SouthwestAir",
          "originalText": "@SouthwestAir",
          "characterOffsetBegin": 10,
          "characterOffsetEnd": 23,
          "before": " ",
          "after": " "
        },
        {
          "index": 4,
          "word": "your",
          "originalText": "your",
          "characterOffsetBegin": 24,
          "characterOffsetEnd": 28,
          "before": " ",
          "after": " "
        },
        {
          "index": 5,
          "word": "San",
          "originalText": "San",
          "characterOffsetBegin": 29,
          "characterOffsetEnd": 32,
          "before": " ",
          "after": " "
        },
        {
          "index": 6,
          "word": "Antonio",
          "originalText": "Antonio",
          "characterOffsetBegin": 33,
          "characterOffsetEnd": 40,
          "before": " ",
          "after": " "
        },
        {
          "index": 7,
          "word": "baggage",
          "originalText": "baggage",
          "characterOffsetBegin": 41,
          "characterOffsetEnd": 48,
          "before": " ",
          "after": " "
        },
        {
          "index": 8,
          "word": "agents",
          "originalText": "agents",
          "characterOffsetBegin": 49,
          "characterOffsetEnd": 55,
          "before": " ",
          "after": " "
        },
        {
          "index": 9,
          "word": "are",
          "originalText": "are",
          "characterOffsetBegin": 56,
          "characterOffsetEnd": 59,
          "before": " ",
          "after": " "
        },
        {
          "index": 10,
          "word": "kinda",
          "originalText": "kinda",
          "characterOffsetBegin": 60,
          "characterOffsetEnd": 65,
          "before": " ",
          "after": " "
        },
        {
          "index": 11,
          "word": "terrible",
          "originalText": "terrible",
          "characterOffsetBegin": 66,
          "characterOffsetEnd": 74,
          "before": " ",
          "after": ""
        },
        {
          "index": 12,
          "word": ".",
          "originalText": ".",
          "characterOffsetBegin": 74,
          "characterOffsetEnd": 75,
          "before": "",
          "after": ""
        }
      ]
    },
    {
      "index": 1,
      "tokens": [
        {
          "index": 1,
          "word": "And",
          "originalText": "And",
          "characterOffsetBegin": 77,
          "characterOffsetEnd": 80,
          "before": "",
          "after": " "
        },
        {
          "index": 2,
          "word": "the",
          "originalText": "the",
          "characterOffsetBegin": 81,
          "characterOffsetEnd": 84,
          "before": " ",
          "after": " "
        },
        {
          "index": 3,
          "word": "text",
          "originalText": "text",
          "characterOffsetBegin": 85,
          "characterOffsetEnd": 89,
          "before": " ",
          "after": " "
        },
        {
          "index": 4,
          "word": "for",
          "originalText": "for",
          "characterOffsetBegin": 90,
          "characterOffsetEnd": 93,
          "before": " ",
          "after": " "
        },
        {
          "index": 5,
          "word": "my",
          "originalText": "my",
          "characterOffsetBegin": 94,
          "characterOffsetEnd": 96,
          "before": " ",
          "after": " "
        },
        {
          "index": 6,
          "word": "delayed",
          "originalText": "delayed",
          "characterOffsetBegin": 97,
          "characterOffsetEnd": 104,
          "before": " ",
          "after": " "
        },
        {
          "index": 7,
          "word": "flight",
          "originalText": "flight",
          "characterOffsetBegin": 105,
          "characterOffsetEnd": 111,
          "before": " ",
          "after": " "
        },
        {
          "index": 8,
          "word": "from",
          "originalText": "from",
          "characterOffsetBegin": 112,
          "characterOffsetEnd": 116,
          "before": " ",
          "after": " "
        },
        {
          "index": 9,
          "word": "Dallas",
          "originalText": "Dallas",
          "characterOffsetBegin": 117,
          "characterOffsetEnd": 123,
          "before": " ",
          "after": " "
        },
        {
          "index": 10,
          "word": "to",
          "originalText": "to",
          "characterOffsetBegin": 124,
          "characterOffsetEnd": 126,
          "before": " ",
          "after": " "
        },
        {
          "index": 11,
          "word": "Detroit",
          "originalText": "Detroit",
          "characterOffsetBegin": 127,
          "characterOffsetEnd": 134,
          "before": " ",
          "after": " "
        },
        {
          "index": 12,
          "word": "pissed",
          "originalText": "pissed",
          "characterOffsetBegin": 135,
          "characterOffsetEnd": 141,
          "before": " ",
          "after": " "
        },
        {
          "index": 13,
          "word": "me",
          "originalText": "me",
          "characterOffsetBegin": 142,
          "characterOffsetEnd": 144,
          "before": " ",
          "after": " "
        },
        {
          "index": 14,
          "word": "off",
          "originalText": "off",
          "characterOffsetBegin": 145,
          "characterOffsetEnd": 148,
          "before": " ",
          "after": ""
        },
        {
          "index": 15,
          "word": "!",
          "originalText": "!",
          "characterOffsetBegin": 148,
          "characterOffsetEnd": 149,
          "before": "",
          "after": ""
        }
      ]
    },
    {
      "index": 2,
      "tokens": [
        {
          "index": 1,
          "word": "This",
          "originalText": "This",
          "characterOffsetBegin": 151,
          "characterOffsetEnd": 155,
          "before": "",
          "after": " "
        },
        {
          "index": 2,
          "word": "mean",
          "originalText": "mean",
          "characterOffsetBegin": 156,
          "characterOffsetEnd": 160,
          "before": " ",
          "after": " "
        },
        {
          "index": 3,
          "word": "I",
          "originalText": "I",
          "characterOffsetBegin": 161,
          "characterOffsetEnd": 162,
          "before": " ",
          "after": " "
        },
        {
          "index": 4,
          "word": "wo",
          "originalText": "wo",
          "characterOffsetBegin": 163,
          "characterOffsetEnd": 165,
          "before": " ",
          "after": ""
        },
        {
          "index": 5,
          "word": "n't",
          "originalText": "n't",
          "characterOffsetBegin": 165,
          "characterOffsetEnd": 168,
          "before": "",
          "after": " "
        },
        {
          "index": 6,
          "word": "get",
          "originalText": "get",
          "characterOffsetBegin": 169,
          "characterOffsetEnd": 172,
          "before": " ",
          "after": " "
        },
        {
          "index": 7,
          "word": "home",
          "originalText": "home",
          "characterOffsetBegin": 173,
          "characterOffsetEnd": 177,
          "before": " ",
          "after": " "
        },
        {
          "index": 8,
          "word": "till",
          "originalText": "till",
          "characterOffsetBegin": 178,
          "characterOffsetEnd": 182,
          "before": " ",
          "after": " "
        },
        {
          "index": 9,
          "word": "about",
          "originalText": "about",
          "characterOffsetBegin": 183,
          "characterOffsetEnd": 188,
          "before": " ",
          "after": " "
        },
        {
          "index": 10,
          "word": "2",
          "originalText": "2",
          "characterOffsetBegin": 189,
          "characterOffsetEnd": 190,
          "before": " ",
          "after": " "
        },
        {
          "index": 11,
          "word": "am",
          "originalText": "am",
          "characterOffsetBegin": 191,
          "characterOffsetEnd": 193,
          "before": " ",
          "after": " "
        },
        {
          "index": 12,
          "word": "and",
          "originalText": "and",
          "characterOffsetBegin": 194,
          "characterOffsetEnd": 197,
          "before": " ",
          "after": " "
        },
        {
          "index": 13,
          "word": "I",
          "originalText": "I",
          "characterOffsetBegin": 198,
          "characterOffsetEnd": 199,
          "before": " ",
          "after": " "
        },
        {
          "index": 14,
          "word": "work",
          "originalText": "work",
          "characterOffsetBegin": 200,
          "characterOffsetEnd": 204,
          "before": " ",
          "after": " "
        },
        {
          "index": 15,
          "word": "tomorrow",
          "originalText": "tomorrow",
          "characterOffsetBegin": 205,
          "characterOffsetEnd": 213,
          "before": " ",
          "after": ""
        },
        {
          "index": 16,
          "word": ".",
          "originalText": ".",
          "characterOffsetBegin": 213,
          "characterOffsetEnd": 214,
          "before": "",
          "after": ""
        }
      ]
    },
    {
      "index": 3,
      "tokens": [
        {
          "index": 1,
          "word": "What",
          "originalText": "What",
          "characterOffsetBegin": 216,
          "characterOffsetEnd": 220,
          "before": "",
          "after": " "
        },
        {
          "index": 2,
          "word": "is",
          "originalText": "is",
          "characterOffsetBegin": 221,
          "characterOffsetEnd": 223,
          "before": " ",
          "after": " "
        },
        {
          "index": 3,
          "word": "wrong",
          "originalText": "wrong",
          "characterOffsetBegin": 224,
          "characterOffsetEnd": 229,
          "before": " ",
          "after": " "
        },
        {
          "index": 4,
          "word": "with",
          "originalText": "with",
          "characterOffsetBegin": 230,
          "characterOffsetEnd": 234,
          "before": " ",
          "after": " "
        },
        {
          "index": 5,
          "word": "you",
          "originalText": "you",
          "characterOffsetBegin": 235,
          "characterOffsetEnd": 238,
          "before": " ",
          "after": " "
        },
        {
          "index": 6,
          "word": "that",
          "originalText": "that",
          "characterOffsetBegin": 239,
          "characterOffsetEnd": 243,
          "before": " ",
          "after": ""
        },
        {
          "index": 7,
          "word": "'s",
          "originalText": "'s",
          "characterOffsetBegin": 243,
          "characterOffsetEnd": 245,
          "before": "",
          "after": " "
        },
        {
          "index": 8,
          "word": "over",
          "originalText": "over",
          "characterOffsetBegin": 246,
          "characterOffsetEnd": 250,
          "before": " ",
          "after": " "
        },
        {
          "index": 9,
          "word": "a",
          "originalText": "a",
          "characterOffsetBegin": 251,
          "characterOffsetEnd": 252,
          "before": " ",
          "after": " "
        },
        {
          "index": 10,
          "word": "2",
          "originalText": "2",
          "characterOffsetBegin": 253,
          "characterOffsetEnd": 254,
          "before": " ",
          "after": " "
        },
        {
          "index": 11,
          "word": "hour",
          "originalText": "hour",
          "characterOffsetBegin": 255,
          "characterOffsetEnd": 259,
          "before": " ",
          "after": " "
        },
        {
          "index": 12,
          "word": "delay",
          "originalText": "delay",
          "characterOffsetBegin": 260,
          "characterOffsetEnd": 265,
          "before": " ",
          "after": ""
        }
      ]
    },
    {
      "index": 4,
      "tokens": [
        {
          "index": 1,
          "word": "Agent",
          "originalText": "Agent",
          "characterOffsetBegin": 267,
          "characterOffsetEnd": 272,
          "before": "",
          "after": ""
        },
        {
          "index": 2,
          "word": ":",
          "originalText": ":",
          "characterOffsetBegin": 272,
          "characterOffsetEnd": 273,
          "before": "",
          "after": " "
        },
        {
          "index": 3,
          "word": "@",
          "originalText": "@",
          "characterOffsetBegin": 274,
          "characterOffsetEnd": 275,
          "before": " ",
          "after": ""
        },
        {
          "index": 4,
          "word": "282826",
          "originalText": "282826",
          "characterOffsetBegin": 275,
          "characterOffsetEnd": 281,
          "before": "",
          "after": " "
        },
        {
          "index": 5,
          "word": "We",
          "originalText": "We",
          "characterOffsetBegin": 282,
          "characterOffsetEnd": 284,
          "before": " ",
          "after": ""
        },
        {
          "index": 6,
          "word": "'re",
          "originalText": "'re",
          "characterOffsetBegin": 284,
          "characterOffsetEnd": 287,
          "before": "",
          "after": " "
        },
        {
          "index": 7,
          "word": "so",
          "originalText": "so",
          "characterOffsetBegin": 288,
          "characterOffsetEnd": 290,
          "before": " ",
          "after": " "
        },
        {
          "index": 8,
          "word": "sorry",
          "originalText": "sorry",
          "characterOffsetBegin": 291,
          "characterOffsetEnd": 296,
          "before": " ",
          "after": " "
        },
        {
          "index": 9,
          "word": "to",
          "originalText": "to",
          "characterOffsetBegin": 297,
          "characterOffsetEnd": 299,
          "before": " ",
          "after": " "
        },
        {
          "index": 10,
          "word": "learn",
          "originalText": "learn",
          "characterOffsetBegin": 300,
          "characterOffsetEnd": 305,
          "before": " ",
          "after": " "
        },
        {
          "index": 11,
          "word": "of",
          "originalText": "of",
          "characterOffsetBegin": 306,
          "characterOffsetEnd": 308,
          "before": " ",
          "after": " "
        },
        {
          "index": 12,
          "word": "your",
          "originalText": "your",
          "characterOffsetBegin": 309,
          "characterOffsetEnd": 313,
          "before": " ",
          "after": " "
        },
        {
          "index": 13,
          "word": "frustration",
          "originalText": "frustration",
          "characterOffsetBegin": 314,
          "characterOffsetEnd": 325,
          "before": " ",
          "after": " "
        },
        {
          "index": 14,
          "word": "this",
          "originalText": "this",
          "characterOffsetBegin": 326,
          "characterOffsetEnd": 330,
          "before": " ",
          "after": " "
        },
        {
          "index": 15,
          "word": "afternoon",
          "originalText": "afternoon",
          "characterOffsetBegin": 331,
          "characterOffsetEnd": 340,
          "before": " ",
          "after": ""
        },
        {
          "index": 16,
          "word": ",",
          "originalText": ",",
          "characterOffsetBegin": 340,
          "characterOffsetEnd": 341,
          "before": "",
          "after": " "
        },
        {
          "index": 17,
          "word": "Sara",
          "originalText": "Sara",
          "characterOffsetBegin": 342,
          "characterOffsetEnd": 346,
          "before": " ",
          "after": ""
        },
        {
          "index": 18,
          "word": ".",
          "originalText": ".",
          "characterOffsetBegin": 346,
          "characterOffsetEnd": 347,
          "before": "",
          "after": ""
        }
      ]
    },
    {
      "index": 5,
      "tokens": [
        {
          "index": 1,
          "word": "We",
          "originalText": "We",
          "characterOffsetBegin": 349,
          "characterOffsetEnd": 351,
          "before": "",
          "after": " "
        },
        {
          "index": 2,
          "word": "would",
          "originalText": "would",
          "characterOffsetBegin": 352,
          "characterOffsetEnd": 357,
          "before": " ",
          "after": " "
        },
        {
          "index": 3,
          "word": "be",
          "originalText": "be",
          "characterOffsetBegin": 358,
          "characterOffsetEnd": 360,
          "before": " ",
          "after": " "
        },
        {
          "index": 4,
          "word": "glad",
          "originalText": "glad",
          "characterOffsetBegin": 361,
          "characterOffsetEnd": 365,
          "before": " ",
          "after": " "
        },
        {
          "index": 5,
          "word": "to",
          "originalText": "to",
          "characterOffsetBegin": 366,
          "characterOffsetEnd": 368,
          "before": " ",
          "after": " "
        },
        {
          "index": 6,
          "word": "get",
          "originalText": "get",
          "characterOffsetBegin": 369,
          "characterOffsetEnd": 372,
          "before": " ",
          "after": " "
        },
        {
          "index": 7,
          "word": "you",
          "originalText": "you",
          "characterOffsetBegin": 373,
          "characterOffsetEnd": 376,
          "before": " ",
          "after": " "
        },
        {
          "index": 8,
          "word": "a",
          "originalText": "a",
          "characterOffsetBegin": 377,
          "characterOffsetEnd": 378,
          "before": " ",
          "after": " "
        },
        {
          "index": 9,
          "word": "status",
          "originalText": "status",
          "characterOffsetBegin": 379,
          "characterOffsetEnd": 385,
          "before": " ",
          "after": " "
        },
        {
          "index": 10,
          "word": "update",
          "originalText": "update",
          "characterOffsetBegin": 386,
          "characterOffsetEnd": 392,
          "before": " ",
          "after": " "
        },
        {
          "index": 11,
          "word": "on",
          "originalText": "on",
          "characterOffsetBegin": 393,
          "characterOffsetEnd": 395,
          "before": " ",
          "after": " "
        },
        {
          "index": 12,
          "word": "your",
          "originalText": "your",
          "characterOffsetBegin": 396,
          "characterOffsetEnd": 400,
          "before": " ",
          "after": " "
        },
        {
          "index": 13,
          "word": "flight",
          "originalText": "flight",
          "characterOffsetBegin": 401,
          "characterOffsetEnd": 407,
          "before": " ",
          "after": ""
        },
        {
          "index": 14,
          "word": ".",
          "originalText": ".",
          "characterOffsetBegin": 407,
          "characterOffsetEnd": 408,
          "before": "",
          "after": ""
        }
      ]
    },
    {
      "index": 6,
      "tokens": [
        {
          "index": 1,
          "word": "What",
          "originalText": "What",
          "characterOffsetBegin": 410,
          "characterOffsetEnd": 414,
          "before": "",
          "after": " "
        },
        {
          "index": 2,
          "word": "are",
          "originalText": "are",
          "characterOffsetBegin": 415,
          "characterOffsetEnd": 418,
          "before": " ",
          "after": " "
        },
        {
          "index": 3,
          "word": "your",
          "originalText": "your",
          "characterOffsetBegin": 419,
          "characterOffsetEnd": 423,
          "before": " ",
          "after": " "
        },
        {
          "index": 4,
          "word": "Flight",
          "originalText": "Flight",
          "characterOffsetBegin": 424,
          "characterOffsetEnd": 430,
          "before": " ",
          "after": " "
        },
        {
          "index": 5,
          "word": "#",
          "originalText": "#",
          "characterOffsetBegin": 431,
          "characterOffsetEnd": 432,
          "before": " ",
          "after": " "
        },
        {
          "index": 6,
          "word": "and",
          "originalText": "and",
          "characterOffsetBegin": 433,
          "characterOffsetEnd": 436,
          "before": " ",
          "after": " "
        },
        {
          "index": 7,
          "word": "destination",
          "originalText": "destination",
          "characterOffsetBegin": 437,
          "characterOffsetEnd": 448,
          "before": " ",
          "after": ""
        },
        {
          "index": 8,
          "word": "?",
          "originalText": "?",
          "characterOffsetBegin": 448,
          "characterOffsetEnd": 449,
          "before": "",
          "after": ""
        }
      ]
    },
    {
      "index": 7,
      "tokens": [
        {
          "index": 1,
          "word": "^",
          "originalText": "^",
          "characterOffsetBegin": 451,
          "characterOffsetEnd": 452,
          "before": "",
          "after": ""
        },
        {
          "index": 2,
          "word": "AB",
          "originalText": "AB",
          "characterOffsetBegin": 452,
          "characterOffsetEnd": 454,
          "before": "",
          "after": ""
        }
      ]
    },
    {
      "index": 8,
      "tokens": [
        {
          "index": 1,
          "word": "Customer",
          "originalText": "Customer",
          "characterOffsetBegin": 456,
          "characterOffsetEnd": 464,
          "before": "",
          "after": ""
        },
        {
          "index": 2,
          "word": ":",
          "originalText": ":",
          "characterOffsetBegin": 464,
          "characterOffsetEnd": 465,
          "before": "",
          "after": " "
        },
        {
          "index": 3,
          "word": "@SouthwestAir",
          "originalText": "@SouthwestAir",
          "characterOffsetBegin": 466,
          "characterOffsetEnd": 479,
          "before": " ",
          "after": " "
        },
        {
          "index": 4,
          "word": "Dallas",
          "originalText": "Dallas",
          "characterOffsetBegin": 480,
          "characterOffsetEnd": 486,
          "before": " ",
          "after": " "
        },
        {
          "index": 5,
          "word": "to",
          "originalText": "to",
          "characterOffsetBegin": 487,
          "characterOffsetEnd": 489,
          "before": " ",
          "after": " "
        },
        {
          "index": 6,
          "word": "Detroit",
          "originalText": "Detroit",
          "characterOffsetBegin": 490,
          "characterOffsetEnd": 497,
          "before": " ",
          "after": " "
        },
        {
          "index": 7,
          "word": "6278",
          "originalText": "6278",
          "characterOffsetBegin": 498,
          "characterOffsetEnd": 502,
          "before": " ",
          "after": ""
        },
        {
          "index": 8,
          "word": "-",
          "originalText": "-",
          "characterOffsetBegin": 502,
          "characterOffsetEnd": 503,
          "before": "",
          "after": " "
        },
        {
          "index": 9,
          "word": "now",
          "originalText": "now",
          "characterOffsetBegin": 504,
          "characterOffsetEnd": 507,
          "before": " ",
          "after": " "
        },
        {
          "index": 10,
          "word": "only",
          "originalText": "only",
          "characterOffsetBegin": 508,
          "characterOffsetEnd": 512,
          "before": " ",
          "after": " "
        },
        {
          "index": 11,
          "word": "2",
          "originalText": "2",
          "characterOffsetBegin": 513,
          "characterOffsetEnd": 514,
          "before": " ",
          "after": " "
        },
        {
          "index": 12,
          "word": "hour",
          "originalText": "hour",
          "characterOffsetBegin": 515,
          "characterOffsetEnd": 519,
          "before": " ",
          "after": " "
        },
        {
          "index": 13,
          "word": "delay",
          "originalText": "delay",
          "characterOffsetBegin": 520,
          "characterOffsetEnd": 525,
          "before": " ",
          "after": " "
        },
        {
          "index": 14,
          "word": "but",
          "originalText": "but",
          "characterOffsetBegin": 526,
          "characterOffsetEnd": 529,
          "before": " ",
          "after": " "
        },
        {
          "index": 15,
          "word": "I",
          "originalText": "I",
          "characterOffsetBegin": 530,
          "characterOffsetEnd": 531,
          "before": " ",
          "after": " "
        },
        {
          "index": 16,
          "word": "know",
          "originalText": "know",
          "characterOffsetBegin": 532,
          "characterOffsetEnd": 536,
          "before": " ",
          "after": " "
        },
        {
          "index": 17,
          "word": "how",
          "originalText": "how",
          "characterOffsetBegin": 537,
          "characterOffsetEnd": 540,
          "before": " ",
          "after": " "
        },
        {
          "index": 18,
          "word": "that",
          "originalText": "that",
          "characterOffsetBegin": 541,
          "characterOffsetEnd": 545,
          "before": " ",
          "after": " "
        },
        {
          "index": 19,
          "word": "works",
          "originalText": "works",
          "characterOffsetBegin": 546,
          "characterOffsetEnd": 551,
          "before": " ",
          "after": ""
        },
        {
          "index": 20,
          "word": "!",
          "originalText": "!",
          "characterOffsetBegin": 551,
          "characterOffsetEnd": 552,
          "before": "",
          "after": ""
        }
      ]
    },
    {
      "index": 9,
      "tokens": [
        {
          "index": 1,
          "word": "Customer",
          "originalText": "Customer",
          "characterOffsetBegin": 554,
          "characterOffsetEnd": 562,
          "before": "",
          "after": ""
        },
        {
          "index": 2,
          "word": ":",
          "originalText": ":",
          "characterOffsetBegin": 562,
          "characterOffsetEnd": 563,
          "before": "",
          "after": " "
        },
        {
          "index": 3,
          "word": "@SouthwestAir",
          "originalText": "@SouthwestAir",
          "characterOffsetBegin": 564,
          "characterOffsetEnd": 577,
          "before": " ",
          "after": " "
        },
        {
          "index": 4,
          "word": "Your",
          "originalText": "Your",
          "characterOffsetBegin": 578,
          "characterOffsetEnd": 582,
          "before": " ",
          "after": " "
        },
        {
          "index": 5,
          "word": "gate",
          "originalText": "gate",
          "characterOffsetBegin": 583,
          "characterOffsetEnd": 587,
          "before": " ",
          "after": " "
        },
        {
          "index": 6,
          "word": "agent",
          "originalText": "agent",
          "characterOffsetBegin": 588,
          "characterOffsetEnd": 593,
          "before": " ",
          "after": " "
        },
        {
          "index": 7,
          "word": "Jason",
          "originalText": "Jason",
          "characterOffsetBegin": 594,
          "characterOffsetEnd": 599,
          "before": " ",
          "after": " "
        },
        {
          "index": 8,
          "word": "is",
          "originalText": "is",
          "characterOffsetBegin": 600,
          "characterOffsetEnd": 602,
          "before": " ",
          "after": " "
        },
        {
          "index": 9,
          "word": "great",
          "originalText": "great",
          "characterOffsetBegin": 603,
          "characterOffsetEnd": 608,
          "before": " ",
          "after": " "
        },
        {
          "index": 10,
          "word": "he",
          "originalText": "he",
          "characterOffsetBegin": 609,
          "characterOffsetEnd": 611,
          "before": " ",
          "after": " "
        },
        {
          "index": 11,
          "word": "tried",
          "originalText": "tried",
          "characterOffsetBegin": 612,
          "characterOffsetEnd": 617,
          "before": " ",
          "after": " "
        },
        {
          "index": 12,
          "word": "to",
          "originalText": "to",
          "characterOffsetBegin": 618,
          "characterOffsetEnd": 620,
          "before": " ",
          "after": " "
        },
        {
          "index": 13,
          "word": "find",
          "originalText": "find",
          "characterOffsetBegin": 621,
          "characterOffsetEnd": 625,
          "before": " ",
          "after": " "
        },
        {
          "index": 14,
          "word": "anything",
          "originalText": "anything",
          "characterOffsetBegin": 626,
          "characterOffsetEnd": 634,
          "before": " ",
          "after": " "
        },
        {
          "index": 15,
          "word": "to",
          "originalText": "to",
          "characterOffsetBegin": 635,
          "characterOffsetEnd": 637,
          "before": " ",
          "after": " "
        },
        {
          "index": 16,
          "word": "get",
          "originalText": "get",
          "characterOffsetBegin": 638,
          "characterOffsetEnd": 641,
          "before": " ",
          "after": " "
        },
        {
          "index": 17,
          "word": "me",
          "originalText": "me",
          "characterOffsetBegin": 642,
          "characterOffsetEnd": 644,
          "before": " ",
          "after": " "
        },
        {
          "index": 18,
          "word": "back",
          "originalText": "back",
          "characterOffsetBegin": 645,
          "characterOffsetEnd": 649,
          "before": " ",
          "after": " "
        },
        {
          "index": 19,
          "word": "earlier",
          "originalText": "earlier",
          "characterOffsetBegin": 650,
          "characterOffsetEnd": 657,
          "before": " ",
          "after": " "
        },
        {
          "index": 20,
          "word": "and",
          "originalText": "and",
          "characterOffsetBegin": 658,
          "characterOffsetEnd": 661,
          "before": " ",
          "after": " "
        },
        {
          "index": 21,
          "word": "could",
          "originalText": "could",
          "characterOffsetBegin": 662,
          "characterOffsetEnd": 667,
          "before": " ",
          "after": ""
        },
        {
          "index": 22,
          "word": "n't",
          "originalText": "n't",
          "characterOffsetBegin": 667,
          "characterOffsetEnd": 670,
          "before": "",
          "after": " "
        },
        {
          "index": 23,
          "word": "find",
          "originalText": "find",
          "characterOffsetBegin": 671,
          "characterOffsetEnd": 675,
          "before": " ",
          "after": " "
        },
        {
          "index": 24,
          "word": "anything",
          "originalText": "anything",
          "characterOffsetBegin": 676,
          "characterOffsetEnd": 684,
          "before": " ",
          "after": ""
        },
        {
          "index": 25,
          "word": ".",
          "originalText": ".",
          "characterOffsetBegin": 684,
          "characterOffsetEnd": 685,
          "before": "",
          "after": ""
        }
      ]
    },
    {
      "index": 10,
      "tokens": [
        {
          "index": 1,
          "word": "Sorta",
          "originalText": "Sorta",
          "characterOffsetBegin": 687,
          "characterOffsetEnd": 692,
          "before": "",
          "after": " "
        },
        {
          "index": 2,
          "word": "makes",
          "originalText": "makes",
          "characterOffsetBegin": 693,
          "characterOffsetEnd": 698,
          "before": " ",
          "after": " "
        },
        {
          "index": 3,
          "word": "up",
          "originalText": "up",
          "characterOffsetBegin": 699,
          "characterOffsetEnd": 701,
          "before": " ",
          "after": " "
        },
        {
          "index": 4,
          "word": "for",
          "originalText": "for",
          "characterOffsetBegin": 702,
          "characterOffsetEnd": 705,
          "before": " ",
          "after": " "
        },
        {
          "index": 5,
          "word": "your",
          "originalText": "your",
          "characterOffsetBegin": 706,
          "characterOffsetEnd": 710,
          "before": " ",
          "after": " "
        },
        {
          "index": 6,
          "word": "baggage",
          "originalText": "baggage",
          "characterOffsetBegin": 711,
          "characterOffsetEnd": 718,
          "before": " ",
          "after": " "
        },
        {
          "index": 7,
          "word": "agents",
          "originalText": "agents",
          "characterOffsetBegin": 719,
          "characterOffsetEnd": 725,
          "before": " ",
          "after": ""
        }
      ]
    },
    {
      "index": 11,
      "tokens": [
        {
          "index": 1,
          "word": "Agent",
          "originalText": "Agent",
          "characterOffsetBegin": 727,
          "characterOffsetEnd": 732,
          "before": "",
          "after": ""
        },
        {
          "index": 2,
          "word": ":",
          "originalText": ":",
          "characterOffsetBegin": 732,
          "characterOffsetEnd": 733,
          "before": "",
          "after": " "
        },
        {
          "index": 3,
          "word": "@",
          "originalText": "@",
          "characterOffsetBegin": 734,
          "characterOffsetEnd": 735,
          "before": " ",
          "after": ""
        },
        {
          "index": 4,
          "word": "282826",
          "originalText": "282826",
          "characterOffsetBegin": 735,
          "characterOffsetEnd": 741,
          "before": "",
          "after": " "
        },
        {
          "index": 5,
          "word": "While",
          "originalText": "While",
          "characterOffsetBegin": 742,
          "characterOffsetEnd": 747,
          "before": " ",
          "after": " "
        },
        {
          "index": 6,
          "word": "we",
          "originalText": "we",
          "characterOffsetBegin": 748,
          "characterOffsetEnd": 750,
          "before": " ",
          "after": " "
        },
        {
          "index": 7,
          "word": "encountered",
          "originalText": "encountered",
          "characterOffsetBegin": 751,
          "characterOffsetEnd": 762,
          "before": " ",
          "after": " "
        },
        {
          "index": 8,
          "word": "unscheduled",
          "originalText": "unscheduled",
          "characterOffsetBegin": 763,
          "characterOffsetEnd": 774,
          "before": " ",
          "after": " "
        },
        {
          "index": 9,
          "word": "maintenance",
          "originalText": "maintenance",
          "characterOffsetBegin": 775,
          "characterOffsetEnd": 786,
          "before": " ",
          "after": " "
        },
        {
          "index": 10,
          "word": "on",
          "originalText": "on",
          "characterOffsetBegin": 787,
          "characterOffsetEnd": 789,
          "before": " ",
          "after": " "
        },
        {
          "index": 11,
          "word": "the",
          "originalText": "the",
          "characterOffsetBegin": 790,
          "characterOffsetEnd": 793,
          "before": " ",
          "after": " "
        },
        {
          "index": 12,
          "word": "aircraft",
          "originalText": "aircraft",
          "characterOffsetBegin": 794,
          "characterOffsetEnd": 802,
          "before": " ",
          "after": ""
        },
        {
          "index": 13,
          "word": ",",
          "originalText": ",",
          "characterOffsetBegin": 802,
          "characterOffsetEnd": 803,
          "before": "",
          "after": " "
        },
        {
          "index": 14,
          "word": "it",
          "originalText": "it",
          "characterOffsetBegin": 804,
          "characterOffsetEnd": 806,
          "before": " ",
          "after": " "
        },
        {
          "index": 15,
          "word": "looks",
          "originalText": "looks",
          "characterOffsetBegin": 807,
          "characterOffsetEnd": 812,
          "before": " ",
          "after": " "
        },
        {
          "index": 16,
          "word": "like",
          "originalText": "like",
          "characterOffsetBegin": 813,
          "characterOffsetEnd": 817,
          "before": " ",
          "after": " "
        },
        {
          "index": 17,
          "word": "we",
          "originalText": "we",
          "characterOffsetBegin": 818,
          "characterOffsetEnd": 820,
          "before": " ",
          "after": ""
        },
        {
          "index": 18,
          "word": "'re",
          "originalText": "'re",
          "characterOffsetBegin": 820,
          "characterOffsetEnd": 823,
          "before": "",
          "after": " "
        },
        {
          "index": 19,
          "word": "doing",
          "originalText": "doing",
          "characterOffsetBegin": 824,
          "characterOffsetEnd": 829,
          "before": " ",
          "after": " "
        },
        {
          "index": 20,
          "word": "everything",
          "originalText": "everything",
          "characterOffsetBegin": 830,
          "characterOffsetEnd": 840,
          "before": " ",
          "after": " "
        },
        {
          "index": 21,
          "word": "we",
          "originalText": "we",
          "characterOffsetBegin": 841,
          "characterOffsetEnd": 843,
          "before": " ",
          "after": " "
        },
        {
          "index": 22,
          "word": "can",
          "originalText": "can",
          "characterOffsetBegin": 844,
          "characterOffsetEnd": 847,
          "before": " ",
          "after": " "
        },
        {
          "index": 23,
          "word": "to",
          "originalText": "to",
          "characterOffsetBegin": 848,
          "characterOffsetEnd": 850,
          "before": " ",
          "after": " "
        },
        {
          "index": 24,
          "word": "get",
          "originalText": "get",
          "characterOffsetBegin": 851,
          "characterOffsetEnd": 854,
          "before": " ",
          "after": " "
        },
        {
          "index": 25,
          "word": "Flight",
          "originalText": "Flight",
          "characterOffsetBegin": 855,
          "characterOffsetEnd": 861,
          "before": " ",
          "after": " "
        },
        {
          "index": 26,
          "word": "#",
          "originalText": "#",
          "characterOffsetBegin": 862,
          "characterOffsetEnd": 863,
          "before": " ",
          "after": ""
        },
        {
          "index": 27,
          "word": "6278",
          "originalText": "6278",
          "characterOffsetBegin": 863,
          "characterOffsetEnd": 867,
          "before": "",
          "after": " "
        },
        {
          "index": 28,
          "word": "moving",
          "originalText": "moving",
          "characterOffsetBegin": 868,
          "characterOffsetEnd": 874,
          "before": " ",
          "after": " "
        },
        {
          "index": 29,
          "word": "to",
          "originalText": "to",
          "characterOffsetBegin": 875,
          "characterOffsetEnd": 877,
          "before": " ",
          "after": " "
        },
        {
          "index": 30,
          "word": "Detroit",
          "originalText": "Detroit",
          "characterOffsetBegin": 878,
          "characterOffsetEnd": 885,
          "before": " ",
          "after": " "
        },
        {
          "index": 31,
          "word": "this",
          "originalText": "this",
          "characterOffsetBegin": 886,
          "characterOffsetEnd": 890,
          "before": " ",
          "after": " "
        },
        {
          "index": 32,
          "word": "evening",
          "originalText": "evening",
          "characterOffsetBegin": 891,
          "characterOffsetEnd": 898,
          "before": " ",
          "after": ""
        },
        {
          "index": 33,
          "word": ".",
          "originalText": ".",
          "characterOffsetBegin": 898,
          "characterOffsetEnd": 899,
          "before": "",
          "after": ""
        }
      ]
    },
    {
      "index": 12,
      "tokens": [
        {
          "index": 1,
          "word": "Hang",
          "originalText": "Hang",
          "characterOffsetBegin": 901,
          "characterOffsetEnd": 905,
          "before": "",
          "after": " "
        },
        {
          "index": 2,
          "word": "in",
          "originalText": "in",
          "characterOffsetBegin": 906,
          "characterOffsetEnd": 908,
          "before": " ",
          "after": " "
        },
        {
          "index": 3,
          "word": "there",
          "originalText": "there",
          "characterOffsetBegin": 909,
          "characterOffsetEnd": 914,
          "before": " ",
          "after": ""
        },
        {
          "index": 4,
          "word": "!",
          "originalText": "!",
          "characterOffsetBegin": 914,
          "characterOffsetEnd": 915,
          "before": "",
          "after": ""
        }
      ]
    },
    {
      "index": 13,
      "tokens": [
        {
          "index": 1,
          "word": "^",
          "originalText": "^",
          "characterOffsetBegin": 917,
          "characterOffsetEnd": 918,
          "before": "",
          "after": ""
        },
        {
          "index": 2,
          "word": "AB",
          "originalText": "AB",
          "characterOffsetBegin": 918,
          "characterOffsetEnd": 920,
          "before": "",
          "after": ""
        }
      ]
    },
    {
      "index": 14,
      "tokens": [
        {
          "index": 1,
          "word": "Customer",
          "originalText": "Customer",
          "characterOffsetBegin": 922,
          "characterOffsetEnd": 930,
          "before": "",
          "after": ""
        },
        {
          "index": 2,
          "word": ":",
          "originalText": ":",
          "characterOffsetBegin": 930,
          "characterOffsetEnd": 931,
          "before": "",
          "after": " "
        },
        {
          "index": 3,
          "word": "@SouthwestAir",
          "originalText": "@SouthwestAir",
          "characterOffsetBegin": 932,
          "characterOffsetEnd": 945,
          "before": " ",
          "after": " "
        },
        {
          "index": 4,
          "word": "Thanks",
          "originalText": "Thanks",
          "characterOffsetBegin": 946,
          "characterOffsetEnd": 952,
          "before": " ",
          "after": ""
        },
        {
          "index": 5,
          "word": "!",
          "originalText": "!",
          "characterOffsetBegin": 952,
          "characterOffsetEnd": 953,
          "before": "",
          "after": ""
        }
      ]
    },
    {
      "index": 15,
      "tokens": [
        {
          "index": 1,
          "word": "Not",
          "originalText": "Not",
          "characterOffsetBegin": 955,
          "characterOffsetEnd": 958,
          "before": "",
          "after": " "
        },
        {
          "index": 2,
          "word": "super",
          "originalText": "super",
          "characterOffsetBegin": 959,
          "characterOffsetEnd": 964,
          "before": " ",
          "after": " "
        },
        {
          "index": 3,
          "word": "confident",
          "originalText": "confident",
          "characterOffsetBegin": 965,
          "characterOffsetEnd": 974,
          "before": " ",
          "after": " "
        },
        {
          "index": 4,
          "word": "in",
          "originalText": "in",
          "characterOffsetBegin": 975,
          "characterOffsetEnd": 977,
          "before": " ",
          "after": " "
        },
        {
          "index": 5,
          "word": "that",
          "originalText": "that",
          "characterOffsetBegin": 978,
          "characterOffsetEnd": 982,
          "before": " ",
          "after": " "
        },
        {
          "index": 6,
          "word": "response",
          "originalText": "response",
          "characterOffsetBegin": 983,
          "characterOffsetEnd": 991,
          "before": " ",
          "after": " "
        },
        {
          "index": 7,
          "word": "about",
          "originalText": "about",
          "characterOffsetBegin": 992,
          "characterOffsetEnd": 997,
          "before": " ",
          "after": " "
        },
        {
          "index": 8,
          "word": "technical",
          "originalText": "technical",
          "characterOffsetBegin": 998,
          "characterOffsetEnd": 1007,
          "before": " ",
          "after": " "
        },
        {
          "index": 9,
          "word": "issues",
          "originalText": "issues",
          "characterOffsetBegin": 1008,
          "characterOffsetEnd": 1014,
          "before": " ",
          "after": ""
        }
      ]
    },
    {
      "index": 16,
      "tokens": [
        {
          "index": 1,
          "word": "Customer",
          "originalText": "Customer",
          "characterOffsetBegin": 1016,
          "characterOffsetEnd": 1024,
          "before": "",
          "after": ""
        },
        {
          "index": 2,
          "word": ":",
          "originalText": ":",
          "characterOffsetBegin": 1024,
          "characterOffsetEnd": 1025,
          "before": "",
          "after": " "
        },
        {
          "index": 3,
          "word": "@SouthwestAir",
          "originalText": "@SouthwestAir",
          "characterOffsetBegin": 1026,
          "characterOffsetEnd": 1039,
          "before": " ",
          "after": " "
        },
        {
          "index": 4,
          "word": "Hope",
          "originalText": "Hope",
          "characterOffsetBegin": 1040,
          "characterOffsetEnd": 1044,
          "before": " ",
          "after": " "
        },
        {
          "index": 5,
          "word": "your",
          "originalText": "your",
          "characterOffsetBegin": 1045,
          "characterOffsetEnd": 1049,
          "before": " ",
          "after": " "
        },
        {
          "index": 6,
          "word": "are",
          "originalText": "are",
          "characterOffsetBegin": 1050,
          "characterOffsetEnd": 1053,
          "before": " ",
          "after": ""
        },
        {
          "index": 7,
          "word": "n't",
          "originalText": "n't",
          "characterOffsetBegin": 1053,
          "characterOffsetEnd": 1056,
          "before": "",
          "after": " "
        },
        {
          "index": 8,
          "word": "charging",
          "originalText": "charging",
          "characterOffsetBegin": 1057,
          "characterOffsetEnd": 1065,
          "before": " ",
          "after": " "
        },
        {
          "index": 9,
          "word": "for",
          "originalText": "for",
          "characterOffsetBegin": 1066,
          "characterOffsetEnd": 1069,
          "before": " ",
          "after": " "
        },
        {
          "index": 10,
          "word": "drinks",
          "originalText": "drinks",
          "characterOffsetBegin": 1070,
          "characterOffsetEnd": 1076,
          "before": " ",
          "after": " "
        },
        {
          "index": 11,
          "word": "on",
          "originalText": "on",
          "characterOffsetBegin": 1077,
          "characterOffsetEnd": 1079,
          "before": " ",
          "after": " "
        },
        {
          "index": 12,
          "word": "the",
          "originalText": "the",
          "characterOffsetBegin": 1080,
          "characterOffsetEnd": 1083,
          "before": " ",
          "after": " "
        },
        {
          "index": 13,
          "word": "flight",
          "originalText": "flight",
          "characterOffsetBegin": 1084,
          "characterOffsetEnd": 1090,
          "before": " ",
          "after": " "
        },
        {
          "index": 14,
          "word": "cuz",
          "originalText": "cuz",
          "characterOffsetBegin": 1091,
          "characterOffsetEnd": 1094,
          "before": " ",
          "after": " "
        },
        {
          "index": 15,
          "word": "getting",
          "originalText": "getting",
          "characterOffsetBegin": 1095,
          "characterOffsetEnd": 1102,
          "before": " ",
          "after": " "
        },
        {
          "index": 16,
          "word": "on",
          "originalText": "on",
          "characterOffsetBegin": 1103,
          "characterOffsetEnd": 1105,
          "before": " ",
          "after": " "
        },
        {
          "index": 17,
          "word": "a",
          "originalText": "a",
          "characterOffsetBegin": 1106,
          "characterOffsetEnd": 1107,
          "before": " ",
          "after": " "
        },
        {
          "index": 18,
          "word": "plan",
          "originalText": "plan",
          "characterOffsetBegin": 1108,
          "characterOffsetEnd": 1112,
          "before": " ",
          "after": " "
        },
        {
          "index": 19,
          "word": "that",
          "originalText": "that",
          "characterOffsetBegin": 1113,
          "characterOffsetEnd": 1117,
          "before": " ",
          "after": " "
        },
        {
          "index": 20,
          "word": "was",
          "originalText": "was",
          "characterOffsetBegin": 1118,
          "characterOffsetEnd": 1121,
          "before": " ",
          "after": " "
        },
        {
          "index": 21,
          "word": "delayed",
          "originalText": "delayed",
          "characterOffsetBegin": 1122,
          "characterOffsetEnd": 1129,
          "before": " ",
          "after": " "
        },
        {
          "index": 22,
          "word": "2",
          "originalText": "2",
          "characterOffsetBegin": 1130,
          "characterOffsetEnd": 1131,
          "before": " ",
          "after": " "
        },
        {
          "index": 23,
          "word": "hours",
          "originalText": "hours",
          "characterOffsetBegin": 1132,
          "characterOffsetEnd": 1137,
          "before": " ",
          "after": " "
        },
        {
          "index": 24,
          "word": "for",
          "originalText": "for",
          "characterOffsetBegin": 1138,
          "characterOffsetEnd": 1141,
          "before": " ",
          "after": " "
        },
        {
          "index": 25,
          "word": "unscheduled",
          "originalText": "unscheduled",
          "characterOffsetBegin": 1142,
          "characterOffsetEnd": 1153,
          "before": " ",
          "after": " "
        },
        {
          "index": 26,
          "word": "maintanace",
          "originalText": "maintanace",
          "characterOffsetBegin": 1154,
          "characterOffsetEnd": 1164,
          "before": " ",
          "after": " "
        },
        {
          "index": 27,
          "word": "kinda",
          "originalText": "kinda",
          "characterOffsetBegin": 1165,
          "characterOffsetEnd": 1170,
          "before": " ",
          "after": " "
        },
        {
          "index": 28,
          "word": "makes",
          "originalText": "makes",
          "characterOffsetBegin": 1171,
          "characterOffsetEnd": 1176,
          "before": " ",
          "after": " "
        },
        {
          "index": 29,
          "word": "me",
          "originalText": "me",
          "characterOffsetBegin": 1177,
          "characterOffsetEnd": 1179,
          "before": " ",
          "after": " "
        },
        {
          "index": 30,
          "word": "nervous",
          "originalText": "nervous",
          "characterOffsetBegin": 1180,
          "characterOffsetEnd": 1187,
          "before": " ",
          "after": ""
        },
        {
          "index": 31,
          "word": ".",
          "originalText": ".",
          "characterOffsetBegin": 1187,
          "characterOffsetEnd": 1188,
          "before": "",
          "after": ""
        }
      ]
    },
    {
      "index": 17,
      "tokens": [
        {
          "index": 1,
          "word": "Agent",
          "originalText": "Agent",
          "characterOffsetBegin": 1190,
          "characterOffsetEnd": 1195,
          "before": "",
          "after": ""
        },
        {
          "index": 2,
          "word": ":",
          "originalText": ":",
          "characterOffsetBegin": 1195,
          "characterOffsetEnd": 1196,
          "before": "",
          "after": " "
        },
        {
          "index": 3,
          "word": "@",
          "originalText": "@",
          "characterOffsetBegin": 1197,
          "characterOffsetEnd": 1198,
          "before": " ",
          "after": ""
        },
        {
          "index": 4,
          "word": "282826",
          "originalText": "282826",
          "characterOffsetBegin": 1198,
          "characterOffsetEnd": 1204,
          "before": "",
          "after": " "
        },
        {
          "index": 5,
          "word": "Maintenance",
          "originalText": "Maintenance",
          "characterOffsetBegin": 1205,
          "characterOffsetEnd": 1216,
          "before": " ",
          "after": " "
        },
        {
          "index": 6,
          "word": "was",
          "originalText": "was",
          "characterOffsetBegin": 1217,
          "characterOffsetEnd": 1220,
          "before": " ",
          "after": " "
        },
        {
          "index": 7,
          "word": "on",
          "originalText": "on",
          "characterOffsetBegin": 1221,
          "characterOffsetEnd": 1223,
          "before": " ",
          "after": " "
        },
        {
          "index": 8,
          "word": "an",
          "originalText": "an",
          "characterOffsetBegin": 1224,
          "characterOffsetEnd": 1226,
          "before": " ",
          "after": " "
        },
        {
          "index": 9,
          "word": "earlier",
          "originalText": "earlier",
          "characterOffsetBegin": 1227,
          "characterOffsetEnd": 1234,
          "before": " ",
          "after": " "
        },
        {
          "index": 10,
          "word": "aircraft",
          "originalText": "aircraft",
          "characterOffsetBegin": 1235,
          "characterOffsetEnd": 1243,
          "before": " ",
          "after": " "
        },
        {
          "index": 11,
          "word": "today",
          "originalText": "today",
          "characterOffsetBegin": 1244,
          "characterOffsetEnd": 1249,
          "before": " ",
          "after": ""
        },
        {
          "index": 12,
          "word": ",",
          "originalText": ",",
          "characterOffsetBegin": 1249,
          "characterOffsetEnd": 1250,
          "before": "",
          "after": " "
        },
        {
          "index": 13,
          "word": "Sara",
          "originalText": "Sara",
          "characterOffsetBegin": 1251,
          "characterOffsetEnd": 1255,
          "before": " ",
          "after": ""
        },
        {
          "index": 14,
          "word": ".",
          "originalText": ".",
          "characterOffsetBegin": 1255,
          "characterOffsetEnd": 1256,
          "before": "",
          "after": ""
        }
      ]
    },
    {
      "index": 18,
      "tokens": [
        {
          "index": 1,
          "word": "That",
          "originalText": "That",
          "characterOffsetBegin": 1258,
          "characterOffsetEnd": 1262,
          "before": "",
          "after": " "
        },
        {
          "index": 2,
          "word": "is",
          "originalText": "is",
          "characterOffsetBegin": 1263,
          "characterOffsetEnd": 1265,
          "before": " ",
          "after": " "
        },
        {
          "index": 3,
          "word": "not",
          "originalText": "not",
          "characterOffsetBegin": 1266,
          "characterOffsetEnd": 1269,
          "before": " ",
          "after": " "
        },
        {
          "index": 4,
          "word": "the",
          "originalText": "the",
          "characterOffsetBegin": 1270,
          "characterOffsetEnd": 1273,
          "before": " ",
          "after": " "
        },
        {
          "index": 5,
          "word": "aircraft",
          "originalText": "aircraft",
          "characterOffsetBegin": 1274,
          "characterOffsetEnd": 1282,
          "before": " ",
          "after": " "
        },
        {
          "index": 6,
          "word": "scheduled",
          "originalText": "scheduled",
          "characterOffsetBegin": 1283,
          "characterOffsetEnd": 1292,
          "before": " ",
          "after": " "
        },
        {
          "index": 7,
          "word": "to",
          "originalText": "to",
          "characterOffsetBegin": 1293,
          "characterOffsetEnd": 1295,
          "before": " ",
          "after": " "
        },
        {
          "index": 8,
          "word": "operate",
          "originalText": "operate",
          "characterOffsetBegin": 1296,
          "characterOffsetEnd": 1303,
          "before": " ",
          "after": " "
        },
        {
          "index": 9,
          "word": "your",
          "originalText": "your",
          "characterOffsetBegin": 1304,
          "characterOffsetEnd": 1308,
          "before": " ",
          "after": " "
        },
        {
          "index": 10,
          "word": "flight",
          "originalText": "flight",
          "characterOffsetBegin": 1309,
          "characterOffsetEnd": 1315,
          "before": " ",
          "after": ""
        },
        {
          "index": 11,
          "word": ".",
          "originalText": ".",
          "characterOffsetBegin": 1315,
          "characterOffsetEnd": 1316,
          "before": "",
          "after": ""
        }
      ]
    },
    {
      "index": 19,
      "tokens": [
        {
          "index": 1,
          "word": "^",
          "originalText": "^",
          "characterOffsetBegin": 1318,
          "characterOffsetEnd": 1319,
          "before": "",
          "after": ""
        },
        {
          "index": 2,
          "word": "AB",
          "originalText": "AB",
          "characterOffsetBegin": 1319,
          "characterOffsetEnd": 1321,
          "before": "",
          "after": ""
        }
      ]
    },
    {
      "index": 20,
      "tokens": [
        {
          "index": 1,
          "word": "Customer",
          "originalText": "Customer",
          "characterOffsetBegin": 1323,
          "characterOffsetEnd": 1331,
          "before": "",
          "after": ""
        },
        {
          "index": 2,
          "word": ":",
          "originalText": ":",
          "characterOffsetBegin": 1331,
          "characterOffsetEnd": 1332,
          "before": "",
          "after": " "
        },
        {
          "index": 3,
          "word": "@SouthwestAir",
          "originalText": "@SouthwestAir",
          "characterOffsetBegin": 1333,
          "characterOffsetEnd": 1346,
          "before": " ",
          "after": " "
        },
        {
          "index": 4,
          "word": "Tonight",
          "originalText": "Tonight",
          "characterOffsetBegin": 1347,
          "characterOffsetEnd": 1354,
          "before": " ",
          "after": " "
        },
        {
          "index": 5,
          "word": "was",
          "originalText": "was",
          "characterOffsetBegin": 1355,
          "characterOffsetEnd": 1358,
          "before": " ",
          "after": " "
        },
        {
          "index": 6,
          "word": "absolutely",
          "originalText": "absolutely",
          "characterOffsetBegin": 1359,
          "characterOffsetEnd": 1369,
          "before": " ",
          "after": " "
        },
        {
          "index": 7,
          "word": "not",
          "originalText": "not",
          "characterOffsetBegin": 1370,
          "characterOffsetEnd": 1373,
          "before": " ",
          "after": " "
        },
        {
          "index": 8,
          "word": "the",
          "originalText": "the",
          "characterOffsetBegin": 1374,
          "characterOffsetEnd": 1377,
          "before": " ",
          "after": " "
        },
        {
          "index": 9,
          "word": "service",
          "originalText": "service",
          "characterOffsetBegin": 1378,
          "characterOffsetEnd": 1385,
          "before": " ",
          "after": " "
        },
        {
          "index": 10,
          "word": "I",
          "originalText": "I",
          "characterOffsetBegin": 1386,
          "characterOffsetEnd": 1387,
          "before": " ",
          "after": " "
        },
        {
          "index": 11,
          "word": "expect",
          "originalText": "expect",
          "characterOffsetBegin": 1388,
          "characterOffsetEnd": 1394,
          "before": " ",
          "after": ""
        },
        {
          "index": 12,
          "word": ",",
          "originalText": ",",
          "characterOffsetBegin": 1394,
          "characterOffsetEnd": 1395,
          "before": "",
          "after": " "
        },
        {
          "index": 13,
          "word": "book",
          "originalText": "book",
          "characterOffsetBegin": 1396,
          "characterOffsetEnd": 1400,
          "before": " ",
          "after": " "
        },
        {
          "index": 14,
          "word": "with",
          "originalText": "with",
          "characterOffsetBegin": 1401,
          "characterOffsetEnd": 1405,
          "before": " ",
          "after": " "
        },
        {
          "index": 15,
          "word": "and",
          "originalText": "and",
          "characterOffsetBegin": 1406,
          "characterOffsetEnd": 1409,
          "before": " ",
          "after": " "
        },
        {
          "index": 16,
          "word": "recommend",
          "originalText": "recommend",
          "characterOffsetBegin": 1410,
          "characterOffsetEnd": 1419,
          "before": " ",
          "after": " "
        },
        {
          "index": 17,
          "word": "Southwest",
          "originalText": "Southwest",
          "characterOffsetBegin": 1420,
          "characterOffsetEnd": 1429,
          "before": " ",
          "after": " "
        },
        {
          "index": 18,
          "word": "Airlines",
          "originalText": "Airlines",
          "characterOffsetBegin": 1430,
          "characterOffsetEnd": 1438,
          "before": " ",
          "after": " "
        },
        {
          "index": 19,
          "word": "for",
          "originalText": "for",
          "characterOffsetBegin": 1439,
          "characterOffsetEnd": 1442,
          "before": " ",
          "after": ""
        },
        {
          "index": 20,
          "word": "!",
          "originalText": "!",
          "characterOffsetBegin": 1442,
          "characterOffsetEnd": 1443,
          "before": "",
          "after": ""
        }
      ]
    },
    {
      "index": 21,
      "tokens": [
        {
          "index": 1,
          "word": "2 1/2",
          "originalText": "2 1/2",
          "characterOffsetBegin": 1445,
          "characterOffsetEnd": 1450,
          "before": "",
          "after": " "
        },
        {
          "index": 2,
          "word": "hour",
          "originalText": "hour",
          "characterOffsetBegin": 1451,
          "characterOffsetEnd": 1455,
          "before": " ",
          "after": " "
        },
        {
          "index": 3,
          "word": "delay",
          "originalText": "delay",
          "characterOffsetBegin": 1456,
          "characterOffsetEnd": 1461,
          "before": " ",
          "after": ""
        },
        {
          "index": 4,
          "word": ",",
          "originalText": ",",
          "characterOffsetBegin": 1461,
          "characterOffsetEnd": 1462,
          "before": "",
          "after": " "
        },
        {
          "index": 5,
          "word": "I",
          "originalText": "I",
          "characterOffsetBegin": 1463,
          "characterOffsetEnd": 1464,
          "before": " ",
          "after": " "
        },
        {
          "index": 6,
          "word": "want",
          "originalText": "want",
          "characterOffsetBegin": 1465,
          "characterOffsetEnd": 1469,
          "before": " ",
          "after": " "
        },
        {
          "index": 7,
          "word": "a",
          "originalText": "a",
          "characterOffsetBegin": 1470,
          "characterOffsetEnd": 1471,
          "before": " ",
          "after": " "
        },
        {
          "index": 8,
          "word": "credit",
          "originalText": "credit",
          "characterOffsetBegin": 1472,
          "characterOffsetEnd": 1478,
          "before": " ",
          "after": ""
        },
        {
          "index": 9,
          "word": "!",
          "originalText": "!",
          "characterOffsetBegin": 1478,
          "characterOffsetEnd": 1479,
          "before": "",
          "after": ""
        }
      ]
    },
    {
      "index": 22,
      "tokens": [
        {
          "index": 1,
          "word": "Absolutely",
          "originalText": "Absolutely",
          "characterOffsetBegin": 1481,
          "characterOffsetEnd": 1491,
          "before": "",
          "after": " "
        },
        {
          "index": 2,
          "word": "UNACCEPTABLE",
          "originalText": "UNACCEPTABLE",
          "characterOffsetBegin": 1492,
          "characterOffsetEnd": 1504,
          "before": " ",
          "after": " "
        },
        {
          "index": 3,
          "word": "today",
          "originalText": "today",
          "characterOffsetBegin": 1505,
          "characterOffsetEnd": 1510,
          "before": " ",
          "after": ""
        },
        {
          "index": 4,
          "word": ".",
          "originalText": ".",
          "characterOffsetBegin": 1510,
          "characterOffsetEnd": 1511,
          "before": "",
          "after": ""
        }
      ]
    },
    {
      "index": 23,
      "tokens": [
        {
          "index": 1,
          "word": "Agent",
          "originalText": "Agent",
          "characterOffsetBegin": 1513,
          "characterOffsetEnd": 1518,
          "before": "",
          "after": ""
        },
        {
          "index": 2,
          "word": ":",
          "originalText": ":",
          "characterOffsetBegin": 1518,
          "characterOffsetEnd": 1519,
          "before": "",
          "after": " "
        },
        {
          "index": 3,
          "word": "@",
          "originalText": "@",
          "characterOffsetBegin": 1520,
          "characterOffsetEnd": 1521,
          "before": " ",
          "after": ""
        },
        {
          "index": 4,
          "word": "282826",
          "originalText": "282826",
          "characterOffsetBegin": 1521,
          "characterOffsetEnd": 1527,
          "before": "",
          "after": " "
        },
        {
          "index": 5,
          "word": "We",
          "originalText": "We",
          "characterOffsetBegin": 1528,
          "characterOffsetEnd": 1530,
          "before": " ",
          "after": ""
        },
        {
          "index": 6,
          "word": "'re",
          "originalText": "'re",
          "characterOffsetBegin": 1530,
          "characterOffsetEnd": 1533,
          "before": "",
          "after": " "
        },
        {
          "index": 7,
          "word": "sorry",
          "originalText": "sorry",
          "characterOffsetBegin": 1534,
          "characterOffsetEnd": 1539,
          "before": " ",
          "after": " "
        },
        {
          "index": 8,
          "word": "to",
          "originalText": "to",
          "characterOffsetBegin": 1540,
          "characterOffsetEnd": 1542,
          "before": " ",
          "after": " "
        },
        {
          "index": 9,
          "word": "hear",
          "originalText": "hear",
          "characterOffsetBegin": 1543,
          "characterOffsetEnd": 1547,
          "before": " ",
          "after": " "
        },
        {
          "index": 10,
          "word": "of",
          "originalText": "of",
          "characterOffsetBegin": 1548,
          "characterOffsetEnd": 1550,
          "before": " ",
          "after": " "
        },
        {
          "index": 11,
          "word": "your",
          "originalText": "your",
          "characterOffsetBegin": 1551,
          "characterOffsetEnd": 1555,
          "before": " ",
          "after": " "
        },
        {
          "index": 12,
          "word": "continued",
          "originalText": "continued",
          "characterOffsetBegin": 1556,
          "characterOffsetEnd": 1565,
          "before": " ",
          "after": " "
        },
        {
          "index": 13,
          "word": "frustration",
          "originalText": "frustration",
          "characterOffsetBegin": 1566,
          "characterOffsetEnd": 1577,
          "before": " ",
          "after": ""
        },
        {
          "index": 14,
          "word": ",",
          "originalText": ",",
          "characterOffsetBegin": 1577,
          "characterOffsetEnd": 1578,
          "before": "",
          "after": " "
        },
        {
          "index": 15,
          "word": "Sara",
          "originalText": "Sara",
          "characterOffsetBegin": 1579,
          "characterOffsetEnd": 1583,
          "before": " ",
          "after": ""
        },
        {
          "index": 16,
          "word": ".",
          "originalText": ".",
          "characterOffsetBegin": 1583,
          "characterOffsetEnd": 1584,
          "before": "",
          "after": ""
        }
      ]
    },
    {
      "index": 24,
      "tokens": [
        {
          "index": 1,
          "word": "Please",
          "originalText": "Please",
          "characterOffsetBegin": 1586,
          "characterOffsetEnd": 1592,
          "before": "",
          "after": " "
        },
        {
          "index": 2,
          "word": "feel",
          "originalText": "feel",
          "characterOffsetBegin": 1593,
          "characterOffsetEnd": 1597,
          "before": " ",
          "after": " "
        },
        {
          "index": 3,
          "word": "free",
          "originalText": "free",
          "characterOffsetBegin": 1598,
          "characterOffsetEnd": 1602,
          "before": " ",
          "after": " "
        },
        {
          "index": 4,
          "word": "to",
          "originalText": "to",
          "characterOffsetBegin": 1603,
          "characterOffsetEnd": 1605,
          "before": " ",
          "after": " "
        },
        {
          "index": 5,
          "word": "DM",
          "originalText": "DM",
          "characterOffsetBegin": 1606,
          "characterOffsetEnd": 1608,
          "before": " ",
          "after": " "
        },
        {
          "index": 6,
          "word": "us",
          "originalText": "us",
          "characterOffsetBegin": 1609,
          "characterOffsetEnd": 1611,
          "before": " ",
          "after": " "
        },
        {
          "index": 7,
          "word": "your",
          "originalText": "your",
          "characterOffsetBegin": 1612,
          "characterOffsetEnd": 1616,
          "before": " ",
          "after": " "
        },
        {
          "index": 8,
          "word": "confirmation",
          "originalText": "confirmation",
          "characterOffsetBegin": 1617,
          "characterOffsetEnd": 1629,
          "before": " ",
          "after": " "
        },
        {
          "index": 9,
          "word": "number",
          "originalText": "number",
          "characterOffsetBegin": 1630,
          "characterOffsetEnd": 1636,
          "before": " ",
          "after": " "
        },
        {
          "index": 10,
          "word": "so",
          "originalText": "so",
          "characterOffsetBegin": 1637,
          "characterOffsetEnd": 1639,
          "before": " ",
          "after": " "
        },
        {
          "index": 11,
          "word": "we",
          "originalText": "we",
          "characterOffsetBegin": 1640,
          "characterOffsetEnd": 1642,
          "before": " ",
          "after": " "
        },
        {
          "index": 12,
          "word": "can",
          "originalText": "can",
          "characterOffsetBegin": 1643,
          "characterOffsetEnd": 1646,
          "before": " ",
          "after": " "
        },
        {
          "index": 13,
          "word": "take",
          "originalText": "take",
          "characterOffsetBegin": 1647,
          "characterOffsetEnd": 1651,
          "before": " ",
          "after": " "
        },
        {
          "index": 14,
          "word": "a",
          "originalText": "a",
          "characterOffsetBegin": 1652,
          "characterOffsetEnd": 1653,
          "before": " ",
          "after": " "
        },
        {
          "index": 15,
          "word": "look",
          "originalText": "look",
          "characterOffsetBegin": 1654,
          "characterOffsetEnd": 1658,
          "before": " ",
          "after": ""
        },
        {
          "index": 16,
          "word": ".",
          "originalText": ".",
          "characterOffsetBegin": 1658,
          "characterOffsetEnd": 1659,
          "before": "",
          "after": ""
        }
      ]
    },
    {
      "index": 25,
      "tokens": [
        {
          "index": 1,
          "word": "^",
          "originalText": "^",
          "characterOffsetBegin": 1661,
          "characterOffsetEnd": 1662,
          "before": "",
          "after": ""
        },
        {
          "index": 2,
          "word": "NG",
          "originalText": "NG",
          "characterOffsetBegin": 1662,
          "characterOffsetEnd": 1664,
          "before": "",
          "after": " "
        },
        {
          "index": 3,
          "word": "https://t.co/mQmfkXW4oV",
          "originalText": "https://t.co/mQmfkXW4oV",
          "characterOffsetBegin": 1665,
          "characterOffsetEnd": 1688,
          "before": " ",
          "after": ""
        }
      ]
    },
    {
      "index": 26,
      "tokens": [
        {
          "index": 1,
          "word": "@highlight",
          "originalText": "@highlight",
          "characterOffsetBegin": 1690,
          "characterOffsetEnd": 1700,
          "before": "",
          "after": ""
        }
      ]
    },
    {
      "index": 27,
      "tokens": [
        {
          "index": 1,
          "word": "Customer",
          "originalText": "Customer",
          "characterOffsetBegin": 1702,
          "characterOffsetEnd": 1710,
          "before": "",
          "after": ""
        },
        {
          "index": 2,
          "word": ":",
          "originalText": ":",
          "characterOffsetBegin": 1710,
          "characterOffsetEnd": 1711,
          "before": "",
          "after": " "
        },
        {
          "index": 3,
          "word": "@SouthwestAir",
          "originalText": "@SouthwestAir",
          "characterOffsetBegin": 1712,
          "characterOffsetEnd": 1725,
          "before": " ",
          "after": " "
        },
        {
          "index": 4,
          "word": "your",
          "originalText": "your",
          "characterOffsetBegin": 1726,
          "characterOffsetEnd": 1730,
          "before": " ",
          "after": " "
        },
        {
          "index": 5,
          "word": "San",
          "originalText": "San",
          "characterOffsetBegin": 1731,
          "characterOffsetEnd": 1734,
          "before": " ",
          "after": " "
        },
        {
          "index": 6,
          "word": "Antonio",
          "originalText": "Antonio",
          "characterOffsetBegin": 1735,
          "characterOffsetEnd": 1742,
          "before": " ",
          "after": " "
        },
        {
          "index": 7,
          "word": "baggage",
          "originalText": "baggage",
          "characterOffsetBegin": 1743,
          "characterOffsetEnd": 1750,
          "before": " ",
          "after": " "
        },
        {
          "index": 8,
          "word": "agents",
          "originalText": "agents",
          "characterOffsetBegin": 1751,
          "characterOffsetEnd": 1757,
          "before": " ",
          "after": " "
        },
        {
          "index": 9,
          "word": "are",
          "originalText": "are",
          "characterOffsetBegin": 1758,
          "characterOffsetEnd": 1761,
          "before": " ",
          "after": " "
        },
        {
          "index": 10,
          "word": "kinda",
          "originalText": "kinda",
          "characterOffsetBegin": 1762,
          "characterOffsetEnd": 1767,
          "before": " ",
          "after": " "
        },
        {
          "index": 11,
          "word": "terrible",
          "originalText": "terrible",
          "characterOffsetBegin": 1768,
          "characterOffsetEnd": 1776,
          "before": " ",
          "after": ""
        },
        {
          "index": 12,
          "word": ".",
          "originalText": ".",
          "characterOffsetBegin": 1776,
          "characterOffsetEnd": 1777,
          "before": "",
          "after": ""
        }
      ]
    },
    {
      "index": 28,
      "tokens": [
        {
          "index": 1,
          "word": "@highlight",
          "originalText": "@highlight",
          "characterOffsetBegin": 1779,
          "characterOffsetEnd": 1789,
          "before": "",
          "after": ""
        }
      ]
    },
    {
      "index": 29,
      "tokens": [
        {
          "index": 1,
          "word": "This",
          "originalText": "This",
          "characterOffsetBegin": 1791,
          "characterOffsetEnd": 1795,
          "before": "",
          "after": " "
        },
        {
          "index": 2,
          "word": "mean",
          "originalText": "mean",
          "characterOffsetBegin": 1796,
          "characterOffsetEnd": 1800,
          "before": " ",
          "after": " "
        },
        {
          "index": 3,
          "word": "I",
          "originalText": "I",
          "characterOffsetBegin": 1801,
          "characterOffsetEnd": 1802,
          "before": " ",
          "after": " "
        },
        {
          "index": 4,
          "word": "wo",
          "originalText": "wo",
          "characterOffsetBegin": 1803,
          "characterOffsetEnd": 1805,
          "before": " ",
          "after": ""
        },
        {
          "index": 5,
          "word": "n't",
          "originalText": "n't",
          "characterOffsetBegin": 1805,
          "characterOffsetEnd": 1808,
          "before": "",
          "after": " "
        },
        {
          "index": 6,
          "word": "get",
          "originalText": "get",
          "characterOffsetBegin": 1809,
          "characterOffsetEnd": 1812,
          "before": " ",
          "after": " "
        },
        {
          "index": 7,
          "word": "home",
          "originalText": "home",
          "characterOffsetBegin": 1813,
          "characterOffsetEnd": 1817,
          "before": " ",
          "after": " "
        },
        {
          "index": 8,
          "word": "till",
          "originalText": "till",
          "characterOffsetBegin": 1818,
          "characterOffsetEnd": 1822,
          "before": " ",
          "after": " "
        },
        {
          "index": 9,
          "word": "about",
          "originalText": "about",
          "characterOffsetBegin": 1823,
          "characterOffsetEnd": 1828,
          "before": " ",
          "after": " "
        },
        {
          "index": 10,
          "word": "2",
          "originalText": "2",
          "characterOffsetBegin": 1829,
          "characterOffsetEnd": 1830,
          "before": " ",
          "after": " "
        },
        {
          "index": 11,
          "word": "am",
          "originalText": "am",
          "characterOffsetBegin": 1831,
          "characterOffsetEnd": 1833,
          "before": " ",
          "after": " "
        },
        {
          "index": 12,
          "word": "and",
          "originalText": "and",
          "characterOffsetBegin": 1834,
          "characterOffsetEnd": 1837,
          "before": " ",
          "after": " "
        },
        {
          "index": 13,
          "word": "I",
          "originalText": "I",
          "characterOffsetBegin": 1838,
          "characterOffsetEnd": 1839,
          "before": " ",
          "after": " "
        },
        {
          "index": 14,
          "word": "work",
          "originalText": "work",
          "characterOffsetBegin": 1840,
          "characterOffsetEnd": 1844,
          "before": " ",
          "after": " "
        },
        {
          "index": 15,
          "word": "tomorrow",
          "originalText": "tomorrow",
          "characterOffsetBegin": 1845,
          "characterOffsetEnd": 1853,
          "before": " ",
          "after": ""
        },
        {
          "index": 16,
          "word": ".",
          "originalText": ".",
          "characterOffsetBegin": 1853,
          "characterOffsetEnd": 1854,
          "before": "",
          "after": ""
        }
      ]
    },
    {
      "index": 30,
      "tokens": [
        {
          "index": 1,
          "word": "@highlight",
          "originalText": "@highlight",
          "characterOffsetBegin": 1856,
          "characterOffsetEnd": 1866,
          "before": "",
          "after": ""
        }
      ]
    },
    {
      "index": 31,
      "tokens": [
        {
          "index": 1,
          "word": "Agent",
          "originalText": "Agent",
          "characterOffsetBegin": 1868,
          "characterOffsetEnd": 1873,
          "before": "",
          "after": ""
        },
        {
          "index": 2,
          "word": ":",
          "originalText": ":",
          "characterOffsetBegin": 1873,
          "characterOffsetEnd": 1874,
          "before": "",
          "after": " "
        },
        {
          "index": 3,
          "word": "We",
          "originalText": "We",
          "characterOffsetBegin": 1875,
          "characterOffsetEnd": 1877,
          "before": " ",
          "after": " "
        },
        {
          "index": 4,
          "word": "would",
          "originalText": "would",
          "characterOffsetBegin": 1878,
          "characterOffsetEnd": 1883,
          "before": " ",
          "after": " "
        },
        {
          "index": 5,
          "word": "be",
          "originalText": "be",
          "characterOffsetBegin": 1884,
          "characterOffsetEnd": 1886,
          "before": " ",
          "after": " "
        },
        {
          "index": 6,
          "word": "glad",
          "originalText": "glad",
          "characterOffsetBegin": 1887,
          "characterOffsetEnd": 1891,
          "before": " ",
          "after": " "
        },
        {
          "index": 7,
          "word": "to",
          "originalText": "to",
          "characterOffsetBegin": 1892,
          "characterOffsetEnd": 1894,
          "before": " ",
          "after": " "
        },
        {
          "index": 8,
          "word": "get",
          "originalText": "get",
          "characterOffsetBegin": 1895,
          "characterOffsetEnd": 1898,
          "before": " ",
          "after": " "
        },
        {
          "index": 9,
          "word": "you",
          "originalText": "you",
          "characterOffsetBegin": 1899,
          "characterOffsetEnd": 1902,
          "before": " ",
          "after": " "
        },
        {
          "index": 10,
          "word": "a",
          "originalText": "a",
          "characterOffsetBegin": 1903,
          "characterOffsetEnd": 1904,
          "before": " ",
          "after": " "
        },
        {
          "index": 11,
          "word": "status",
          "originalText": "status",
          "characterOffsetBegin": 1905,
          "characterOffsetEnd": 1911,
          "before": " ",
          "after": " "
        },
        {
          "index": 12,
          "word": "update",
          "originalText": "update",
          "characterOffsetBegin": 1912,
          "characterOffsetEnd": 1918,
          "before": " ",
          "after": " "
        },
        {
          "index": 13,
          "word": "on",
          "originalText": "on",
          "characterOffsetBegin": 1919,
          "characterOffsetEnd": 1921,
          "before": " ",
          "after": " "
        },
        {
          "index": 14,
          "word": "your",
          "originalText": "your",
          "characterOffsetBegin": 1922,
          "characterOffsetEnd": 1926,
          "before": " ",
          "after": " "
        },
        {
          "index": 15,
          "word": "flight",
          "originalText": "flight",
          "characterOffsetBegin": 1927,
          "characterOffsetEnd": 1933,
          "before": " ",
          "after": ""
        },
        {
          "index": 16,
          "word": ".",
          "originalText": ".",
          "characterOffsetBegin": 1933,
          "characterOffsetEnd": 1934,
          "before": "",
          "after": ""
        }
      ]
    },
    {
      "index": 32,
      "tokens": [
        {
          "index": 1,
          "word": "@highlight",
          "originalText": "@highlight",
          "characterOffsetBegin": 1936,
          "characterOffsetEnd": 1946,
          "before": "",
          "after": ""
        }
      ]
    },
    {
      "index": 33,
      "tokens": [
        {
          "index": 1,
          "word": "Please",
          "originalText": "Please",
          "characterOffsetBegin": 1948,
          "characterOffsetEnd": 1954,
          "before": "",
          "after": " "
        },
        {
          "index": 2,
          "word": "feel",
          "originalText": "feel",
          "characterOffsetBegin": 1955,
          "characterOffsetEnd": 1959,
          "before": " ",
          "after": " "
        },
        {
          "index": 3,
          "word": "free",
          "originalText": "free",
          "characterOffsetBegin": 1960,
          "characterOffsetEnd": 1964,
          "before": " ",
          "after": " "
        },
        {
          "index": 4,
          "word": "to",
          "originalText": "to",
          "characterOffsetBegin": 1965,
          "characterOffsetEnd": 1967,
          "before": " ",
          "after": " "
        },
        {
          "index": 5,
          "word": "DM",
          "originalText": "DM",
          "characterOffsetBegin": 1968,
          "characterOffsetEnd": 1970,
          "before": " ",
          "after": " "
        },
        {
          "index": 6,
          "word": "us",
          "originalText": "us",
          "characterOffsetBegin": 1971,
          "characterOffsetEnd": 1973,
          "before": " ",
          "after": " "
        },
        {
          "index": 7,
          "word": "your",
          "originalText": "your",
          "characterOffsetBegin": 1974,
          "characterOffsetEnd": 1978,
          "before": " ",
          "after": " "
        },
        {
          "index": 8,
          "word": "confirmation",
          "originalText": "confirmation",
          "characterOffsetBegin": 1979,
          "characterOffsetEnd": 1991,
          "before": " ",
          "after": " "
        },
        {
          "index": 9,
          "word": "number",
          "originalText": "number",
          "characterOffsetBegin": 1992,
          "characterOffsetEnd": 1998,
          "before": " ",
          "after": " "
        },
        {
          "index": 10,
          "word": "so",
          "originalText": "so",
          "characterOffsetBegin": 1999,
          "characterOffsetEnd": 2001,
          "before": " ",
          "after": " "
        },
        {
          "index": 11,
          "word": "we",
          "originalText": "we",
          "characterOffsetBegin": 2002,
          "characterOffsetEnd": 2004,
          "before": " ",
          "after": " "
        },
        {
          "index": 12,
          "word": "can",
          "originalText": "can",
          "characterOffsetBegin": 2005,
          "characterOffsetEnd": 2008,
          "before": " ",
          "after": " "
        },
        {
          "index": 13,
          "word": "take",
          "originalText": "take",
          "characterOffsetBegin": 2009,
          "characterOffsetEnd": 2013,
          "before": " ",
          "after": " "
        },
        {
          "index": 14,
          "word": "a",
          "originalText": "a",
          "characterOffsetBegin": 2014,
          "characterOffsetEnd": 2015,
          "before": " ",
          "after": " "
        },
        {
          "index": 15,
          "word": "look",
          "originalText": "look",
          "characterOffsetBegin": 2016,
          "characterOffsetEnd": 2020,
          "before": " ",
          "after": ""
        },
        {
          "index": 16,
          "word": ".",
          "originalText": ".",
          "characterOffsetBegin": 2020,
          "characterOffsetEnd": 2021,
          "before": "",
          "after": ""
        }
      ]
    }
  ]
}