{
  "sentences": [
    {
      "index": 0,
      "tokens": [
        {
          "index": 1,
          "word": "Customer",
          "originalText": "Customer",
          "characterOffsetBegin": 0,
          "characterOffsetEnd": 8,
          "before": "",
          "after": ""
        },
        {
          "index": 2,
          "word": ":",
          "originalText": ":",
          "characterOffsetBegin": 8,
          "characterOffsetEnd": 9,
          "before": "",
          "after": " "
        },
        {
          "index": 3,
          "word": "@sainsburys",
          "originalText": "@sainsburys",
          "characterOffsetBegin": 10,
          "characterOffsetEnd": 21,
          "before": " ",
          "after": " "
        },
        {
          "index": 4,
          "word": "absolutely",
          "originalText": "absolutely",
          "characterOffsetBegin": 22,
          "characterOffsetEnd": 32,
          "before": " ",
          "after": " "
        },
        {
          "index": 5,
          "word": "disguisted",
          "originalText": "disguisted",
          "characterOffsetBegin": 33,
          "characterOffsetEnd": 43,
          "before": " ",
          "after": " "
        },
        {
          "index": 6,
          "word": "with",
          "originalText": "with",
          "characterOffsetBegin": 44,
          "characterOffsetEnd": 48,
          "before": " ",
          "after": " "
        },
        {
          "index": 7,
          "word": "this",
          "originalText": "this",
          "characterOffsetBegin": 49,
          "characterOffsetEnd": 53,
          "before": " ",
          "after": " "
        },
        {
          "index": 8,
          "word": "mouldy",
          "originalText": "mouldy",
          "characterOffsetBegin": 54,
          "characterOffsetEnd": 60,
          "before": " ",
          "after": " "
        },
        {
          "index": 9,
          "word": "in",
          "originalText": "in",
          "characterOffsetBegin": 61,
          "characterOffsetEnd": 63,
          "before": " ",
          "after": " "
        },
        {
          "index": 10,
          "word": "date",
          "originalText": "date",
          "characterOffsetBegin": 64,
          "characterOffsetEnd": 68,
          "before": " ",
          "after": " "
        },
        {
          "index": 11,
          "word": "cheese",
          "originalText": "cheese",
          "characterOffsetBegin": 69,
          "characterOffsetEnd": 75,
          "before": " ",
          "after": " "
        },
        {
          "index": 12,
          "word": "I",
          "originalText": "I",
          "characterOffsetBegin": 76,
          "characterOffsetEnd": 77,
          "before": " ",
          "after": " "
        },
        {
          "index": 13,
          "word": "bought",
          "originalText": "bought",
          "characterOffsetBegin": 78,
          "characterOffsetEnd": 84,
          "before": " ",
          "after": " "
        },
        {
          "index": 14,
          "word": "on",
          "originalText": "on",
          "characterOffsetBegin": 85,
          "characterOffsetEnd": 87,
          "before": " ",
          "after": " "
        },
        {
          "index": 15,
          "word": "Tuesday",
          "originalText": "Tuesday",
          "characterOffsetBegin": 88,
          "characterOffsetEnd": 95,
          "before": " ",
          "after": ""
        },
        {
          "index": 16,
          "word": ".",
          "originalText": ".",
          "characterOffsetBegin": 95,
          "characterOffsetEnd": 96,
          "before": "",
          "after": ""
        }
      ]
    },
    {
      "index": 1,
      "tokens": [
        {
          "index": 1,
          "word": "Sent",
          "originalText": "Sent",
          "characterOffsetBegin": 98,
          "characterOffsetEnd": 102,
          "before": "",
          "after": " "
        },
        {
          "index": 2,
          "word": "my",
          "originalText": "my",
          "characterOffsetBegin": 103,
          "characterOffsetEnd": 105,
          "before": " ",
          "after": " "
        },
        {
          "index": 3,
          "word": "9",
          "originalText": "9",
          "characterOffsetBegin": 106,
          "characterOffsetEnd": 107,
          "before": " ",
          "after": " "
        },
        {
          "index": 4,
          "word": "month",
          "originalText": "month",
          "characterOffsetBegin": 108,
          "characterOffsetEnd": 113,
          "before": " ",
          "after": " "
        },
        {
          "index": 5,
          "word": "to",
          "originalText": "to",
          "characterOffsetBegin": 114,
          "characterOffsetEnd": 116,
          "before": " ",
          "after": " "
        },
        {
          "index": 6,
          "word": "nursery",
          "originalText": "nursery",
          "characterOffsetBegin": 117,
          "characterOffsetEnd": 124,
          "before": " ",
          "after": " "
        },
        {
          "index": 7,
          "word": "with",
          "originalText": "with",
          "characterOffsetBegin": 125,
          "characterOffsetEnd": 129,
          "before": " ",
          "after": " "
        },
        {
          "index": 8,
          "word": "these",
          "originalText": "these",
          "characterOffsetBegin": 130,
          "characterOffsetEnd": 135,
          "before": " ",
          "after": ""
        },
        {
          "index": 9,
          "word": ".",
          "originalText": ".",
          "characterOffsetBegin": 135,
          "characterOffsetEnd": 136,
          "before": "",
          "after": ""
        }
      ]
    },
    {
      "index": 2,
      "tokens": [
        {
          "index": 1,
          "word": "P",
          "originalText": "P",
          "characterOffsetBegin": 138,
          "characterOffsetEnd": 139,
          "before": "",
          "after": ""
        },
        {
          "index": 2,
          "word": "***",
          "originalText": "***",
          "characterOffsetBegin": 139,
          "characterOffsetEnd": 142,
          "before": "",
          "after": ""
        },
        {
          "index": 3,
          "word": "ed",
          "originalText": "ed",
          "characterOffsetBegin": 142,
          "characterOffsetEnd": 144,
          "before": "",
          "after": " "
        },
        {
          "index": 4,
          "word": "off",
          "originalText": "off",
          "characterOffsetBegin": 145,
          "characterOffsetEnd": 148,
          "before": " ",
          "after": ""
        },
        {
          "index": 5,
          "word": "!",
          "originalText": "!",
          "characterOffsetBegin": 148,
          "characterOffsetEnd": 149,
          "before": "",
          "after": ""
        }
      ]
    },
    {
      "index": 3,
      "tokens": [
        {
          "index": 1,
          "word": "https://t.co/8ap6QZNKS1",
          "originalText": "https://t.co/8ap6QZNKS1",
          "characterOffsetBegin": 151,
          "characterOffsetEnd": 174,
          "before": "",
          "after": ""
        }
      ]
    },
    {
      "index": 4,
      "tokens": [
        {
          "index": 1,
          "word": "Agent",
          "originalText": "Agent",
          "characterOffsetBegin": 176,
          "characterOffsetEnd": 181,
          "before": "",
          "after": ""
        },
        {
          "index": 2,
          "word": ":",
          "originalText": ":",
          "characterOffsetBegin": 181,
          "characterOffsetEnd": 182,
          "before": "",
          "after": " "
        },
        {
          "index": 3,
          "word": "@",
          "originalText": "@",
          "characterOffsetBegin": 183,
          "characterOffsetEnd": 184,
          "before": " ",
          "after": ""
        },
        {
          "index": 4,
          "word": "329337",
          "originalText": "329337",
          "characterOffsetBegin": 184,
          "characterOffsetEnd": 190,
          "before": "",
          "after": " "
        },
        {
          "index": 5,
          "word": "Oh",
          "originalText": "Oh",
          "characterOffsetBegin": 191,
          "characterOffsetEnd": 193,
          "before": " ",
          "after": ""
        },
        {
          "index": 6,
          "word": ",",
          "originalText": ",",
          "characterOffsetBegin": 193,
          "characterOffsetEnd": 194,
          "before": "",
          "after": " "
        },
        {
          "index": 7,
          "word": "sorry",
          "originalText": "sorry",
          "characterOffsetBegin": 195,
          "characterOffsetEnd": 200,
          "before": " ",
          "after": " "
        },
        {
          "index": 8,
          "word": "Adele",
          "originalText": "Adele",
          "characterOffsetBegin": 201,
          "characterOffsetEnd": 206,
          "before": " ",
          "after": ""
        },
        {
          "index": 9,
          "word": "!",
          "originalText": "!",
          "characterOffsetBegin": 206,
          "characterOffsetEnd": 207,
          "before": "",
          "after": ""
        }
      ]
    },
    {
      "index": 5,
      "tokens": [
        {
          "index": 1,
          "word": "Is",
          "originalText": "Is",
          "characterOffsetBegin": 209,
          "characterOffsetEnd": 211,
          "before": "",
          "after": " "
        },
        {
          "index": 2,
          "word": "your",
          "originalText": "your",
          "characterOffsetBegin": 212,
          "characterOffsetEnd": 216,
          "before": " ",
          "after": " "
        },
        {
          "index": 3,
          "word": "little",
          "originalText": "little",
          "characterOffsetBegin": 217,
          "characterOffsetEnd": 223,
          "before": " ",
          "after": " "
        },
        {
          "index": 4,
          "word": "one",
          "originalText": "one",
          "characterOffsetBegin": 224,
          "characterOffsetEnd": 227,
          "before": " ",
          "after": " "
        },
        {
          "index": 5,
          "word": "okay",
          "originalText": "okay",
          "characterOffsetBegin": 228,
          "characterOffsetEnd": 232,
          "before": " ",
          "after": ""
        },
        {
          "index": 6,
          "word": "?",
          "originalText": "?",
          "characterOffsetBegin": 232,
          "characterOffsetEnd": 233,
          "before": "",
          "after": ""
        }
      ]
    },
    {
      "index": 6,
      "tokens": [
        {
          "index": 1,
          "word": "Which",
          "originalText": "Which",
          "characterOffsetBegin": 235,
          "characterOffsetEnd": 240,
          "before": "",
          "after": " "
        },
        {
          "index": 2,
          "word": "store",
          "originalText": "store",
          "characterOffsetBegin": 241,
          "characterOffsetEnd": 246,
          "before": " ",
          "after": " "
        },
        {
          "index": 3,
          "word": "did",
          "originalText": "did",
          "characterOffsetBegin": 247,
          "characterOffsetEnd": 250,
          "before": " ",
          "after": " "
        },
        {
          "index": 4,
          "word": "you",
          "originalText": "you",
          "characterOffsetBegin": 251,
          "characterOffsetEnd": 254,
          "before": " ",
          "after": " "
        },
        {
          "index": 5,
          "word": "get",
          "originalText": "get",
          "characterOffsetBegin": 255,
          "characterOffsetEnd": 258,
          "before": " ",
          "after": " "
        },
        {
          "index": 6,
          "word": "these",
          "originalText": "these",
          "characterOffsetBegin": 259,
          "characterOffsetEnd": 264,
          "before": " ",
          "after": " "
        },
        {
          "index": 7,
          "word": "from",
          "originalText": "from",
          "characterOffsetBegin": 265,
          "characterOffsetEnd": 269,
          "before": " ",
          "after": ""
        },
        {
          "index": 8,
          "word": "?",
          "originalText": "?",
          "characterOffsetBegin": 269,
          "characterOffsetEnd": 270,
          "before": "",
          "after": ""
        }
      ]
    },
    {
      "index": 7,
      "tokens": [
        {
          "index": 1,
          "word": "Can",
          "originalText": "Can",
          "characterOffsetBegin": 272,
          "characterOffsetEnd": 275,
          "before": "",
          "after": " "
        },
        {
          "index": 2,
          "word": "you",
          "originalText": "you",
          "characterOffsetBegin": 276,
          "characterOffsetEnd": 279,
          "before": " ",
          "after": " "
        },
        {
          "index": 3,
          "word": "please",
          "originalText": "please",
          "characterOffsetBegin": 280,
          "characterOffsetEnd": 286,
          "before": " ",
          "after": " "
        },
        {
          "index": 4,
          "word": "show",
          "originalText": "show",
          "characterOffsetBegin": 287,
          "characterOffsetEnd": 291,
          "before": " ",
          "after": " "
        },
        {
          "index": 5,
          "word": "me",
          "originalText": "me",
          "characterOffsetBegin": 292,
          "characterOffsetEnd": 294,
          "before": " ",
          "after": " "
        },
        {
          "index": 6,
          "word": "a",
          "originalText": "a",
          "characterOffsetBegin": 295,
          "characterOffsetEnd": 296,
          "before": " ",
          "after": " "
        },
        {
          "index": 7,
          "word": "pic",
          "originalText": "pic",
          "characterOffsetBegin": 297,
          "characterOffsetEnd": 300,
          "before": " ",
          "after": " "
        },
        {
          "index": 8,
          "word": "of",
          "originalText": "of",
          "characterOffsetBegin": 301,
          "characterOffsetEnd": 303,
          "before": " ",
          "after": " "
        },
        {
          "index": 9,
          "word": "the",
          "originalText": "the",
          "characterOffsetBegin": 304,
          "characterOffsetEnd": 307,
          "before": " ",
          "after": " "
        },
        {
          "index": 10,
          "word": "barcode",
          "originalText": "barcode",
          "characterOffsetBegin": 308,
          "characterOffsetEnd": 315,
          "before": " ",
          "after": ""
        },
        {
          "index": 11,
          "word": "?",
          "originalText": "?",
          "characterOffsetBegin": 315,
          "characterOffsetEnd": 316,
          "before": "",
          "after": ""
        }
      ]
    },
    {
      "index": 8,
      "tokens": [
        {
          "index": 1,
          "word": "Daryl",
          "originalText": "Daryl",
          "characterOffsetBegin": 318,
          "characterOffsetEnd": 323,
          "before": "",
          "after": ""
        },
        {
          "index": 2,
          "word": ".",
          "originalText": ".",
          "characterOffsetBegin": 323,
          "characterOffsetEnd": 324,
          "before": "",
          "after": ""
        }
      ]
    },
    {
      "index": 9,
      "tokens": [
        {
          "index": 1,
          "word": "Customer",
          "originalText": "Customer",
          "characterOffsetBegin": 326,
          "characterOffsetEnd": 334,
          "before": "",
          "after": ""
        },
        {
          "index": 2,
          "word": ":",
          "originalText": ":",
          "characterOffsetBegin": 334,
          "characterOffsetEnd": 335,
          "before": "",
          "after": " "
        },
        {
          "index": 3,
          "word": "@sainsburys",
          "originalText": "@sainsburys",
          "characterOffsetBegin": 336,
          "characterOffsetEnd": 347,
          "before": " ",
          "after": " "
        },
        {
          "index": 4,
          "word": "This",
          "originalText": "This",
          "characterOffsetBegin": 348,
          "characterOffsetEnd": 352,
          "before": " ",
          "after": " "
        },
        {
          "index": 5,
          "word": "was",
          "originalText": "was",
          "characterOffsetBegin": 353,
          "characterOffsetEnd": 356,
          "before": " ",
          "after": " "
        },
        {
          "index": 6,
          "word": "the",
          "originalText": "the",
          "characterOffsetBegin": 357,
          "characterOffsetEnd": 360,
          "before": " ",
          "after": " "
        },
        {
          "index": 7,
          "word": "second",
          "originalText": "second",
          "characterOffsetBegin": 361,
          "characterOffsetEnd": 367,
          "before": " ",
          "after": " "
        },
        {
          "index": 8,
          "word": "one",
          "originalText": "one",
          "characterOffsetBegin": 368,
          "characterOffsetEnd": 371,
          "before": " ",
          "after": " "
        },
        {
          "index": 9,
          "word": "he",
          "originalText": "he",
          "characterOffsetBegin": 372,
          "characterOffsetEnd": 374,
          "before": " ",
          "after": " "
        },
        {
          "index": 10,
          "word": "had",
          "originalText": "had",
          "characterOffsetBegin": 375,
          "characterOffsetEnd": 378,
          "before": " ",
          "after": " "
        },
        {
          "index": 11,
          "word": "but",
          "originalText": "but",
          "characterOffsetBegin": 379,
          "characterOffsetEnd": 382,
          "before": " ",
          "after": " "
        },
        {
          "index": 12,
          "word": "was",
          "originalText": "was",
          "characterOffsetBegin": 383,
          "characterOffsetEnd": 386,
          "before": " ",
          "after": ""
        },
        {
          "index": 13,
          "word": "n't",
          "originalText": "n’t",
          "characterOffsetBegin": 386,
          "characterOffsetEnd": 389,
          "before": "",
          "after": " "
        },
        {
          "index": 14,
          "word": "noticed",
          "originalText": "noticed",
          "characterOffsetBegin": 390,
          "characterOffsetEnd": 397,
          "before": " ",
          "after": " "
        },
        {
          "index": 15,
          "word": "on",
          "originalText": "on",
          "characterOffsetBegin": 398,
          "characterOffsetEnd": 400,
          "before": " ",
          "after": " "
        },
        {
          "index": 16,
          "word": "the",
          "originalText": "the",
          "characterOffsetBegin": 401,
          "characterOffsetEnd": 404,
          "before": " ",
          "after": " "
        },
        {
          "index": 17,
          "word": "first",
          "originalText": "first",
          "characterOffsetBegin": 405,
          "characterOffsetEnd": 410,
          "before": " ",
          "after": " "
        },
        {
          "index": 18,
          "word": "so",
          "originalText": "so",
          "characterOffsetBegin": 411,
          "characterOffsetEnd": 413,
          "before": " ",
          "after": " "
        },
        {
          "index": 19,
          "word": "we",
          "originalText": "we",
          "characterOffsetBegin": 414,
          "characterOffsetEnd": 416,
          "before": " ",
          "after": " "
        },
        {
          "index": 20,
          "word": "have",
          "originalText": "have",
          "characterOffsetBegin": 417,
          "characterOffsetEnd": 421,
          "before": " ",
          "after": " "
        },
        {
          "index": 21,
          "word": "had",
          "originalText": "had",
          "characterOffsetBegin": 422,
          "characterOffsetEnd": 425,
          "before": " ",
          "after": " "
        },
        {
          "index": 22,
          "word": "a",
          "originalText": "a",
          "characterOffsetBegin": 426,
          "characterOffsetEnd": 427,
          "before": " ",
          "after": " "
        },
        {
          "index": 23,
          "word": "sick",
          "originalText": "sick",
          "characterOffsetBegin": 428,
          "characterOffsetEnd": 432,
          "before": " ",
          "after": " "
        },
        {
          "index": 24,
          "word": "baby",
          "originalText": "baby",
          "characterOffsetBegin": 433,
          "characterOffsetEnd": 437,
          "before": " ",
          "after": " "
        },
        {
          "index": 25,
          "word": "today",
          "originalText": "today",
          "characterOffsetBegin": 438,
          "characterOffsetEnd": 443,
          "before": " ",
          "after": ""
        },
        {
          "index": 26,
          "word": ".",
          "originalText": ".",
          "characterOffsetBegin": 443,
          "characterOffsetEnd": 444,
          "before": "",
          "after": ""
        }
      ]
    },
    {
      "index": 10,
      "tokens": [
        {
          "index": 1,
          "word": "We",
          "originalText": "We",
          "characterOffsetBegin": 446,
          "characterOffsetEnd": 448,
          "before": "",
          "after": " "
        },
        {
          "index": 2,
          "word": "got",
          "originalText": "got",
          "characterOffsetBegin": 449,
          "characterOffsetEnd": 452,
          "before": " ",
          "after": " "
        },
        {
          "index": 3,
          "word": "it",
          "originalText": "it",
          "characterOffsetBegin": 453,
          "characterOffsetEnd": 455,
          "before": " ",
          "after": " "
        },
        {
          "index": 4,
          "word": "from",
          "originalText": "from",
          "characterOffsetBegin": 456,
          "characterOffsetEnd": 460,
          "before": " ",
          "after": " "
        },
        {
          "index": 5,
          "word": "Barnstaple",
          "originalText": "Barnstaple",
          "characterOffsetBegin": 461,
          "characterOffsetEnd": 471,
          "before": " ",
          "after": ""
        },
        {
          "index": 6,
          "word": ",",
          "originalText": ",",
          "characterOffsetBegin": 471,
          "characterOffsetEnd": 472,
          "before": "",
          "after": " "
        },
        {
          "index": 7,
          "word": "Devon",
          "originalText": "Devon",
          "characterOffsetBegin": 473,
          "characterOffsetEnd": 478,
          "before": " ",
          "after": ""
        }
      ]
    },
    {
      "index": 11,
      "tokens": [
        {
          "index": 1,
          "word": "Customer",
          "originalText": "Customer",
          "characterOffsetBegin": 480,
          "characterOffsetEnd": 488,
          "before": "",
          "after": ""
        },
        {
          "index": 2,
          "word": ":",
          "originalText": ":",
          "characterOffsetBegin": 488,
          "characterOffsetEnd": 489,
          "before": "",
          "after": " "
        },
        {
          "index": 3,
          "word": "@sainsburys",
          "originalText": "@sainsburys",
          "characterOffsetBegin": 490,
          "characterOffsetEnd": 501,
          "before": " ",
          "after": "  "
        },
        {
          "index": 4,
          "word": "https://t.co/FZOPcon4pD",
          "originalText": "https://t.co/FZOPcon4pD",
          "characterOffsetBegin": 503,
          "characterOffsetEnd": 526,
          "before": "  ",
          "after": ""
        }
      ]
    },
    {
      "index": 12,
      "tokens": [
        {
          "index": 1,
          "word": "Agent",
          "originalText": "Agent",
          "characterOffsetBegin": 528,
          "characterOffsetEnd": 533,
          "before": "",
          "after": ""
        },
        {
          "index": 2,
          "word": ":",
          "originalText": ":",
          "characterOffsetBegin": 533,
          "characterOffsetEnd": 534,
          "before": "",
          "after": " "
        },
        {
          "index": 3,
          "word": "@",
          "originalText": "@",
          "characterOffsetBegin": 535,
          "characterOffsetEnd": 536,
          "before": " ",
          "after": ""
        },
        {
          "index": 4,
          "word": "329337",
          "originalText": "329337",
          "characterOffsetBegin": 536,
          "characterOffsetEnd": 542,
          "before": "",
          "after": " "
        },
        {
          "index": 5,
          "word": "Thank",
          "originalText": "Thank",
          "characterOffsetBegin": 543,
          "characterOffsetEnd": 548,
          "before": " ",
          "after": " "
        },
        {
          "index": 6,
          "word": "you",
          "originalText": "you",
          "characterOffsetBegin": 549,
          "characterOffsetEnd": 552,
          "before": " ",
          "after": ""
        },
        {
          "index": 7,
          "word": ",",
          "originalText": ",",
          "characterOffsetBegin": 552,
          "characterOffsetEnd": 553,
          "before": "",
          "after": " "
        },
        {
          "index": 8,
          "word": "is",
          "originalText": "is",
          "characterOffsetBegin": 554,
          "characterOffsetEnd": 556,
          "before": " ",
          "after": " "
        },
        {
          "index": 9,
          "word": "your",
          "originalText": "your",
          "characterOffsetBegin": 557,
          "characterOffsetEnd": 561,
          "before": " ",
          "after": " "
        },
        {
          "index": 10,
          "word": "child",
          "originalText": "child",
          "characterOffsetBegin": 562,
          "characterOffsetEnd": 567,
          "before": " ",
          "after": " "
        },
        {
          "index": 11,
          "word": "okay",
          "originalText": "okay",
          "characterOffsetBegin": 568,
          "characterOffsetEnd": 572,
          "before": " ",
          "after": ""
        },
        {
          "index": 12,
          "word": "?",
          "originalText": "?",
          "characterOffsetBegin": 572,
          "characterOffsetEnd": 573,
          "before": "",
          "after": ""
        }
      ]
    },
    {
      "index": 13,
      "tokens": [
        {
          "index": 1,
          "word": "Robbie",
          "originalText": "Robbie",
          "characterOffsetBegin": 575,
          "characterOffsetEnd": 581,
          "before": "",
          "after": ""
        }
      ]
    },
    {
      "index": 14,
      "tokens": [
        {
          "index": 1,
          "word": "Customer",
          "originalText": "Customer",
          "characterOffsetBegin": 583,
          "characterOffsetEnd": 591,
          "before": "",
          "after": ""
        },
        {
          "index": 2,
          "word": ":",
          "originalText": ":",
          "characterOffsetBegin": 591,
          "characterOffsetEnd": 592,
          "before": "",
          "after": " "
        },
        {
          "index": 3,
          "word": "@sainsburys",
          "originalText": "@sainsburys",
          "characterOffsetBegin": 593,
          "characterOffsetEnd": 604,
          "before": " ",
          "after": " "
        },
        {
          "index": 4,
          "word": "No",
          "originalText": "No",
          "characterOffsetBegin": 605,
          "characterOffsetEnd": 607,
          "before": " ",
          "after": ""
        },
        {
          "index": 5,
          "word": ",",
          "originalText": ",",
          "characterOffsetBegin": 607,
          "characterOffsetEnd": 608,
          "before": "",
          "after": " "
        },
        {
          "index": 6,
          "word": "he",
          "originalText": "he",
          "characterOffsetBegin": 609,
          "characterOffsetEnd": 611,
          "before": " ",
          "after": " "
        },
        {
          "index": 7,
          "word": "was",
          "originalText": "was",
          "characterOffsetBegin": 612,
          "characterOffsetEnd": 615,
          "before": " ",
          "after": ""
        },
        {
          "index": 8,
          "word": "n't",
          "originalText": "n’t",
          "characterOffsetBegin": 615,
          "characterOffsetEnd": 618,
          "before": "",
          "after": ""
        },
        {
          "index": 9,
          "word": ".",
          "originalText": ".",
          "characterOffsetBegin": 618,
          "characterOffsetEnd": 619,
          "before": "",
          "after": ""
        }
      ]
    },
    {
      "index": 15,
      "tokens": [
        {
          "index": 1,
          "word": "This",
          "originalText": "This",
          "characterOffsetBegin": 619,
          "characterOffsetEnd": 623,
          "before": "",
          "after": " "
        },
        {
          "index": 2,
          "word": "was",
          "originalText": "was",
          "characterOffsetBegin": 624,
          "characterOffsetEnd": 627,
          "before": " ",
          "after": " "
        },
        {
          "index": 3,
          "word": "the",
          "originalText": "the",
          "characterOffsetBegin": 628,
          "characterOffsetEnd": 631,
          "before": " ",
          "after": " "
        },
        {
          "index": 4,
          "word": "second",
          "originalText": "second",
          "characterOffsetBegin": 632,
          "characterOffsetEnd": 638,
          "before": " ",
          "after": " "
        },
        {
          "index": 5,
          "word": "one",
          "originalText": "one",
          "characterOffsetBegin": 639,
          "characterOffsetEnd": 642,
          "before": " ",
          "after": " "
        },
        {
          "index": 6,
          "word": "he",
          "originalText": "he",
          "characterOffsetBegin": 643,
          "characterOffsetEnd": 645,
          "before": " ",
          "after": " "
        },
        {
          "index": 7,
          "word": "had",
          "originalText": "had",
          "characterOffsetBegin": 646,
          "characterOffsetEnd": 649,
          "before": " ",
          "after": " "
        },
        {
          "index": 8,
          "word": "but",
          "originalText": "but",
          "characterOffsetBegin": 650,
          "characterOffsetEnd": 653,
          "before": " ",
          "after": " "
        },
        {
          "index": 9,
          "word": "was",
          "originalText": "was",
          "characterOffsetBegin": 654,
          "characterOffsetEnd": 657,
          "before": " ",
          "after": ""
        },
        {
          "index": 10,
          "word": "n't",
          "originalText": "n’t",
          "characterOffsetBegin": 657,
          "characterOffsetEnd": 660,
          "before": "",
          "after": " "
        },
        {
          "index": 11,
          "word": "noticed",
          "originalText": "noticed",
          "characterOffsetBegin": 661,
          "characterOffsetEnd": 668,
          "before": " ",
          "after": " "
        },
        {
          "index": 12,
          "word": "on",
          "originalText": "on",
          "characterOffsetBegin": 669,
          "characterOffsetEnd": 671,
          "before": " ",
          "after": " "
        },
        {
          "index": 13,
          "word": "the",
          "originalText": "the",
          "characterOffsetBegin": 672,
          "characterOffsetEnd": 675,
          "before": " ",
          "after": " "
        },
        {
          "index": 14,
          "word": "first",
          "originalText": "first",
          "characterOffsetBegin": 676,
          "characterOffsetEnd": 681,
          "before": " ",
          "after": " "
        },
        {
          "index": 15,
          "word": "so",
          "originalText": "so",
          "characterOffsetBegin": 682,
          "characterOffsetEnd": 684,
          "before": " ",
          "after": " "
        },
        {
          "index": 16,
          "word": "we",
          "originalText": "we",
          "characterOffsetBegin": 685,
          "characterOffsetEnd": 687,
          "before": " ",
          "after": " "
        },
        {
          "index": 17,
          "word": "have",
          "originalText": "have",
          "characterOffsetBegin": 688,
          "characterOffsetEnd": 692,
          "before": " ",
          "after": " "
        },
        {
          "index": 18,
          "word": "had",
          "originalText": "had",
          "characterOffsetBegin": 693,
          "characterOffsetEnd": 696,
          "before": " ",
          "after": " "
        },
        {
          "index": 19,
          "word": "a",
          "originalText": "a",
          "characterOffsetBegin": 697,
          "characterOffsetEnd": 698,
          "before": " ",
          "after": " "
        },
        {
          "index": 20,
          "word": "sick",
          "originalText": "sick",
          "characterOffsetBegin": 699,
          "characterOffsetEnd": 703,
          "before": " ",
          "after": " "
        },
        {
          "index": 21,
          "word": "baby",
          "originalText": "baby",
          "characterOffsetBegin": 704,
          "characterOffsetEnd": 708,
          "before": " ",
          "after": " "
        },
        {
          "index": 22,
          "word": "today",
          "originalText": "today",
          "characterOffsetBegin": 709,
          "characterOffsetEnd": 714,
          "before": " ",
          "after": ""
        },
        {
          "index": 23,
          "word": ".",
          "originalText": ".",
          "characterOffsetBegin": 714,
          "characterOffsetEnd": 715,
          "before": "",
          "after": ""
        }
      ]
    },
    {
      "index": 16,
      "tokens": [
        {
          "index": 1,
          "word": "We",
          "originalText": "We",
          "characterOffsetBegin": 717,
          "characterOffsetEnd": 719,
          "before": "",
          "after": " "
        },
        {
          "index": 2,
          "word": "got",
          "originalText": "got",
          "characterOffsetBegin": 720,
          "characterOffsetEnd": 723,
          "before": " ",
          "after": " "
        },
        {
          "index": 3,
          "word": "it",
          "originalText": "it",
          "characterOffsetBegin": 724,
          "characterOffsetEnd": 726,
          "before": " ",
          "after": " "
        },
        {
          "index": 4,
          "word": "from",
          "originalText": "from",
          "characterOffsetBegin": 727,
          "characterOffsetEnd": 731,
          "before": " ",
          "after": " "
        },
        {
          "index": 5,
          "word": "Barnstaple",
          "originalText": "Barnstaple",
          "characterOffsetBegin": 732,
          "characterOffsetEnd": 742,
          "before": " ",
          "after": ""
        },
        {
          "index": 6,
          "word": ":",
          "originalText": ":",
          "characterOffsetBegin": 742,
          "characterOffsetEnd": 743,
          "before": "",
          "after": ""
        }
      ]
    },
    {
      "index": 17,
      "tokens": [
        {
          "index": 1,
          "word": "Agent",
          "originalText": "Agent",
          "characterOffsetBegin": 745,
          "characterOffsetEnd": 750,
          "before": "",
          "after": ""
        },
        {
          "index": 2,
          "word": ":",
          "originalText": ":",
          "characterOffsetBegin": 750,
          "characterOffsetEnd": 751,
          "before": "",
          "after": " "
        },
        {
          "index": 3,
          "word": "@",
          "originalText": "@",
          "characterOffsetBegin": 752,
          "characterOffsetEnd": 753,
          "before": " ",
          "after": ""
        },
        {
          "index": 4,
          "word": "329337",
          "originalText": "329337",
          "characterOffsetBegin": 753,
          "characterOffsetEnd": 759,
          "before": "",
          "after": " "
        },
        {
          "index": 5,
          "word": "Sorry",
          "originalText": "Sorry",
          "characterOffsetBegin": 760,
          "characterOffsetEnd": 765,
          "before": " ",
          "after": " "
        },
        {
          "index": 6,
          "word": "Adele",
          "originalText": "Adele",
          "characterOffsetBegin": 766,
          "characterOffsetEnd": 771,
          "before": " ",
          "after": ""
        },
        {
          "index": 7,
          "word": ",",
          "originalText": ",",
          "characterOffsetBegin": 771,
          "characterOffsetEnd": 772,
          "before": "",
          "after": " "
        },
        {
          "index": 8,
          "word": "I",
          "originalText": "I",
          "characterOffsetBegin": 773,
          "characterOffsetEnd": 774,
          "before": " ",
          "after": " "
        },
        {
          "index": 9,
          "word": "hope",
          "originalText": "hope",
          "characterOffsetBegin": 775,
          "characterOffsetEnd": 779,
          "before": " ",
          "after": " "
        },
        {
          "index": 10,
          "word": "he",
          "originalText": "he",
          "characterOffsetBegin": 780,
          "characterOffsetEnd": 782,
          "before": " ",
          "after": ""
        },
        {
          "index": 11,
          "word": "'s",
          "originalText": "'s",
          "characterOffsetBegin": 782,
          "characterOffsetEnd": 784,
          "before": "",
          "after": " "
        },
        {
          "index": 12,
          "word": "o",
          "originalText": "o",
          "characterOffsetBegin": 785,
          "characterOffsetEnd": 786,
          "before": " ",
          "after": " "
        },
        {
          "index": 13,
          "word": "the",
          "originalText": "the",
          "characterOffsetBegin": 787,
          "characterOffsetEnd": 790,
          "before": " ",
          "after": " "
        },
        {
          "index": 14,
          "word": "mend",
          "originalText": "mend",
          "characterOffsetBegin": 791,
          "characterOffsetEnd": 795,
          "before": " ",
          "after": " "
        },
        {
          "index": 15,
          "word": "soon",
          "originalText": "soon",
          "characterOffsetBegin": 796,
          "characterOffsetEnd": 800,
          "before": " ",
          "after": ""
        },
        {
          "index": 16,
          "word": ".",
          "originalText": ".",
          "characterOffsetBegin": 800,
          "characterOffsetEnd": 801,
          "before": "",
          "after": ""
        }
      ]
    },
    {
      "index": 18,
      "tokens": [
        {
          "index": 1,
          "word": "Can",
          "originalText": "Can",
          "characterOffsetBegin": 803,
          "characterOffsetEnd": 806,
          "before": "",
          "after": " "
        },
        {
          "index": 2,
          "word": "you",
          "originalText": "you",
          "characterOffsetBegin": 807,
          "characterOffsetEnd": 810,
          "before": " ",
          "after": " "
        },
        {
          "index": 3,
          "word": "DM",
          "originalText": "DM",
          "characterOffsetBegin": 811,
          "characterOffsetEnd": 813,
          "before": " ",
          "after": " "
        },
        {
          "index": 4,
          "word": "your",
          "originalText": "your",
          "characterOffsetBegin": 814,
          "characterOffsetEnd": 818,
          "before": " ",
          "after": " "
        },
        {
          "index": 5,
          "word": "full",
          "originalText": "full",
          "characterOffsetBegin": 819,
          "characterOffsetEnd": 823,
          "before": " ",
          "after": " "
        },
        {
          "index": 6,
          "word": "address",
          "originalText": "address",
          "characterOffsetBegin": 824,
          "characterOffsetEnd": 831,
          "before": " ",
          "after": " "
        },
        {
          "index": 7,
          "word": "and",
          "originalText": "and",
          "characterOffsetBegin": 832,
          "characterOffsetEnd": 835,
          "before": " ",
          "after": " "
        },
        {
          "index": 8,
          "word": "telephone",
          "originalText": "telephone",
          "characterOffsetBegin": 836,
          "characterOffsetEnd": 845,
          "before": " ",
          "after": " "
        },
        {
          "index": 9,
          "word": "number",
          "originalText": "number",
          "characterOffsetBegin": 846,
          "characterOffsetEnd": 852,
          "before": " ",
          "after": " "
        },
        {
          "index": 10,
          "word": "by",
          "originalText": "by",
          "characterOffsetBegin": 853,
          "characterOffsetEnd": 855,
          "before": " ",
          "after": " "
        },
        {
          "index": 11,
          "word": "clicking",
          "originalText": "clicking",
          "characterOffsetBegin": 856,
          "characterOffsetEnd": 864,
          "before": " ",
          "after": " "
        },
        {
          "index": 12,
          "word": "the",
          "originalText": "the",
          "characterOffsetBegin": 865,
          "characterOffsetEnd": 868,
          "before": " ",
          "after": " "
        },
        {
          "index": 13,
          "word": "link",
          "originalText": "link",
          "characterOffsetBegin": 869,
          "characterOffsetEnd": 873,
          "before": " ",
          "after": " "
        },
        {
          "index": 14,
          "word": "below",
          "originalText": "below",
          "characterOffsetBegin": 874,
          "characterOffsetEnd": 879,
          "before": " ",
          "after": ""
        },
        {
          "index": 15,
          "word": ".",
          "originalText": ".",
          "characterOffsetBegin": 879,
          "characterOffsetEnd": 880,
          "before": "",
          "after": ""
        }
      ]
    },
    {
      "index": 19,
      "tokens": [
        {
          "index": 1,
          "word": "We",
          "originalText": "We",
          "characterOffsetBegin": 882,
          "characterOffsetEnd": 884,
          "before": "",
          "after": ""
        },
        {
          "index": 2,
          "word": "'d",
          "originalText": "'d",
          "characterOffsetBegin": 884,
          "characterOffsetEnd": 886,
          "before": "",
          "after": ""
        },
        {
          "index": 3,
          "word": "...",
          "originalText": "...",
          "characterOffsetBegin": 886,
          "characterOffsetEnd": 889,
          "before": "",
          "after": " "
        },
        {
          "index": 4,
          "word": "1/2",
          "originalText": "1/2",
          "characterOffsetBegin": 890,
          "characterOffsetEnd": 893,
          "before": " ",
          "after": ""
        }
      ]
    },
    {
      "index": 20,
      "tokens": [
        {
          "index": 1,
          "word": "Agent",
          "originalText": "Agent",
          "characterOffsetBegin": 895,
          "characterOffsetEnd": 900,
          "before": "",
          "after": ""
        },
        {
          "index": 2,
          "word": ":",
          "originalText": ":",
          "characterOffsetBegin": 900,
          "characterOffsetEnd": 901,
          "before": "",
          "after": " "
        },
        {
          "index": 3,
          "word": "@",
          "originalText": "@",
          "characterOffsetBegin": 902,
          "characterOffsetEnd": 903,
          "before": " ",
          "after": ""
        },
        {
          "index": 4,
          "word": "329337",
          "originalText": "329337",
          "characterOffsetBegin": 903,
          "characterOffsetEnd": 909,
          "before": "",
          "after": " "
        },
        {
          "index": 5,
          "word": "...",
          "originalText": "...",
          "characterOffsetBegin": 910,
          "characterOffsetEnd": 913,
          "before": " ",
          "after": ""
        },
        {
          "index": 6,
          "word": "like",
          "originalText": "like",
          "characterOffsetBegin": 913,
          "characterOffsetEnd": 917,
          "before": "",
          "after": " "
        },
        {
          "index": 7,
          "word": "to",
          "originalText": "to",
          "characterOffsetBegin": 918,
          "characterOffsetEnd": 920,
          "before": " ",
          "after": " "
        },
        {
          "index": 8,
          "word": "pass",
          "originalText": "pass",
          "characterOffsetBegin": 921,
          "characterOffsetEnd": 925,
          "before": " ",
          "after": " "
        },
        {
          "index": 9,
          "word": "your",
          "originalText": "your",
          "characterOffsetBegin": 926,
          "characterOffsetEnd": 930,
          "before": " ",
          "after": " "
        },
        {
          "index": 10,
          "word": "info",
          "originalText": "info",
          "characterOffsetBegin": 931,
          "characterOffsetEnd": 935,
          "before": " ",
          "after": " "
        },
        {
          "index": 11,
          "word": "to",
          "originalText": "to",
          "characterOffsetBegin": 936,
          "characterOffsetEnd": 938,
          "before": " ",
          "after": " "
        },
        {
          "index": 12,
          "word": "our",
          "originalText": "our",
          "characterOffsetBegin": 939,
          "characterOffsetEnd": 942,
          "before": " ",
          "after": " "
        },
        {
          "index": 13,
          "word": "Executive",
          "originalText": "Executive",
          "characterOffsetBegin": 943,
          "characterOffsetEnd": 952,
          "before": " ",
          "after": " "
        },
        {
          "index": 14,
          "word": "Office",
          "originalText": "Office",
          "characterOffsetBegin": 953,
          "characterOffsetEnd": 959,
          "before": " ",
          "after": " "
        },
        {
          "index": 15,
          "word": "for",
          "originalText": "for",
          "characterOffsetBegin": 960,
          "characterOffsetEnd": 963,
          "before": " ",
          "after": " "
        },
        {
          "index": 16,
          "word": "further",
          "originalText": "further",
          "characterOffsetBegin": 964,
          "characterOffsetEnd": 971,
          "before": " ",
          "after": " "
        },
        {
          "index": 17,
          "word": "investigation",
          "originalText": "investigation",
          "characterOffsetBegin": 972,
          "characterOffsetEnd": 985,
          "before": " ",
          "after": ""
        },
        {
          "index": 18,
          "word": ".",
          "originalText": ".",
          "characterOffsetBegin": 985,
          "characterOffsetEnd": 986,
          "before": "",
          "after": ""
        }
      ]
    },
    {
      "index": 21,
      "tokens": [
        {
          "index": 1,
          "word": "Thanks",
          "originalText": "Thanks",
          "characterOffsetBegin": 988,
          "characterOffsetEnd": 994,
          "before": "",
          "after": ""
        },
        {
          "index": 2,
          "word": ",",
          "originalText": ",",
          "characterOffsetBegin": 994,
          "characterOffsetEnd": 995,
          "before": "",
          "after": " "
        },
        {
          "index": 3,
          "word": "Mel",
          "originalText": "Mel",
          "characterOffsetBegin": 996,
          "characterOffsetEnd": 999,
          "before": " ",
          "after": ""
        },
        {
          "index": 4,
          "word": ".",
          "originalText": ".",
          "characterOffsetBegin": 999,
          "characterOffsetEnd": 1000,
          "before": "",
          "after": ""
        }
      ]
    },
    {
      "index": 22,
      "tokens": [
        {
          "index": 1,
          "word": "2/2",
          "originalText": "2/2",
          "characterOffsetBegin": 1002,
          "characterOffsetEnd": 1005,
          "before": "",
          "after": " "
        },
        {
          "index": 2,
          "word": "https://t.co/MdMtnTlX6H",
          "originalText": "https://t.co/MdMtnTlX6H",
          "characterOffsetBegin": 1006,
          "characterOffsetEnd": 1029,
          "before": " ",
          "after": ""
        }
      ]
    },
    {
      "index": 23,
      "tokens": [
        {
          "index": 1,
          "word": "Customer",
          "originalText": "Customer",
          "characterOffsetBegin": 1031,
          "characterOffsetEnd": 1039,
          "before": "",
          "after": ""
        },
        {
          "index": 2,
          "word": ":",
          "originalText": ":",
          "characterOffsetBegin": 1039,
          "characterOffsetEnd": 1040,
          "before": "",
          "after": " "
        },
        {
          "index": 3,
          "word": "@sainsburys",
          "originalText": "@sainsburys",
          "characterOffsetBegin": 1041,
          "characterOffsetEnd": 1052,
          "before": " ",
          "after": " "
        },
        {
          "index": 4,
          "word": "I",
          "originalText": "I",
          "characterOffsetBegin": 1053,
          "characterOffsetEnd": 1054,
          "before": " ",
          "after": " "
        },
        {
          "index": 5,
          "word": "have",
          "originalText": "have",
          "characterOffsetBegin": 1055,
          "characterOffsetEnd": 1059,
          "before": " ",
          "after": " "
        },
        {
          "index": 6,
          "word": "messaged",
          "originalText": "messaged",
          "characterOffsetBegin": 1060,
          "characterOffsetEnd": 1068,
          "before": " ",
          "after": " "
        },
        {
          "index": 7,
          "word": "as",
          "originalText": "as",
          "characterOffsetBegin": 1069,
          "characterOffsetEnd": 1071,
          "before": " ",
          "after": " "
        },
        {
          "index": 8,
          "word": "requested",
          "originalText": "requested",
          "characterOffsetBegin": 1072,
          "characterOffsetEnd": 1081,
          "before": " ",
          "after": ""
        }
      ]
    },
    {
      "index": 24,
      "tokens": [
        {
          "index": 1,
          "word": "@highlight",
          "originalText": "@highlight",
          "characterOffsetBegin": 1083,
          "characterOffsetEnd": 1093,
          "before": "",
          "after": ""
        }
      ]
    },
    {
      "index": 25,
      "tokens": [
        {
          "index": 1,
          "word": "Customer",
          "originalText": "Customer",
          "characterOffsetBegin": 1095,
          "characterOffsetEnd": 1103,
          "before": "",
          "after": ""
        },
        {
          "index": 2,
          "word": ":",
          "originalText": ":",
          "characterOffsetBegin": 1103,
          "characterOffsetEnd": 1104,
          "before": "",
          "after": " "
        },
        {
          "index": 3,
          "word": "@sainsburys",
          "originalText": "@sainsburys",
          "characterOffsetBegin": 1105,
          "characterOffsetEnd": 1116,
          "before": " ",
          "after": " "
        },
        {
          "index": 4,
          "word": "absolutely",
          "originalText": "absolutely",
          "characterOffsetBegin": 1117,
          "characterOffsetEnd": 1127,
          "before": " ",
          "after": " "
        },
        {
          "index": 5,
          "word": "disguisted",
          "originalText": "disguisted",
          "characterOffsetBegin": 1128,
          "characterOffsetEnd": 1138,
          "before": " ",
          "after": " "
        },
        {
          "index": 6,
          "word": "with",
          "originalText": "with",
          "characterOffsetBegin": 1139,
          "characterOffsetEnd": 1143,
          "before": " ",
          "after": " "
        },
        {
          "index": 7,
          "word": "this",
          "originalText": "this",
          "characterOffsetBegin": 1144,
          "characterOffsetEnd": 1148,
          "before": " ",
          "after": " "
        },
        {
          "index": 8,
          "word": "mouldy",
          "originalText": "mouldy",
          "characterOffsetBegin": 1149,
          "characterOffsetEnd": 1155,
          "before": " ",
          "after": " "
        },
        {
          "index": 9,
          "word": "in",
          "originalText": "in",
          "characterOffsetBegin": 1156,
          "characterOffsetEnd": 1158,
          "before": " ",
          "after": " "
        },
        {
          "index": 10,
          "word": "date",
          "originalText": "date",
          "characterOffsetBegin": 1159,
          "characterOffsetEnd": 1163,
          "before": " ",
          "after": " "
        },
        {
          "index": 11,
          "word": "cheese",
          "originalText": "cheese",
          "characterOffsetBegin": 1164,
          "characterOffsetEnd": 1170,
          "before": " ",
          "after": " "
        },
        {
          "index": 12,
          "word": "I",
          "originalText": "I",
          "characterOffsetBegin": 1171,
          "characterOffsetEnd": 1172,
          "before": " ",
          "after": " "
        },
        {
          "index": 13,
          "word": "bought",
          "originalText": "bought",
          "characterOffsetBegin": 1173,
          "characterOffsetEnd": 1179,
          "before": " ",
          "after": " "
        },
        {
          "index": 14,
          "word": "on",
          "originalText": "on",
          "characterOffsetBegin": 1180,
          "characterOffsetEnd": 1182,
          "before": " ",
          "after": " "
        },
        {
          "index": 15,
          "word": "Tuesday",
          "originalText": "Tuesday",
          "characterOffsetBegin": 1183,
          "characterOffsetEnd": 1190,
          "before": " ",
          "after": ""
        },
        {
          "index": 16,
          "word": ".",
          "originalText": ".",
          "characterOffsetBegin": 1190,
          "characterOffsetEnd": 1191,
          "before": "",
          "after": ""
        }
      ]
    },
    {
      "index": 26,
      "tokens": [
        {
          "index": 1,
          "word": "@highlight",
          "originalText": "@highlight",
          "characterOffsetBegin": 1193,
          "characterOffsetEnd": 1203,
          "before": "",
          "after": ""
        }
      ]
    },
    {
      "index": 27,
      "tokens": [
        {
          "index": 1,
          "word": "@sainsburys",
          "originalText": "@sainsburys",
          "characterOffsetBegin": 1205,
          "characterOffsetEnd": 1216,
          "before": "",
          "after": " "
        },
        {
          "index": 2,
          "word": "This",
          "originalText": "This",
          "characterOffsetBegin": 1217,
          "characterOffsetEnd": 1221,
          "before": " ",
          "after": " "
        },
        {
          "index": 3,
          "word": "was",
          "originalText": "was",
          "characterOffsetBegin": 1222,
          "characterOffsetEnd": 1225,
          "before": " ",
          "after": " "
        },
        {
          "index": 4,
          "word": "the",
          "originalText": "the",
          "characterOffsetBegin": 1226,
          "characterOffsetEnd": 1229,
          "before": " ",
          "after": " "
        },
        {
          "index": 5,
          "word": "second",
          "originalText": "second",
          "characterOffsetBegin": 1230,
          "characterOffsetEnd": 1236,
          "before": " ",
          "after": " "
        },
        {
          "index": 6,
          "word": "one",
          "originalText": "one",
          "characterOffsetBegin": 1237,
          "characterOffsetEnd": 1240,
          "before": " ",
          "after": " "
        },
        {
          "index": 7,
          "word": "he",
          "originalText": "he",
          "characterOffsetBegin": 1241,
          "characterOffsetEnd": 1243,
          "before": " ",
          "after": " "
        },
        {
          "index": 8,
          "word": "had",
          "originalText": "had",
          "characterOffsetBegin": 1244,
          "characterOffsetEnd": 1247,
          "before": " ",
          "after": " "
        },
        {
          "index": 9,
          "word": "but",
          "originalText": "but",
          "characterOffsetBegin": 1248,
          "characterOffsetEnd": 1251,
          "before": " ",
          "after": " "
        },
        {
          "index": 10,
          "word": "was",
          "originalText": "was",
          "characterOffsetBegin": 1252,
          "characterOffsetEnd": 1255,
          "before": " ",
          "after": ""
        },
        {
          "index": 11,
          "word": "n't",
          "originalText": "n’t",
          "characterOffsetBegin": 1255,
          "characterOffsetEnd": 1258,
          "before": "",
          "after": " "
        },
        {
          "index": 12,
          "word": "noticed",
          "originalText": "noticed",
          "characterOffsetBegin": 1259,
          "characterOffsetEnd": 1266,
          "before": " ",
          "after": " "
        },
        {
          "index": 13,
          "word": "on",
          "originalText": "on",
          "characterOffsetBegin": 1267,
          "characterOffsetEnd": 1269,
          "before": " ",
          "after": " "
        },
        {
          "index": 14,
          "word": "the",
          "originalText": "the",
          "characterOffsetBegin": 1270,
          "characterOffsetEnd": 1273,
          "before": " ",
          "after": " "
        },
        {
          "index": 15,
          "word": "first",
          "originalText": "first",
          "characterOffsetBegin": 1274,
          "characterOffsetEnd": 1279,
          "before": " ",
          "after": " "
        },
        {
          "index": 16,
          "word": "so",
          "originalText": "so",
          "characterOffsetBegin": 1280,
          "characterOffsetEnd": 1282,
          "before": " ",
          "after": " "
        },
        {
          "index": 17,
          "word": "we",
          "originalText": "we",
          "characterOffsetBegin": 1283,
          "characterOffsetEnd": 1285,
          "before": " ",
          "after": " "
        },
        {
          "index": 18,
          "word": "have",
          "originalText": "have",
          "characterOffsetBegin": 1286,
          "characterOffsetEnd": 1290,
          "before": " ",
          "after": " "
        },
        {
          "index": 19,
          "word": "had",
          "originalText": "had",
          "characterOffsetBegin": 1291,
          "characterOffsetEnd": 1294,
          "before": " ",
          "after": " "
        },
        {
          "index": 20,
          "word": "a",
          "originalText": "a",
          "characterOffsetBegin": 1295,
          "characterOffsetEnd": 1296,
          "before": " ",
          "after": " "
        },
        {
          "index": 21,
          "word": "sick",
          "originalText": "sick",
          "characterOffsetBegin": 1297,
          "characterOffsetEnd": 1301,
          "before": " ",
          "after": " "
        },
        {
          "index": 22,
          "word": "baby",
          "originalText": "baby",
          "characterOffsetBegin": 1302,
          "characterOffsetEnd": 1306,
          "before": " ",
          "after": " "
        },
        {
          "index": 23,
          "word": "today",
          "originalText": "today",
          "characterOffsetBegin": 1307,
          "characterOffsetEnd": 1312,
          "before": " ",
          "after": ""
        },
        {
          "index": 24,
          "word": ".",
          "originalText": ".",
          "characterOffsetBegin": 1312,
          "characterOffsetEnd": 1313,
          "before": "",
          "after": ""
        }
      ]
    },
    {
      "index": 28,
      "tokens": [
        {
          "index": 1,
          "word": "@highlight",
          "originalText": "@highlight",
          "characterOffsetBegin": 1315,
          "characterOffsetEnd": 1325,
          "before": "",
          "after": ""
        }
      ]
    },
    {
      "index": 29,
      "tokens": [
        {
          "index": 1,
          "word": "Agent",
          "originalText": "Agent",
          "characterOffsetBegin": 1327,
          "characterOffsetEnd": 1332,
          "before": "",
          "after": ""
        },
        {
          "index": 2,
          "word": ":",
          "originalText": ":",
          "characterOffsetBegin": 1332,
          "characterOffsetEnd": 1333,
          "before": "",
          "after": " "
        },
        {
          "index": 3,
          "word": "Can",
          "originalText": "Can",
          "characterOffsetBegin": 1334,
          "characterOffsetEnd": 1337,
          "before": " ",
          "after": " "
        },
        {
          "index": 4,
          "word": "you",
          "originalText": "you",
          "characterOffsetBegin": 1338,
          "characterOffsetEnd": 1341,
          "before": " ",
          "after": " "
        },
        {
          "index": 5,
          "word": "please",
          "originalText": "please",
          "characterOffsetBegin": 1342,
          "characterOffsetEnd": 1348,
          "before": " ",
          "after": " "
        },
        {
          "index": 6,
          "word": "show",
          "originalText": "show",
          "characterOffsetBegin": 1349,
          "characterOffsetEnd": 1353,
          "before": " ",
          "after": " "
        },
        {
          "index": 7,
          "word": "me",
          "originalText": "me",
          "characterOffsetBegin": 1354,
          "characterOffsetEnd": 1356,
          "before": " ",
          "after": " "
        },
        {
          "index": 8,
          "word": "a",
          "originalText": "a",
          "characterOffsetBegin": 1357,
          "characterOffsetEnd": 1358,
          "before": " ",
          "after": " "
        },
        {
          "index": 9,
          "word": "pic",
          "originalText": "pic",
          "characterOffsetBegin": 1359,
          "characterOffsetEnd": 1362,
          "before": " ",
          "after": " "
        },
        {
          "index": 10,
          "word": "of",
          "originalText": "of",
          "characterOffsetBegin": 1363,
          "characterOffsetEnd": 1365,
          "before": " ",
          "after": " "
        },
        {
          "index": 11,
          "word": "the",
          "originalText": "the",
          "characterOffsetBegin": 1366,
          "characterOffsetEnd": 1369,
          "before": " ",
          "after": " "
        },
        {
          "index": 12,
          "word": "barcode",
          "originalText": "barcode",
          "characterOffsetBegin": 1370,
          "characterOffsetEnd": 1377,
          "before": " ",
          "after": ""
        },
        {
          "index": 13,
          "word": "?",
          "originalText": "?",
          "characterOffsetBegin": 1377,
          "characterOffsetEnd": 1378,
          "before": "",
          "after": ""
        }
      ]
    },
    {
      "index": 30,
      "tokens": [
        {
          "index": 1,
          "word": "@highlight",
          "originalText": "@highlight",
          "characterOffsetBegin": 1380,
          "characterOffsetEnd": 1390,
          "before": "",
          "after": ""
        }
      ]
    },
    {
      "index": 31,
      "tokens": [
        {
          "index": 1,
          "word": "Can",
          "originalText": "Can",
          "characterOffsetBegin": 1392,
          "characterOffsetEnd": 1395,
          "before": "",
          "after": " "
        },
        {
          "index": 2,
          "word": "you",
          "originalText": "you",
          "characterOffsetBegin": 1396,
          "characterOffsetEnd": 1399,
          "before": " ",
          "after": " "
        },
        {
          "index": 3,
          "word": "DM",
          "originalText": "DM",
          "characterOffsetBegin": 1400,
          "characterOffsetEnd": 1402,
          "before": " ",
          "after": " "
        },
        {
          "index": 4,
          "word": "your",
          "originalText": "your",
          "characterOffsetBegin": 1403,
          "characterOffsetEnd": 1407,
          "before": " ",
          "after": " "
        },
        {
          "index": 5,
          "word": "full",
          "originalText": "full",
          "characterOffsetBegin": 1408,
          "characterOffsetEnd": 1412,
          "before": " ",
          "after": " "
        },
        {
          "index": 6,
          "word": "address",
          "originalText": "address",
          "characterOffsetBegin": 1413,
          "characterOffsetEnd": 1420,
          "before": " ",
          "after": " "
        },
        {
          "index": 7,
          "word": "and",
          "originalText": "and",
          "characterOffsetBegin": 1421,
          "characterOffsetEnd": 1424,
          "before": " ",
          "after": " "
        },
        {
          "index": 8,
          "word": "telephone",
          "originalText": "telephone",
          "characterOffsetBegin": 1425,
          "characterOffsetEnd": 1434,
          "before": " ",
          "after": " "
        },
        {
          "index": 9,
          "word": "number",
          "originalText": "number",
          "characterOffsetBegin": 1435,
          "characterOffsetEnd": 1441,
          "before": " ",
          "after": " "
        },
        {
          "index": 10,
          "word": "by",
          "originalText": "by",
          "characterOffsetBegin": 1442,
          "characterOffsetEnd": 1444,
          "before": " ",
          "after": " "
        },
        {
          "index": 11,
          "word": "clicking",
          "originalText": "clicking",
          "characterOffsetBegin": 1445,
          "characterOffsetEnd": 1453,
          "before": " ",
          "after": " "
        },
        {
          "index": 12,
          "word": "the",
          "originalText": "the",
          "characterOffsetBegin": 1454,
          "characterOffsetEnd": 1457,
          "before": " ",
          "after": " "
        },
        {
          "index": 13,
          "word": "link",
          "originalText": "link",
          "characterOffsetBegin": 1458,
          "characterOffsetEnd": 1462,
          "before": " ",
          "after": " "
        },
        {
          "index": 14,
          "word": "below",
          "originalText": "below",
          "characterOffsetBegin": 1463,
          "characterOffsetEnd": 1468,
          "before": " ",
          "after": ""
        },
        {
          "index": 15,
          "word": ".",
          "originalText": ".",
          "characterOffsetBegin": 1468,
          "characterOffsetEnd": 1469,
          "before": "",
          "after": ""
        }
      ]
    },
    {
      "index": 32,
      "tokens": [
        {
          "index": 1,
          "word": "@highlight",
          "originalText": "@highlight",
          "characterOffsetBegin": 1471,
          "characterOffsetEnd": 1481,
          "before": "",
          "after": ""
        }
      ]
    },
    {
      "index": 33,
      "tokens": [
        {
          "index": 1,
          "word": "@",
          "originalText": "@",
          "characterOffsetBegin": 1483,
          "characterOffsetEnd": 1484,
          "before": "",
          "after": ""
        },
        {
          "index": 2,
          "word": "329337",
          "originalText": "329337",
          "characterOffsetBegin": 1484,
          "characterOffsetEnd": 1490,
          "before": "",
          "after": " "
        },
        {
          "index": 3,
          "word": "...",
          "originalText": "...",
          "characterOffsetBegin": 1491,
          "characterOffsetEnd": 1494,
          "before": " ",
          "after": ""
        },
        {
          "index": 4,
          "word": "like",
          "originalText": "like",
          "characterOffsetBegin": 1494,
          "characterOffsetEnd": 1498,
          "before": "",
          "after": " "
        },
        {
          "index": 5,
          "word": "to",
          "originalText": "to",
          "characterOffsetBegin": 1499,
          "characterOffsetEnd": 1501,
          "before": " ",
          "after": " "
        },
        {
          "index": 6,
          "word": "pass",
          "originalText": "pass",
          "characterOffsetBegin": 1502,
          "characterOffsetEnd": 1506,
          "before": " ",
          "after": " "
        },
        {
          "index": 7,
          "word": "your",
          "originalText": "your",
          "characterOffsetBegin": 1507,
          "characterOffsetEnd": 1511,
          "before": " ",
          "after": " "
        },
        {
          "index": 8,
          "word": "info",
          "originalText": "info",
          "characterOffsetBegin": 1512,
          "characterOffsetEnd": 1516,
          "before": " ",
          "after": " "
        },
        {
          "index": 9,
          "word": "to",
          "originalText": "to",
          "characterOffsetBegin": 1517,
          "characterOffsetEnd": 1519,
          "before": " ",
          "after": " "
        },
        {
          "index": 10,
          "word": "our",
          "originalText": "our",
          "characterOffsetBegin": 1520,
          "characterOffsetEnd": 1523,
          "before": " ",
          "after": " "
        },
        {
          "index": 11,
          "word": "Executive",
          "originalText": "Executive",
          "characterOffsetBegin": 1524,
          "characterOffsetEnd": 1533,
          "before": " ",
          "after": " "
        },
        {
          "index": 12,
          "word": "Office",
          "originalText": "Office",
          "characterOffsetBegin": 1534,
          "characterOffsetEnd": 1540,
          "before": " ",
          "after": " "
        },
        {
          "index": 13,
          "word": "for",
          "originalText": "for",
          "characterOffsetBegin": 1541,
          "characterOffsetEnd": 1544,
          "before": " ",
          "after": " "
        },
        {
          "index": 14,
          "word": "further",
          "originalText": "further",
          "characterOffsetBegin": 1545,
          "characterOffsetEnd": 1552,
          "before": " ",
          "after": " "
        },
        {
          "index": 15,
          "word": "investigation",
          "originalText": "investigation",
          "characterOffsetBegin": 1553,
          "characterOffsetEnd": 1566,
          "before": " ",
          "after": ""
        },
        {
          "index": 16,
          "word": ".",
          "originalText": ".",
          "characterOffsetBegin": 1566,
          "characterOffsetEnd": 1567,
          "before": "",
          "after": ""
        }
      ]
    }
  ]
}