{
  "sentences": [
    {
      "index": 0,
      "tokens": [
        {
          "index": 1,
          "word": "Customer",
          "originalText": "Customer",
          "characterOffsetBegin": 0,
          "characterOffsetEnd": 8,
          "before": "",
          "after": ""
        },
        {
          "index": 2,
          "word": ":",
          "originalText": ":",
          "characterOffsetBegin": 8,
          "characterOffsetEnd": 9,
          "before": "",
          "after": " "
        },
        {
          "index": 3,
          "word": "@hulu_support",
          "originalText": "@hulu_support",
          "characterOffsetBegin": 10,
          "characterOffsetEnd": 23,
          "before": " ",
          "after": " "
        },
        {
          "index": 4,
          "word": "why",
          "originalText": "why",
          "characterOffsetBegin": 24,
          "characterOffsetEnd": 27,
          "before": " ",
          "after": " "
        },
        {
          "index": 5,
          "word": "ca",
          "originalText": "ca",
          "characterOffsetBegin": 28,
          "characterOffsetEnd": 30,
          "before": " ",
          "after": ""
        },
        {
          "index": 6,
          "word": "n't",
          "originalText": "n't",
          "characterOffsetBegin": 30,
          "characterOffsetEnd": 33,
          "before": "",
          "after": " "
        },
        {
          "index": 7,
          "word": "I",
          "originalText": "I",
          "characterOffsetBegin": 34,
          "characterOffsetEnd": 35,
          "before": " ",
          "after": " "
        },
        {
          "index": 8,
          "word": "choose",
          "originalText": "choose",
          "characterOffsetBegin": 36,
          "characterOffsetEnd": 42,
          "before": " ",
          "after": " "
        },
        {
          "index": 9,
          "word": "an",
          "originalText": "an",
          "characterOffsetBegin": 43,
          "characterOffsetEnd": 45,
          "before": " ",
          "after": " "
        },
        {
          "index": 10,
          "word": "episode",
          "originalText": "episode",
          "characterOffsetBegin": 46,
          "characterOffsetEnd": 53,
          "before": " ",
          "after": " "
        },
        {
          "index": 11,
          "word": "instead",
          "originalText": "instead",
          "characterOffsetBegin": 54,
          "characterOffsetEnd": 61,
          "before": " ",
          "after": " "
        },
        {
          "index": 12,
          "word": "of",
          "originalText": "of",
          "characterOffsetBegin": 62,
          "characterOffsetEnd": 64,
          "before": " ",
          "after": " "
        },
        {
          "index": 13,
          "word": "watching",
          "originalText": "watching",
          "characterOffsetBegin": 65,
          "characterOffsetEnd": 73,
          "before": " ",
          "after": " "
        },
        {
          "index": 14,
          "word": "what",
          "originalText": "what",
          "characterOffsetBegin": 74,
          "characterOffsetEnd": 78,
          "before": " ",
          "after": " "
        },
        {
          "index": 15,
          "word": "is",
          "originalText": "is",
          "characterOffsetBegin": 79,
          "characterOffsetEnd": 81,
          "before": " ",
          "after": " "
        },
        {
          "index": 16,
          "word": "next.in",
          "originalText": "next.in",
          "characterOffsetBegin": 82,
          "characterOffsetEnd": 89,
          "before": " ",
          "after": " "
        },
        {
          "index": 17,
          "word": "the",
          "originalText": "the",
          "characterOffsetBegin": 90,
          "characterOffsetEnd": 93,
          "before": " ",
          "after": " "
        },
        {
          "index": 18,
          "word": "series",
          "originalText": "series",
          "characterOffsetBegin": 94,
          "characterOffsetEnd": 100,
          "before": " ",
          "after": ""
        },
        {
          "index": 19,
          "word": "???",
          "originalText": "???",
          "characterOffsetBegin": 100,
          "characterOffsetEnd": 103,
          "before": "",
          "after": ""
        }
      ]
    },
    {
      "index": 1,
      "tokens": [
        {
          "index": 1,
          "word": "maybe",
          "originalText": "maybe",
          "characterOffsetBegin": 105,
          "characterOffsetEnd": 110,
          "before": "",
          "after": " "
        },
        {
          "index": 2,
          "word": "I",
          "originalText": "I",
          "characterOffsetBegin": 111,
          "characterOffsetEnd": 112,
          "before": " ",
          "after": " "
        },
        {
          "index": 3,
          "word": "like",
          "originalText": "like",
          "characterOffsetBegin": 113,
          "characterOffsetEnd": 117,
          "before": " ",
          "after": " "
        },
        {
          "index": 4,
          "word": "re-watching",
          "originalText": "re-watching",
          "characterOffsetBegin": 118,
          "characterOffsetEnd": 129,
          "before": " ",
          "after": " "
        },
        {
          "index": 5,
          "word": "some",
          "originalText": "some",
          "characterOffsetBegin": 130,
          "characterOffsetEnd": 134,
          "before": " ",
          "after": " "
        },
        {
          "index": 6,
          "word": "episodes",
          "originalText": "episodes",
          "characterOffsetBegin": 135,
          "characterOffsetEnd": 143,
          "before": " ",
          "after": ""
        },
        {
          "index": 7,
          "word": ".",
          "originalText": ".",
          "characterOffsetBegin": 143,
          "characterOffsetEnd": 144,
          "before": "",
          "after": ""
        }
      ]
    },
    {
      "index": 2,
      "tokens": [
        {
          "index": 1,
          "word": "Agent",
          "originalText": "Agent",
          "characterOffsetBegin": 146,
          "characterOffsetEnd": 151,
          "before": "",
          "after": ""
        },
        {
          "index": 2,
          "word": ":",
          "originalText": ":",
          "characterOffsetBegin": 151,
          "characterOffsetEnd": 152,
          "before": "",
          "after": " "
        },
        {
          "index": 3,
          "word": "@",
          "originalText": "@",
          "characterOffsetBegin": 153,
          "characterOffsetEnd": 154,
          "before": " ",
          "after": ""
        },
        {
          "index": 4,
          "word": "399137",
          "originalText": "399137",
          "characterOffsetBegin": 154,
          "characterOffsetEnd": 160,
          "before": "",
          "after": " "
        },
        {
          "index": 5,
          "word": "You",
          "originalText": "You",
          "characterOffsetBegin": 161,
          "characterOffsetEnd": 164,
          "before": " ",
          "after": " "
        },
        {
          "index": 6,
          "word": "can",
          "originalText": "can",
          "characterOffsetBegin": 165,
          "characterOffsetEnd": 168,
          "before": " ",
          "after": " "
        },
        {
          "index": 7,
          "word": "definitely",
          "originalText": "definitely",
          "characterOffsetBegin": 169,
          "characterOffsetEnd": 179,
          "before": " ",
          "after": " "
        },
        {
          "index": 8,
          "word": "re-watch",
          "originalText": "re-watch",
          "characterOffsetBegin": 180,
          "characterOffsetEnd": 188,
          "before": " ",
          "after": " "
        },
        {
          "index": 9,
          "word": "previously",
          "originalText": "previously",
          "characterOffsetBegin": 189,
          "characterOffsetEnd": 199,
          "before": " ",
          "after": " "
        },
        {
          "index": 10,
          "word": "streamed",
          "originalText": "streamed",
          "characterOffsetBegin": 200,
          "characterOffsetEnd": 208,
          "before": " ",
          "after": " "
        },
        {
          "index": 11,
          "word": "episodes",
          "originalText": "episodes",
          "characterOffsetBegin": 209,
          "characterOffsetEnd": 217,
          "before": " ",
          "after": ""
        },
        {
          "index": 12,
          "word": ".",
          "originalText": ".",
          "characterOffsetBegin": 217,
          "characterOffsetEnd": 218,
          "before": "",
          "after": ""
        }
      ]
    },
    {
      "index": 3,
      "tokens": [
        {
          "index": 1,
          "word": "On",
          "originalText": "On",
          "characterOffsetBegin": 220,
          "characterOffsetEnd": 222,
          "before": "",
          "after": " "
        },
        {
          "index": 2,
          "word": "a",
          "originalText": "a",
          "characterOffsetBegin": 223,
          "characterOffsetEnd": 224,
          "before": " ",
          "after": " "
        },
        {
          "index": 3,
          "word": "Roku",
          "originalText": "Roku",
          "characterOffsetBegin": 225,
          "characterOffsetEnd": 229,
          "before": " ",
          "after": ""
        },
        {
          "index": 4,
          "word": "?",
          "originalText": "?",
          "characterOffsetBegin": 229,
          "characterOffsetEnd": 230,
          "before": "",
          "after": ""
        }
      ]
    },
    {
      "index": 4,
      "tokens": [
        {
          "index": 1,
          "word": "If",
          "originalText": "If",
          "characterOffsetBegin": 232,
          "characterOffsetEnd": 234,
          "before": "",
          "after": " "
        },
        {
          "index": 2,
          "word": "so",
          "originalText": "so",
          "characterOffsetBegin": 235,
          "characterOffsetEnd": 237,
          "before": " ",
          "after": ""
        },
        {
          "index": 3,
          "word": ",",
          "originalText": ",",
          "characterOffsetBegin": 237,
          "characterOffsetEnd": 238,
          "before": "",
          "after": " "
        },
        {
          "index": 4,
          "word": "press",
          "originalText": "press",
          "characterOffsetBegin": 239,
          "characterOffsetEnd": 244,
          "before": " ",
          "after": " "
        },
        {
          "index": 5,
          "word": "*",
          "originalText": "*",
          "characterOffsetBegin": 245,
          "characterOffsetEnd": 246,
          "before": " ",
          "after": " "
        },
        {
          "index": 6,
          "word": "&",
          "originalText": "&amp;",
          "characterOffsetBegin": 247,
          "characterOffsetEnd": 252,
          "before": " ",
          "after": " "
        },
        {
          "index": 7,
          "word": "select",
          "originalText": "select",
          "characterOffsetBegin": 253,
          "characterOffsetEnd": 259,
          "before": " ",
          "after": " "
        },
        {
          "index": 8,
          "word": "details",
          "originalText": "details",
          "characterOffsetBegin": 260,
          "characterOffsetEnd": 267,
          "before": " ",
          "after": " "
        },
        {
          "index": 9,
          "word": "for",
          "originalText": "for",
          "characterOffsetBegin": 268,
          "characterOffsetEnd": 271,
          "before": " ",
          "after": " "
        },
        {
          "index": 10,
          "word": "an",
          "originalText": "an",
          "characterOffsetBegin": 272,
          "characterOffsetEnd": 274,
          "before": " ",
          "after": " "
        },
        {
          "index": 11,
          "word": "episode",
          "originalText": "episode",
          "characterOffsetBegin": 275,
          "characterOffsetEnd": 282,
          "before": " ",
          "after": " "
        },
        {
          "index": 12,
          "word": "listing",
          "originalText": "listing",
          "characterOffsetBegin": 283,
          "characterOffsetEnd": 290,
          "before": " ",
          "after": ""
        },
        {
          "index": 13,
          "word": ".",
          "originalText": ".",
          "characterOffsetBegin": 290,
          "characterOffsetEnd": 291,
          "before": "",
          "after": ""
        }
      ]
    },
    {
      "index": 5,
      "tokens": [
        {
          "index": 1,
          "word": "Customer",
          "originalText": "Customer",
          "characterOffsetBegin": 293,
          "characterOffsetEnd": 301,
          "before": "",
          "after": ""
        },
        {
          "index": 2,
          "word": ":",
          "originalText": ":",
          "characterOffsetBegin": 301,
          "characterOffsetEnd": 302,
          "before": "",
          "after": " "
        },
        {
          "index": 3,
          "word": "@hulu_support",
          "originalText": "@hulu_support",
          "characterOffsetBegin": 303,
          "characterOffsetEnd": 316,
          "before": " ",
          "after": " "
        },
        {
          "index": 4,
          "word": "no",
          "originalText": "no",
          "characterOffsetBegin": 317,
          "characterOffsetEnd": 319,
          "before": " ",
          "after": " "
        },
        {
          "index": 5,
          "word": "roku",
          "originalText": "roku",
          "characterOffsetBegin": 320,
          "characterOffsetEnd": 324,
          "before": " ",
          "after": ""
        }
      ]
    },
    {
      "index": 6,
      "tokens": [
        {
          "index": 1,
          "word": "Agent",
          "originalText": "Agent",
          "characterOffsetBegin": 326,
          "characterOffsetEnd": 331,
          "before": "",
          "after": ""
        },
        {
          "index": 2,
          "word": ":",
          "originalText": ":",
          "characterOffsetBegin": 331,
          "characterOffsetEnd": 332,
          "before": "",
          "after": " "
        },
        {
          "index": 3,
          "word": "@",
          "originalText": "@",
          "characterOffsetBegin": 333,
          "characterOffsetEnd": 334,
          "before": " ",
          "after": ""
        },
        {
          "index": 4,
          "word": "399137",
          "originalText": "399137",
          "characterOffsetBegin": 334,
          "characterOffsetEnd": 340,
          "before": "",
          "after": " "
        },
        {
          "index": 5,
          "word": "Hi",
          "originalText": "Hi",
          "characterOffsetBegin": 341,
          "characterOffsetEnd": 343,
          "before": " ",
          "after": " "
        },
        {
          "index": 6,
          "word": "there",
          "originalText": "there",
          "characterOffsetBegin": 344,
          "characterOffsetEnd": 349,
          "before": " ",
          "after": ""
        },
        {
          "index": 7,
          "word": ",",
          "originalText": ",",
          "characterOffsetBegin": 349,
          "characterOffsetEnd": 350,
          "before": "",
          "after": " "
        },
        {
          "index": 8,
          "word": "Elle",
          "originalText": "Elle",
          "characterOffsetBegin": 351,
          "characterOffsetEnd": 355,
          "before": " ",
          "after": ""
        },
        {
          "index": 9,
          "word": ".",
          "originalText": ".",
          "characterOffsetBegin": 355,
          "characterOffsetEnd": 356,
          "before": "",
          "after": ""
        }
      ]
    },
    {
      "index": 7,
      "tokens": [
        {
          "index": 1,
          "word": "Thanks",
          "originalText": "Thanks",
          "characterOffsetBegin": 358,
          "characterOffsetEnd": 364,
          "before": "",
          "after": " "
        },
        {
          "index": 2,
          "word": "for",
          "originalText": "for",
          "characterOffsetBegin": 365,
          "characterOffsetEnd": 368,
          "before": " ",
          "after": " "
        },
        {
          "index": 3,
          "word": "following",
          "originalText": "following",
          "characterOffsetBegin": 369,
          "characterOffsetEnd": 378,
          "before": " ",
          "after": " "
        },
        {
          "index": 4,
          "word": "up",
          "originalText": "up",
          "characterOffsetBegin": 379,
          "characterOffsetEnd": 381,
          "before": " ",
          "after": ""
        },
        {
          "index": 5,
          "word": ".",
          "originalText": ".",
          "characterOffsetBegin": 381,
          "characterOffsetEnd": 382,
          "before": "",
          "after": ""
        }
      ]
    },
    {
      "index": 8,
      "tokens": [
        {
          "index": 1,
          "word": "Which",
          "originalText": "Which",
          "characterOffsetBegin": 384,
          "characterOffsetEnd": 389,
          "before": "",
          "after": " "
        },
        {
          "index": 2,
          "word": "device",
          "originalText": "device",
          "characterOffsetBegin": 390,
          "characterOffsetEnd": 396,
          "before": " ",
          "after": " "
        },
        {
          "index": 3,
          "word": "do",
          "originalText": "do",
          "characterOffsetBegin": 397,
          "characterOffsetEnd": 399,
          "before": " ",
          "after": " "
        },
        {
          "index": 4,
          "word": "you",
          "originalText": "you",
          "characterOffsetBegin": 400,
          "characterOffsetEnd": 403,
          "before": " ",
          "after": " "
        },
        {
          "index": 5,
          "word": "use",
          "originalText": "use",
          "characterOffsetBegin": 404,
          "characterOffsetEnd": 407,
          "before": " ",
          "after": ""
        },
        {
          "index": 6,
          "word": "?",
          "originalText": "?",
          "characterOffsetBegin": 407,
          "characterOffsetEnd": 408,
          "before": "",
          "after": ""
        }
      ]
    },
    {
      "index": 9,
      "tokens": [
        {
          "index": 1,
          "word": "Is",
          "originalText": "Is",
          "characterOffsetBegin": 410,
          "characterOffsetEnd": 412,
          "before": "",
          "after": " "
        },
        {
          "index": 2,
          "word": "it",
          "originalText": "it",
          "characterOffsetBegin": 413,
          "characterOffsetEnd": 415,
          "before": " ",
          "after": " "
        },
        {
          "index": 3,
          "word": "possible",
          "originalText": "possible",
          "characterOffsetBegin": 416,
          "characterOffsetEnd": 424,
          "before": " ",
          "after": " "
        },
        {
          "index": 4,
          "word": "you",
          "originalText": "you",
          "characterOffsetBegin": 425,
          "characterOffsetEnd": 428,
          "before": " ",
          "after": " "
        },
        {
          "index": 5,
          "word": "may",
          "originalText": "may",
          "characterOffsetBegin": 429,
          "characterOffsetEnd": 432,
          "before": " ",
          "after": " "
        },
        {
          "index": 6,
          "word": "be",
          "originalText": "be",
          "characterOffsetBegin": 433,
          "characterOffsetEnd": 435,
          "before": " ",
          "after": " "
        },
        {
          "index": 7,
          "word": "using",
          "originalText": "using",
          "characterOffsetBegin": 436,
          "characterOffsetEnd": 441,
          "before": " ",
          "after": " "
        },
        {
          "index": 8,
          "word": "a",
          "originalText": "a",
          "characterOffsetBegin": 442,
          "characterOffsetEnd": 443,
          "before": " ",
          "after": " "
        },
        {
          "index": 9,
          "word": "Roku",
          "originalText": "Roku",
          "characterOffsetBegin": 444,
          "characterOffsetEnd": 448,
          "before": " ",
          "after": " "
        },
        {
          "index": 10,
          "word": "TV",
          "originalText": "TV",
          "characterOffsetBegin": 449,
          "characterOffsetEnd": 451,
          "before": " ",
          "after": ""
        },
        {
          "index": 11,
          "word": "?",
          "originalText": "?",
          "characterOffsetBegin": 451,
          "characterOffsetEnd": 452,
          "before": "",
          "after": ""
        }
      ]
    },
    {
      "index": 10,
      "tokens": [
        {
          "index": 1,
          "word": "Customer",
          "originalText": "Customer",
          "characterOffsetBegin": 454,
          "characterOffsetEnd": 462,
          "before": "",
          "after": ""
        },
        {
          "index": 2,
          "word": ":",
          "originalText": ":",
          "characterOffsetBegin": 462,
          "characterOffsetEnd": 463,
          "before": "",
          "after": " "
        },
        {
          "index": 3,
          "word": "@hulu_support",
          "originalText": "@hulu_support",
          "characterOffsetBegin": 464,
          "characterOffsetEnd": 477,
          "before": " ",
          "after": " "
        },
        {
          "index": 4,
          "word": "it",
          "originalText": "it",
          "characterOffsetBegin": 478,
          "characterOffsetEnd": 480,
          "before": " ",
          "after": " "
        },
        {
          "index": 5,
          "word": "is",
          "originalText": "is",
          "characterOffsetBegin": 481,
          "characterOffsetEnd": 483,
          "before": " ",
          "after": " "
        },
        {
          "index": 6,
          "word": "a",
          "originalText": "a",
          "characterOffsetBegin": 484,
          "characterOffsetEnd": 485,
          "before": " ",
          "after": " "
        },
        {
          "index": 7,
          "word": "roku",
          "originalText": "roku",
          "characterOffsetBegin": 486,
          "characterOffsetEnd": 490,
          "before": " ",
          "after": " "
        },
        {
          "index": 8,
          "word": "TV",
          "originalText": "TV",
          "characterOffsetBegin": 491,
          "characterOffsetEnd": 493,
          "before": " ",
          "after": " "
        },
        {
          "index": 9,
          "word": "actually",
          "originalText": "actually",
          "characterOffsetBegin": 494,
          "characterOffsetEnd": 502,
          "before": " ",
          "after": ""
        }
      ]
    },
    {
      "index": 11,
      "tokens": [
        {
          "index": 1,
          "word": "Agent",
          "originalText": "Agent",
          "characterOffsetBegin": 504,
          "characterOffsetEnd": 509,
          "before": "",
          "after": ""
        },
        {
          "index": 2,
          "word": ":",
          "originalText": ":",
          "characterOffsetBegin": 509,
          "characterOffsetEnd": 510,
          "before": "",
          "after": " "
        },
        {
          "index": 3,
          "word": "@",
          "originalText": "@",
          "characterOffsetBegin": 511,
          "characterOffsetEnd": 512,
          "before": " ",
          "after": ""
        },
        {
          "index": 4,
          "word": "399137",
          "originalText": "399137",
          "characterOffsetBegin": 512,
          "characterOffsetEnd": 518,
          "before": "",
          "after": " "
        },
        {
          "index": 5,
          "word": "Thanks",
          "originalText": "Thanks",
          "characterOffsetBegin": 519,
          "characterOffsetEnd": 525,
          "before": " ",
          "after": " "
        },
        {
          "index": 6,
          "word": "for",
          "originalText": "for",
          "characterOffsetBegin": 526,
          "characterOffsetEnd": 529,
          "before": " ",
          "after": " "
        },
        {
          "index": 7,
          "word": "that",
          "originalText": "that",
          "characterOffsetBegin": 530,
          "characterOffsetEnd": 534,
          "before": " ",
          "after": ""
        },
        {
          "index": 8,
          "word": "!",
          "originalText": "!",
          "characterOffsetBegin": 534,
          "characterOffsetEnd": 535,
          "before": "",
          "after": ""
        }
      ]
    },
    {
      "index": 12,
      "tokens": [
        {
          "index": 1,
          "word": "Clicking",
          "originalText": "Clicking",
          "characterOffsetBegin": 537,
          "characterOffsetEnd": 545,
          "before": "",
          "after": " "
        },
        {
          "index": 2,
          "word": "on",
          "originalText": "on",
          "characterOffsetBegin": 546,
          "characterOffsetEnd": 548,
          "before": " ",
          "after": " "
        },
        {
          "index": 3,
          "word": "a",
          "originalText": "a",
          "characterOffsetBegin": 549,
          "characterOffsetEnd": 550,
          "before": " ",
          "after": " "
        },
        {
          "index": 4,
          "word": "show",
          "originalText": "show",
          "characterOffsetBegin": 551,
          "characterOffsetEnd": 555,
          "before": " ",
          "after": " "
        },
        {
          "index": 5,
          "word": "brings",
          "originalText": "brings",
          "characterOffsetBegin": 556,
          "characterOffsetEnd": 562,
          "before": " ",
          "after": " "
        },
        {
          "index": 6,
          "word": "up",
          "originalText": "up",
          "characterOffsetBegin": 563,
          "characterOffsetEnd": 565,
          "before": " ",
          "after": " "
        },
        {
          "index": 7,
          "word": "the",
          "originalText": "the",
          "characterOffsetBegin": 566,
          "characterOffsetEnd": 569,
          "before": " ",
          "after": " "
        },
        {
          "index": 8,
          "word": "Details",
          "originalText": "Details",
          "characterOffsetBegin": 570,
          "characterOffsetEnd": 577,
          "before": " ",
          "after": " "
        },
        {
          "index": 9,
          "word": "and",
          "originalText": "and",
          "characterOffsetBegin": 578,
          "characterOffsetEnd": 581,
          "before": " ",
          "after": " "
        },
        {
          "index": 10,
          "word": "just",
          "originalText": "just",
          "characterOffsetBegin": 582,
          "characterOffsetEnd": 586,
          "before": " ",
          "after": " "
        },
        {
          "index": 11,
          "word": "to",
          "originalText": "to",
          "characterOffsetBegin": 587,
          "characterOffsetEnd": 589,
          "before": " ",
          "after": " "
        },
        {
          "index": 12,
          "word": "the",
          "originalText": "the",
          "characterOffsetBegin": 590,
          "characterOffsetEnd": 593,
          "before": " ",
          "after": " "
        },
        {
          "index": 13,
          "word": "right",
          "originalText": "right",
          "characterOffsetBegin": 594,
          "characterOffsetEnd": 599,
          "before": " ",
          "after": " "
        },
        {
          "index": 14,
          "word": "is",
          "originalText": "is",
          "characterOffsetBegin": 600,
          "characterOffsetEnd": 602,
          "before": " ",
          "after": " "
        },
        {
          "index": 15,
          "word": "Episodes",
          "originalText": "Episodes",
          "characterOffsetBegin": 603,
          "characterOffsetEnd": 611,
          "before": " ",
          "after": ""
        },
        {
          "index": 16,
          "word": ",",
          "originalText": ",",
          "characterOffsetBegin": 611,
          "characterOffsetEnd": 612,
          "before": "",
          "after": " "
        },
        {
          "index": 17,
          "word": "which",
          "originalText": "which",
          "characterOffsetBegin": 613,
          "characterOffsetEnd": 618,
          "before": " ",
          "after": " "
        },
        {
          "index": 18,
          "word": "has",
          "originalText": "has",
          "characterOffsetBegin": 619,
          "characterOffsetEnd": 622,
          "before": " ",
          "after": " "
        },
        {
          "index": 19,
          "word": "all",
          "originalText": "all",
          "characterOffsetBegin": 623,
          "characterOffsetEnd": 626,
          "before": " ",
          "after": " "
        },
        {
          "index": 20,
          "word": "seasons/episodes",
          "originalText": "seasons/episodes",
          "characterOffsetBegin": 627,
          "characterOffsetEnd": 643,
          "before": " ",
          "after": ""
        },
        {
          "index": 21,
          "word": ".",
          "originalText": ".",
          "characterOffsetBegin": 643,
          "characterOffsetEnd": 644,
          "before": "",
          "after": ""
        }
      ]
    },
    {
      "index": 13,
      "tokens": [
        {
          "index": 1,
          "word": "Customer",
          "originalText": "Customer",
          "characterOffsetBegin": 646,
          "characterOffsetEnd": 654,
          "before": "",
          "after": ""
        },
        {
          "index": 2,
          "word": ":",
          "originalText": ":",
          "characterOffsetBegin": 654,
          "characterOffsetEnd": 655,
          "before": "",
          "after": " "
        },
        {
          "index": 3,
          "word": "@hulu_support",
          "originalText": "@hulu_support",
          "characterOffsetBegin": 656,
          "characterOffsetEnd": 669,
          "before": " ",
          "after": " "
        },
        {
          "index": 4,
          "word": "not",
          "originalText": "not",
          "characterOffsetBegin": 670,
          "characterOffsetEnd": 673,
          "before": " ",
          "after": " "
        },
        {
          "index": 5,
          "word": "since",
          "originalText": "since",
          "characterOffsetBegin": 674,
          "characterOffsetEnd": 679,
          "before": " ",
          "after": " "
        },
        {
          "index": 6,
          "word": "the",
          "originalText": "the",
          "characterOffsetBegin": 680,
          "characterOffsetEnd": 683,
          "before": " ",
          "after": " "
        },
        {
          "index": 7,
          "word": "update",
          "originalText": "update",
          "characterOffsetBegin": 684,
          "characterOffsetEnd": 690,
          "before": " ",
          "after": ""
        }
      ]
    },
    {
      "index": 14,
      "tokens": [
        {
          "index": 1,
          "word": "Agent",
          "originalText": "Agent",
          "characterOffsetBegin": 692,
          "characterOffsetEnd": 697,
          "before": "",
          "after": ""
        },
        {
          "index": 2,
          "word": ":",
          "originalText": ":",
          "characterOffsetBegin": 697,
          "characterOffsetEnd": 698,
          "before": "",
          "after": " "
        },
        {
          "index": 3,
          "word": "@",
          "originalText": "@",
          "characterOffsetBegin": 699,
          "characterOffsetEnd": 700,
          "before": " ",
          "after": ""
        },
        {
          "index": 4,
          "word": "399137",
          "originalText": "399137",
          "characterOffsetBegin": 700,
          "characterOffsetEnd": 706,
          "before": "",
          "after": " "
        },
        {
          "index": 5,
          "word": "That",
          "originalText": "That",
          "characterOffsetBegin": 707,
          "characterOffsetEnd": 711,
          "before": " ",
          "after": " "
        },
        {
          "index": 6,
          "word": "should",
          "originalText": "should",
          "characterOffsetBegin": 712,
          "characterOffsetEnd": 718,
          "before": " ",
          "after": ""
        },
        {
          "index": 7,
          "word": "n't",
          "originalText": "n't",
          "characterOffsetBegin": 718,
          "characterOffsetEnd": 721,
          "before": "",
          "after": " "
        },
        {
          "index": 8,
          "word": "be",
          "originalText": "be",
          "characterOffsetBegin": 722,
          "characterOffsetEnd": 724,
          "before": " ",
          "after": " "
        },
        {
          "index": 9,
          "word": "the",
          "originalText": "the",
          "characterOffsetBegin": 725,
          "characterOffsetEnd": 728,
          "before": " ",
          "after": " "
        },
        {
          "index": 10,
          "word": "case",
          "originalText": "case",
          "characterOffsetBegin": 729,
          "characterOffsetEnd": 733,
          "before": " ",
          "after": ""
        },
        {
          "index": 11,
          "word": "!",
          "originalText": "!",
          "characterOffsetBegin": 733,
          "characterOffsetEnd": 734,
          "before": "",
          "after": ""
        }
      ]
    },
    {
      "index": 15,
      "tokens": [
        {
          "index": 1,
          "word": "Please",
          "originalText": "Please",
          "characterOffsetBegin": 736,
          "characterOffsetEnd": 742,
          "before": "",
          "after": " "
        },
        {
          "index": 2,
          "word": "follow",
          "originalText": "follow",
          "characterOffsetBegin": 743,
          "characterOffsetEnd": 749,
          "before": " ",
          "after": " "
        },
        {
          "index": 3,
          "word": "up",
          "originalText": "up",
          "characterOffsetBegin": 750,
          "characterOffsetEnd": 752,
          "before": " ",
          "after": " "
        },
        {
          "index": 4,
          "word": "with",
          "originalText": "with",
          "characterOffsetBegin": 753,
          "characterOffsetEnd": 757,
          "before": " ",
          "after": " "
        },
        {
          "index": 5,
          "word": "us",
          "originalText": "us",
          "characterOffsetBegin": 758,
          "characterOffsetEnd": 760,
          "before": " ",
          "after": " "
        },
        {
          "index": 6,
          "word": "here",
          "originalText": "here",
          "characterOffsetBegin": 761,
          "characterOffsetEnd": 765,
          "before": " ",
          "after": ""
        },
        {
          "index": 7,
          "word": ":",
          "originalText": ":",
          "characterOffsetBegin": 765,
          "characterOffsetEnd": 766,
          "before": "",
          "after": " "
        },
        {
          "index": 8,
          "word": "https://t.co/6YdK7bvQN7",
          "originalText": "https://t.co/6YdK7bvQN7",
          "characterOffsetBegin": 767,
          "characterOffsetEnd": 790,
          "before": " ",
          "after": " "
        },
        {
          "index": 9,
          "word": "so",
          "originalText": "so",
          "characterOffsetBegin": 791,
          "characterOffsetEnd": 793,
          "before": " ",
          "after": " "
        },
        {
          "index": 10,
          "word": "we",
          "originalText": "we",
          "characterOffsetBegin": 794,
          "characterOffsetEnd": 796,
          "before": " ",
          "after": " "
        },
        {
          "index": 11,
          "word": "can",
          "originalText": "can",
          "characterOffsetBegin": 797,
          "characterOffsetEnd": 800,
          "before": " ",
          "after": " "
        },
        {
          "index": 12,
          "word": "look",
          "originalText": "look",
          "characterOffsetBegin": 801,
          "characterOffsetEnd": 805,
          "before": " ",
          "after": " "
        },
        {
          "index": 13,
          "word": "into",
          "originalText": "into",
          "characterOffsetBegin": 806,
          "characterOffsetEnd": 810,
          "before": " ",
          "after": " "
        },
        {
          "index": 14,
          "word": "this",
          "originalText": "this",
          "characterOffsetBegin": 811,
          "characterOffsetEnd": 815,
          "before": " ",
          "after": " "
        },
        {
          "index": 15,
          "word": "further",
          "originalText": "further",
          "characterOffsetBegin": 816,
          "characterOffsetEnd": 823,
          "before": " ",
          "after": " "
        },
        {
          "index": 16,
          "word": "for",
          "originalText": "for",
          "characterOffsetBegin": 824,
          "characterOffsetEnd": 827,
          "before": " ",
          "after": " "
        },
        {
          "index": 17,
          "word": "you",
          "originalText": "you",
          "characterOffsetBegin": 828,
          "characterOffsetEnd": 831,
          "before": " ",
          "after": ""
        },
        {
          "index": 18,
          "word": ".",
          "originalText": ".",
          "characterOffsetBegin": 831,
          "characterOffsetEnd": 832,
          "before": "",
          "after": ""
        }
      ]
    },
    {
      "index": 16,
      "tokens": [
        {
          "index": 1,
          "word": "@highlight",
          "originalText": "@highlight",
          "characterOffsetBegin": 834,
          "characterOffsetEnd": 844,
          "before": "",
          "after": ""
        }
      ]
    },
    {
      "index": 17,
      "tokens": [
        {
          "index": 1,
          "word": "Customer",
          "originalText": "Customer",
          "characterOffsetBegin": 846,
          "characterOffsetEnd": 854,
          "before": "",
          "after": ""
        },
        {
          "index": 2,
          "word": ":",
          "originalText": ":",
          "characterOffsetBegin": 854,
          "characterOffsetEnd": 855,
          "before": "",
          "after": " "
        },
        {
          "index": 3,
          "word": "@hulu_support",
          "originalText": "@hulu_support",
          "characterOffsetBegin": 856,
          "characterOffsetEnd": 869,
          "before": " ",
          "after": " "
        },
        {
          "index": 4,
          "word": "why",
          "originalText": "why",
          "characterOffsetBegin": 870,
          "characterOffsetEnd": 873,
          "before": " ",
          "after": " "
        },
        {
          "index": 5,
          "word": "ca",
          "originalText": "ca",
          "characterOffsetBegin": 874,
          "characterOffsetEnd": 876,
          "before": " ",
          "after": ""
        },
        {
          "index": 6,
          "word": "n't",
          "originalText": "n't",
          "characterOffsetBegin": 876,
          "characterOffsetEnd": 879,
          "before": "",
          "after": " "
        },
        {
          "index": 7,
          "word": "I",
          "originalText": "I",
          "characterOffsetBegin": 880,
          "characterOffsetEnd": 881,
          "before": " ",
          "after": " "
        },
        {
          "index": 8,
          "word": "choose",
          "originalText": "choose",
          "characterOffsetBegin": 882,
          "characterOffsetEnd": 888,
          "before": " ",
          "after": " "
        },
        {
          "index": 9,
          "word": "an",
          "originalText": "an",
          "characterOffsetBegin": 889,
          "characterOffsetEnd": 891,
          "before": " ",
          "after": " "
        },
        {
          "index": 10,
          "word": "episode",
          "originalText": "episode",
          "characterOffsetBegin": 892,
          "characterOffsetEnd": 899,
          "before": " ",
          "after": " "
        },
        {
          "index": 11,
          "word": "instead",
          "originalText": "instead",
          "characterOffsetBegin": 900,
          "characterOffsetEnd": 907,
          "before": " ",
          "after": " "
        },
        {
          "index": 12,
          "word": "of",
          "originalText": "of",
          "characterOffsetBegin": 908,
          "characterOffsetEnd": 910,
          "before": " ",
          "after": " "
        },
        {
          "index": 13,
          "word": "watching",
          "originalText": "watching",
          "characterOffsetBegin": 911,
          "characterOffsetEnd": 919,
          "before": " ",
          "after": " "
        },
        {
          "index": 14,
          "word": "what",
          "originalText": "what",
          "characterOffsetBegin": 920,
          "characterOffsetEnd": 924,
          "before": " ",
          "after": " "
        },
        {
          "index": 15,
          "word": "is",
          "originalText": "is",
          "characterOffsetBegin": 925,
          "characterOffsetEnd": 927,
          "before": " ",
          "after": " "
        },
        {
          "index": 16,
          "word": "next.in",
          "originalText": "next.in",
          "characterOffsetBegin": 928,
          "characterOffsetEnd": 935,
          "before": " ",
          "after": " "
        },
        {
          "index": 17,
          "word": "the",
          "originalText": "the",
          "characterOffsetBegin": 936,
          "characterOffsetEnd": 939,
          "before": " ",
          "after": " "
        },
        {
          "index": 18,
          "word": "series",
          "originalText": "series",
          "characterOffsetBegin": 940,
          "characterOffsetEnd": 946,
          "before": " ",
          "after": ""
        },
        {
          "index": 19,
          "word": "???",
          "originalText": "???",
          "characterOffsetBegin": 946,
          "characterOffsetEnd": 949,
          "before": "",
          "after": ""
        }
      ]
    },
    {
      "index": 18,
      "tokens": [
        {
          "index": 1,
          "word": "@highlight",
          "originalText": "@highlight",
          "characterOffsetBegin": 951,
          "characterOffsetEnd": 961,
          "before": "",
          "after": ""
        }
      ]
    },
    {
      "index": 19,
      "tokens": [
        {
          "index": 1,
          "word": "Agent",
          "originalText": "Agent",
          "characterOffsetBegin": 963,
          "characterOffsetEnd": 968,
          "before": "",
          "after": ""
        },
        {
          "index": 2,
          "word": ":",
          "originalText": ":",
          "characterOffsetBegin": 968,
          "characterOffsetEnd": 969,
          "before": "",
          "after": " "
        },
        {
          "index": 3,
          "word": "Clicking",
          "originalText": "Clicking",
          "characterOffsetBegin": 970,
          "characterOffsetEnd": 978,
          "before": " ",
          "after": " "
        },
        {
          "index": 4,
          "word": "on",
          "originalText": "on",
          "characterOffsetBegin": 979,
          "characterOffsetEnd": 981,
          "before": " ",
          "after": " "
        },
        {
          "index": 5,
          "word": "a",
          "originalText": "a",
          "characterOffsetBegin": 982,
          "characterOffsetEnd": 983,
          "before": " ",
          "after": " "
        },
        {
          "index": 6,
          "word": "show",
          "originalText": "show",
          "characterOffsetBegin": 984,
          "characterOffsetEnd": 988,
          "before": " ",
          "after": " "
        },
        {
          "index": 7,
          "word": "brings",
          "originalText": "brings",
          "characterOffsetBegin": 989,
          "characterOffsetEnd": 995,
          "before": " ",
          "after": " "
        },
        {
          "index": 8,
          "word": "up",
          "originalText": "up",
          "characterOffsetBegin": 996,
          "characterOffsetEnd": 998,
          "before": " ",
          "after": " "
        },
        {
          "index": 9,
          "word": "the",
          "originalText": "the",
          "characterOffsetBegin": 999,
          "characterOffsetEnd": 1002,
          "before": " ",
          "after": " "
        },
        {
          "index": 10,
          "word": "Details",
          "originalText": "Details",
          "characterOffsetBegin": 1003,
          "characterOffsetEnd": 1010,
          "before": " ",
          "after": " "
        },
        {
          "index": 11,
          "word": "and",
          "originalText": "and",
          "characterOffsetBegin": 1011,
          "characterOffsetEnd": 1014,
          "before": " ",
          "after": " "
        },
        {
          "index": 12,
          "word": "just",
          "originalText": "just",
          "characterOffsetBegin": 1015,
          "characterOffsetEnd": 1019,
          "before": " ",
          "after": " "
        },
        {
          "index": 13,
          "word": "to",
          "originalText": "to",
          "characterOffsetBegin": 1020,
          "characterOffsetEnd": 1022,
          "before": " ",
          "after": " "
        },
        {
          "index": 14,
          "word": "the",
          "originalText": "the",
          "characterOffsetBegin": 1023,
          "characterOffsetEnd": 1026,
          "before": " ",
          "after": " "
        },
        {
          "index": 15,
          "word": "right",
          "originalText": "right",
          "characterOffsetBegin": 1027,
          "characterOffsetEnd": 1032,
          "before": " ",
          "after": " "
        },
        {
          "index": 16,
          "word": "is",
          "originalText": "is",
          "characterOffsetBegin": 1033,
          "characterOffsetEnd": 1035,
          "before": " ",
          "after": " "
        },
        {
          "index": 17,
          "word": "Episodes",
          "originalText": "Episodes",
          "characterOffsetBegin": 1036,
          "characterOffsetEnd": 1044,
          "before": " ",
          "after": ""
        },
        {
          "index": 18,
          "word": ",",
          "originalText": ",",
          "characterOffsetBegin": 1044,
          "characterOffsetEnd": 1045,
          "before": "",
          "after": " "
        },
        {
          "index": 19,
          "word": "which",
          "originalText": "which",
          "characterOffsetBegin": 1046,
          "characterOffsetEnd": 1051,
          "before": " ",
          "after": " "
        },
        {
          "index": 20,
          "word": "has",
          "originalText": "has",
          "characterOffsetBegin": 1052,
          "characterOffsetEnd": 1055,
          "before": " ",
          "after": " "
        },
        {
          "index": 21,
          "word": "all",
          "originalText": "all",
          "characterOffsetBegin": 1056,
          "characterOffsetEnd": 1059,
          "before": " ",
          "after": " "
        },
        {
          "index": 22,
          "word": "seasons/episodes",
          "originalText": "seasons/episodes",
          "characterOffsetBegin": 1060,
          "characterOffsetEnd": 1076,
          "before": " ",
          "after": ""
        },
        {
          "index": 23,
          "word": ".",
          "originalText": ".",
          "characterOffsetBegin": 1076,
          "characterOffsetEnd": 1077,
          "before": "",
          "after": ""
        }
      ]
    }
  ]
}