{
  "sentences": [
    {
      "index": 0,
      "tokens": [
        {
          "index": 1,
          "word": "Customer",
          "originalText": "Customer",
          "characterOffsetBegin": 0,
          "characterOffsetEnd": 8,
          "before": "",
          "after": ""
        },
        {
          "index": 2,
          "word": ":",
          "originalText": ":",
          "characterOffsetBegin": 8,
          "characterOffsetEnd": 9,
          "before": "",
          "after": " "
        },
        {
          "index": 3,
          "word": "My",
          "originalText": "My",
          "characterOffsetBegin": 10,
          "characterOffsetEnd": 12,
          "before": " ",
          "after": " "
        },
        {
          "index": 4,
          "word": "Amazon",
          "originalText": "Amazon",
          "characterOffsetBegin": 13,
          "characterOffsetEnd": 19,
          "before": " ",
          "after": " "
        },
        {
          "index": 5,
          "word": "primevideo",
          "originalText": "primevideo",
          "characterOffsetBegin": 20,
          "characterOffsetEnd": 30,
          "before": " ",
          "after": " "
        },
        {
          "index": 6,
          "word": "account",
          "originalText": "account",
          "characterOffsetBegin": 31,
          "characterOffsetEnd": 38,
          "before": " ",
          "after": "  "
        },
        {
          "index": 7,
          "word": "is",
          "originalText": "is",
          "characterOffsetBegin": 40,
          "characterOffsetEnd": 42,
          "before": "  ",
          "after": ""
        },
        {
          "index": 8,
          "word": "n't",
          "originalText": "n't",
          "characterOffsetBegin": 42,
          "characterOffsetEnd": 45,
          "before": "",
          "after": " "
        },
        {
          "index": 9,
          "word": "working",
          "originalText": "working",
          "characterOffsetBegin": 46,
          "characterOffsetEnd": 53,
          "before": " ",
          "after": " "
        },
        {
          "index": 10,
          "word": "abroad",
          "originalText": "abroad",
          "characterOffsetBegin": 54,
          "characterOffsetEnd": 60,
          "before": " ",
          "after": ""
        },
        {
          "index": 11,
          "word": "!",
          "originalText": "!",
          "characterOffsetBegin": 60,
          "characterOffsetEnd": 61,
          "before": "",
          "after": ""
        }
      ]
    },
    {
      "index": 1,
      "tokens": [
        {
          "index": 1,
          "word": "Can",
          "originalText": "Can",
          "characterOffsetBegin": 63,
          "characterOffsetEnd": 66,
          "before": "",
          "after": " "
        },
        {
          "index": 2,
          "word": "you",
          "originalText": "you",
          "characterOffsetBegin": 67,
          "characterOffsetEnd": 70,
          "before": " ",
          "after": " "
        },
        {
          "index": 3,
          "word": "do",
          "originalText": "do",
          "characterOffsetBegin": 71,
          "characterOffsetEnd": 73,
          "before": " ",
          "after": " "
        },
        {
          "index": 4,
          "word": "something",
          "originalText": "something",
          "characterOffsetBegin": 74,
          "characterOffsetEnd": 83,
          "before": " ",
          "after": " "
        },
        {
          "index": 5,
          "word": "about",
          "originalText": "about",
          "characterOffsetBegin": 84,
          "characterOffsetEnd": 89,
          "before": " ",
          "after": " "
        },
        {
          "index": 6,
          "word": "it",
          "originalText": "it",
          "characterOffsetBegin": 90,
          "characterOffsetEnd": 92,
          "before": " ",
          "after": ""
        },
        {
          "index": 7,
          "word": "?",
          "originalText": "?",
          "characterOffsetBegin": 92,
          "characterOffsetEnd": 93,
          "before": "",
          "after": ""
        }
      ]
    },
    {
      "index": 2,
      "tokens": [
        {
          "index": 1,
          "word": "@",
          "originalText": "@",
          "characterOffsetBegin": 95,
          "characterOffsetEnd": 96,
          "before": "",
          "after": ""
        },
        {
          "index": 2,
          "word": "115850",
          "originalText": "115850",
          "characterOffsetBegin": 96,
          "characterOffsetEnd": 102,
          "before": "",
          "after": " "
        },
        {
          "index": 3,
          "word": "@AmazonHelp",
          "originalText": "@AmazonHelp",
          "characterOffsetBegin": 103,
          "characterOffsetEnd": 114,
          "before": " ",
          "after": " "
        },
        {
          "index": 4,
          "word": "@",
          "originalText": "@",
          "characterOffsetBegin": 115,
          "characterOffsetEnd": 116,
          "before": " ",
          "after": ""
        },
        {
          "index": 5,
          "word": "117795",
          "originalText": "117795",
          "characterOffsetBegin": 116,
          "characterOffsetEnd": 122,
          "before": "",
          "after": ""
        }
      ]
    },
    {
      "index": 3,
      "tokens": [
        {
          "index": 1,
          "word": "Agent",
          "originalText": "Agent",
          "characterOffsetBegin": 124,
          "characterOffsetEnd": 129,
          "before": "",
          "after": ""
        },
        {
          "index": 2,
          "word": ":",
          "originalText": ":",
          "characterOffsetBegin": 129,
          "characterOffsetEnd": 130,
          "before": "",
          "after": " "
        },
        {
          "index": 3,
          "word": "@",
          "originalText": "@",
          "characterOffsetBegin": 131,
          "characterOffsetEnd": 132,
          "before": " ",
          "after": ""
        },
        {
          "index": 4,
          "word": "314570",
          "originalText": "314570",
          "characterOffsetBegin": 132,
          "characterOffsetEnd": 138,
          "before": "",
          "after": " "
        },
        {
          "index": 5,
          "word": "Sorry",
          "originalText": "Sorry",
          "characterOffsetBegin": 139,
          "characterOffsetEnd": 144,
          "before": " ",
          "after": " "
        },
        {
          "index": 6,
          "word": "to",
          "originalText": "to",
          "characterOffsetBegin": 145,
          "characterOffsetEnd": 147,
          "before": " ",
          "after": " "
        },
        {
          "index": 7,
          "word": "know",
          "originalText": "know",
          "characterOffsetBegin": 148,
          "characterOffsetEnd": 152,
          "before": " ",
          "after": " "
        },
        {
          "index": 8,
          "word": "about",
          "originalText": "about",
          "characterOffsetBegin": 153,
          "characterOffsetEnd": 158,
          "before": " ",
          "after": " "
        },
        {
          "index": 9,
          "word": "that",
          "originalText": "that",
          "characterOffsetBegin": 159,
          "characterOffsetEnd": 163,
          "before": " ",
          "after": ""
        },
        {
          "index": 10,
          "word": ".",
          "originalText": ".",
          "characterOffsetBegin": 163,
          "characterOffsetEnd": 164,
          "before": "",
          "after": ""
        }
      ]
    },
    {
      "index": 4,
      "tokens": [
        {
          "index": 1,
          "word": "Do",
          "originalText": "Do",
          "characterOffsetBegin": 166,
          "characterOffsetEnd": 168,
          "before": "",
          "after": " "
        },
        {
          "index": 2,
          "word": "not",
          "originalText": "not",
          "characterOffsetBegin": 169,
          "characterOffsetEnd": 172,
          "before": " ",
          "after": " "
        },
        {
          "index": 3,
          "word": "worry",
          "originalText": "worry",
          "characterOffsetBegin": 173,
          "characterOffsetEnd": 178,
          "before": " ",
          "after": ""
        },
        {
          "index": 4,
          "word": ",",
          "originalText": ",",
          "characterOffsetBegin": 178,
          "characterOffsetEnd": 179,
          "before": "",
          "after": " "
        },
        {
          "index": 5,
          "word": "we",
          "originalText": "we",
          "characterOffsetBegin": 180,
          "characterOffsetEnd": 182,
          "before": " ",
          "after": ""
        },
        {
          "index": 6,
          "word": "'ll",
          "originalText": "'ll",
          "characterOffsetBegin": 182,
          "characterOffsetEnd": 185,
          "before": "",
          "after": " "
        },
        {
          "index": 7,
          "word": "assist",
          "originalText": "assist",
          "characterOffsetBegin": 186,
          "characterOffsetEnd": 192,
          "before": " ",
          "after": " "
        },
        {
          "index": 8,
          "word": "you",
          "originalText": "you",
          "characterOffsetBegin": 193,
          "characterOffsetEnd": 196,
          "before": " ",
          "after": " "
        },
        {
          "index": 9,
          "word": "with",
          "originalText": "with",
          "characterOffsetBegin": 197,
          "characterOffsetEnd": 201,
          "before": " ",
          "after": " "
        },
        {
          "index": 10,
          "word": "it",
          "originalText": "it",
          "characterOffsetBegin": 202,
          "characterOffsetEnd": 204,
          "before": " ",
          "after": ""
        },
        {
          "index": 11,
          "word": ".",
          "originalText": ".",
          "characterOffsetBegin": 204,
          "characterOffsetEnd": 205,
          "before": "",
          "after": ""
        }
      ]
    },
    {
      "index": 5,
      "tokens": [
        {
          "index": 1,
          "word": "^",
          "originalText": "^",
          "characterOffsetBegin": 207,
          "characterOffsetEnd": 208,
          "before": "",
          "after": ""
        },
        {
          "index": 2,
          "word": "NR",
          "originalText": "NR",
          "characterOffsetBegin": 208,
          "characterOffsetEnd": 210,
          "before": "",
          "after": " "
        },
        {
          "index": 3,
          "word": "1/2",
          "originalText": "1/2",
          "characterOffsetBegin": 211,
          "characterOffsetEnd": 214,
          "before": " ",
          "after": ""
        }
      ]
    },
    {
      "index": 6,
      "tokens": [
        {
          "index": 1,
          "word": "Agent",
          "originalText": "Agent",
          "characterOffsetBegin": 216,
          "characterOffsetEnd": 221,
          "before": "",
          "after": ""
        },
        {
          "index": 2,
          "word": ":",
          "originalText": ":",
          "characterOffsetBegin": 221,
          "characterOffsetEnd": 222,
          "before": "",
          "after": " "
        },
        {
          "index": 3,
          "word": "@",
          "originalText": "@",
          "characterOffsetBegin": 223,
          "characterOffsetEnd": 224,
          "before": " ",
          "after": ""
        },
        {
          "index": 4,
          "word": "314570",
          "originalText": "314570",
          "characterOffsetBegin": 224,
          "characterOffsetEnd": 230,
          "before": "",
          "after": " "
        },
        {
          "index": 5,
          "word": "Please",
          "originalText": "Please",
          "characterOffsetBegin": 231,
          "characterOffsetEnd": 237,
          "before": " ",
          "after": " "
        },
        {
          "index": 6,
          "word": "connect",
          "originalText": "connect",
          "characterOffsetBegin": 238,
          "characterOffsetEnd": 245,
          "before": " ",
          "after": " "
        },
        {
          "index": 7,
          "word": "with",
          "originalText": "with",
          "characterOffsetBegin": 246,
          "characterOffsetEnd": 250,
          "before": " ",
          "after": " "
        },
        {
          "index": 8,
          "word": "us",
          "originalText": "us",
          "characterOffsetBegin": 251,
          "characterOffsetEnd": 253,
          "before": " ",
          "after": " "
        },
        {
          "index": 9,
          "word": "here",
          "originalText": "here",
          "characterOffsetBegin": 254,
          "characterOffsetEnd": 258,
          "before": " ",
          "after": " "
        },
        {
          "index": 10,
          "word": ":",
          "originalText": ":",
          "characterOffsetBegin": 259,
          "characterOffsetEnd": 260,
          "before": " ",
          "after": " "
        },
        {
          "index": 11,
          "word": "https://t.co/Quz9EViMF4",
          "originalText": "https://t.co/Quz9EViMF4",
          "characterOffsetBegin": 261,
          "characterOffsetEnd": 284,
          "before": " ",
          "after": ""
        },
        {
          "index": 12,
          "word": ".",
          "originalText": ".",
          "characterOffsetBegin": 284,
          "characterOffsetEnd": 285,
          "before": "",
          "after": ""
        }
      ]
    },
    {
      "index": 7,
      "tokens": [
        {
          "index": 1,
          "word": "Customer",
          "originalText": "Customer",
          "characterOffsetBegin": 287,
          "characterOffsetEnd": 295,
          "before": "",
          "after": ""
        },
        {
          "index": 2,
          "word": ":",
          "originalText": ":",
          "characterOffsetBegin": 295,
          "characterOffsetEnd": 296,
          "before": "",
          "after": " "
        },
        {
          "index": 3,
          "word": "@AmazonHelp",
          "originalText": "@AmazonHelp",
          "characterOffsetBegin": 297,
          "characterOffsetEnd": 308,
          "before": " ",
          "after": " "
        },
        {
          "index": 4,
          "word": "Not",
          "originalText": "Not",
          "characterOffsetBegin": 309,
          "characterOffsetEnd": 312,
          "before": " ",
          "after": " "
        },
        {
          "index": 5,
          "word": "helpful",
          "originalText": "helpful",
          "characterOffsetBegin": 313,
          "characterOffsetEnd": 320,
          "before": " ",
          "after": ""
        },
        {
          "index": 6,
          "word": "!",
          "originalText": "!",
          "characterOffsetBegin": 320,
          "characterOffsetEnd": 321,
          "before": "",
          "after": ""
        }
      ]
    },
    {
      "index": 8,
      "tokens": [
        {
          "index": 1,
          "word": "Agent",
          "originalText": "Agent",
          "characterOffsetBegin": 323,
          "characterOffsetEnd": 328,
          "before": "",
          "after": ""
        },
        {
          "index": 2,
          "word": ":",
          "originalText": ":",
          "characterOffsetBegin": 328,
          "characterOffsetEnd": 329,
          "before": "",
          "after": " "
        },
        {
          "index": 3,
          "word": "@",
          "originalText": "@",
          "characterOffsetBegin": 330,
          "characterOffsetEnd": 331,
          "before": " ",
          "after": ""
        },
        {
          "index": 4,
          "word": "314570",
          "originalText": "314570",
          "characterOffsetBegin": 331,
          "characterOffsetEnd": 337,
          "before": "",
          "after": " "
        },
        {
          "index": 5,
          "word": "Do",
          "originalText": "Do",
          "characterOffsetBegin": 338,
          "characterOffsetEnd": 340,
          "before": " ",
          "after": " "
        },
        {
          "index": 6,
          "word": "you",
          "originalText": "you",
          "characterOffsetBegin": 341,
          "characterOffsetEnd": 344,
          "before": " ",
          "after": " "
        },
        {
          "index": 7,
          "word": "see",
          "originalText": "see",
          "characterOffsetBegin": 345,
          "characterOffsetEnd": 348,
          "before": " ",
          "after": " "
        },
        {
          "index": 8,
          "word": "any",
          "originalText": "any",
          "characterOffsetBegin": 349,
          "characterOffsetEnd": 352,
          "before": " ",
          "after": " "
        },
        {
          "index": 9,
          "word": "error",
          "originalText": "error",
          "characterOffsetBegin": 353,
          "characterOffsetEnd": 358,
          "before": " ",
          "after": " "
        },
        {
          "index": 10,
          "word": "while",
          "originalText": "while",
          "characterOffsetBegin": 359,
          "characterOffsetEnd": 364,
          "before": " ",
          "after": " "
        },
        {
          "index": 11,
          "word": "trying",
          "originalText": "trying",
          "characterOffsetBegin": 365,
          "characterOffsetEnd": 371,
          "before": " ",
          "after": " "
        },
        {
          "index": 12,
          "word": "to",
          "originalText": "to",
          "characterOffsetBegin": 372,
          "characterOffsetEnd": 374,
          "before": " ",
          "after": " "
        },
        {
          "index": 13,
          "word": "connect",
          "originalText": "connect",
          "characterOffsetBegin": 375,
          "characterOffsetEnd": 382,
          "before": " ",
          "after": " "
        },
        {
          "index": 14,
          "word": "with",
          "originalText": "with",
          "characterOffsetBegin": 383,
          "characterOffsetEnd": 387,
          "before": " ",
          "after": " "
        },
        {
          "index": 15,
          "word": "our",
          "originalText": "our",
          "characterOffsetBegin": 388,
          "characterOffsetEnd": 391,
          "before": " ",
          "after": " "
        },
        {
          "index": 16,
          "word": "support",
          "originalText": "support",
          "characterOffsetBegin": 392,
          "characterOffsetEnd": 399,
          "before": " ",
          "after": " "
        },
        {
          "index": 17,
          "word": "team",
          "originalText": "team",
          "characterOffsetBegin": 400,
          "characterOffsetEnd": 404,
          "before": " ",
          "after": ""
        },
        {
          "index": 18,
          "word": "?",
          "originalText": "?",
          "characterOffsetBegin": 404,
          "characterOffsetEnd": 405,
          "before": "",
          "after": ""
        }
      ]
    },
    {
      "index": 9,
      "tokens": [
        {
          "index": 1,
          "word": "^",
          "originalText": "^",
          "characterOffsetBegin": 407,
          "characterOffsetEnd": 408,
          "before": "",
          "after": ""
        },
        {
          "index": 2,
          "word": "NR",
          "originalText": "NR",
          "characterOffsetBegin": 408,
          "characterOffsetEnd": 410,
          "before": "",
          "after": ""
        }
      ]
    },
    {
      "index": 10,
      "tokens": [
        {
          "index": 1,
          "word": "Customer",
          "originalText": "Customer",
          "characterOffsetBegin": 412,
          "characterOffsetEnd": 420,
          "before": "",
          "after": ""
        },
        {
          "index": 2,
          "word": ":",
          "originalText": ":",
          "characterOffsetBegin": 420,
          "characterOffsetEnd": 421,
          "before": "",
          "after": " "
        },
        {
          "index": 3,
          "word": "@AmazonHelp",
          "originalText": "@AmazonHelp",
          "characterOffsetBegin": 422,
          "characterOffsetEnd": 433,
          "before": " ",
          "after": " "
        },
        {
          "index": 4,
          "word": "Yes",
          "originalText": "Yes",
          "characterOffsetBegin": 434,
          "characterOffsetEnd": 437,
          "before": " ",
          "after": ""
        },
        {
          "index": 5,
          "word": "!",
          "originalText": "!",
          "characterOffsetBegin": 437,
          "characterOffsetEnd": 438,
          "before": "",
          "after": ""
        }
      ]
    },
    {
      "index": 11,
      "tokens": [
        {
          "index": 1,
          "word": "And",
          "originalText": "And",
          "characterOffsetBegin": 440,
          "characterOffsetEnd": 443,
          "before": "",
          "after": " "
        },
        {
          "index": 2,
          "word": "since",
          "originalText": "since",
          "characterOffsetBegin": 444,
          "characterOffsetEnd": 449,
          "before": " ",
          "after": " "
        },
        {
          "index": 3,
          "word": "I",
          "originalText": "I",
          "characterOffsetBegin": 450,
          "characterOffsetEnd": 451,
          "before": " ",
          "after": ""
        },
        {
          "index": 4,
          "word": "'m",
          "originalText": "'m",
          "characterOffsetBegin": 451,
          "characterOffsetEnd": 453,
          "before": "",
          "after": " "
        },
        {
          "index": 5,
          "word": "abroad",
          "originalText": "abroad",
          "characterOffsetBegin": 454,
          "characterOffsetEnd": 460,
          "before": " ",
          "after": ""
        },
        {
          "index": 6,
          "word": ",",
          "originalText": ",",
          "characterOffsetBegin": 460,
          "characterOffsetEnd": 461,
          "before": "",
          "after": " "
        },
        {
          "index": 7,
          "word": "I",
          "originalText": "I",
          "characterOffsetBegin": 462,
          "characterOffsetEnd": 463,
          "before": " ",
          "after": " "
        },
        {
          "index": 8,
          "word": "ca",
          "originalText": "ca",
          "characterOffsetBegin": 464,
          "characterOffsetEnd": 466,
          "before": " ",
          "after": ""
        },
        {
          "index": 9,
          "word": "n't",
          "originalText": "n't",
          "characterOffsetBegin": 466,
          "characterOffsetEnd": 469,
          "before": "",
          "after": " "
        },
        {
          "index": 10,
          "word": "give",
          "originalText": "give",
          "characterOffsetBegin": 470,
          "characterOffsetEnd": 474,
          "before": " ",
          "after": " "
        },
        {
          "index": 11,
          "word": "my",
          "originalText": "my",
          "characterOffsetBegin": 475,
          "characterOffsetEnd": 477,
          "before": " ",
          "after": " "
        },
        {
          "index": 12,
          "word": "india",
          "originalText": "india",
          "characterOffsetBegin": 478,
          "characterOffsetEnd": 483,
          "before": " ",
          "after": " "
        },
        {
          "index": 13,
          "word": "number",
          "originalText": "number",
          "characterOffsetBegin": 484,
          "characterOffsetEnd": 490,
          "before": " ",
          "after": " "
        },
        {
          "index": 14,
          "word": "to",
          "originalText": "to",
          "characterOffsetBegin": 491,
          "characterOffsetEnd": 493,
          "before": " ",
          "after": " "
        },
        {
          "index": 15,
          "word": "call",
          "originalText": "call",
          "characterOffsetBegin": 494,
          "characterOffsetEnd": 498,
          "before": " ",
          "after": " "
        },
        {
          "index": 16,
          "word": "me",
          "originalText": "me",
          "characterOffsetBegin": 499,
          "characterOffsetEnd": 501,
          "before": " ",
          "after": ""
        }
      ]
    },
    {
      "index": 12,
      "tokens": [
        {
          "index": 1,
          "word": "Agent",
          "originalText": "Agent",
          "characterOffsetBegin": 503,
          "characterOffsetEnd": 508,
          "before": "",
          "after": ""
        },
        {
          "index": 2,
          "word": ":",
          "originalText": ":",
          "characterOffsetBegin": 508,
          "characterOffsetEnd": 509,
          "before": "",
          "after": " "
        },
        {
          "index": 3,
          "word": "@",
          "originalText": "@",
          "characterOffsetBegin": 510,
          "characterOffsetEnd": 511,
          "before": " ",
          "after": ""
        },
        {
          "index": 4,
          "word": "314570",
          "originalText": "314570",
          "characterOffsetBegin": 511,
          "characterOffsetEnd": 517,
          "before": "",
          "after": " "
        },
        {
          "index": 5,
          "word": "Kindly",
          "originalText": "Kindly",
          "characterOffsetBegin": 518,
          "characterOffsetEnd": 524,
          "before": " ",
          "after": " "
        },
        {
          "index": 6,
          "word": "connect",
          "originalText": "connect",
          "characterOffsetBegin": 525,
          "characterOffsetEnd": 532,
          "before": " ",
          "after": " "
        },
        {
          "index": 7,
          "word": "with",
          "originalText": "with",
          "characterOffsetBegin": 533,
          "characterOffsetEnd": 537,
          "before": " ",
          "after": " "
        },
        {
          "index": 8,
          "word": "our",
          "originalText": "our",
          "characterOffsetBegin": 538,
          "characterOffsetEnd": 541,
          "before": " ",
          "after": " "
        },
        {
          "index": 9,
          "word": "support",
          "originalText": "support",
          "characterOffsetBegin": 542,
          "characterOffsetEnd": 549,
          "before": " ",
          "after": " "
        },
        {
          "index": 10,
          "word": "team",
          "originalText": "team",
          "characterOffsetBegin": 550,
          "characterOffsetEnd": 554,
          "before": " ",
          "after": " "
        },
        {
          "index": 11,
          "word": "via",
          "originalText": "via",
          "characterOffsetBegin": 555,
          "characterOffsetEnd": 558,
          "before": " ",
          "after": " "
        },
        {
          "index": 12,
          "word": "chat/email",
          "originalText": "chat/email",
          "characterOffsetBegin": 559,
          "characterOffsetEnd": 569,
          "before": " ",
          "after": " "
        },
        {
          "index": 13,
          "word": "from",
          "originalText": "from",
          "characterOffsetBegin": 570,
          "characterOffsetEnd": 574,
          "before": " ",
          "after": " "
        },
        {
          "index": 14,
          "word": "the",
          "originalText": "the",
          "characterOffsetBegin": 575,
          "characterOffsetEnd": 578,
          "before": " ",
          "after": " "
        },
        {
          "index": 15,
          "word": "link",
          "originalText": "link",
          "characterOffsetBegin": 579,
          "characterOffsetEnd": 583,
          "before": " ",
          "after": " "
        },
        {
          "index": 16,
          "word": "provided",
          "originalText": "provided",
          "characterOffsetBegin": 584,
          "characterOffsetEnd": 592,
          "before": " ",
          "after": " "
        },
        {
          "index": 17,
          "word": "to",
          "originalText": "to",
          "characterOffsetBegin": 593,
          "characterOffsetEnd": 595,
          "before": " ",
          "after": " "
        },
        {
          "index": 18,
          "word": "you",
          "originalText": "you",
          "characterOffsetBegin": 596,
          "characterOffsetEnd": 599,
          "before": " ",
          "after": " "
        },
        {
          "index": 19,
          "word": "earlier",
          "originalText": "earlier",
          "characterOffsetBegin": 600,
          "characterOffsetEnd": 607,
          "before": " ",
          "after": " "
        },
        {
          "index": 20,
          "word": "and",
          "originalText": "and",
          "characterOffsetBegin": 608,
          "characterOffsetEnd": 611,
          "before": " ",
          "after": " "
        },
        {
          "index": 21,
          "word": "we",
          "originalText": "we",
          "characterOffsetBegin": 612,
          "characterOffsetEnd": 614,
          "before": " ",
          "after": ""
        },
        {
          "index": 22,
          "word": "'ll",
          "originalText": "'ll",
          "characterOffsetBegin": 614,
          "characterOffsetEnd": 617,
          "before": "",
          "after": " "
        },
        {
          "index": 23,
          "word": "look",
          "originalText": "look",
          "characterOffsetBegin": 618,
          "characterOffsetEnd": 622,
          "before": " ",
          "after": " "
        },
        {
          "index": 24,
          "word": "into",
          "originalText": "into",
          "characterOffsetBegin": 623,
          "characterOffsetEnd": 627,
          "before": " ",
          "after": " "
        },
        {
          "index": 25,
          "word": "this",
          "originalText": "this",
          "characterOffsetBegin": 628,
          "characterOffsetEnd": 632,
          "before": " ",
          "after": ""
        },
        {
          "index": 26,
          "word": ".",
          "originalText": ".",
          "characterOffsetBegin": 632,
          "characterOffsetEnd": 633,
          "before": "",
          "after": ""
        }
      ]
    },
    {
      "index": 13,
      "tokens": [
        {
          "index": 1,
          "word": "^",
          "originalText": "^",
          "characterOffsetBegin": 635,
          "characterOffsetEnd": 636,
          "before": "",
          "after": ""
        },
        {
          "index": 2,
          "word": "SQ",
          "originalText": "SQ",
          "characterOffsetBegin": 636,
          "characterOffsetEnd": 638,
          "before": "",
          "after": ""
        }
      ]
    },
    {
      "index": 14,
      "tokens": [
        {
          "index": 1,
          "word": "Customer",
          "originalText": "Customer",
          "characterOffsetBegin": 640,
          "characterOffsetEnd": 648,
          "before": "",
          "after": ""
        },
        {
          "index": 2,
          "word": ":",
          "originalText": ":",
          "characterOffsetBegin": 648,
          "characterOffsetEnd": 649,
          "before": "",
          "after": " "
        },
        {
          "index": 3,
          "word": "@AmazonHelp",
          "originalText": "@AmazonHelp",
          "characterOffsetBegin": 650,
          "characterOffsetEnd": 661,
          "before": " ",
          "after": " "
        },
        {
          "index": 4,
          "word": "@",
          "originalText": "@",
          "characterOffsetBegin": 662,
          "characterOffsetEnd": 663,
          "before": " ",
          "after": ""
        },
        {
          "index": 5,
          "word": "115821",
          "originalText": "115821",
          "characterOffsetBegin": 663,
          "characterOffsetEnd": 669,
          "before": "",
          "after": " "
        },
        {
          "index": 6,
          "word": "prime",
          "originalText": "prime",
          "characterOffsetBegin": 670,
          "characterOffsetEnd": 675,
          "before": " ",
          "after": " "
        },
        {
          "index": 7,
          "word": "refund",
          "originalText": "refund",
          "characterOffsetBegin": 676,
          "characterOffsetEnd": 682,
          "before": " ",
          "after": " "
        },
        {
          "index": 8,
          "word": "me",
          "originalText": "me",
          "characterOffsetBegin": 683,
          "characterOffsetEnd": 685,
          "before": " ",
          "after": " "
        },
        {
          "index": 9,
          "word": "full",
          "originalText": "full",
          "characterOffsetBegin": 686,
          "characterOffsetEnd": 690,
          "before": " ",
          "after": " "
        },
        {
          "index": 10,
          "word": "subscription",
          "originalText": "subscription",
          "characterOffsetBegin": 691,
          "characterOffsetEnd": 703,
          "before": " ",
          "after": " "
        },
        {
          "index": 11,
          "word": "fee",
          "originalText": "fee",
          "characterOffsetBegin": 704,
          "characterOffsetEnd": 707,
          "before": " ",
          "after": ""
        },
        {
          "index": 12,
          "word": "😡",
          "originalText": "😡",
          "characterOffsetBegin": 707,
          "characterOffsetEnd": 709,
          "before": "",
          "after": " "
        },
        {
          "index": 13,
          "word": "@",
          "originalText": "@",
          "characterOffsetBegin": 710,
          "characterOffsetEnd": 711,
          "before": " ",
          "after": ""
        },
        {
          "index": 14,
          "word": "115850",
          "originalText": "115850",
          "characterOffsetBegin": 711,
          "characterOffsetEnd": 717,
          "before": "",
          "after": " "
        },
        {
          "index": 15,
          "word": "@AmazonHelp",
          "originalText": "@AmazonHelp",
          "characterOffsetBegin": 718,
          "characterOffsetEnd": 729,
          "before": " ",
          "after": " "
        },
        {
          "index": 16,
          "word": "why",
          "originalText": "why",
          "characterOffsetBegin": 730,
          "characterOffsetEnd": 733,
          "before": " ",
          "after": " "
        },
        {
          "index": 17,
          "word": "the",
          "originalText": "the",
          "characterOffsetBegin": 734,
          "characterOffsetEnd": 737,
          "before": " ",
          "after": " "
        },
        {
          "index": 18,
          "word": "hell",
          "originalText": "hell",
          "characterOffsetBegin": 738,
          "characterOffsetEnd": 742,
          "before": " ",
          "after": " "
        },
        {
          "index": 19,
          "word": "u",
          "originalText": "u",
          "characterOffsetBegin": 743,
          "characterOffsetEnd": 744,
          "before": " ",
          "after": " "
        },
        {
          "index": 20,
          "word": "do",
          "originalText": "do",
          "characterOffsetBegin": 745,
          "characterOffsetEnd": 747,
          "before": " ",
          "after": ""
        },
        {
          "index": 21,
          "word": "n't",
          "originalText": "n't",
          "characterOffsetBegin": 747,
          "characterOffsetEnd": 750,
          "before": "",
          "after": " "
        },
        {
          "index": 22,
          "word": "show",
          "originalText": "show",
          "characterOffsetBegin": 751,
          "characterOffsetEnd": 755,
          "before": " ",
          "after": " "
        },
        {
          "index": 23,
          "word": "me",
          "originalText": "me",
          "characterOffsetBegin": 756,
          "characterOffsetEnd": 758,
          "before": " ",
          "after": " "
        },
        {
          "index": 24,
          "word": "telugu",
          "originalText": "telugu",
          "characterOffsetBegin": 759,
          "characterOffsetEnd": 765,
          "before": " ",
          "after": " "
        },
        {
          "index": 25,
          "word": "movies?app",
          "originalText": "movies?app",
          "characterOffsetBegin": 766,
          "characterOffsetEnd": 776,
          "before": " ",
          "after": " "
        },
        {
          "index": 26,
          "word": "is",
          "originalText": "is",
          "characterOffsetBegin": 777,
          "characterOffsetEnd": 779,
          "before": " ",
          "after": " "
        },
        {
          "index": 27,
          "word": "full",
          "originalText": "full",
          "characterOffsetBegin": 780,
          "characterOffsetEnd": 784,
          "before": " ",
          "after": " "
        },
        {
          "index": 28,
          "word": "of",
          "originalText": "of",
          "characterOffsetBegin": 785,
          "characterOffsetEnd": 787,
          "before": " ",
          "after": " "
        },
        {
          "index": 29,
          "word": "useless",
          "originalText": "useless",
          "characterOffsetBegin": 788,
          "characterOffsetEnd": 795,
          "before": " ",
          "after": " "
        },
        {
          "index": 30,
          "word": "films",
          "originalText": "films",
          "characterOffsetBegin": 796,
          "characterOffsetEnd": 801,
          "before": " ",
          "after": " "
        },
        {
          "index": 31,
          "word": "https://t.co/3qJg6jGwoz",
          "originalText": "https://t.co/3qJg6jGwoz",
          "characterOffsetBegin": 802,
          "characterOffsetEnd": 825,
          "before": " ",
          "after": ""
        }
      ]
    },
    {
      "index": 15,
      "tokens": [
        {
          "index": 1,
          "word": "Agent",
          "originalText": "Agent",
          "characterOffsetBegin": 827,
          "characterOffsetEnd": 832,
          "before": "",
          "after": ""
        },
        {
          "index": 2,
          "word": ":",
          "originalText": ":",
          "characterOffsetBegin": 832,
          "characterOffsetEnd": 833,
          "before": "",
          "after": " "
        },
        {
          "index": 3,
          "word": "@",
          "originalText": "@",
          "characterOffsetBegin": 834,
          "characterOffsetEnd": 835,
          "before": " ",
          "after": ""
        },
        {
          "index": 4,
          "word": "314570",
          "originalText": "314570",
          "characterOffsetBegin": 835,
          "characterOffsetEnd": 841,
          "before": "",
          "after": " "
        },
        {
          "index": 5,
          "word": "May",
          "originalText": "May",
          "characterOffsetBegin": 842,
          "characterOffsetEnd": 845,
          "before": " ",
          "after": " "
        },
        {
          "index": 6,
          "word": "we",
          "originalText": "we",
          "characterOffsetBegin": 846,
          "characterOffsetEnd": 848,
          "before": " ",
          "after": " "
        },
        {
          "index": 7,
          "word": "know",
          "originalText": "know",
          "characterOffsetBegin": 849,
          "characterOffsetEnd": 853,
          "before": " ",
          "after": " "
        },
        {
          "index": 8,
          "word": "from",
          "originalText": "from",
          "characterOffsetBegin": 854,
          "characterOffsetEnd": 858,
          "before": " ",
          "after": " "
        },
        {
          "index": 9,
          "word": "which",
          "originalText": "which",
          "characterOffsetBegin": 859,
          "characterOffsetEnd": 864,
          "before": " ",
          "after": " "
        },
        {
          "index": 10,
          "word": "place",
          "originalText": "place",
          "characterOffsetBegin": 865,
          "characterOffsetEnd": 870,
          "before": " ",
          "after": " "
        },
        {
          "index": 11,
          "word": "are",
          "originalText": "are",
          "characterOffsetBegin": 871,
          "characterOffsetEnd": 874,
          "before": " ",
          "after": " "
        },
        {
          "index": 12,
          "word": "you",
          "originalText": "you",
          "characterOffsetBegin": 875,
          "characterOffsetEnd": 878,
          "before": " ",
          "after": " "
        },
        {
          "index": 13,
          "word": "trying",
          "originalText": "trying",
          "characterOffsetBegin": 879,
          "characterOffsetEnd": 885,
          "before": " ",
          "after": " "
        },
        {
          "index": 14,
          "word": "to",
          "originalText": "to",
          "characterOffsetBegin": 886,
          "characterOffsetEnd": 888,
          "before": " ",
          "after": " "
        },
        {
          "index": 15,
          "word": "access",
          "originalText": "access",
          "characterOffsetBegin": 889,
          "characterOffsetEnd": 895,
          "before": " ",
          "after": " "
        },
        {
          "index": 16,
          "word": "your",
          "originalText": "your",
          "characterOffsetBegin": 896,
          "characterOffsetEnd": 900,
          "before": " ",
          "after": " "
        },
        {
          "index": 17,
          "word": "Prime",
          "originalText": "Prime",
          "characterOffsetBegin": 901,
          "characterOffsetEnd": 906,
          "before": " ",
          "after": " "
        },
        {
          "index": 18,
          "word": "video",
          "originalText": "video",
          "characterOffsetBegin": 907,
          "characterOffsetEnd": 912,
          "before": " ",
          "after": " "
        },
        {
          "index": 19,
          "word": "account",
          "originalText": "account",
          "characterOffsetBegin": 913,
          "characterOffsetEnd": 920,
          "before": " ",
          "after": ""
        },
        {
          "index": 20,
          "word": "?",
          "originalText": "?",
          "characterOffsetBegin": 920,
          "characterOffsetEnd": 921,
          "before": "",
          "after": ""
        }
      ]
    },
    {
      "index": 16,
      "tokens": [
        {
          "index": 1,
          "word": "^",
          "originalText": "^",
          "characterOffsetBegin": 923,
          "characterOffsetEnd": 924,
          "before": "",
          "after": ""
        },
        {
          "index": 2,
          "word": "HR",
          "originalText": "HR",
          "characterOffsetBegin": 924,
          "characterOffsetEnd": 926,
          "before": "",
          "after": ""
        }
      ]
    },
    {
      "index": 17,
      "tokens": [
        {
          "index": 1,
          "word": "Customer",
          "originalText": "Customer",
          "characterOffsetBegin": 928,
          "characterOffsetEnd": 936,
          "before": "",
          "after": ""
        },
        {
          "index": 2,
          "word": ":",
          "originalText": ":",
          "characterOffsetBegin": 936,
          "characterOffsetEnd": 937,
          "before": "",
          "after": " "
        },
        {
          "index": 3,
          "word": "@AmazonHelp",
          "originalText": "@AmazonHelp",
          "characterOffsetBegin": 938,
          "characterOffsetEnd": 949,
          "before": " ",
          "after": " "
        },
        {
          "index": 4,
          "word": "I",
          "originalText": "I",
          "characterOffsetBegin": 950,
          "characterOffsetEnd": 951,
          "before": " ",
          "after": " "
        },
        {
          "index": 5,
          "word": "came",
          "originalText": "came",
          "characterOffsetBegin": 952,
          "characterOffsetEnd": 956,
          "before": " ",
          "after": " "
        },
        {
          "index": 6,
          "word": "to",
          "originalText": "to",
          "characterOffsetBegin": 957,
          "characterOffsetEnd": 959,
          "before": " ",
          "after": " "
        },
        {
          "index": 7,
          "word": "Europe",
          "originalText": "Europe",
          "characterOffsetBegin": 960,
          "characterOffsetEnd": 966,
          "before": " ",
          "after": " "
        },
        {
          "index": 8,
          "word": "for",
          "originalText": "for",
          "characterOffsetBegin": 967,
          "characterOffsetEnd": 970,
          "before": " ",
          "after": " "
        },
        {
          "index": 9,
          "word": "a",
          "originalText": "a",
          "characterOffsetBegin": 971,
          "characterOffsetEnd": 972,
          "before": " ",
          "after": " "
        },
        {
          "index": 10,
          "word": "trip",
          "originalText": "trip",
          "characterOffsetBegin": 973,
          "characterOffsetEnd": 977,
          "before": " ",
          "after": " "
        },
        {
          "index": 11,
          "word": "and",
          "originalText": "and",
          "characterOffsetBegin": 978,
          "characterOffsetEnd": 981,
          "before": " ",
          "after": " "
        },
        {
          "index": 12,
          "word": "could",
          "originalText": "could",
          "characterOffsetBegin": 982,
          "characterOffsetEnd": 987,
          "before": " ",
          "after": ""
        },
        {
          "index": 13,
          "word": "n't",
          "originalText": "n't",
          "characterOffsetBegin": 987,
          "characterOffsetEnd": 990,
          "before": "",
          "after": " "
        },
        {
          "index": 14,
          "word": "access",
          "originalText": "access",
          "characterOffsetBegin": 991,
          "characterOffsetEnd": 997,
          "before": " ",
          "after": " "
        },
        {
          "index": 15,
          "word": "my",
          "originalText": "my",
          "characterOffsetBegin": 998,
          "characterOffsetEnd": 1000,
          "before": " ",
          "after": " "
        },
        {
          "index": 16,
          "word": "account",
          "originalText": "account",
          "characterOffsetBegin": 1001,
          "characterOffsetEnd": 1008,
          "before": " ",
          "after": ""
        }
      ]
    },
    {
      "index": 18,
      "tokens": [
        {
          "index": 1,
          "word": "Agent",
          "originalText": "Agent",
          "characterOffsetBegin": 1010,
          "characterOffsetEnd": 1015,
          "before": "",
          "after": ""
        },
        {
          "index": 2,
          "word": ":",
          "originalText": ":",
          "characterOffsetBegin": 1015,
          "characterOffsetEnd": 1016,
          "before": "",
          "after": " "
        },
        {
          "index": 3,
          "word": "@",
          "originalText": "@",
          "characterOffsetBegin": 1017,
          "characterOffsetEnd": 1018,
          "before": " ",
          "after": ""
        },
        {
          "index": 4,
          "word": "314570",
          "originalText": "314570",
          "characterOffsetBegin": 1018,
          "characterOffsetEnd": 1024,
          "before": "",
          "after": " "
        },
        {
          "index": 5,
          "word": "Prime",
          "originalText": "Prime",
          "characterOffsetBegin": 1025,
          "characterOffsetEnd": 1030,
          "before": " ",
          "after": " "
        },
        {
          "index": 6,
          "word": "video",
          "originalText": "video",
          "characterOffsetBegin": 1031,
          "characterOffsetEnd": 1036,
          "before": " ",
          "after": " "
        },
        {
          "index": 7,
          "word": "content",
          "originalText": "content",
          "characterOffsetBegin": 1037,
          "characterOffsetEnd": 1044,
          "before": " ",
          "after": " "
        },
        {
          "index": 8,
          "word": "availability",
          "originalText": "availability",
          "characterOffsetBegin": 1045,
          "characterOffsetEnd": 1057,
          "before": " ",
          "after": " "
        },
        {
          "index": 9,
          "word": "is",
          "originalText": "is",
          "characterOffsetBegin": 1058,
          "characterOffsetEnd": 1060,
          "before": " ",
          "after": " "
        },
        {
          "index": 10,
          "word": "geo-location",
          "originalText": "geo-location",
          "characterOffsetBegin": 1061,
          "characterOffsetEnd": 1073,
          "before": " ",
          "after": " "
        },
        {
          "index": 11,
          "word": "specific",
          "originalText": "specific",
          "characterOffsetBegin": 1074,
          "characterOffsetEnd": 1082,
          "before": " ",
          "after": ""
        },
        {
          "index": 12,
          "word": ".",
          "originalText": ".",
          "characterOffsetBegin": 1082,
          "characterOffsetEnd": 1083,
          "before": "",
          "after": ""
        }
      ]
    },
    {
      "index": 19,
      "tokens": [
        {
          "index": 1,
          "word": "Please",
          "originalText": "Please",
          "characterOffsetBegin": 1085,
          "characterOffsetEnd": 1091,
          "before": "",
          "after": " "
        },
        {
          "index": 2,
          "word": "click",
          "originalText": "click",
          "characterOffsetBegin": 1092,
          "characterOffsetEnd": 1097,
          "before": " ",
          "after": " "
        },
        {
          "index": 3,
          "word": "here",
          "originalText": "here",
          "characterOffsetBegin": 1098,
          "characterOffsetEnd": 1102,
          "before": " ",
          "after": ""
        },
        {
          "index": 4,
          "word": ":",
          "originalText": ":",
          "characterOffsetBegin": 1102,
          "characterOffsetEnd": 1103,
          "before": "",
          "after": " "
        },
        {
          "index": 5,
          "word": "https://t.co/Y2zJgeGjAW",
          "originalText": "https://t.co/Y2zJgeGjAW",
          "characterOffsetBegin": 1104,
          "characterOffsetEnd": 1127,
          "before": " ",
          "after": " "
        },
        {
          "index": 6,
          "word": "for",
          "originalText": "for",
          "characterOffsetBegin": 1128,
          "characterOffsetEnd": 1131,
          "before": " ",
          "after": " "
        },
        {
          "index": 7,
          "word": "more",
          "originalText": "more",
          "characterOffsetBegin": 1132,
          "characterOffsetEnd": 1136,
          "before": " ",
          "after": " "
        },
        {
          "index": 8,
          "word": "info",
          "originalText": "info",
          "characterOffsetBegin": 1137,
          "characterOffsetEnd": 1141,
          "before": " ",
          "after": ""
        },
        {
          "index": 9,
          "word": ".",
          "originalText": ".",
          "characterOffsetBegin": 1141,
          "characterOffsetEnd": 1142,
          "before": "",
          "after": ""
        }
      ]
    },
    {
      "index": 20,
      "tokens": [
        {
          "index": 1,
          "word": "^",
          "originalText": "^",
          "characterOffsetBegin": 1144,
          "characterOffsetEnd": 1145,
          "before": "",
          "after": ""
        },
        {
          "index": 2,
          "word": "AB",
          "originalText": "AB",
          "characterOffsetBegin": 1145,
          "characterOffsetEnd": 1147,
          "before": "",
          "after": ""
        }
      ]
    },
    {
      "index": 21,
      "tokens": [
        {
          "index": 1,
          "word": "@highlight",
          "originalText": "@highlight",
          "characterOffsetBegin": 1149,
          "characterOffsetEnd": 1159,
          "before": "",
          "after": ""
        }
      ]
    },
    {
      "index": 22,
      "tokens": [
        {
          "index": 1,
          "word": "Customer",
          "originalText": "Customer",
          "characterOffsetBegin": 1161,
          "characterOffsetEnd": 1169,
          "before": "",
          "after": ""
        },
        {
          "index": 2,
          "word": ":",
          "originalText": ":",
          "characterOffsetBegin": 1169,
          "characterOffsetEnd": 1170,
          "before": "",
          "after": " "
        },
        {
          "index": 3,
          "word": "My",
          "originalText": "My",
          "characterOffsetBegin": 1171,
          "characterOffsetEnd": 1173,
          "before": " ",
          "after": " "
        },
        {
          "index": 4,
          "word": "Amazon",
          "originalText": "Amazon",
          "characterOffsetBegin": 1174,
          "characterOffsetEnd": 1180,
          "before": " ",
          "after": " "
        },
        {
          "index": 5,
          "word": "primevideo",
          "originalText": "primevideo",
          "characterOffsetBegin": 1181,
          "characterOffsetEnd": 1191,
          "before": " ",
          "after": " "
        },
        {
          "index": 6,
          "word": "account",
          "originalText": "account",
          "characterOffsetBegin": 1192,
          "characterOffsetEnd": 1199,
          "before": " ",
          "after": "  "
        },
        {
          "index": 7,
          "word": "is",
          "originalText": "is",
          "characterOffsetBegin": 1201,
          "characterOffsetEnd": 1203,
          "before": "  ",
          "after": ""
        },
        {
          "index": 8,
          "word": "n't",
          "originalText": "n't",
          "characterOffsetBegin": 1203,
          "characterOffsetEnd": 1206,
          "before": "",
          "after": " "
        },
        {
          "index": 9,
          "word": "working",
          "originalText": "working",
          "characterOffsetBegin": 1207,
          "characterOffsetEnd": 1214,
          "before": " ",
          "after": " "
        },
        {
          "index": 10,
          "word": "abroad",
          "originalText": "abroad",
          "characterOffsetBegin": 1215,
          "characterOffsetEnd": 1221,
          "before": " ",
          "after": ""
        },
        {
          "index": 11,
          "word": "!",
          "originalText": "!",
          "characterOffsetBegin": 1221,
          "characterOffsetEnd": 1222,
          "before": "",
          "after": ""
        }
      ]
    },
    {
      "index": 23,
      "tokens": [
        {
          "index": 1,
          "word": "@highlight",
          "originalText": "@highlight",
          "characterOffsetBegin": 1224,
          "characterOffsetEnd": 1234,
          "before": "",
          "after": ""
        }
      ]
    },
    {
      "index": 24,
      "tokens": [
        {
          "index": 1,
          "word": "@AmazonHelp",
          "originalText": "@AmazonHelp",
          "characterOffsetBegin": 1236,
          "characterOffsetEnd": 1247,
          "before": "",
          "after": " "
        },
        {
          "index": 2,
          "word": "I",
          "originalText": "I",
          "characterOffsetBegin": 1248,
          "characterOffsetEnd": 1249,
          "before": " ",
          "after": " "
        },
        {
          "index": 3,
          "word": "came",
          "originalText": "came",
          "characterOffsetBegin": 1250,
          "characterOffsetEnd": 1254,
          "before": " ",
          "after": " "
        },
        {
          "index": 4,
          "word": "to",
          "originalText": "to",
          "characterOffsetBegin": 1255,
          "characterOffsetEnd": 1257,
          "before": " ",
          "after": " "
        },
        {
          "index": 5,
          "word": "Europe",
          "originalText": "Europe",
          "characterOffsetBegin": 1258,
          "characterOffsetEnd": 1264,
          "before": " ",
          "after": " "
        },
        {
          "index": 6,
          "word": "for",
          "originalText": "for",
          "characterOffsetBegin": 1265,
          "characterOffsetEnd": 1268,
          "before": " ",
          "after": " "
        },
        {
          "index": 7,
          "word": "a",
          "originalText": "a",
          "characterOffsetBegin": 1269,
          "characterOffsetEnd": 1270,
          "before": " ",
          "after": " "
        },
        {
          "index": 8,
          "word": "trip",
          "originalText": "trip",
          "characterOffsetBegin": 1271,
          "characterOffsetEnd": 1275,
          "before": " ",
          "after": " "
        },
        {
          "index": 9,
          "word": "and",
          "originalText": "and",
          "characterOffsetBegin": 1276,
          "characterOffsetEnd": 1279,
          "before": " ",
          "after": " "
        },
        {
          "index": 10,
          "word": "could",
          "originalText": "could",
          "characterOffsetBegin": 1280,
          "characterOffsetEnd": 1285,
          "before": " ",
          "after": ""
        },
        {
          "index": 11,
          "word": "n't",
          "originalText": "n't",
          "characterOffsetBegin": 1285,
          "characterOffsetEnd": 1288,
          "before": "",
          "after": " "
        },
        {
          "index": 12,
          "word": "access",
          "originalText": "access",
          "characterOffsetBegin": 1289,
          "characterOffsetEnd": 1295,
          "before": " ",
          "after": " "
        },
        {
          "index": 13,
          "word": "my",
          "originalText": "my",
          "characterOffsetBegin": 1296,
          "characterOffsetEnd": 1298,
          "before": " ",
          "after": " "
        },
        {
          "index": 14,
          "word": "account",
          "originalText": "account",
          "characterOffsetBegin": 1299,
          "characterOffsetEnd": 1306,
          "before": " ",
          "after": ""
        }
      ]
    },
    {
      "index": 25,
      "tokens": [
        {
          "index": 1,
          "word": "@highlight",
          "originalText": "@highlight",
          "characterOffsetBegin": 1308,
          "characterOffsetEnd": 1318,
          "before": "",
          "after": ""
        }
      ]
    },
    {
      "index": 26,
      "tokens": [
        {
          "index": 1,
          "word": "Agent",
          "originalText": "Agent",
          "characterOffsetBegin": 1320,
          "characterOffsetEnd": 1325,
          "before": "",
          "after": ""
        },
        {
          "index": 2,
          "word": ":",
          "originalText": ":",
          "characterOffsetBegin": 1325,
          "characterOffsetEnd": 1326,
          "before": "",
          "after": " "
        },
        {
          "index": 3,
          "word": "@",
          "originalText": "@",
          "characterOffsetBegin": 1327,
          "characterOffsetEnd": 1328,
          "before": " ",
          "after": ""
        },
        {
          "index": 4,
          "word": "314570",
          "originalText": "314570",
          "characterOffsetBegin": 1328,
          "characterOffsetEnd": 1334,
          "before": "",
          "after": " "
        },
        {
          "index": 5,
          "word": "Kindly",
          "originalText": "Kindly",
          "characterOffsetBegin": 1335,
          "characterOffsetEnd": 1341,
          "before": " ",
          "after": " "
        },
        {
          "index": 6,
          "word": "connect",
          "originalText": "connect",
          "characterOffsetBegin": 1342,
          "characterOffsetEnd": 1349,
          "before": " ",
          "after": " "
        },
        {
          "index": 7,
          "word": "with",
          "originalText": "with",
          "characterOffsetBegin": 1350,
          "characterOffsetEnd": 1354,
          "before": " ",
          "after": " "
        },
        {
          "index": 8,
          "word": "our",
          "originalText": "our",
          "characterOffsetBegin": 1355,
          "characterOffsetEnd": 1358,
          "before": " ",
          "after": " "
        },
        {
          "index": 9,
          "word": "support",
          "originalText": "support",
          "characterOffsetBegin": 1359,
          "characterOffsetEnd": 1366,
          "before": " ",
          "after": " "
        },
        {
          "index": 10,
          "word": "team",
          "originalText": "team",
          "characterOffsetBegin": 1367,
          "characterOffsetEnd": 1371,
          "before": " ",
          "after": " "
        },
        {
          "index": 11,
          "word": "via",
          "originalText": "via",
          "characterOffsetBegin": 1372,
          "characterOffsetEnd": 1375,
          "before": " ",
          "after": " "
        },
        {
          "index": 12,
          "word": "chat/email",
          "originalText": "chat/email",
          "characterOffsetBegin": 1376,
          "characterOffsetEnd": 1386,
          "before": " ",
          "after": " "
        },
        {
          "index": 13,
          "word": "from",
          "originalText": "from",
          "characterOffsetBegin": 1387,
          "characterOffsetEnd": 1391,
          "before": " ",
          "after": " "
        },
        {
          "index": 14,
          "word": "the",
          "originalText": "the",
          "characterOffsetBegin": 1392,
          "characterOffsetEnd": 1395,
          "before": " ",
          "after": " "
        },
        {
          "index": 15,
          "word": "link",
          "originalText": "link",
          "characterOffsetBegin": 1396,
          "characterOffsetEnd": 1400,
          "before": " ",
          "after": " "
        },
        {
          "index": 16,
          "word": "provided",
          "originalText": "provided",
          "characterOffsetBegin": 1401,
          "characterOffsetEnd": 1409,
          "before": " ",
          "after": " "
        },
        {
          "index": 17,
          "word": "to",
          "originalText": "to",
          "characterOffsetBegin": 1410,
          "characterOffsetEnd": 1412,
          "before": " ",
          "after": " "
        },
        {
          "index": 18,
          "word": "you",
          "originalText": "you",
          "characterOffsetBegin": 1413,
          "characterOffsetEnd": 1416,
          "before": " ",
          "after": " "
        },
        {
          "index": 19,
          "word": "earlier",
          "originalText": "earlier",
          "characterOffsetBegin": 1417,
          "characterOffsetEnd": 1424,
          "before": " ",
          "after": " "
        },
        {
          "index": 20,
          "word": "and",
          "originalText": "and",
          "characterOffsetBegin": 1425,
          "characterOffsetEnd": 1428,
          "before": " ",
          "after": " "
        },
        {
          "index": 21,
          "word": "we",
          "originalText": "we",
          "characterOffsetBegin": 1429,
          "characterOffsetEnd": 1431,
          "before": " ",
          "after": ""
        },
        {
          "index": 22,
          "word": "'ll",
          "originalText": "'ll",
          "characterOffsetBegin": 1431,
          "characterOffsetEnd": 1434,
          "before": "",
          "after": " "
        },
        {
          "index": 23,
          "word": "look",
          "originalText": "look",
          "characterOffsetBegin": 1435,
          "characterOffsetEnd": 1439,
          "before": " ",
          "after": " "
        },
        {
          "index": 24,
          "word": "into",
          "originalText": "into",
          "characterOffsetBegin": 1440,
          "characterOffsetEnd": 1444,
          "before": " ",
          "after": " "
        },
        {
          "index": 25,
          "word": "this",
          "originalText": "this",
          "characterOffsetBegin": 1445,
          "characterOffsetEnd": 1449,
          "before": " ",
          "after": ""
        },
        {
          "index": 26,
          "word": ".",
          "originalText": ".",
          "characterOffsetBegin": 1449,
          "characterOffsetEnd": 1450,
          "before": "",
          "after": ""
        }
      ]
    },
    {
      "index": 27,
      "tokens": [
        {
          "index": 1,
          "word": "@highlight",
          "originalText": "@highlight",
          "characterOffsetBegin": 1452,
          "characterOffsetEnd": 1462,
          "before": "",
          "after": ""
        }
      ]
    },
    {
      "index": 28,
      "tokens": [
        {
          "index": 1,
          "word": "@",
          "originalText": "@",
          "characterOffsetBegin": 1464,
          "characterOffsetEnd": 1465,
          "before": "",
          "after": ""
        },
        {
          "index": 2,
          "word": "314570",
          "originalText": "314570",
          "characterOffsetBegin": 1465,
          "characterOffsetEnd": 1471,
          "before": "",
          "after": " "
        },
        {
          "index": 3,
          "word": "Prime",
          "originalText": "Prime",
          "characterOffsetBegin": 1472,
          "characterOffsetEnd": 1477,
          "before": " ",
          "after": " "
        },
        {
          "index": 4,
          "word": "video",
          "originalText": "video",
          "characterOffsetBegin": 1478,
          "characterOffsetEnd": 1483,
          "before": " ",
          "after": " "
        },
        {
          "index": 5,
          "word": "content",
          "originalText": "content",
          "characterOffsetBegin": 1484,
          "characterOffsetEnd": 1491,
          "before": " ",
          "after": " "
        },
        {
          "index": 6,
          "word": "availability",
          "originalText": "availability",
          "characterOffsetBegin": 1492,
          "characterOffsetEnd": 1504,
          "before": " ",
          "after": " "
        },
        {
          "index": 7,
          "word": "is",
          "originalText": "is",
          "characterOffsetBegin": 1505,
          "characterOffsetEnd": 1507,
          "before": " ",
          "after": " "
        },
        {
          "index": 8,
          "word": "geo-location",
          "originalText": "geo-location",
          "characterOffsetBegin": 1508,
          "characterOffsetEnd": 1520,
          "before": " ",
          "after": " "
        },
        {
          "index": 9,
          "word": "specific",
          "originalText": "specific",
          "characterOffsetBegin": 1521,
          "characterOffsetEnd": 1529,
          "before": " ",
          "after": ""
        },
        {
          "index": 10,
          "word": ".",
          "originalText": ".",
          "characterOffsetBegin": 1529,
          "characterOffsetEnd": 1530,
          "before": "",
          "after": ""
        }
      ]
    }
  ]
}