{
  "sentences": [
    {
      "index": 0,
      "tokens": [
        {
          "index": 1,
          "word": "Customer",
          "originalText": "Customer",
          "characterOffsetBegin": 0,
          "characterOffsetEnd": 8,
          "before": "",
          "after": ""
        },
        {
          "index": 2,
          "word": ":",
          "originalText": ":",
          "characterOffsetBegin": 8,
          "characterOffsetEnd": 9,
          "before": "",
          "after": " "
        },
        {
          "index": 3,
          "word": "@AmericanAir",
          "originalText": "@AmericanAir",
          "characterOffsetBegin": 10,
          "characterOffsetEnd": 22,
          "before": " ",
          "after": " "
        },
        {
          "index": 4,
          "word": "in",
          "originalText": "in",
          "characterOffsetBegin": 23,
          "characterOffsetEnd": 25,
          "before": " ",
          "after": " "
        },
        {
          "index": 5,
          "word": "Miami",
          "originalText": "Miami",
          "characterOffsetBegin": 26,
          "characterOffsetEnd": 31,
          "before": " ",
          "after": " "
        },
        {
          "index": 6,
          "word": "Airport",
          "originalText": "Airport",
          "characterOffsetBegin": 32,
          "characterOffsetEnd": 39,
          "before": " ",
          "after": ""
        },
        {
          "index": 7,
          "word": "...",
          "originalText": "...",
          "characterOffsetBegin": 39,
          "characterOffsetEnd": 42,
          "before": "",
          "after": ""
        },
        {
          "index": 8,
          "word": "where",
          "originalText": "where",
          "characterOffsetBegin": 42,
          "characterOffsetEnd": 47,
          "before": "",
          "after": " "
        },
        {
          "index": 9,
          "word": "do",
          "originalText": "do",
          "characterOffsetBegin": 48,
          "characterOffsetEnd": 50,
          "before": " ",
          "after": " "
        },
        {
          "index": 10,
          "word": "I",
          "originalText": "I",
          "characterOffsetBegin": 51,
          "characterOffsetEnd": 52,
          "before": " ",
          "after": " "
        },
        {
          "index": 11,
          "word": "start",
          "originalText": "start",
          "characterOffsetBegin": 53,
          "characterOffsetEnd": 58,
          "before": " ",
          "after": ""
        },
        {
          "index": 12,
          "word": ".",
          "originalText": ".",
          "characterOffsetBegin": 58,
          "characterOffsetEnd": 59,
          "before": "",
          "after": ""
        }
      ]
    },
    {
      "index": 1,
      "tokens": [
        {
          "index": 1,
          "word": ".",
          "originalText": ".",
          "characterOffsetBegin": 59,
          "characterOffsetEnd": 60,
          "before": "",
          "after": ""
        }
      ]
    },
    {
      "index": 2,
      "tokens": [
        {
          "index": 1,
          "word": "I",
          "originalText": "I",
          "characterOffsetBegin": 60,
          "characterOffsetEnd": 61,
          "before": "",
          "after": ""
        },
        {
          "index": 2,
          "word": "'ll",
          "originalText": "’ll",
          "characterOffsetBegin": 61,
          "characterOffsetEnd": 64,
          "before": "",
          "after": " "
        },
        {
          "index": 3,
          "word": "never",
          "originalText": "never",
          "characterOffsetBegin": 65,
          "characterOffsetEnd": 70,
          "before": " ",
          "after": " "
        },
        {
          "index": 4,
          "word": "fly",
          "originalText": "fly",
          "characterOffsetBegin": 71,
          "characterOffsetEnd": 74,
          "before": " ",
          "after": " "
        },
        {
          "index": 5,
          "word": "you",
          "originalText": "you",
          "characterOffsetBegin": 75,
          "characterOffsetEnd": 78,
          "before": " ",
          "after": " "
        },
        {
          "index": 6,
          "word": "guys",
          "originalText": "guys",
          "characterOffsetBegin": 79,
          "characterOffsetEnd": 83,
          "before": " ",
          "after": " "
        },
        {
          "index": 7,
          "word": "again",
          "originalText": "again",
          "characterOffsetBegin": 84,
          "characterOffsetEnd": 89,
          "before": " ",
          "after": ""
        },
        {
          "index": 8,
          "word": ".",
          "originalText": ".",
          "characterOffsetBegin": 89,
          "characterOffsetEnd": 90,
          "before": "",
          "after": ""
        }
      ]
    },
    {
      "index": 3,
      "tokens": [
        {
          "index": 1,
          "word": "Your",
          "originalText": "Your",
          "characterOffsetBegin": 92,
          "characterOffsetEnd": 96,
          "before": "",
          "after": " "
        },
        {
          "index": 2,
          "word": "supervisor",
          "originalText": "supervisor",
          "characterOffsetBegin": 97,
          "characterOffsetEnd": 107,
          "before": " ",
          "after": " "
        },
        {
          "index": 3,
          "word": "is",
          "originalText": "is",
          "characterOffsetBegin": 108,
          "characterOffsetEnd": 110,
          "before": " ",
          "after": " "
        },
        {
          "index": 4,
          "word": "not",
          "originalText": "not",
          "characterOffsetBegin": 111,
          "characterOffsetEnd": 114,
          "before": " ",
          "after": " "
        },
        {
          "index": 5,
          "word": "customer",
          "originalText": "customer",
          "characterOffsetBegin": 115,
          "characterOffsetEnd": 123,
          "before": " ",
          "after": " "
        },
        {
          "index": 6,
          "word": "focus",
          "originalText": "focus",
          "characterOffsetBegin": 124,
          "characterOffsetEnd": 129,
          "before": " ",
          "after": ""
        },
        {
          "index": 7,
          "word": ".",
          "originalText": ".",
          "characterOffsetBegin": 129,
          "characterOffsetEnd": 130,
          "before": "",
          "after": ""
        }
      ]
    },
    {
      "index": 4,
      "tokens": [
        {
          "index": 1,
          "word": "Your",
          "originalText": "Your",
          "characterOffsetBegin": 132,
          "characterOffsetEnd": 136,
          "before": "",
          "after": " "
        },
        {
          "index": 2,
          "word": "check",
          "originalText": "check",
          "characterOffsetBegin": 137,
          "characterOffsetEnd": 142,
          "before": " ",
          "after": " "
        },
        {
          "index": 3,
          "word": "in/Drop",
          "originalText": "in/Drop",
          "characterOffsetBegin": 143,
          "characterOffsetEnd": 150,
          "before": " ",
          "after": " "
        },
        {
          "index": 4,
          "word": "kiosk",
          "originalText": "kiosk",
          "characterOffsetBegin": 151,
          "characterOffsetEnd": 156,
          "before": " ",
          "after": " "
        },
        {
          "index": 5,
          "word": "only",
          "originalText": "only",
          "characterOffsetBegin": 157,
          "characterOffsetEnd": 161,
          "before": " ",
          "after": " "
        },
        {
          "index": 6,
          "word": "has",
          "originalText": "has",
          "characterOffsetBegin": 162,
          "characterOffsetEnd": 165,
          "before": " ",
          "after": " "
        },
        {
          "index": 7,
          "word": "2",
          "originalText": "2",
          "characterOffsetBegin": 166,
          "characterOffsetEnd": 167,
          "before": " ",
          "after": " "
        },
        {
          "index": 8,
          "word": "people",
          "originalText": "people",
          "characterOffsetBegin": 168,
          "characterOffsetEnd": 174,
          "before": " ",
          "after": "  "
        },
        {
          "index": 9,
          "word": "with",
          "originalText": "with",
          "characterOffsetBegin": 176,
          "characterOffsetEnd": 180,
          "before": "  ",
          "after": " "
        },
        {
          "index": 10,
          "word": "a",
          "originalText": "a",
          "characterOffsetBegin": 181,
          "characterOffsetEnd": 182,
          "before": " ",
          "after": " "
        },
        {
          "index": 11,
          "word": "line",
          "originalText": "line",
          "characterOffsetBegin": 183,
          "characterOffsetEnd": 187,
          "before": " ",
          "after": "  "
        },
        {
          "index": 12,
          "word": "of",
          "originalText": "of",
          "characterOffsetBegin": 189,
          "characterOffsetEnd": 191,
          "before": "  ",
          "after": " "
        },
        {
          "index": 13,
          "word": "people",
          "originalText": "people",
          "characterOffsetBegin": 192,
          "characterOffsetEnd": 198,
          "before": " ",
          "after": " "
        },
        {
          "index": 14,
          "word": "while",
          "originalText": "while",
          "characterOffsetBegin": 199,
          "characterOffsetEnd": 204,
          "before": " ",
          "after": " "
        },
        {
          "index": 15,
          "word": "people",
          "originalText": "people",
          "characterOffsetBegin": 205,
          "characterOffsetEnd": 211,
          "before": " ",
          "after": " "
        },
        {
          "index": 16,
          "word": "in",
          "originalText": "in",
          "characterOffsetBegin": 212,
          "characterOffsetEnd": 214,
          "before": " ",
          "after": " "
        },
        {
          "index": 17,
          "word": "back",
          "originalText": "back",
          "characterOffsetBegin": 215,
          "characterOffsetEnd": 219,
          "before": " ",
          "after": " "
        },
        {
          "index": 18,
          "word": "relaxing",
          "originalText": "relaxing",
          "characterOffsetBegin": 220,
          "characterOffsetEnd": 228,
          "before": " ",
          "after": ""
        },
        {
          "index": 19,
          "word": ".",
          "originalText": ".",
          "characterOffsetBegin": 228,
          "characterOffsetEnd": 229,
          "before": "",
          "after": ""
        }
      ]
    },
    {
      "index": 5,
      "tokens": [
        {
          "index": 1,
          "word": "Then",
          "originalText": "Then",
          "characterOffsetBegin": 231,
          "characterOffsetEnd": 235,
          "before": "",
          "after": " "
        },
        {
          "index": 2,
          "word": "made",
          "originalText": "made",
          "characterOffsetBegin": 236,
          "characterOffsetEnd": 240,
          "before": " ",
          "after": " "
        },
        {
          "index": 3,
          "word": "me",
          "originalText": "me",
          "characterOffsetBegin": 241,
          "characterOffsetEnd": 243,
          "before": " ",
          "after": " "
        },
        {
          "index": 4,
          "word": "miss",
          "originalText": "miss",
          "characterOffsetBegin": 244,
          "characterOffsetEnd": 248,
          "before": " ",
          "after": " "
        },
        {
          "index": 5,
          "word": "my",
          "originalText": "my",
          "characterOffsetBegin": 249,
          "characterOffsetEnd": 251,
          "before": " ",
          "after": " "
        },
        {
          "index": 6,
          "word": "flight",
          "originalText": "flight",
          "characterOffsetBegin": 252,
          "characterOffsetEnd": 258,
          "before": " ",
          "after": ""
        },
        {
          "index": 7,
          "word": ".",
          "originalText": ".",
          "characterOffsetBegin": 258,
          "characterOffsetEnd": 259,
          "before": "",
          "after": ""
        }
      ]
    },
    {
      "index": 6,
      "tokens": [
        {
          "index": 1,
          "word": "Not",
          "originalText": "Not",
          "characterOffsetBegin": 261,
          "characterOffsetEnd": 264,
          "before": "",
          "after": " "
        },
        {
          "index": 2,
          "word": "enough",
          "originalText": "enough",
          "characterOffsetBegin": 265,
          "characterOffsetEnd": 271,
          "before": " ",
          "after": " "
        },
        {
          "index": 3,
          "word": "staff",
          "originalText": "staff",
          "characterOffsetBegin": 272,
          "characterOffsetEnd": 277,
          "before": " ",
          "after": ""
        },
        {
          "index": 4,
          "word": ".",
          "originalText": ".",
          "characterOffsetBegin": 277,
          "characterOffsetEnd": 278,
          "before": "",
          "after": ""
        }
      ]
    },
    {
      "index": 7,
      "tokens": [
        {
          "index": 1,
          "word": "I",
          "originalText": "I",
          "characterOffsetBegin": 280,
          "characterOffsetEnd": 281,
          "before": "",
          "after": " "
        },
        {
          "index": 2,
          "word": "need",
          "originalText": "need",
          "characterOffsetBegin": 282,
          "characterOffsetEnd": 286,
          "before": " ",
          "after": " "
        },
        {
          "index": 3,
          "word": "answers",
          "originalText": "answers",
          "characterOffsetBegin": 287,
          "characterOffsetEnd": 294,
          "before": " ",
          "after": ""
        },
        {
          "index": 4,
          "word": "!",
          "originalText": "!",
          "characterOffsetBegin": 294,
          "characterOffsetEnd": 295,
          "before": "",
          "after": ""
        }
      ]
    },
    {
      "index": 8,
      "tokens": [
        {
          "index": 1,
          "word": "Agent",
          "originalText": "Agent",
          "characterOffsetBegin": 297,
          "characterOffsetEnd": 302,
          "before": "",
          "after": ""
        },
        {
          "index": 2,
          "word": ":",
          "originalText": ":",
          "characterOffsetBegin": 302,
          "characterOffsetEnd": 303,
          "before": "",
          "after": " "
        },
        {
          "index": 3,
          "word": "@",
          "originalText": "@",
          "characterOffsetBegin": 304,
          "characterOffsetEnd": 305,
          "before": " ",
          "after": ""
        },
        {
          "index": 4,
          "word": "245717",
          "originalText": "245717",
          "characterOffsetBegin": 305,
          "characterOffsetEnd": 311,
          "before": "",
          "after": " "
        },
        {
          "index": 5,
          "word": "We",
          "originalText": "We",
          "characterOffsetBegin": 312,
          "characterOffsetEnd": 314,
          "before": " ",
          "after": " "
        },
        {
          "index": 6,
          "word": "care",
          "originalText": "care",
          "characterOffsetBegin": 315,
          "characterOffsetEnd": 319,
          "before": " ",
          "after": " "
        },
        {
          "index": 7,
          "word": "about",
          "originalText": "about",
          "characterOffsetBegin": 320,
          "characterOffsetEnd": 325,
          "before": " ",
          "after": " "
        },
        {
          "index": 8,
          "word": "your",
          "originalText": "your",
          "characterOffsetBegin": 326,
          "characterOffsetEnd": 330,
          "before": " ",
          "after": " "
        },
        {
          "index": 9,
          "word": "experience",
          "originalText": "experience",
          "characterOffsetBegin": 331,
          "characterOffsetEnd": 341,
          "before": " ",
          "after": " "
        },
        {
          "index": 10,
          "word": "and",
          "originalText": "and",
          "characterOffsetBegin": 342,
          "characterOffsetEnd": 345,
          "before": " ",
          "after": " "
        },
        {
          "index": 11,
          "word": "are",
          "originalText": "are",
          "characterOffsetBegin": 346,
          "characterOffsetEnd": 349,
          "before": " ",
          "after": " "
        },
        {
          "index": 12,
          "word": "here",
          "originalText": "here",
          "characterOffsetBegin": 350,
          "characterOffsetEnd": 354,
          "before": " ",
          "after": " "
        },
        {
          "index": 13,
          "word": "for",
          "originalText": "for",
          "characterOffsetBegin": 355,
          "characterOffsetEnd": 358,
          "before": " ",
          "after": " "
        },
        {
          "index": 14,
          "word": "you",
          "originalText": "you",
          "characterOffsetBegin": 359,
          "characterOffsetEnd": 362,
          "before": " ",
          "after": ""
        },
        {
          "index": 15,
          "word": ".",
          "originalText": ".",
          "characterOffsetBegin": 362,
          "characterOffsetEnd": 363,
          "before": "",
          "after": ""
        }
      ]
    },
    {
      "index": 9,
      "tokens": [
        {
          "index": 1,
          "word": "Our",
          "originalText": "Our",
          "characterOffsetBegin": 365,
          "characterOffsetEnd": 368,
          "before": "",
          "after": " "
        },
        {
          "index": 2,
          "word": "apologies",
          "originalText": "apologies",
          "characterOffsetBegin": 369,
          "characterOffsetEnd": 378,
          "before": " ",
          "after": " "
        },
        {
          "index": 3,
          "word": "for",
          "originalText": "for",
          "characterOffsetBegin": 379,
          "characterOffsetEnd": 382,
          "before": " ",
          "after": " "
        },
        {
          "index": 4,
          "word": "the",
          "originalText": "the",
          "characterOffsetBegin": 383,
          "characterOffsetEnd": 386,
          "before": " ",
          "after": " "
        },
        {
          "index": 5,
          "word": "extra",
          "originalText": "extra",
          "characterOffsetBegin": 387,
          "characterOffsetEnd": 392,
          "before": " ",
          "after": " "
        },
        {
          "index": 6,
          "word": "wait",
          "originalText": "wait",
          "characterOffsetBegin": 393,
          "characterOffsetEnd": 397,
          "before": " ",
          "after": " "
        },
        {
          "index": 7,
          "word": "this",
          "originalText": "this",
          "characterOffsetBegin": 398,
          "characterOffsetEnd": 402,
          "before": " ",
          "after": " "
        },
        {
          "index": 8,
          "word": "morning",
          "originalText": "morning",
          "characterOffsetBegin": 403,
          "characterOffsetEnd": 410,
          "before": " ",
          "after": ""
        },
        {
          "index": 9,
          "word": ".",
          "originalText": ".",
          "characterOffsetBegin": 410,
          "characterOffsetEnd": 411,
          "before": "",
          "after": ""
        }
      ]
    },
    {
      "index": 10,
      "tokens": [
        {
          "index": 1,
          "word": "Did",
          "originalText": "Did",
          "characterOffsetBegin": 413,
          "characterOffsetEnd": 416,
          "before": "",
          "after": " "
        },
        {
          "index": 2,
          "word": "you",
          "originalText": "you",
          "characterOffsetBegin": 417,
          "characterOffsetEnd": 420,
          "before": " ",
          "after": " "
        },
        {
          "index": 3,
          "word": "need",
          "originalText": "need",
          "characterOffsetBegin": 421,
          "characterOffsetEnd": 425,
          "before": " ",
          "after": " "
        },
        {
          "index": 4,
          "word": "assistance",
          "originalText": "assistance",
          "characterOffsetBegin": 426,
          "characterOffsetEnd": 436,
          "before": " ",
          "after": " "
        },
        {
          "index": 5,
          "word": "with",
          "originalText": "with",
          "characterOffsetBegin": 437,
          "characterOffsetEnd": 441,
          "before": " ",
          "after": " "
        },
        {
          "index": 6,
          "word": "rebooking",
          "originalText": "rebooking",
          "characterOffsetBegin": 442,
          "characterOffsetEnd": 451,
          "before": " ",
          "after": ""
        },
        {
          "index": 7,
          "word": "?",
          "originalText": "?",
          "characterOffsetBegin": 451,
          "characterOffsetEnd": 452,
          "before": "",
          "after": ""
        }
      ]
    },
    {
      "index": 11,
      "tokens": [
        {
          "index": 1,
          "word": "Customer",
          "originalText": "Customer",
          "characterOffsetBegin": 454,
          "characterOffsetEnd": 462,
          "before": "",
          "after": ""
        },
        {
          "index": 2,
          "word": ":",
          "originalText": ":",
          "characterOffsetBegin": 462,
          "characterOffsetEnd": 463,
          "before": "",
          "after": " "
        },
        {
          "index": 3,
          "word": "@AmericanAir",
          "originalText": "@AmericanAir",
          "characterOffsetBegin": 464,
          "characterOffsetEnd": 476,
          "before": " ",
          "after": " "
        },
        {
          "index": 4,
          "word": "It",
          "originalText": "It",
          "characterOffsetBegin": 477,
          "characterOffsetEnd": 479,
          "before": " ",
          "after": " "
        },
        {
          "index": 5,
          "word": "is",
          "originalText": "is",
          "characterOffsetBegin": 480,
          "characterOffsetEnd": 482,
          "before": " ",
          "after": " "
        },
        {
          "index": 6,
          "word": "to",
          "originalText": "to",
          "characterOffsetBegin": 483,
          "characterOffsetEnd": 485,
          "before": " ",
          "after": " "
        },
        {
          "index": 7,
          "word": "late",
          "originalText": "late",
          "characterOffsetBegin": 486,
          "characterOffsetEnd": 490,
          "before": " ",
          "after": " "
        },
        {
          "index": 8,
          "word": "because",
          "originalText": "because",
          "characterOffsetBegin": 491,
          "characterOffsetEnd": 498,
          "before": " ",
          "after": " "
        },
        {
          "index": 9,
          "word": "of",
          "originalText": "of",
          "characterOffsetBegin": 499,
          "characterOffsetEnd": 501,
          "before": " ",
          "after": " "
        },
        {
          "index": 10,
          "word": "American",
          "originalText": "American",
          "characterOffsetBegin": 502,
          "characterOffsetEnd": 510,
          "before": " ",
          "after": " "
        },
        {
          "index": 11,
          "word": "staffing",
          "originalText": "staffing",
          "characterOffsetBegin": 511,
          "characterOffsetEnd": 519,
          "before": " ",
          "after": " "
        },
        {
          "index": 12,
          "word": "and",
          "originalText": "and",
          "characterOffsetBegin": 520,
          "characterOffsetEnd": 523,
          "before": " ",
          "after": " "
        },
        {
          "index": 13,
          "word": "non",
          "originalText": "non",
          "characterOffsetBegin": 524,
          "characterOffsetEnd": 527,
          "before": " ",
          "after": " "
        },
        {
          "index": 14,
          "word": "having",
          "originalText": "having",
          "characterOffsetBegin": 528,
          "characterOffsetEnd": 534,
          "before": " ",
          "after": " "
        },
        {
          "index": 15,
          "word": "customer",
          "originalText": "customer",
          "characterOffsetBegin": 535,
          "characterOffsetEnd": 543,
          "before": " ",
          "after": " "
        },
        {
          "index": 16,
          "word": "service",
          "originalText": "service",
          "characterOffsetBegin": 544,
          "characterOffsetEnd": 551,
          "before": " ",
          "after": " "
        },
        {
          "index": 17,
          "word": "skills",
          "originalText": "skills",
          "characterOffsetBegin": 552,
          "characterOffsetEnd": 558,
          "before": " ",
          "after": " "
        },
        {
          "index": 18,
          "word": "I",
          "originalText": "I",
          "characterOffsetBegin": 559,
          "characterOffsetEnd": 560,
          "before": " ",
          "after": " "
        },
        {
          "index": 19,
          "word": "missed",
          "originalText": "missed",
          "characterOffsetBegin": 561,
          "characterOffsetEnd": 567,
          "before": " ",
          "after": " "
        },
        {
          "index": 20,
          "word": "my",
          "originalText": "my",
          "characterOffsetBegin": 568,
          "characterOffsetEnd": 570,
          "before": " ",
          "after": " "
        },
        {
          "index": 21,
          "word": "connecting",
          "originalText": "connecting",
          "characterOffsetBegin": 571,
          "characterOffsetEnd": 581,
          "before": " ",
          "after": " "
        },
        {
          "index": 22,
          "word": "flight",
          "originalText": "flight",
          "characterOffsetBegin": 582,
          "characterOffsetEnd": 588,
          "before": " ",
          "after": " "
        },
        {
          "index": 23,
          "word": "which",
          "originalText": "which",
          "characterOffsetBegin": 589,
          "characterOffsetEnd": 594,
          "before": " ",
          "after": " "
        },
        {
          "index": 24,
          "word": "cost",
          "originalText": "cost",
          "characterOffsetBegin": 595,
          "characterOffsetEnd": 599,
          "before": " ",
          "after": " "
        },
        {
          "index": 25,
          "word": "me",
          "originalText": "me",
          "characterOffsetBegin": 600,
          "characterOffsetEnd": 602,
          "before": " ",
          "after": " "
        },
        {
          "index": 26,
          "word": "money",
          "originalText": "money",
          "characterOffsetBegin": 603,
          "characterOffsetEnd": 608,
          "before": " ",
          "after": ""
        },
        {
          "index": 27,
          "word": "!!!",
          "originalText": "!!!",
          "characterOffsetBegin": 608,
          "characterOffsetEnd": 611,
          "before": "",
          "after": ""
        }
      ]
    },
    {
      "index": 12,
      "tokens": [
        {
          "index": 1,
          "word": ".",
          "originalText": ".",
          "characterOffsetBegin": 611,
          "characterOffsetEnd": 612,
          "before": "",
          "after": ""
        }
      ]
    },
    {
      "index": 13,
      "tokens": [
        {
          "index": 1,
          "word": "I",
          "originalText": "I",
          "characterOffsetBegin": 614,
          "characterOffsetEnd": 615,
          "before": "",
          "after": " "
        },
        {
          "index": 2,
          "word": "need",
          "originalText": "need",
          "characterOffsetBegin": 616,
          "characterOffsetEnd": 620,
          "before": " ",
          "after": " "
        },
        {
          "index": 3,
          "word": "to",
          "originalText": "to",
          "characterOffsetBegin": 621,
          "characterOffsetEnd": 623,
          "before": " ",
          "after": " "
        },
        {
          "index": 4,
          "word": "be",
          "originalText": "be",
          "characterOffsetBegin": 624,
          "characterOffsetEnd": 626,
          "before": " ",
          "after": " "
        },
        {
          "index": 5,
          "word": "reimbursed",
          "originalText": "reimbursed",
          "characterOffsetBegin": 627,
          "characterOffsetEnd": 637,
          "before": " ",
          "after": ""
        },
        {
          "index": 6,
          "word": "!",
          "originalText": "!",
          "characterOffsetBegin": 637,
          "characterOffsetEnd": 638,
          "before": "",
          "after": ""
        }
      ]
    },
    {
      "index": 14,
      "tokens": [
        {
          "index": 1,
          "word": "Or",
          "originalText": "Or",
          "characterOffsetBegin": 640,
          "characterOffsetEnd": 642,
          "before": "",
          "after": " "
        },
        {
          "index": 2,
          "word": "compensated",
          "originalText": "compensated",
          "characterOffsetBegin": 643,
          "characterOffsetEnd": 654,
          "before": " ",
          "after": " "
        },
        {
          "index": 3,
          "word": "in",
          "originalText": "in",
          "characterOffsetBegin": 655,
          "characterOffsetEnd": 657,
          "before": " ",
          "after": " "
        },
        {
          "index": 4,
          "word": "some",
          "originalText": "some",
          "characterOffsetBegin": 658,
          "characterOffsetEnd": 662,
          "before": " ",
          "after": " "
        },
        {
          "index": 5,
          "word": "way",
          "originalText": "way",
          "characterOffsetBegin": 663,
          "characterOffsetEnd": 666,
          "before": " ",
          "after": " "
        },
        {
          "index": 6,
          "word": "or",
          "originalText": "or",
          "characterOffsetBegin": 667,
          "characterOffsetEnd": 669,
          "before": " ",
          "after": " "
        },
        {
          "index": 7,
          "word": "form",
          "originalText": "form",
          "characterOffsetBegin": 670,
          "characterOffsetEnd": 674,
          "before": " ",
          "after": ""
        },
        {
          "index": 8,
          "word": ".",
          "originalText": ".",
          "characterOffsetBegin": 674,
          "characterOffsetEnd": 675,
          "before": "",
          "after": ""
        }
      ]
    },
    {
      "index": 15,
      "tokens": [
        {
          "index": 1,
          "word": "Customer",
          "originalText": "Customer",
          "characterOffsetBegin": 677,
          "characterOffsetEnd": 685,
          "before": "",
          "after": ""
        },
        {
          "index": 2,
          "word": ":",
          "originalText": ":",
          "characterOffsetBegin": 685,
          "characterOffsetEnd": 686,
          "before": "",
          "after": " "
        },
        {
          "index": 3,
          "word": "@AmericanAir",
          "originalText": "@AmericanAir",
          "characterOffsetBegin": 687,
          "characterOffsetEnd": 699,
          "before": " ",
          "after": " "
        },
        {
          "index": 4,
          "word": "American",
          "originalText": "American",
          "characterOffsetBegin": 700,
          "characterOffsetEnd": 708,
          "before": " ",
          "after": " "
        },
        {
          "index": 5,
          "word": "Express",
          "originalText": "Express",
          "characterOffsetBegin": 709,
          "characterOffsetEnd": 716,
          "before": " ",
          "after": " "
        },
        {
          "index": 6,
          "word": "even",
          "originalText": "even",
          "characterOffsetBegin": 717,
          "characterOffsetEnd": 721,
          "before": " ",
          "after": " "
        },
        {
          "index": 7,
          "word": "called",
          "originalText": "called",
          "characterOffsetBegin": 722,
          "characterOffsetEnd": 728,
          "before": " ",
          "after": " "
        },
        {
          "index": 8,
          "word": "for",
          "originalText": "for",
          "characterOffsetBegin": 729,
          "characterOffsetEnd": 732,
          "before": " ",
          "after": " "
        },
        {
          "index": 9,
          "word": "me",
          "originalText": "me",
          "characterOffsetBegin": 733,
          "characterOffsetEnd": 735,
          "before": " ",
          "after": " "
        },
        {
          "index": 10,
          "word": "to",
          "originalText": "to",
          "characterOffsetBegin": 736,
          "characterOffsetEnd": 738,
          "before": " ",
          "after": " "
        },
        {
          "index": 11,
          "word": "have",
          "originalText": "have",
          "characterOffsetBegin": 739,
          "characterOffsetEnd": 743,
          "before": " ",
          "after": " "
        },
        {
          "index": 12,
          "word": "this",
          "originalText": "this",
          "characterOffsetBegin": 744,
          "characterOffsetEnd": 748,
          "before": " ",
          "after": " "
        },
        {
          "index": 13,
          "word": "situated",
          "originalText": "situated",
          "characterOffsetBegin": 749,
          "characterOffsetEnd": 757,
          "before": " ",
          "after": " "
        },
        {
          "index": 14,
          "word": "and",
          "originalText": "and",
          "characterOffsetBegin": 758,
          "characterOffsetEnd": 761,
          "before": " ",
          "after": " "
        },
        {
          "index": 15,
          "word": "your",
          "originalText": "your",
          "characterOffsetBegin": 762,
          "characterOffsetEnd": 766,
          "before": " ",
          "after": " "
        },
        {
          "index": 16,
          "word": "reservation",
          "originalText": "reservation",
          "characterOffsetBegin": 767,
          "characterOffsetEnd": 778,
          "before": " ",
          "after": " "
        },
        {
          "index": 17,
          "word": "department",
          "originalText": "department",
          "characterOffsetBegin": 779,
          "characterOffsetEnd": 789,
          "before": " ",
          "after": " "
        },
        {
          "index": 18,
          "word": "could",
          "originalText": "could",
          "characterOffsetBegin": 790,
          "characterOffsetEnd": 795,
          "before": " ",
          "after": " "
        },
        {
          "index": 19,
          "word": "not",
          "originalText": "not",
          "characterOffsetBegin": 796,
          "characterOffsetEnd": 799,
          "before": " ",
          "after": " "
        },
        {
          "index": 20,
          "word": "handle",
          "originalText": "handle",
          "characterOffsetBegin": 800,
          "characterOffsetEnd": 806,
          "before": " ",
          "after": " "
        },
        {
          "index": 21,
          "word": "it",
          "originalText": "it",
          "characterOffsetBegin": 807,
          "characterOffsetEnd": 809,
          "before": " ",
          "after": " "
        },
        {
          "index": 22,
          "word": "and",
          "originalText": "and",
          "characterOffsetBegin": 810,
          "characterOffsetEnd": 813,
          "before": " ",
          "after": " "
        },
        {
          "index": 23,
          "word": "said",
          "originalText": "said",
          "characterOffsetBegin": 814,
          "characterOffsetEnd": 818,
          "before": " ",
          "after": " "
        },
        {
          "index": 24,
          "word": "it",
          "originalText": "it",
          "characterOffsetBegin": 819,
          "characterOffsetEnd": 821,
          "before": " ",
          "after": " "
        },
        {
          "index": 25,
          "word": "had",
          "originalText": "had",
          "characterOffsetBegin": 822,
          "characterOffsetEnd": 825,
          "before": " ",
          "after": " "
        },
        {
          "index": 26,
          "word": "to",
          "originalText": "to",
          "characterOffsetBegin": 826,
          "characterOffsetEnd": 828,
          "before": " ",
          "after": " "
        },
        {
          "index": 27,
          "word": "be",
          "originalText": "be",
          "characterOffsetBegin": 829,
          "characterOffsetEnd": 831,
          "before": " ",
          "after": " "
        },
        {
          "index": 28,
          "word": "done",
          "originalText": "done",
          "characterOffsetBegin": 832,
          "characterOffsetEnd": 836,
          "before": " ",
          "after": " "
        },
        {
          "index": 29,
          "word": "in",
          "originalText": "in",
          "characterOffsetBegin": 837,
          "characterOffsetEnd": 839,
          "before": " ",
          "after": " "
        },
        {
          "index": 30,
          "word": "airport",
          "originalText": "airport",
          "characterOffsetBegin": 840,
          "characterOffsetEnd": 847,
          "before": " ",
          "after": ""
        },
        {
          "index": 31,
          "word": ".",
          "originalText": ".",
          "characterOffsetBegin": 847,
          "characterOffsetEnd": 848,
          "before": "",
          "after": ""
        }
      ]
    },
    {
      "index": 16,
      "tokens": [
        {
          "index": 1,
          "word": "Everyone",
          "originalText": "Everyone",
          "characterOffsetBegin": 850,
          "characterOffsetEnd": 858,
          "before": "",
          "after": " "
        },
        {
          "index": 2,
          "word": "keeps",
          "originalText": "keeps",
          "characterOffsetBegin": 859,
          "characterOffsetEnd": 864,
          "before": " ",
          "after": " "
        },
        {
          "index": 3,
          "word": "passing",
          "originalText": "passing",
          "characterOffsetBegin": 865,
          "characterOffsetEnd": 872,
          "before": " ",
          "after": " "
        },
        {
          "index": 4,
          "word": "the",
          "originalText": "the",
          "characterOffsetBegin": 873,
          "characterOffsetEnd": 876,
          "before": " ",
          "after": " "
        },
        {
          "index": 5,
          "word": "puck",
          "originalText": "puck",
          "characterOffsetBegin": 877,
          "characterOffsetEnd": 881,
          "before": " ",
          "after": ""
        },
        {
          "index": 6,
          "word": "!",
          "originalText": "!",
          "characterOffsetBegin": 881,
          "characterOffsetEnd": 882,
          "before": "",
          "after": ""
        }
      ]
    },
    {
      "index": 17,
      "tokens": [
        {
          "index": 1,
          "word": "!",
          "originalText": "!",
          "characterOffsetBegin": 884,
          "characterOffsetEnd": 885,
          "before": "",
          "after": ""
        }
      ]
    },
    {
      "index": 18,
      "tokens": [
        {
          "index": 1,
          "word": "I",
          "originalText": "I",
          "characterOffsetBegin": 885,
          "characterOffsetEnd": 886,
          "before": "",
          "after": ""
        }
      ]
    },
    {
      "index": 19,
      "tokens": [
        {
          "index": 1,
          "word": "Agent",
          "originalText": "Agent",
          "characterOffsetBegin": 888,
          "characterOffsetEnd": 893,
          "before": "",
          "after": ""
        },
        {
          "index": 2,
          "word": ":",
          "originalText": ":",
          "characterOffsetBegin": 893,
          "characterOffsetEnd": 894,
          "before": "",
          "after": " "
        },
        {
          "index": 3,
          "word": "@",
          "originalText": "@",
          "characterOffsetBegin": 895,
          "characterOffsetEnd": 896,
          "before": " ",
          "after": ""
        },
        {
          "index": 4,
          "word": "245717",
          "originalText": "245717",
          "characterOffsetBegin": 896,
          "characterOffsetEnd": 902,
          "before": "",
          "after": " "
        },
        {
          "index": 5,
          "word": "We",
          "originalText": "We",
          "characterOffsetBegin": 903,
          "characterOffsetEnd": 905,
          "before": " ",
          "after": " "
        },
        {
          "index": 6,
          "word": "ask",
          "originalText": "ask",
          "characterOffsetBegin": 906,
          "characterOffsetEnd": 909,
          "before": " ",
          "after": " "
        },
        {
          "index": 7,
          "word": "passengers",
          "originalText": "passengers",
          "characterOffsetBegin": 910,
          "characterOffsetEnd": 920,
          "before": " ",
          "after": " "
        },
        {
          "index": 8,
          "word": "arrive",
          "originalText": "arrive",
          "characterOffsetBegin": 921,
          "characterOffsetEnd": 927,
          "before": " ",
          "after": " "
        },
        {
          "index": 9,
          "word": "with",
          "originalText": "with",
          "characterOffsetBegin": 928,
          "characterOffsetEnd": 932,
          "before": " ",
          "after": " "
        },
        {
          "index": 10,
          "word": "ample",
          "originalText": "ample",
          "characterOffsetBegin": 933,
          "characterOffsetEnd": 938,
          "before": " ",
          "after": " "
        },
        {
          "index": 11,
          "word": "time",
          "originalText": "time",
          "characterOffsetBegin": 939,
          "characterOffsetEnd": 943,
          "before": " ",
          "after": " "
        },
        {
          "index": 12,
          "word": "to",
          "originalText": "to",
          "characterOffsetBegin": 944,
          "characterOffsetEnd": 946,
          "before": " ",
          "after": " "
        },
        {
          "index": 13,
          "word": "check",
          "originalText": "check",
          "characterOffsetBegin": 947,
          "characterOffsetEnd": 952,
          "before": " ",
          "after": " "
        },
        {
          "index": 14,
          "word": "in",
          "originalText": "in",
          "characterOffsetBegin": 953,
          "characterOffsetEnd": 955,
          "before": " ",
          "after": ""
        },
        {
          "index": 15,
          "word": ".",
          "originalText": ".",
          "characterOffsetBegin": 955,
          "characterOffsetEnd": 956,
          "before": "",
          "after": ""
        }
      ]
    },
    {
      "index": 20,
      "tokens": [
        {
          "index": 1,
          "word": "We",
          "originalText": "We",
          "characterOffsetBegin": 958,
          "characterOffsetEnd": 960,
          "before": "",
          "after": ""
        },
        {
          "index": 2,
          "word": "'re",
          "originalText": "'re",
          "characterOffsetBegin": 960,
          "characterOffsetEnd": 963,
          "before": "",
          "after": " "
        },
        {
          "index": 3,
          "word": "sorry",
          "originalText": "sorry",
          "characterOffsetBegin": 964,
          "characterOffsetEnd": 969,
          "before": " ",
          "after": " "
        },
        {
          "index": 4,
          "word": "your",
          "originalText": "your",
          "characterOffsetBegin": 970,
          "characterOffsetEnd": 974,
          "before": " ",
          "after": " "
        },
        {
          "index": 5,
          "word": "flight",
          "originalText": "flight",
          "characterOffsetBegin": 975,
          "characterOffsetEnd": 981,
          "before": " ",
          "after": " "
        },
        {
          "index": 6,
          "word": "was",
          "originalText": "was",
          "characterOffsetBegin": 982,
          "characterOffsetEnd": 985,
          "before": " ",
          "after": " "
        },
        {
          "index": 7,
          "word": "missed",
          "originalText": "missed",
          "characterOffsetBegin": 986,
          "characterOffsetEnd": 992,
          "before": " ",
          "after": ""
        },
        {
          "index": 8,
          "word": ",",
          "originalText": ",",
          "characterOffsetBegin": 992,
          "characterOffsetEnd": 993,
          "before": "",
          "after": " "
        },
        {
          "index": 9,
          "word": "but",
          "originalText": "but",
          "characterOffsetBegin": 994,
          "characterOffsetEnd": 997,
          "before": " ",
          "after": " "
        },
        {
          "index": 10,
          "word": "we",
          "originalText": "we",
          "characterOffsetBegin": 998,
          "characterOffsetEnd": 1000,
          "before": " ",
          "after": ""
        },
        {
          "index": 11,
          "word": "'re",
          "originalText": "'re",
          "characterOffsetBegin": 1000,
          "characterOffsetEnd": 1003,
          "before": "",
          "after": " "
        },
        {
          "index": 12,
          "word": "unable",
          "originalText": "unable",
          "characterOffsetBegin": 1004,
          "characterOffsetEnd": 1010,
          "before": " ",
          "after": " "
        },
        {
          "index": 13,
          "word": "to",
          "originalText": "to",
          "characterOffsetBegin": 1011,
          "characterOffsetEnd": 1013,
          "before": " ",
          "after": " "
        },
        {
          "index": 14,
          "word": "offer",
          "originalText": "offer",
          "characterOffsetBegin": 1014,
          "characterOffsetEnd": 1019,
          "before": " ",
          "after": " "
        },
        {
          "index": 15,
          "word": "anything",
          "originalText": "anything",
          "characterOffsetBegin": 1020,
          "characterOffsetEnd": 1028,
          "before": " ",
          "after": " "
        },
        {
          "index": 16,
          "word": "further",
          "originalText": "further",
          "characterOffsetBegin": 1029,
          "characterOffsetEnd": 1036,
          "before": " ",
          "after": ""
        },
        {
          "index": 17,
          "word": ".",
          "originalText": ".",
          "characterOffsetBegin": 1036,
          "characterOffsetEnd": 1037,
          "before": "",
          "after": ""
        }
      ]
    },
    {
      "index": 21,
      "tokens": [
        {
          "index": 1,
          "word": "Customer",
          "originalText": "Customer",
          "characterOffsetBegin": 1039,
          "characterOffsetEnd": 1047,
          "before": "",
          "after": ""
        },
        {
          "index": 2,
          "word": ":",
          "originalText": ":",
          "characterOffsetBegin": 1047,
          "characterOffsetEnd": 1048,
          "before": "",
          "after": " "
        },
        {
          "index": 3,
          "word": "@AmericanAir",
          "originalText": "@AmericanAir",
          "characterOffsetBegin": 1049,
          "characterOffsetEnd": 1061,
          "before": " ",
          "after": " "
        },
        {
          "index": 4,
          "word": "Time",
          "originalText": "Time",
          "characterOffsetBegin": 1062,
          "characterOffsetEnd": 1066,
          "before": " ",
          "after": " "
        },
        {
          "index": 5,
          "word": "would",
          "originalText": "would",
          "characterOffsetBegin": 1067,
          "characterOffsetEnd": 1072,
          "before": " ",
          "after": ""
        },
        {
          "index": 6,
          "word": "n't",
          "originalText": "n’t",
          "characterOffsetBegin": 1072,
          "characterOffsetEnd": 1075,
          "before": "",
          "after": " "
        },
        {
          "index": 7,
          "word": "be",
          "originalText": "be",
          "characterOffsetBegin": 1076,
          "characterOffsetEnd": 1078,
          "before": " ",
          "after": " "
        },
        {
          "index": 8,
          "word": "an",
          "originalText": "an",
          "characterOffsetBegin": 1079,
          "characterOffsetEnd": 1081,
          "before": " ",
          "after": " "
        },
        {
          "index": 9,
          "word": "issue",
          "originalText": "issue",
          "characterOffsetBegin": 1082,
          "characterOffsetEnd": 1087,
          "before": " ",
          "after": " "
        },
        {
          "index": 10,
          "word": "if",
          "originalText": "if",
          "characterOffsetBegin": 1088,
          "characterOffsetEnd": 1090,
          "before": " ",
          "after": " "
        },
        {
          "index": 11,
          "word": "you",
          "originalText": "you",
          "characterOffsetBegin": 1091,
          "characterOffsetEnd": 1094,
          "before": " ",
          "after": " "
        },
        {
          "index": 12,
          "word": "had",
          "originalText": "had",
          "characterOffsetBegin": 1095,
          "characterOffsetEnd": 1098,
          "before": " ",
          "after": " "
        },
        {
          "index": 13,
          "word": "better",
          "originalText": "better",
          "characterOffsetBegin": 1099,
          "characterOffsetEnd": 1105,
          "before": " ",
          "after": " "
        },
        {
          "index": 14,
          "word": "customer",
          "originalText": "customer",
          "characterOffsetBegin": 1106,
          "characterOffsetEnd": 1114,
          "before": " ",
          "after": " "
        },
        {
          "index": 15,
          "word": "oriented",
          "originalText": "oriented",
          "characterOffsetBegin": 1115,
          "characterOffsetEnd": 1123,
          "before": " ",
          "after": " "
        },
        {
          "index": 16,
          "word": "a",
          "originalText": "a",
          "characterOffsetBegin": 1124,
          "characterOffsetEnd": 1125,
          "before": " ",
          "after": " "
        },
        {
          "index": 17,
          "word": "staff",
          "originalText": "staff",
          "characterOffsetBegin": 1126,
          "characterOffsetEnd": 1131,
          "before": " ",
          "after": " "
        },
        {
          "index": 18,
          "word": "and",
          "originalText": "and",
          "characterOffsetBegin": 1132,
          "characterOffsetEnd": 1135,
          "before": " ",
          "after": " "
        },
        {
          "index": 19,
          "word": "and",
          "originalText": "and",
          "characterOffsetBegin": 1136,
          "characterOffsetEnd": 1139,
          "before": " ",
          "after": " "
        },
        {
          "index": 20,
          "word": "enough",
          "originalText": "enough",
          "characterOffsetBegin": 1140,
          "characterOffsetEnd": 1146,
          "before": " ",
          "after": " "
        },
        {
          "index": 21,
          "word": "staffing",
          "originalText": "staffing",
          "characterOffsetBegin": 1147,
          "characterOffsetEnd": 1155,
          "before": " ",
          "after": " "
        },
        {
          "index": 22,
          "word": "as",
          "originalText": "as",
          "characterOffsetBegin": 1156,
          "characterOffsetEnd": 1158,
          "before": " ",
          "after": " "
        },
        {
          "index": 23,
          "word": "@Delta",
          "originalText": "@Delta",
          "characterOffsetBegin": 1159,
          "characterOffsetEnd": 1165,
          "before": " ",
          "after": " "
        },
        {
          "index": 24,
          "word": "does",
          "originalText": "does",
          "characterOffsetBegin": 1166,
          "characterOffsetEnd": 1170,
          "before": " ",
          "after": ""
        },
        {
          "index": 25,
          "word": ".",
          "originalText": ".",
          "characterOffsetBegin": 1170,
          "characterOffsetEnd": 1171,
          "before": "",
          "after": ""
        }
      ]
    },
    {
      "index": 22,
      "tokens": [
        {
          "index": 1,
          "word": "I",
          "originalText": "I",
          "characterOffsetBegin": 1173,
          "characterOffsetEnd": 1174,
          "before": "",
          "after": " "
        },
        {
          "index": 2,
          "word": "will",
          "originalText": "will",
          "characterOffsetBegin": 1175,
          "characterOffsetEnd": 1179,
          "before": " ",
          "after": " "
        },
        {
          "index": 3,
          "word": "never",
          "originalText": "never",
          "characterOffsetBegin": 1180,
          "characterOffsetEnd": 1185,
          "before": " ",
          "after": " "
        },
        {
          "index": 4,
          "word": "ever",
          "originalText": "ever",
          "characterOffsetBegin": 1186,
          "characterOffsetEnd": 1190,
          "before": " ",
          "after": " "
        },
        {
          "index": 5,
          "word": "again",
          "originalText": "again",
          "characterOffsetBegin": 1191,
          "characterOffsetEnd": 1196,
          "before": " ",
          "after": " "
        },
        {
          "index": 6,
          "word": "fly",
          "originalText": "fly",
          "characterOffsetBegin": 1197,
          "characterOffsetEnd": 1200,
          "before": " ",
          "after": " "
        },
        {
          "index": 7,
          "word": "with",
          "originalText": "with",
          "characterOffsetBegin": 1201,
          "characterOffsetEnd": 1205,
          "before": " ",
          "after": " "
        },
        {
          "index": 8,
          "word": "this",
          "originalText": "this",
          "characterOffsetBegin": 1206,
          "characterOffsetEnd": 1210,
          "before": " ",
          "after": " "
        },
        {
          "index": 9,
          "word": "company",
          "originalText": "company",
          "characterOffsetBegin": 1211,
          "characterOffsetEnd": 1218,
          "before": " ",
          "after": ""
        },
        {
          "index": 10,
          "word": ".",
          "originalText": ".",
          "characterOffsetBegin": 1218,
          "characterOffsetEnd": 1219,
          "before": "",
          "after": ""
        }
      ]
    },
    {
      "index": 23,
      "tokens": [
        {
          "index": 1,
          "word": "Only",
          "originalText": "Only",
          "characterOffsetBegin": 1221,
          "characterOffsetEnd": 1225,
          "before": "",
          "after": " "
        },
        {
          "index": 2,
          "word": "reason",
          "originalText": "reason",
          "characterOffsetBegin": 1226,
          "characterOffsetEnd": 1232,
          "before": " ",
          "after": " "
        },
        {
          "index": 3,
          "word": "why",
          "originalText": "why",
          "characterOffsetBegin": 1233,
          "characterOffsetEnd": 1236,
          "before": " ",
          "after": " "
        },
        {
          "index": 4,
          "word": "I",
          "originalText": "I",
          "characterOffsetBegin": 1237,
          "characterOffsetEnd": 1238,
          "before": " ",
          "after": " "
        },
        {
          "index": 5,
          "word": "got",
          "originalText": "got",
          "characterOffsetBegin": 1239,
          "characterOffsetEnd": 1242,
          "before": " ",
          "after": " "
        },
        {
          "index": 6,
          "word": "stuck",
          "originalText": "stuck",
          "characterOffsetBegin": 1243,
          "characterOffsetEnd": 1248,
          "before": " ",
          "after": " "
        },
        {
          "index": 7,
          "word": "with",
          "originalText": "with",
          "characterOffsetBegin": 1249,
          "characterOffsetEnd": 1253,
          "before": " ",
          "after": " "
        },
        {
          "index": 8,
          "word": "you",
          "originalText": "you",
          "characterOffsetBegin": 1254,
          "characterOffsetEnd": 1257,
          "before": " ",
          "after": " "
        },
        {
          "index": 9,
          "word": "guys",
          "originalText": "guys",
          "characterOffsetBegin": 1258,
          "characterOffsetEnd": 1262,
          "before": " ",
          "after": " "
        },
        {
          "index": 10,
          "word": "is",
          "originalText": "is",
          "characterOffsetBegin": 1263,
          "characterOffsetEnd": 1265,
          "before": " ",
          "after": " "
        },
        {
          "index": 11,
          "word": "because",
          "originalText": "because",
          "characterOffsetBegin": 1266,
          "characterOffsetEnd": 1273,
          "before": " ",
          "after": " "
        },
        {
          "index": 12,
          "word": "my",
          "originalText": "my",
          "characterOffsetBegin": 1274,
          "characterOffsetEnd": 1276,
          "before": " ",
          "after": " "
        },
        {
          "index": 13,
          "word": "assistant",
          "originalText": "assistant",
          "characterOffsetBegin": 1277,
          "characterOffsetEnd": 1286,
          "before": " ",
          "after": " "
        },
        {
          "index": 14,
          "word": "thought",
          "originalText": "thought",
          "characterOffsetBegin": 1287,
          "characterOffsetEnd": 1294,
          "before": " ",
          "after": " "
        },
        {
          "index": 15,
          "word": "I",
          "originalText": "I",
          "characterOffsetBegin": 1295,
          "characterOffsetEnd": 1296,
          "before": " ",
          "after": " "
        },
        {
          "index": 16,
          "word": "wanted",
          "originalText": "wanted",
          "characterOffsetBegin": 1297,
          "characterOffsetEnd": 1303,
          "before": " ",
          "after": " "
        },
        {
          "index": 17,
          "word": "a",
          "originalText": "a",
          "characterOffsetBegin": 1304,
          "characterOffsetEnd": 1305,
          "before": " ",
          "after": " "
        },
        {
          "index": 18,
          "word": "later",
          "originalText": "later",
          "characterOffsetBegin": 1306,
          "characterOffsetEnd": 1311,
          "before": " ",
          "after": " "
        },
        {
          "index": 19,
          "word": "flight",
          "originalText": "flight",
          "characterOffsetBegin": 1312,
          "characterOffsetEnd": 1318,
          "before": " ",
          "after": " "
        },
        {
          "index": 20,
          "word": "rather",
          "originalText": "rather",
          "characterOffsetBegin": 1319,
          "characterOffsetEnd": 1325,
          "before": " ",
          "after": " "
        },
        {
          "index": 21,
          "word": "than",
          "originalText": "than",
          "characterOffsetBegin": 1326,
          "characterOffsetEnd": 1330,
          "before": " ",
          "after": " "
        },
        {
          "index": 22,
          "word": "and",
          "originalText": "and",
          "characterOffsetBegin": 1331,
          "characterOffsetEnd": 1334,
          "before": " ",
          "after": " "
        },
        {
          "index": 23,
          "word": "early",
          "originalText": "early",
          "characterOffsetBegin": 1335,
          "characterOffsetEnd": 1340,
          "before": " ",
          "after": " "
        },
        {
          "index": 24,
          "word": "am",
          "originalText": "am",
          "characterOffsetBegin": 1341,
          "characterOffsetEnd": 1343,
          "before": " ",
          "after": ""
        }
      ]
    },
    {
      "index": 24,
      "tokens": [
        {
          "index": 1,
          "word": "Customer",
          "originalText": "Customer",
          "characterOffsetBegin": 1345,
          "characterOffsetEnd": 1353,
          "before": "",
          "after": ""
        },
        {
          "index": 2,
          "word": ":",
          "originalText": ":",
          "characterOffsetBegin": 1353,
          "characterOffsetEnd": 1354,
          "before": "",
          "after": " "
        },
        {
          "index": 3,
          "word": "@AmericanAir",
          "originalText": "@AmericanAir",
          "characterOffsetBegin": 1355,
          "characterOffsetEnd": 1367,
          "before": " ",
          "after": " "
        },
        {
          "index": 4,
          "word": "@Delta",
          "originalText": "@Delta",
          "characterOffsetBegin": 1368,
          "characterOffsetEnd": 1374,
          "before": " ",
          "after": "  "
        },
        {
          "index": 5,
          "word": "will",
          "originalText": "will",
          "characterOffsetBegin": 1376,
          "characterOffsetEnd": 1380,
          "before": "  ",
          "after": " "
        },
        {
          "index": 6,
          "word": "always",
          "originalText": "always",
          "characterOffsetBegin": 1381,
          "characterOffsetEnd": 1387,
          "before": " ",
          "after": " "
        },
        {
          "index": 7,
          "word": "be",
          "originalText": "be",
          "characterOffsetBegin": 1388,
          "characterOffsetEnd": 1390,
          "before": " ",
          "after": " "
        },
        {
          "index": 8,
          "word": "my",
          "originalText": "my",
          "characterOffsetBegin": 1391,
          "characterOffsetEnd": 1393,
          "before": " ",
          "after": " "
        },
        {
          "index": 9,
          "word": "number",
          "originalText": "number",
          "characterOffsetBegin": 1394,
          "characterOffsetEnd": 1400,
          "before": " ",
          "after": " "
        },
        {
          "index": 10,
          "word": "one",
          "originalText": "one",
          "characterOffsetBegin": 1401,
          "characterOffsetEnd": 1404,
          "before": " ",
          "after": " "
        },
        {
          "index": 11,
          "word": "carrier",
          "originalText": "carrier",
          "characterOffsetBegin": 1405,
          "characterOffsetEnd": 1412,
          "before": " ",
          "after": " "
        },
        {
          "index": 12,
          "word": "as",
          "originalText": "as",
          "characterOffsetBegin": 1413,
          "characterOffsetEnd": 1415,
          "before": " ",
          "after": " "
        },
        {
          "index": 13,
          "word": "it",
          "originalText": "it",
          "characterOffsetBegin": 1416,
          "characterOffsetEnd": 1418,
          "before": " ",
          "after": " "
        },
        {
          "index": 14,
          "word": "has",
          "originalText": "has",
          "characterOffsetBegin": 1419,
          "characterOffsetEnd": 1422,
          "before": " ",
          "after": " "
        },
        {
          "index": 15,
          "word": "been",
          "originalText": "been",
          "characterOffsetBegin": 1423,
          "characterOffsetEnd": 1427,
          "before": " ",
          "after": ""
        },
        {
          "index": 16,
          "word": ".",
          "originalText": ".",
          "characterOffsetBegin": 1427,
          "characterOffsetEnd": 1428,
          "before": "",
          "after": ""
        }
      ]
    },
    {
      "index": 25,
      "tokens": [
        {
          "index": 1,
          "word": "Never",
          "originalText": "Never",
          "characterOffsetBegin": 1430,
          "characterOffsetEnd": 1435,
          "before": "",
          "after": " "
        },
        {
          "index": 2,
          "word": "giving",
          "originalText": "giving",
          "characterOffsetBegin": 1436,
          "characterOffsetEnd": 1442,
          "before": " ",
          "after": " "
        },
        {
          "index": 3,
          "word": "any",
          "originalText": "any",
          "characterOffsetBegin": 1443,
          "characterOffsetEnd": 1446,
          "before": " ",
          "after": " "
        },
        {
          "index": 4,
          "word": "other",
          "originalText": "other",
          "characterOffsetBegin": 1447,
          "characterOffsetEnd": 1452,
          "before": " ",
          "after": " "
        },
        {
          "index": 5,
          "word": "company",
          "originalText": "company",
          "characterOffsetBegin": 1453,
          "characterOffsetEnd": 1460,
          "before": " ",
          "after": " "
        },
        {
          "index": 6,
          "word": "a",
          "originalText": "a",
          "characterOffsetBegin": 1461,
          "characterOffsetEnd": 1462,
          "before": " ",
          "after": " "
        },
        {
          "index": 7,
          "word": "chance",
          "originalText": "chance",
          "characterOffsetBegin": 1463,
          "characterOffsetEnd": 1469,
          "before": " ",
          "after": " "
        },
        {
          "index": 8,
          "word": "thanks",
          "originalText": "thanks",
          "characterOffsetBegin": 1470,
          "characterOffsetEnd": 1476,
          "before": " ",
          "after": " "
        },
        {
          "index": 9,
          "word": "to",
          "originalText": "to",
          "characterOffsetBegin": 1477,
          "characterOffsetEnd": 1479,
          "before": " ",
          "after": " "
        },
        {
          "index": 10,
          "word": "this",
          "originalText": "this",
          "characterOffsetBegin": 1480,
          "characterOffsetEnd": 1484,
          "before": " ",
          "after": " "
        },
        {
          "index": 11,
          "word": "company",
          "originalText": "company",
          "characterOffsetBegin": 1485,
          "characterOffsetEnd": 1492,
          "before": " ",
          "after": ""
        },
        {
          "index": 12,
          "word": "!",
          "originalText": "!",
          "characterOffsetBegin": 1492,
          "characterOffsetEnd": 1493,
          "before": "",
          "after": ""
        }
      ]
    },
    {
      "index": 26,
      "tokens": [
        {
          "index": 1,
          "word": "Love",
          "originalText": "Love",
          "characterOffsetBegin": 1495,
          "characterOffsetEnd": 1499,
          "before": "",
          "after": " "
        },
        {
          "index": 2,
          "word": "you",
          "originalText": "you",
          "characterOffsetBegin": 1500,
          "characterOffsetEnd": 1503,
          "before": " ",
          "after": " "
        },
        {
          "index": 3,
          "word": "@Delta",
          "originalText": "@Delta",
          "characterOffsetBegin": 1504,
          "characterOffsetEnd": 1510,
          "before": " ",
          "after": ""
        }
      ]
    },
    {
      "index": 27,
      "tokens": [
        {
          "index": 1,
          "word": "Agent",
          "originalText": "Agent",
          "characterOffsetBegin": 1512,
          "characterOffsetEnd": 1517,
          "before": "",
          "after": ""
        },
        {
          "index": 2,
          "word": ":",
          "originalText": ":",
          "characterOffsetBegin": 1517,
          "characterOffsetEnd": 1518,
          "before": "",
          "after": " "
        },
        {
          "index": 3,
          "word": "@",
          "originalText": "@",
          "characterOffsetBegin": 1519,
          "characterOffsetEnd": 1520,
          "before": " ",
          "after": ""
        },
        {
          "index": 4,
          "word": "245717",
          "originalText": "245717",
          "characterOffsetBegin": 1520,
          "characterOffsetEnd": 1526,
          "before": "",
          "after": " "
        },
        {
          "index": 5,
          "word": "We",
          "originalText": "We",
          "characterOffsetBegin": 1527,
          "characterOffsetEnd": 1529,
          "before": " ",
          "after": ""
        },
        {
          "index": 6,
          "word": "'re",
          "originalText": "'re",
          "characterOffsetBegin": 1529,
          "characterOffsetEnd": 1532,
          "before": "",
          "after": " "
        },
        {
          "index": 7,
          "word": "sorry",
          "originalText": "sorry",
          "characterOffsetBegin": 1533,
          "characterOffsetEnd": 1538,
          "before": " ",
          "after": " "
        },
        {
          "index": 8,
          "word": "you",
          "originalText": "you",
          "characterOffsetBegin": 1539,
          "characterOffsetEnd": 1542,
          "before": " ",
          "after": ""
        },
        {
          "index": 9,
          "word": "'re",
          "originalText": "'re",
          "characterOffsetBegin": 1542,
          "characterOffsetEnd": 1545,
          "before": "",
          "after": " "
        },
        {
          "index": 10,
          "word": "upset",
          "originalText": "upset",
          "characterOffsetBegin": 1546,
          "characterOffsetEnd": 1551,
          "before": " ",
          "after": " "
        },
        {
          "index": 11,
          "word": "with",
          "originalText": "with",
          "characterOffsetBegin": 1552,
          "characterOffsetEnd": 1556,
          "before": " ",
          "after": " "
        },
        {
          "index": 12,
          "word": "us",
          "originalText": "us",
          "characterOffsetBegin": 1557,
          "characterOffsetEnd": 1559,
          "before": " ",
          "after": " "
        },
        {
          "index": 13,
          "word": "and",
          "originalText": "and",
          "characterOffsetBegin": 1560,
          "characterOffsetEnd": 1563,
          "before": " ",
          "after": " "
        },
        {
          "index": 14,
          "word": "we",
          "originalText": "we",
          "characterOffsetBegin": 1564,
          "characterOffsetEnd": 1566,
          "before": " ",
          "after": " "
        },
        {
          "index": 15,
          "word": "hope",
          "originalText": "hope",
          "characterOffsetBegin": 1567,
          "characterOffsetEnd": 1571,
          "before": " ",
          "after": " "
        },
        {
          "index": 16,
          "word": "you",
          "originalText": "you",
          "characterOffsetBegin": 1572,
          "characterOffsetEnd": 1575,
          "before": " ",
          "after": ""
        },
        {
          "index": 17,
          "word": "'ll",
          "originalText": "'ll",
          "characterOffsetBegin": 1575,
          "characterOffsetEnd": 1578,
          "before": "",
          "after": " "
        },
        {
          "index": 18,
          "word": "reconsider",
          "originalText": "reconsider",
          "characterOffsetBegin": 1579,
          "characterOffsetEnd": 1589,
          "before": " ",
          "after": " "
        },
        {
          "index": 19,
          "word": "and",
          "originalText": "and",
          "characterOffsetBegin": 1590,
          "characterOffsetEnd": 1593,
          "before": " ",
          "after": " "
        },
        {
          "index": 20,
          "word": "give",
          "originalText": "give",
          "characterOffsetBegin": 1594,
          "characterOffsetEnd": 1598,
          "before": " ",
          "after": " "
        },
        {
          "index": 21,
          "word": "us",
          "originalText": "us",
          "characterOffsetBegin": 1599,
          "characterOffsetEnd": 1601,
          "before": " ",
          "after": " "
        },
        {
          "index": 22,
          "word": "a",
          "originalText": "a",
          "characterOffsetBegin": 1602,
          "characterOffsetEnd": 1603,
          "before": " ",
          "after": " "
        },
        {
          "index": 23,
          "word": "second",
          "originalText": "second",
          "characterOffsetBegin": 1604,
          "characterOffsetEnd": 1610,
          "before": " ",
          "after": " "
        },
        {
          "index": 24,
          "word": "chance",
          "originalText": "chance",
          "characterOffsetBegin": 1611,
          "characterOffsetEnd": 1617,
          "before": " ",
          "after": " "
        },
        {
          "index": 25,
          "word": "to",
          "originalText": "to",
          "characterOffsetBegin": 1618,
          "characterOffsetEnd": 1620,
          "before": " ",
          "after": " "
        },
        {
          "index": 26,
          "word": "change",
          "originalText": "change",
          "characterOffsetBegin": 1621,
          "characterOffsetEnd": 1627,
          "before": " ",
          "after": " "
        },
        {
          "index": 27,
          "word": "your",
          "originalText": "your",
          "characterOffsetBegin": 1628,
          "characterOffsetEnd": 1632,
          "before": " ",
          "after": " "
        },
        {
          "index": 28,
          "word": "opinion",
          "originalText": "opinion",
          "characterOffsetBegin": 1633,
          "characterOffsetEnd": 1640,
          "before": " ",
          "after": " "
        },
        {
          "index": 29,
          "word": "of",
          "originalText": "of",
          "characterOffsetBegin": 1641,
          "characterOffsetEnd": 1643,
          "before": " ",
          "after": " "
        },
        {
          "index": 30,
          "word": "us",
          "originalText": "us",
          "characterOffsetBegin": 1644,
          "characterOffsetEnd": 1646,
          "before": " ",
          "after": ""
        },
        {
          "index": 31,
          "word": ".",
          "originalText": ".",
          "characterOffsetBegin": 1646,
          "characterOffsetEnd": 1647,
          "before": "",
          "after": ""
        }
      ]
    },
    {
      "index": 28,
      "tokens": [
        {
          "index": 1,
          "word": "@highlight",
          "originalText": "@highlight",
          "characterOffsetBegin": 1649,
          "characterOffsetEnd": 1659,
          "before": "",
          "after": ""
        }
      ]
    },
    {
      "index": 29,
      "tokens": [
        {
          "index": 1,
          "word": "Customer",
          "originalText": "Customer",
          "characterOffsetBegin": 1661,
          "characterOffsetEnd": 1669,
          "before": "",
          "after": ""
        },
        {
          "index": 2,
          "word": ":",
          "originalText": ":",
          "characterOffsetBegin": 1669,
          "characterOffsetEnd": 1670,
          "before": "",
          "after": " "
        },
        {
          "index": 3,
          "word": "@AmericanAir",
          "originalText": "@AmericanAir",
          "characterOffsetBegin": 1671,
          "characterOffsetEnd": 1683,
          "before": " ",
          "after": " "
        },
        {
          "index": 4,
          "word": "in",
          "originalText": "in",
          "characterOffsetBegin": 1684,
          "characterOffsetEnd": 1686,
          "before": " ",
          "after": " "
        },
        {
          "index": 5,
          "word": "Miami",
          "originalText": "Miami",
          "characterOffsetBegin": 1687,
          "characterOffsetEnd": 1692,
          "before": " ",
          "after": " "
        },
        {
          "index": 6,
          "word": "Airport",
          "originalText": "Airport",
          "characterOffsetBegin": 1693,
          "characterOffsetEnd": 1700,
          "before": " ",
          "after": ""
        },
        {
          "index": 7,
          "word": "...",
          "originalText": "...",
          "characterOffsetBegin": 1700,
          "characterOffsetEnd": 1703,
          "before": "",
          "after": ""
        },
        {
          "index": 8,
          "word": "where",
          "originalText": "where",
          "characterOffsetBegin": 1703,
          "characterOffsetEnd": 1708,
          "before": "",
          "after": " "
        },
        {
          "index": 9,
          "word": "do",
          "originalText": "do",
          "characterOffsetBegin": 1709,
          "characterOffsetEnd": 1711,
          "before": " ",
          "after": " "
        },
        {
          "index": 10,
          "word": "I",
          "originalText": "I",
          "characterOffsetBegin": 1712,
          "characterOffsetEnd": 1713,
          "before": " ",
          "after": " "
        },
        {
          "index": 11,
          "word": "start",
          "originalText": "start",
          "characterOffsetBegin": 1714,
          "characterOffsetEnd": 1719,
          "before": " ",
          "after": ""
        },
        {
          "index": 12,
          "word": ".",
          "originalText": ".",
          "characterOffsetBegin": 1719,
          "characterOffsetEnd": 1720,
          "before": "",
          "after": ""
        }
      ]
    },
    {
      "index": 30,
      "tokens": [
        {
          "index": 1,
          "word": ".",
          "originalText": ".",
          "characterOffsetBegin": 1720,
          "characterOffsetEnd": 1721,
          "before": "",
          "after": ""
        }
      ]
    },
    {
      "index": 31,
      "tokens": [
        {
          "index": 1,
          "word": "I",
          "originalText": "I",
          "characterOffsetBegin": 1721,
          "characterOffsetEnd": 1722,
          "before": "",
          "after": ""
        },
        {
          "index": 2,
          "word": "'ll",
          "originalText": "’ll",
          "characterOffsetBegin": 1722,
          "characterOffsetEnd": 1725,
          "before": "",
          "after": " "
        },
        {
          "index": 3,
          "word": "never",
          "originalText": "never",
          "characterOffsetBegin": 1726,
          "characterOffsetEnd": 1731,
          "before": " ",
          "after": " "
        },
        {
          "index": 4,
          "word": "fly",
          "originalText": "fly",
          "characterOffsetBegin": 1732,
          "characterOffsetEnd": 1735,
          "before": " ",
          "after": " "
        },
        {
          "index": 5,
          "word": "you",
          "originalText": "you",
          "characterOffsetBegin": 1736,
          "characterOffsetEnd": 1739,
          "before": " ",
          "after": " "
        },
        {
          "index": 6,
          "word": "guys",
          "originalText": "guys",
          "characterOffsetBegin": 1740,
          "characterOffsetEnd": 1744,
          "before": " ",
          "after": " "
        },
        {
          "index": 7,
          "word": "again",
          "originalText": "again",
          "characterOffsetBegin": 1745,
          "characterOffsetEnd": 1750,
          "before": " ",
          "after": ""
        },
        {
          "index": 8,
          "word": ".",
          "originalText": ".",
          "characterOffsetBegin": 1750,
          "characterOffsetEnd": 1751,
          "before": "",
          "after": ""
        }
      ]
    },
    {
      "index": 32,
      "tokens": [
        {
          "index": 1,
          "word": "@highlight",
          "originalText": "@highlight",
          "characterOffsetBegin": 1753,
          "characterOffsetEnd": 1763,
          "before": "",
          "after": ""
        }
      ]
    },
    {
      "index": 33,
      "tokens": [
        {
          "index": 1,
          "word": "Your",
          "originalText": "Your",
          "characterOffsetBegin": 1765,
          "characterOffsetEnd": 1769,
          "before": "",
          "after": " "
        },
        {
          "index": 2,
          "word": "supervisor",
          "originalText": "supervisor",
          "characterOffsetBegin": 1770,
          "characterOffsetEnd": 1780,
          "before": " ",
          "after": " "
        },
        {
          "index": 3,
          "word": "is",
          "originalText": "is",
          "characterOffsetBegin": 1781,
          "characterOffsetEnd": 1783,
          "before": " ",
          "after": " "
        },
        {
          "index": 4,
          "word": "not",
          "originalText": "not",
          "characterOffsetBegin": 1784,
          "characterOffsetEnd": 1787,
          "before": " ",
          "after": " "
        },
        {
          "index": 5,
          "word": "customer",
          "originalText": "customer",
          "characterOffsetBegin": 1788,
          "characterOffsetEnd": 1796,
          "before": " ",
          "after": " "
        },
        {
          "index": 6,
          "word": "focus",
          "originalText": "focus",
          "characterOffsetBegin": 1797,
          "characterOffsetEnd": 1802,
          "before": " ",
          "after": ""
        },
        {
          "index": 7,
          "word": ".",
          "originalText": ".",
          "characterOffsetBegin": 1802,
          "characterOffsetEnd": 1803,
          "before": "",
          "after": ""
        }
      ]
    },
    {
      "index": 34,
      "tokens": [
        {
          "index": 1,
          "word": "@highlight",
          "originalText": "@highlight",
          "characterOffsetBegin": 1805,
          "characterOffsetEnd": 1815,
          "before": "",
          "after": ""
        }
      ]
    },
    {
      "index": 35,
      "tokens": [
        {
          "index": 1,
          "word": "Your",
          "originalText": "Your",
          "characterOffsetBegin": 1817,
          "characterOffsetEnd": 1821,
          "before": "",
          "after": " "
        },
        {
          "index": 2,
          "word": "check",
          "originalText": "check",
          "characterOffsetBegin": 1822,
          "characterOffsetEnd": 1827,
          "before": " ",
          "after": " "
        },
        {
          "index": 3,
          "word": "in/Drop",
          "originalText": "in/Drop",
          "characterOffsetBegin": 1828,
          "characterOffsetEnd": 1835,
          "before": " ",
          "after": " "
        },
        {
          "index": 4,
          "word": "kiosk",
          "originalText": "kiosk",
          "characterOffsetBegin": 1836,
          "characterOffsetEnd": 1841,
          "before": " ",
          "after": " "
        },
        {
          "index": 5,
          "word": "only",
          "originalText": "only",
          "characterOffsetBegin": 1842,
          "characterOffsetEnd": 1846,
          "before": " ",
          "after": " "
        },
        {
          "index": 6,
          "word": "has",
          "originalText": "has",
          "characterOffsetBegin": 1847,
          "characterOffsetEnd": 1850,
          "before": " ",
          "after": " "
        },
        {
          "index": 7,
          "word": "2",
          "originalText": "2",
          "characterOffsetBegin": 1851,
          "characterOffsetEnd": 1852,
          "before": " ",
          "after": " "
        },
        {
          "index": 8,
          "word": "people",
          "originalText": "people",
          "characterOffsetBegin": 1853,
          "characterOffsetEnd": 1859,
          "before": " ",
          "after": "  "
        },
        {
          "index": 9,
          "word": "with",
          "originalText": "with",
          "characterOffsetBegin": 1861,
          "characterOffsetEnd": 1865,
          "before": "  ",
          "after": " "
        },
        {
          "index": 10,
          "word": "a",
          "originalText": "a",
          "characterOffsetBegin": 1866,
          "characterOffsetEnd": 1867,
          "before": " ",
          "after": " "
        },
        {
          "index": 11,
          "word": "line",
          "originalText": "line",
          "characterOffsetBegin": 1868,
          "characterOffsetEnd": 1872,
          "before": " ",
          "after": "  "
        },
        {
          "index": 12,
          "word": "of",
          "originalText": "of",
          "characterOffsetBegin": 1874,
          "characterOffsetEnd": 1876,
          "before": "  ",
          "after": " "
        },
        {
          "index": 13,
          "word": "people",
          "originalText": "people",
          "characterOffsetBegin": 1877,
          "characterOffsetEnd": 1883,
          "before": " ",
          "after": " "
        },
        {
          "index": 14,
          "word": "while",
          "originalText": "while",
          "characterOffsetBegin": 1884,
          "characterOffsetEnd": 1889,
          "before": " ",
          "after": " "
        },
        {
          "index": 15,
          "word": "people",
          "originalText": "people",
          "characterOffsetBegin": 1890,
          "characterOffsetEnd": 1896,
          "before": " ",
          "after": " "
        },
        {
          "index": 16,
          "word": "in",
          "originalText": "in",
          "characterOffsetBegin": 1897,
          "characterOffsetEnd": 1899,
          "before": " ",
          "after": " "
        },
        {
          "index": 17,
          "word": "back",
          "originalText": "back",
          "characterOffsetBegin": 1900,
          "characterOffsetEnd": 1904,
          "before": " ",
          "after": " "
        },
        {
          "index": 18,
          "word": "relaxing",
          "originalText": "relaxing",
          "characterOffsetBegin": 1905,
          "characterOffsetEnd": 1913,
          "before": " ",
          "after": ""
        },
        {
          "index": 19,
          "word": ".",
          "originalText": ".",
          "characterOffsetBegin": 1913,
          "characterOffsetEnd": 1914,
          "before": "",
          "after": ""
        }
      ]
    },
    {
      "index": 36,
      "tokens": [
        {
          "index": 1,
          "word": "@highlight",
          "originalText": "@highlight",
          "characterOffsetBegin": 1916,
          "characterOffsetEnd": 1926,
          "before": "",
          "after": ""
        }
      ]
    },
    {
      "index": 37,
      "tokens": [
        {
          "index": 1,
          "word": "Agent",
          "originalText": "Agent",
          "characterOffsetBegin": 1928,
          "characterOffsetEnd": 1933,
          "before": "",
          "after": ""
        },
        {
          "index": 2,
          "word": ":",
          "originalText": ":",
          "characterOffsetBegin": 1933,
          "characterOffsetEnd": 1934,
          "before": "",
          "after": " "
        },
        {
          "index": 3,
          "word": "@",
          "originalText": "@",
          "characterOffsetBegin": 1935,
          "characterOffsetEnd": 1936,
          "before": " ",
          "after": ""
        },
        {
          "index": 4,
          "word": "245717",
          "originalText": "245717",
          "characterOffsetBegin": 1936,
          "characterOffsetEnd": 1942,
          "before": "",
          "after": " "
        },
        {
          "index": 5,
          "word": "We",
          "originalText": "We",
          "characterOffsetBegin": 1943,
          "characterOffsetEnd": 1945,
          "before": " ",
          "after": " "
        },
        {
          "index": 6,
          "word": "care",
          "originalText": "care",
          "characterOffsetBegin": 1946,
          "characterOffsetEnd": 1950,
          "before": " ",
          "after": " "
        },
        {
          "index": 7,
          "word": "about",
          "originalText": "about",
          "characterOffsetBegin": 1951,
          "characterOffsetEnd": 1956,
          "before": " ",
          "after": " "
        },
        {
          "index": 8,
          "word": "your",
          "originalText": "your",
          "characterOffsetBegin": 1957,
          "characterOffsetEnd": 1961,
          "before": " ",
          "after": " "
        },
        {
          "index": 9,
          "word": "experience",
          "originalText": "experience",
          "characterOffsetBegin": 1962,
          "characterOffsetEnd": 1972,
          "before": " ",
          "after": " "
        },
        {
          "index": 10,
          "word": "and",
          "originalText": "and",
          "characterOffsetBegin": 1973,
          "characterOffsetEnd": 1976,
          "before": " ",
          "after": " "
        },
        {
          "index": 11,
          "word": "are",
          "originalText": "are",
          "characterOffsetBegin": 1977,
          "characterOffsetEnd": 1980,
          "before": " ",
          "after": " "
        },
        {
          "index": 12,
          "word": "here",
          "originalText": "here",
          "characterOffsetBegin": 1981,
          "characterOffsetEnd": 1985,
          "before": " ",
          "after": " "
        },
        {
          "index": 13,
          "word": "for",
          "originalText": "for",
          "characterOffsetBegin": 1986,
          "characterOffsetEnd": 1989,
          "before": " ",
          "after": " "
        },
        {
          "index": 14,
          "word": "you",
          "originalText": "you",
          "characterOffsetBegin": 1990,
          "characterOffsetEnd": 1993,
          "before": " ",
          "after": ""
        },
        {
          "index": 15,
          "word": ".",
          "originalText": ".",
          "characterOffsetBegin": 1993,
          "characterOffsetEnd": 1994,
          "before": "",
          "after": ""
        }
      ]
    },
    {
      "index": 38,
      "tokens": [
        {
          "index": 1,
          "word": "@highlight",
          "originalText": "@highlight",
          "characterOffsetBegin": 1996,
          "characterOffsetEnd": 2006,
          "before": "",
          "after": ""
        }
      ]
    },
    {
      "index": 39,
      "tokens": [
        {
          "index": 1,
          "word": "Did",
          "originalText": "Did",
          "characterOffsetBegin": 2008,
          "characterOffsetEnd": 2011,
          "before": "",
          "after": " "
        },
        {
          "index": 2,
          "word": "you",
          "originalText": "you",
          "characterOffsetBegin": 2012,
          "characterOffsetEnd": 2015,
          "before": " ",
          "after": " "
        },
        {
          "index": 3,
          "word": "need",
          "originalText": "need",
          "characterOffsetBegin": 2016,
          "characterOffsetEnd": 2020,
          "before": " ",
          "after": " "
        },
        {
          "index": 4,
          "word": "assistance",
          "originalText": "assistance",
          "characterOffsetBegin": 2021,
          "characterOffsetEnd": 2031,
          "before": " ",
          "after": " "
        },
        {
          "index": 5,
          "word": "with",
          "originalText": "with",
          "characterOffsetBegin": 2032,
          "characterOffsetEnd": 2036,
          "before": " ",
          "after": " "
        },
        {
          "index": 6,
          "word": "rebooking",
          "originalText": "rebooking",
          "characterOffsetBegin": 2037,
          "characterOffsetEnd": 2046,
          "before": " ",
          "after": ""
        },
        {
          "index": 7,
          "word": "?",
          "originalText": "?",
          "characterOffsetBegin": 2046,
          "characterOffsetEnd": 2047,
          "before": "",
          "after": ""
        }
      ]
    }
  ]
}