{
  "sentences": [
    {
      "index": 0,
      "tokens": [
        {
          "index": 1,
          "word": "Customer",
          "originalText": "Customer",
          "characterOffsetBegin": 0,
          "characterOffsetEnd": 8,
          "before": "",
          "after": ""
        },
        {
          "index": 2,
          "word": ":",
          "originalText": ":",
          "characterOffsetBegin": 8,
          "characterOffsetEnd": 9,
          "before": "",
          "after": " "
        },
        {
          "index": 3,
          "word": "@British_Airways",
          "originalText": "@British_Airways",
          "characterOffsetBegin": 10,
          "characterOffsetEnd": 26,
          "before": " ",
          "after": " "
        },
        {
          "index": 4,
          "word": "Just",
          "originalText": "Just",
          "characterOffsetBegin": 27,
          "characterOffsetEnd": 31,
          "before": " ",
          "after": " "
        },
        {
          "index": 5,
          "word": "paid",
          "originalText": "paid",
          "characterOffsetBegin": 32,
          "characterOffsetEnd": 36,
          "before": " ",
          "after": " "
        },
        {
          "index": 6,
          "word": "to",
          "originalText": "to",
          "characterOffsetBegin": 37,
          "characterOffsetEnd": 39,
          "before": " ",
          "after": " "
        },
        {
          "index": 7,
          "word": "reserve",
          "originalText": "reserve",
          "characterOffsetBegin": 40,
          "characterOffsetEnd": 47,
          "before": " ",
          "after": " "
        },
        {
          "index": 8,
          "word": "seats",
          "originalText": "seats",
          "characterOffsetBegin": 48,
          "characterOffsetEnd": 53,
          "before": " ",
          "after": " "
        },
        {
          "index": 9,
          "word": "as",
          "originalText": "as",
          "characterOffsetBegin": 54,
          "characterOffsetEnd": 56,
          "before": " ",
          "after": " "
        },
        {
          "index": 10,
          "word": "seat",
          "originalText": "seat",
          "characterOffsetBegin": 57,
          "characterOffsetEnd": 61,
          "before": " ",
          "after": " "
        },
        {
          "index": 11,
          "word": "planner",
          "originalText": "planner",
          "characterOffsetBegin": 62,
          "characterOffsetEnd": 69,
          "before": " ",
          "after": " "
        },
        {
          "index": 12,
          "word": "showing",
          "originalText": "showing",
          "characterOffsetBegin": 70,
          "characterOffsetEnd": 77,
          "before": " ",
          "after": " "
        },
        {
          "index": 13,
          "word": "4",
          "originalText": "4",
          "characterOffsetBegin": 78,
          "characterOffsetEnd": 79,
          "before": " ",
          "after": " "
        },
        {
          "index": 14,
          "word": "window",
          "originalText": "window",
          "characterOffsetBegin": 80,
          "characterOffsetEnd": 86,
          "before": " ",
          "after": " "
        },
        {
          "index": 15,
          "word": "seats",
          "originalText": "seats",
          "characterOffsetBegin": 87,
          "characterOffsetEnd": 92,
          "before": " ",
          "after": " "
        },
        {
          "index": 16,
          "word": "left",
          "originalText": "left",
          "characterOffsetBegin": 93,
          "characterOffsetEnd": 97,
          "before": " ",
          "after": ""
        },
        {
          "index": 17,
          "word": ",",
          "originalText": ",",
          "characterOffsetBegin": 97,
          "characterOffsetEnd": 98,
          "before": "",
          "after": " "
        },
        {
          "index": 18,
          "word": "after",
          "originalText": "after",
          "characterOffsetBegin": 99,
          "characterOffsetEnd": 104,
          "before": " ",
          "after": " "
        },
        {
          "index": 19,
          "word": "paying",
          "originalText": "paying",
          "characterOffsetBegin": 105,
          "characterOffsetEnd": 111,
          "before": " ",
          "after": ""
        },
        {
          "index": 20,
          "word": ",",
          "originalText": ",",
          "characterOffsetBegin": 111,
          "characterOffsetEnd": 112,
          "before": "",
          "after": " "
        },
        {
          "index": 21,
          "word": "20",
          "originalText": "20",
          "characterOffsetBegin": 113,
          "characterOffsetEnd": 115,
          "before": " ",
          "after": ""
        },
        {
          "index": 22,
          "word": "+",
          "originalText": "+",
          "characterOffsetBegin": 115,
          "characterOffsetEnd": 116,
          "before": "",
          "after": " "
        },
        {
          "index": 23,
          "word": "window",
          "originalText": "window",
          "characterOffsetBegin": 117,
          "characterOffsetEnd": 123,
          "before": " ",
          "after": " "
        },
        {
          "index": 24,
          "word": "seats",
          "originalText": "seats",
          "characterOffsetBegin": 124,
          "characterOffsetEnd": 129,
          "before": " ",
          "after": " "
        },
        {
          "index": 25,
          "word": "were",
          "originalText": "were",
          "characterOffsetBegin": 130,
          "characterOffsetEnd": 134,
          "before": " ",
          "after": " "
        },
        {
          "index": 26,
          "word": "available",
          "originalText": "available",
          "characterOffsetBegin": 135,
          "characterOffsetEnd": 144,
          "before": " ",
          "after": ""
        },
        {
          "index": 27,
          "word": "!",
          "originalText": "!",
          "characterOffsetBegin": 144,
          "characterOffsetEnd": 145,
          "before": "",
          "after": ""
        }
      ]
    },
    {
      "index": 1,
      "tokens": [
        {
          "index": 1,
          "word": "#con",
          "originalText": "#con",
          "characterOffsetBegin": 147,
          "characterOffsetEnd": 151,
          "before": "",
          "after": ""
        }
      ]
    },
    {
      "index": 2,
      "tokens": [
        {
          "index": 1,
          "word": "Agent",
          "originalText": "Agent",
          "characterOffsetBegin": 153,
          "characterOffsetEnd": 158,
          "before": "",
          "after": ""
        },
        {
          "index": 2,
          "word": ":",
          "originalText": ":",
          "characterOffsetBegin": 158,
          "characterOffsetEnd": 159,
          "before": "",
          "after": " "
        },
        {
          "index": 3,
          "word": "@",
          "originalText": "@",
          "characterOffsetBegin": 160,
          "characterOffsetEnd": 161,
          "before": " ",
          "after": ""
        },
        {
          "index": 4,
          "word": "199773",
          "originalText": "199773",
          "characterOffsetBegin": 161,
          "characterOffsetEnd": 167,
          "before": "",
          "after": " "
        },
        {
          "index": 5,
          "word": "That",
          "originalText": "That",
          "characterOffsetBegin": 168,
          "characterOffsetEnd": 172,
          "before": " ",
          "after": ""
        },
        {
          "index": 6,
          "word": "'s",
          "originalText": "'s",
          "characterOffsetBegin": 172,
          "characterOffsetEnd": 174,
          "before": "",
          "after": " "
        },
        {
          "index": 7,
          "word": "odd",
          "originalText": "odd",
          "characterOffsetBegin": 175,
          "characterOffsetEnd": 178,
          "before": " ",
          "after": ""
        },
        {
          "index": 8,
          "word": ",",
          "originalText": ",",
          "characterOffsetBegin": 178,
          "characterOffsetEnd": 179,
          "before": "",
          "after": " "
        },
        {
          "index": 9,
          "word": "Robert",
          "originalText": "Robert",
          "characterOffsetBegin": 180,
          "characterOffsetEnd": 186,
          "before": " ",
          "after": ""
        },
        {
          "index": 10,
          "word": "!",
          "originalText": "!",
          "characterOffsetBegin": 186,
          "characterOffsetEnd": 187,
          "before": "",
          "after": ""
        }
      ]
    },
    {
      "index": 3,
      "tokens": [
        {
          "index": 1,
          "word": "If",
          "originalText": "If",
          "characterOffsetBegin": 189,
          "characterOffsetEnd": 191,
          "before": "",
          "after": " "
        },
        {
          "index": 2,
          "word": "you",
          "originalText": "you",
          "characterOffsetBegin": 192,
          "characterOffsetEnd": 195,
          "before": " ",
          "after": " "
        },
        {
          "index": 3,
          "word": "let",
          "originalText": "let",
          "characterOffsetBegin": 196,
          "characterOffsetEnd": 199,
          "before": " ",
          "after": " "
        },
        {
          "index": 4,
          "word": "me",
          "originalText": "me",
          "characterOffsetBegin": 200,
          "characterOffsetEnd": 202,
          "before": " ",
          "after": " "
        },
        {
          "index": 5,
          "word": "know",
          "originalText": "know",
          "characterOffsetBegin": 203,
          "characterOffsetEnd": 207,
          "before": " ",
          "after": " "
        },
        {
          "index": 6,
          "word": "your",
          "originalText": "your",
          "characterOffsetBegin": 208,
          "characterOffsetEnd": 212,
          "before": " ",
          "after": " "
        },
        {
          "index": 7,
          "word": "flight",
          "originalText": "flight",
          "characterOffsetBegin": 213,
          "characterOffsetEnd": 219,
          "before": " ",
          "after": " "
        },
        {
          "index": 8,
          "word": "details",
          "originalText": "details",
          "characterOffsetBegin": 220,
          "characterOffsetEnd": 227,
          "before": " ",
          "after": ""
        },
        {
          "index": 9,
          "word": ",",
          "originalText": ",",
          "characterOffsetBegin": 227,
          "characterOffsetEnd": 228,
          "before": "",
          "after": " "
        },
        {
          "index": 10,
          "word": "I",
          "originalText": "I",
          "characterOffsetBegin": 229,
          "characterOffsetEnd": 230,
          "before": " ",
          "after": ""
        },
        {
          "index": 11,
          "word": "'ll",
          "originalText": "'ll",
          "characterOffsetBegin": 230,
          "characterOffsetEnd": 233,
          "before": "",
          "after": " "
        },
        {
          "index": 12,
          "word": "feed",
          "originalText": "feed",
          "characterOffsetBegin": 234,
          "characterOffsetEnd": 238,
          "before": " ",
          "after": " "
        },
        {
          "index": 13,
          "word": "it",
          "originalText": "it",
          "characterOffsetBegin": 239,
          "characterOffsetEnd": 241,
          "before": " ",
          "after": " "
        },
        {
          "index": 14,
          "word": "back",
          "originalText": "back",
          "characterOffsetBegin": 242,
          "characterOffsetEnd": 246,
          "before": " ",
          "after": " "
        },
        {
          "index": 15,
          "word": "for",
          "originalText": "for",
          "characterOffsetBegin": 247,
          "characterOffsetEnd": 250,
          "before": " ",
          "after": " "
        },
        {
          "index": 16,
          "word": "you",
          "originalText": "you",
          "characterOffsetBegin": 251,
          "characterOffsetEnd": 254,
          "before": " ",
          "after": ""
        },
        {
          "index": 17,
          "word": ".",
          "originalText": ".",
          "characterOffsetBegin": 254,
          "characterOffsetEnd": 255,
          "before": "",
          "after": ""
        }
      ]
    },
    {
      "index": 4,
      "tokens": [
        {
          "index": 1,
          "word": "Are",
          "originalText": "Are",
          "characterOffsetBegin": 257,
          "characterOffsetEnd": 260,
          "before": "",
          "after": " "
        },
        {
          "index": 2,
          "word": "you",
          "originalText": "you",
          "characterOffsetBegin": 261,
          "characterOffsetEnd": 264,
          "before": " ",
          "after": " "
        },
        {
          "index": 3,
          "word": "flying",
          "originalText": "flying",
          "characterOffsetBegin": 265,
          "characterOffsetEnd": 271,
          "before": " ",
          "after": " "
        },
        {
          "index": 4,
          "word": "in",
          "originalText": "in",
          "characterOffsetBegin": 272,
          "characterOffsetEnd": 274,
          "before": " ",
          "after": " "
        },
        {
          "index": 5,
          "word": "the",
          "originalText": "the",
          "characterOffsetBegin": 275,
          "characterOffsetEnd": 278,
          "before": " ",
          "after": " "
        },
        {
          "index": 6,
          "word": "next",
          "originalText": "next",
          "characterOffsetBegin": 279,
          "characterOffsetEnd": 283,
          "before": " ",
          "after": " "
        },
        {
          "index": 7,
          "word": "few",
          "originalText": "few",
          "characterOffsetBegin": 284,
          "characterOffsetEnd": 287,
          "before": " ",
          "after": " "
        },
        {
          "index": 8,
          "word": "days",
          "originalText": "days",
          "characterOffsetBegin": 288,
          "characterOffsetEnd": 292,
          "before": " ",
          "after": ""
        },
        {
          "index": 9,
          "word": "?",
          "originalText": "?",
          "characterOffsetBegin": 292,
          "characterOffsetEnd": 293,
          "before": "",
          "after": ""
        }
      ]
    },
    {
      "index": 5,
      "tokens": [
        {
          "index": 1,
          "word": "If",
          "originalText": "If",
          "characterOffsetBegin": 295,
          "characterOffsetEnd": 297,
          "before": "",
          "after": " "
        },
        {
          "index": 2,
          "word": "so",
          "originalText": "so",
          "characterOffsetBegin": 298,
          "characterOffsetEnd": 300,
          "before": " ",
          "after": ""
        },
        {
          "index": 3,
          "word": ",",
          "originalText": ",",
          "characterOffsetBegin": 300,
          "characterOffsetEnd": 301,
          "before": "",
          "after": " "
        },
        {
          "index": 4,
          "word": "some",
          "originalText": "some",
          "characterOffsetBegin": 302,
          "characterOffsetEnd": 306,
          "before": " ",
          "after": " "
        },
        {
          "index": 5,
          "word": "1/2",
          "originalText": "1/2",
          "characterOffsetBegin": 307,
          "characterOffsetEnd": 310,
          "before": " ",
          "after": ""
        }
      ]
    },
    {
      "index": 6,
      "tokens": [
        {
          "index": 1,
          "word": "Agent",
          "originalText": "Agent",
          "characterOffsetBegin": 312,
          "characterOffsetEnd": 317,
          "before": "",
          "after": ""
        },
        {
          "index": 2,
          "word": ":",
          "originalText": ":",
          "characterOffsetBegin": 317,
          "characterOffsetEnd": 318,
          "before": "",
          "after": " "
        },
        {
          "index": 3,
          "word": "@",
          "originalText": "@",
          "characterOffsetBegin": 319,
          "characterOffsetEnd": 320,
          "before": " ",
          "after": ""
        },
        {
          "index": 4,
          "word": "199773",
          "originalText": "199773",
          "characterOffsetBegin": 320,
          "characterOffsetEnd": 326,
          "before": "",
          "after": " "
        },
        {
          "index": 5,
          "word": "seats",
          "originalText": "seats",
          "characterOffsetBegin": 327,
          "characterOffsetEnd": 332,
          "before": " ",
          "after": " "
        },
        {
          "index": 6,
          "word": "could",
          "originalText": "could",
          "characterOffsetBegin": 333,
          "characterOffsetEnd": 338,
          "before": " ",
          "after": " "
        },
        {
          "index": 7,
          "word": "have",
          "originalText": "have",
          "characterOffsetBegin": 339,
          "characterOffsetEnd": 343,
          "before": " ",
          "after": " "
        },
        {
          "index": 8,
          "word": "been",
          "originalText": "been",
          "characterOffsetBegin": 344,
          "characterOffsetEnd": 348,
          "before": " ",
          "after": " "
        },
        {
          "index": 9,
          "word": "released",
          "originalText": "released",
          "characterOffsetBegin": 349,
          "characterOffsetEnd": 357,
          "before": " ",
          "after": " "
        },
        {
          "index": 10,
          "word": "by",
          "originalText": "by",
          "characterOffsetBegin": 358,
          "characterOffsetEnd": 360,
          "before": " ",
          "after": " "
        },
        {
          "index": 11,
          "word": "our",
          "originalText": "our",
          "characterOffsetBegin": 361,
          "characterOffsetEnd": 364,
          "before": " ",
          "after": " "
        },
        {
          "index": 12,
          "word": "seating",
          "originalText": "seating",
          "characterOffsetBegin": 365,
          "characterOffsetEnd": 372,
          "before": " ",
          "after": " "
        },
        {
          "index": 13,
          "word": "team",
          "originalText": "team",
          "characterOffsetBegin": 373,
          "characterOffsetEnd": 377,
          "before": " ",
          "after": ""
        },
        {
          "index": 14,
          "word": ",",
          "originalText": ",",
          "characterOffsetBegin": 377,
          "characterOffsetEnd": 378,
          "before": "",
          "after": " "
        },
        {
          "index": 15,
          "word": "as",
          "originalText": "as",
          "characterOffsetBegin": 379,
          "characterOffsetEnd": 381,
          "before": " ",
          "after": " "
        },
        {
          "index": 16,
          "word": "the",
          "originalText": "the",
          "characterOffsetBegin": 382,
          "characterOffsetEnd": 385,
          "before": " ",
          "after": " "
        },
        {
          "index": 17,
          "word": "often",
          "originalText": "often",
          "characterOffsetBegin": 386,
          "characterOffsetEnd": 391,
          "before": " ",
          "after": " "
        },
        {
          "index": 18,
          "word": "hold",
          "originalText": "hold",
          "characterOffsetBegin": 392,
          "characterOffsetEnd": 396,
          "before": " ",
          "after": " "
        },
        {
          "index": 19,
          "word": "the",
          "originalText": "the",
          "characterOffsetBegin": 397,
          "characterOffsetEnd": 400,
          "before": " ",
          "after": " "
        },
        {
          "index": 20,
          "word": "front",
          "originalText": "front",
          "characterOffsetBegin": 401,
          "characterOffsetEnd": 406,
          "before": " ",
          "after": " "
        },
        {
          "index": 21,
          "word": "rows",
          "originalText": "rows",
          "characterOffsetBegin": 407,
          "characterOffsetEnd": 411,
          "before": " ",
          "after": " "
        },
        {
          "index": 22,
          "word": "until",
          "originalText": "until",
          "characterOffsetBegin": 412,
          "characterOffsetEnd": 417,
          "before": " ",
          "after": " "
        },
        {
          "index": 23,
          "word": "the",
          "originalText": "the",
          "characterOffsetBegin": 418,
          "characterOffsetEnd": 421,
          "before": " ",
          "after": " "
        },
        {
          "index": 24,
          "word": "aircraft",
          "originalText": "aircraft",
          "characterOffsetBegin": 422,
          "characterOffsetEnd": 430,
          "before": " ",
          "after": " "
        },
        {
          "index": 25,
          "word": "configuration",
          "originalText": "configuration",
          "characterOffsetBegin": 431,
          "characterOffsetEnd": 444,
          "before": " ",
          "after": " "
        },
        {
          "index": 26,
          "word": "is",
          "originalText": "is",
          "characterOffsetBegin": 445,
          "characterOffsetEnd": 447,
          "before": " ",
          "after": " "
        },
        {
          "index": 27,
          "word": "set",
          "originalText": "set",
          "characterOffsetBegin": 448,
          "characterOffsetEnd": 451,
          "before": " ",
          "after": ""
        },
        {
          "index": 28,
          "word": ".",
          "originalText": ".",
          "characterOffsetBegin": 451,
          "characterOffsetEnd": 452,
          "before": "",
          "after": ""
        }
      ]
    },
    {
      "index": 7,
      "tokens": [
        {
          "index": 1,
          "word": "^",
          "originalText": "^",
          "characterOffsetBegin": 454,
          "characterOffsetEnd": 455,
          "before": "",
          "after": ""
        },
        {
          "index": 2,
          "word": "BS",
          "originalText": "BS",
          "characterOffsetBegin": 455,
          "characterOffsetEnd": 457,
          "before": "",
          "after": " "
        },
        {
          "index": 3,
          "word": "2/2",
          "originalText": "2/2",
          "characterOffsetBegin": 458,
          "characterOffsetEnd": 461,
          "before": " ",
          "after": ""
        }
      ]
    },
    {
      "index": 8,
      "tokens": [
        {
          "index": 1,
          "word": "Customer",
          "originalText": "Customer",
          "characterOffsetBegin": 463,
          "characterOffsetEnd": 471,
          "before": "",
          "after": ""
        },
        {
          "index": 2,
          "word": ":",
          "originalText": ":",
          "characterOffsetBegin": 471,
          "characterOffsetEnd": 472,
          "before": "",
          "after": " "
        },
        {
          "index": 3,
          "word": "@British_Airways",
          "originalText": "@British_Airways",
          "characterOffsetBegin": 473,
          "characterOffsetEnd": 489,
          "before": " ",
          "after": " "
        },
        {
          "index": 4,
          "word": "we",
          "originalText": "we",
          "characterOffsetBegin": 490,
          "characterOffsetEnd": 492,
          "before": " ",
          "after": " "
        },
        {
          "index": 5,
          "word": "fly",
          "originalText": "fly",
          "characterOffsetBegin": 493,
          "characterOffsetEnd": 496,
          "before": " ",
          "after": " "
        },
        {
          "index": 6,
          "word": "tom",
          "originalText": "tom",
          "characterOffsetBegin": 497,
          "characterOffsetEnd": 500,
          "before": " ",
          "after": " "
        },
        {
          "index": 7,
          "word": "BA0057",
          "originalText": "BA0057",
          "characterOffsetBegin": 501,
          "characterOffsetEnd": 507,
          "before": " ",
          "after": ""
        },
        {
          "index": 8,
          "word": ".",
          "originalText": ".",
          "characterOffsetBegin": 507,
          "characterOffsetEnd": 508,
          "before": "",
          "after": ""
        }
      ]
    },
    {
      "index": 9,
      "tokens": [
        {
          "index": 1,
          "word": "Fri",
          "originalText": "Fri",
          "characterOffsetBegin": 510,
          "characterOffsetEnd": 513,
          "before": "",
          "after": " "
        },
        {
          "index": 2,
          "word": "there",
          "originalText": "there",
          "characterOffsetBegin": 514,
          "characterOffsetEnd": 519,
          "before": " ",
          "after": " "
        },
        {
          "index": 3,
          "word": "were",
          "originalText": "were",
          "characterOffsetBegin": 520,
          "characterOffsetEnd": 524,
          "before": " ",
          "after": " "
        },
        {
          "index": 4,
          "word": "well",
          "originalText": "well",
          "characterOffsetBegin": 525,
          "characterOffsetEnd": 529,
          "before": " ",
          "after": " "
        },
        {
          "index": 5,
          "word": "over",
          "originalText": "over",
          "characterOffsetBegin": 530,
          "characterOffsetEnd": 534,
          "before": " ",
          "after": " "
        },
        {
          "index": 6,
          "word": "100",
          "originalText": "100",
          "characterOffsetBegin": 535,
          "characterOffsetEnd": 538,
          "before": " ",
          "after": " "
        },
        {
          "index": 7,
          "word": "free",
          "originalText": "free",
          "characterOffsetBegin": 539,
          "characterOffsetEnd": 543,
          "before": " ",
          "after": " "
        },
        {
          "index": 8,
          "word": "seats",
          "originalText": "seats",
          "characterOffsetBegin": 544,
          "characterOffsetEnd": 549,
          "before": " ",
          "after": " "
        },
        {
          "index": 9,
          "word": "in",
          "originalText": "in",
          "characterOffsetBegin": 550,
          "characterOffsetEnd": 552,
          "before": " ",
          "after": " "
        },
        {
          "index": 10,
          "word": "economy",
          "originalText": "economy",
          "characterOffsetBegin": 553,
          "characterOffsetEnd": 560,
          "before": " ",
          "after": " "
        },
        {
          "index": 11,
          "word": "yesterday",
          "originalText": "yesterday",
          "characterOffsetBegin": 561,
          "characterOffsetEnd": 570,
          "before": " ",
          "after": " "
        },
        {
          "index": 12,
          "word": "barely",
          "originalText": "barely",
          "characterOffsetBegin": 571,
          "characterOffsetEnd": 577,
          "before": " ",
          "after": " "
        },
        {
          "index": 13,
          "word": "25",
          "originalText": "25",
          "characterOffsetBegin": 578,
          "characterOffsetEnd": 580,
          "before": " ",
          "after": ""
        },
        {
          "index": 14,
          "word": ",",
          "originalText": ",",
          "characterOffsetBegin": 580,
          "characterOffsetEnd": 581,
          "before": "",
          "after": " "
        },
        {
          "index": 15,
          "word": "once",
          "originalText": "once",
          "characterOffsetBegin": 582,
          "characterOffsetEnd": 586,
          "before": " ",
          "after": " "
        },
        {
          "index": 16,
          "word": "paid",
          "originalText": "paid",
          "characterOffsetBegin": 587,
          "characterOffsetEnd": 591,
          "before": " ",
          "after": " "
        },
        {
          "index": 17,
          "word": "over",
          "originalText": "over",
          "characterOffsetBegin": 592,
          "characterOffsetEnd": 596,
          "before": " ",
          "after": " "
        },
        {
          "index": 18,
          "word": "100",
          "originalText": "100",
          "characterOffsetBegin": 597,
          "characterOffsetEnd": 600,
          "before": " ",
          "after": " "
        },
        {
          "index": 19,
          "word": "again",
          "originalText": "again",
          "characterOffsetBegin": 601,
          "characterOffsetEnd": 606,
          "before": " ",
          "after": ""
        },
        {
          "index": 20,
          "word": "?!",
          "originalText": "?!",
          "characterOffsetBegin": 606,
          "characterOffsetEnd": 608,
          "before": "",
          "after": ""
        }
      ]
    },
    {
      "index": 10,
      "tokens": [
        {
          "index": 1,
          "word": "1/2",
          "originalText": "1/2",
          "characterOffsetBegin": 610,
          "characterOffsetEnd": 613,
          "before": "",
          "after": ""
        }
      ]
    },
    {
      "index": 11,
      "tokens": [
        {
          "index": 1,
          "word": "Customer",
          "originalText": "Customer",
          "characterOffsetBegin": 615,
          "characterOffsetEnd": 623,
          "before": "",
          "after": ""
        },
        {
          "index": 2,
          "word": ":",
          "originalText": ":",
          "characterOffsetBegin": 623,
          "characterOffsetEnd": 624,
          "before": "",
          "after": " "
        },
        {
          "index": 3,
          "word": "@British_Airways",
          "originalText": "@British_Airways",
          "characterOffsetBegin": 625,
          "characterOffsetEnd": 641,
          "before": " ",
          "after": " "
        },
        {
          "index": 4,
          "word": "2/2",
          "originalText": "2/2",
          "characterOffsetBegin": 642,
          "characterOffsetEnd": 645,
          "before": " ",
          "after": " "
        },
        {
          "index": 5,
          "word": "seat",
          "originalText": "seat",
          "characterOffsetBegin": 646,
          "characterOffsetEnd": 650,
          "before": " ",
          "after": " "
        },
        {
          "index": 6,
          "word": "booking",
          "originalText": "booking",
          "characterOffsetBegin": 651,
          "characterOffsetEnd": 658,
          "before": " ",
          "after": " "
        },
        {
          "index": 7,
          "word": "gives",
          "originalText": "gives",
          "characterOffsetBegin": 659,
          "characterOffsetEnd": 664,
          "before": " ",
          "after": " "
        },
        {
          "index": 8,
          "word": "impression",
          "originalText": "impression",
          "characterOffsetBegin": 665,
          "characterOffsetEnd": 675,
          "before": " ",
          "after": " "
        },
        {
          "index": 9,
          "word": "most",
          "originalText": "most",
          "characterOffsetBegin": 676,
          "characterOffsetEnd": 680,
          "before": " ",
          "after": " "
        },
        {
          "index": 10,
          "word": "seats",
          "originalText": "seats",
          "characterOffsetBegin": 681,
          "characterOffsetEnd": 686,
          "before": " ",
          "after": " "
        },
        {
          "index": 11,
          "word": "booked",
          "originalText": "booked",
          "characterOffsetBegin": 687,
          "characterOffsetEnd": 693,
          "before": " ",
          "after": " "
        },
        {
          "index": 12,
          "word": "to",
          "originalText": "to",
          "characterOffsetBegin": 694,
          "characterOffsetEnd": 696,
          "before": " ",
          "after": " "
        },
        {
          "index": 13,
          "word": "push",
          "originalText": "push",
          "characterOffsetBegin": 697,
          "characterOffsetEnd": 701,
          "before": " ",
          "after": " "
        },
        {
          "index": 14,
          "word": "people",
          "originalText": "people",
          "characterOffsetBegin": 702,
          "characterOffsetEnd": 708,
          "before": " ",
          "after": " "
        },
        {
          "index": 15,
          "word": "to",
          "originalText": "to",
          "characterOffsetBegin": 709,
          "characterOffsetEnd": 711,
          "before": " ",
          "after": " "
        },
        {
          "index": 16,
          "word": "pay",
          "originalText": "pay",
          "characterOffsetBegin": 712,
          "characterOffsetEnd": 715,
          "before": " ",
          "after": ""
        },
        {
          "index": 17,
          "word": ",",
          "originalText": ",",
          "characterOffsetBegin": 715,
          "characterOffsetEnd": 716,
          "before": "",
          "after": " "
        },
        {
          "index": 18,
          "word": "then",
          "originalText": "then",
          "characterOffsetBegin": 717,
          "characterOffsetEnd": 721,
          "before": " ",
          "after": " "
        },
        {
          "index": 19,
          "word": "after",
          "originalText": "after",
          "characterOffsetBegin": 722,
          "characterOffsetEnd": 727,
          "before": " ",
          "after": " "
        },
        {
          "index": 20,
          "word": "paying",
          "originalText": "paying",
          "characterOffsetBegin": 728,
          "characterOffsetEnd": 734,
          "before": " ",
          "after": ""
        },
        {
          "index": 21,
          "word": ",",
          "originalText": ",",
          "characterOffsetBegin": 734,
          "characterOffsetEnd": 735,
          "before": "",
          "after": " "
        },
        {
          "index": 22,
          "word": "find",
          "originalText": "find",
          "characterOffsetBegin": 736,
          "characterOffsetEnd": 740,
          "before": " ",
          "after": " "
        },
        {
          "index": 23,
          "word": "many",
          "originalText": "many",
          "characterOffsetBegin": 741,
          "characterOffsetEnd": 745,
          "before": " ",
          "after": " "
        },
        {
          "index": 24,
          "word": "still",
          "originalText": "still",
          "characterOffsetBegin": 746,
          "characterOffsetEnd": 751,
          "before": " ",
          "after": " "
        },
        {
          "index": 25,
          "word": "available",
          "originalText": "available",
          "characterOffsetBegin": 752,
          "characterOffsetEnd": 761,
          "before": " ",
          "after": ""
        },
        {
          "index": 26,
          "word": ".",
          "originalText": ".",
          "characterOffsetBegin": 761,
          "characterOffsetEnd": 762,
          "before": "",
          "after": ""
        }
      ]
    },
    {
      "index": 12,
      "tokens": [
        {
          "index": 1,
          "word": "Customer",
          "originalText": "Customer",
          "characterOffsetBegin": 764,
          "characterOffsetEnd": 772,
          "before": "",
          "after": ""
        },
        {
          "index": 2,
          "word": ":",
          "originalText": ":",
          "characterOffsetBegin": 772,
          "characterOffsetEnd": 773,
          "before": "",
          "after": " "
        },
        {
          "index": 3,
          "word": "@British_Airways",
          "originalText": "@British_Airways",
          "characterOffsetBegin": 774,
          "characterOffsetEnd": 790,
          "before": " ",
          "after": " "
        },
        {
          "index": 4,
          "word": "we",
          "originalText": "we",
          "characterOffsetBegin": 791,
          "characterOffsetEnd": 793,
          "before": " ",
          "after": " "
        },
        {
          "index": 5,
          "word": "fly",
          "originalText": "fly",
          "characterOffsetBegin": 794,
          "characterOffsetEnd": 797,
          "before": " ",
          "after": " "
        },
        {
          "index": 6,
          "word": "tom",
          "originalText": "tom",
          "characterOffsetBegin": 798,
          "characterOffsetEnd": 801,
          "before": " ",
          "after": " "
        },
        {
          "index": 7,
          "word": "BA0057",
          "originalText": "BA0057",
          "characterOffsetBegin": 802,
          "characterOffsetEnd": 808,
          "before": " ",
          "after": ""
        },
        {
          "index": 8,
          "word": ".",
          "originalText": ".",
          "characterOffsetBegin": 808,
          "characterOffsetEnd": 809,
          "before": "",
          "after": ""
        }
      ]
    },
    {
      "index": 13,
      "tokens": [
        {
          "index": 1,
          "word": "Fri",
          "originalText": "Fri",
          "characterOffsetBegin": 811,
          "characterOffsetEnd": 814,
          "before": "",
          "after": " "
        },
        {
          "index": 2,
          "word": "there",
          "originalText": "there",
          "characterOffsetBegin": 815,
          "characterOffsetEnd": 820,
          "before": " ",
          "after": " "
        },
        {
          "index": 3,
          "word": "were",
          "originalText": "were",
          "characterOffsetBegin": 821,
          "characterOffsetEnd": 825,
          "before": " ",
          "after": " "
        },
        {
          "index": 4,
          "word": "well",
          "originalText": "well",
          "characterOffsetBegin": 826,
          "characterOffsetEnd": 830,
          "before": " ",
          "after": " "
        },
        {
          "index": 5,
          "word": "over",
          "originalText": "over",
          "characterOffsetBegin": 831,
          "characterOffsetEnd": 835,
          "before": " ",
          "after": " "
        },
        {
          "index": 6,
          "word": "100",
          "originalText": "100",
          "characterOffsetBegin": 836,
          "characterOffsetEnd": 839,
          "before": " ",
          "after": " "
        },
        {
          "index": 7,
          "word": "free",
          "originalText": "free",
          "characterOffsetBegin": 840,
          "characterOffsetEnd": 844,
          "before": " ",
          "after": " "
        },
        {
          "index": 8,
          "word": "seats",
          "originalText": "seats",
          "characterOffsetBegin": 845,
          "characterOffsetEnd": 850,
          "before": " ",
          "after": " "
        },
        {
          "index": 9,
          "word": "in",
          "originalText": "in",
          "characterOffsetBegin": 851,
          "characterOffsetEnd": 853,
          "before": " ",
          "after": " "
        },
        {
          "index": 10,
          "word": "economy",
          "originalText": "economy",
          "characterOffsetBegin": 854,
          "characterOffsetEnd": 861,
          "before": " ",
          "after": " "
        },
        {
          "index": 11,
          "word": "yesterday",
          "originalText": "yesterday",
          "characterOffsetBegin": 862,
          "characterOffsetEnd": 871,
          "before": " ",
          "after": " "
        },
        {
          "index": 12,
          "word": "barely",
          "originalText": "barely",
          "characterOffsetBegin": 872,
          "characterOffsetEnd": 878,
          "before": " ",
          "after": " "
        },
        {
          "index": 13,
          "word": "25",
          "originalText": "25",
          "characterOffsetBegin": 879,
          "characterOffsetEnd": 881,
          "before": " ",
          "after": ""
        },
        {
          "index": 14,
          "word": ",",
          "originalText": ",",
          "characterOffsetBegin": 881,
          "characterOffsetEnd": 882,
          "before": "",
          "after": " "
        },
        {
          "index": 15,
          "word": "once",
          "originalText": "once",
          "characterOffsetBegin": 883,
          "characterOffsetEnd": 887,
          "before": " ",
          "after": " "
        },
        {
          "index": 16,
          "word": "paid",
          "originalText": "paid",
          "characterOffsetBegin": 888,
          "characterOffsetEnd": 892,
          "before": " ",
          "after": " "
        },
        {
          "index": 17,
          "word": "over",
          "originalText": "over",
          "characterOffsetBegin": 893,
          "characterOffsetEnd": 897,
          "before": " ",
          "after": " "
        },
        {
          "index": 18,
          "word": "100",
          "originalText": "100",
          "characterOffsetBegin": 898,
          "characterOffsetEnd": 901,
          "before": " ",
          "after": " "
        },
        {
          "index": 19,
          "word": "again",
          "originalText": "again",
          "characterOffsetBegin": 902,
          "characterOffsetEnd": 907,
          "before": " ",
          "after": ""
        },
        {
          "index": 20,
          "word": "?!",
          "originalText": "?!",
          "characterOffsetBegin": 907,
          "characterOffsetEnd": 909,
          "before": "",
          "after": ""
        }
      ]
    },
    {
      "index": 14,
      "tokens": [
        {
          "index": 1,
          "word": "1/2",
          "originalText": "1/2",
          "characterOffsetBegin": 911,
          "characterOffsetEnd": 914,
          "before": "",
          "after": ""
        }
      ]
    },
    {
      "index": 15,
      "tokens": [
        {
          "index": 1,
          "word": "Agent",
          "originalText": "Agent",
          "characterOffsetBegin": 916,
          "characterOffsetEnd": 921,
          "before": "",
          "after": ""
        },
        {
          "index": 2,
          "word": ":",
          "originalText": ":",
          "characterOffsetBegin": 921,
          "characterOffsetEnd": 922,
          "before": "",
          "after": " "
        },
        {
          "index": 3,
          "word": "@",
          "originalText": "@",
          "characterOffsetBegin": 923,
          "characterOffsetEnd": 924,
          "before": " ",
          "after": ""
        },
        {
          "index": 4,
          "word": "199773",
          "originalText": "199773",
          "characterOffsetBegin": 924,
          "characterOffsetEnd": 930,
          "before": "",
          "after": " "
        },
        {
          "index": 5,
          "word": "Hi",
          "originalText": "Hi",
          "characterOffsetBegin": 931,
          "characterOffsetEnd": 933,
          "before": " ",
          "after": " "
        },
        {
          "index": 6,
          "word": "Robert",
          "originalText": "Robert",
          "characterOffsetBegin": 934,
          "characterOffsetEnd": 940,
          "before": " ",
          "after": ""
        },
        {
          "index": 7,
          "word": ",",
          "originalText": ",",
          "characterOffsetBegin": 940,
          "characterOffsetEnd": 941,
          "before": "",
          "after": " "
        },
        {
          "index": 8,
          "word": "seats",
          "originalText": "seats",
          "characterOffsetBegin": 942,
          "characterOffsetEnd": 947,
          "before": " ",
          "after": " "
        },
        {
          "index": 9,
          "word": "are",
          "originalText": "are",
          "characterOffsetBegin": 948,
          "characterOffsetEnd": 951,
          "before": " ",
          "after": " "
        },
        {
          "index": 10,
          "word": "kept",
          "originalText": "kept",
          "characterOffsetBegin": 952,
          "characterOffsetEnd": 956,
          "before": " ",
          "after": " "
        },
        {
          "index": 11,
          "word": "back",
          "originalText": "back",
          "characterOffsetBegin": 957,
          "characterOffsetEnd": 961,
          "before": " ",
          "after": " "
        },
        {
          "index": 12,
          "word": "for",
          "originalText": "for",
          "characterOffsetBegin": 962,
          "characterOffsetEnd": 965,
          "before": " ",
          "after": " "
        },
        {
          "index": 13,
          "word": "customers",
          "originalText": "customers",
          "characterOffsetBegin": 966,
          "characterOffsetEnd": 975,
          "before": " ",
          "after": " "
        },
        {
          "index": 14,
          "word": "who",
          "originalText": "who",
          "characterOffsetBegin": 976,
          "characterOffsetEnd": 979,
          "before": " ",
          "after": " "
        },
        {
          "index": 15,
          "word": "choose",
          "originalText": "choose",
          "characterOffsetBegin": 980,
          "characterOffsetEnd": 986,
          "before": " ",
          "after": " "
        },
        {
          "index": 16,
          "word": "not",
          "originalText": "not",
          "characterOffsetBegin": 987,
          "characterOffsetEnd": 990,
          "before": " ",
          "after": " "
        },
        {
          "index": 17,
          "word": "to",
          "originalText": "to",
          "characterOffsetBegin": 991,
          "characterOffsetEnd": 993,
          "before": " ",
          "after": " "
        },
        {
          "index": 18,
          "word": "pay",
          "originalText": "pay",
          "characterOffsetBegin": 994,
          "characterOffsetEnd": 997,
          "before": " ",
          "after": " "
        },
        {
          "index": 19,
          "word": "for",
          "originalText": "for",
          "characterOffsetBegin": 998,
          "characterOffsetEnd": 1001,
          "before": " ",
          "after": " "
        },
        {
          "index": 20,
          "word": "their",
          "originalText": "their",
          "characterOffsetBegin": 1002,
          "characterOffsetEnd": 1007,
          "before": " ",
          "after": " "
        },
        {
          "index": 21,
          "word": "seats",
          "originalText": "seats",
          "characterOffsetBegin": 1008,
          "characterOffsetEnd": 1013,
          "before": " ",
          "after": " "
        },
        {
          "index": 22,
          "word": "and",
          "originalText": "and",
          "characterOffsetBegin": 1014,
          "characterOffsetEnd": 1017,
          "before": " ",
          "after": " "
        },
        {
          "index": 23,
          "word": "those",
          "originalText": "those",
          "characterOffsetBegin": 1018,
          "characterOffsetEnd": 1023,
          "before": " ",
          "after": " "
        },
        {
          "index": 24,
          "word": "who",
          "originalText": "who",
          "characterOffsetBegin": 1024,
          "characterOffsetEnd": 1027,
          "before": " ",
          "after": " "
        },
        {
          "index": 25,
          "word": "ca",
          "originalText": "ca",
          "characterOffsetBegin": 1028,
          "characterOffsetEnd": 1030,
          "before": " ",
          "after": ""
        },
        {
          "index": 26,
          "word": "n't",
          "originalText": "n't",
          "characterOffsetBegin": 1030,
          "characterOffsetEnd": 1033,
          "before": "",
          "after": " "
        },
        {
          "index": 27,
          "word": "check",
          "originalText": "check",
          "characterOffsetBegin": 1034,
          "characterOffsetEnd": 1039,
          "before": " ",
          "after": " "
        },
        {
          "index": 28,
          "word": "in",
          "originalText": "in",
          "characterOffsetBegin": 1040,
          "characterOffsetEnd": 1042,
          "before": " ",
          "after": " "
        },
        {
          "index": 29,
          "word": "online",
          "originalText": "online",
          "characterOffsetBegin": 1043,
          "characterOffsetEnd": 1049,
          "before": " ",
          "after": ""
        },
        {
          "index": 30,
          "word": ".",
          "originalText": ".",
          "characterOffsetBegin": 1049,
          "characterOffsetEnd": 1050,
          "before": "",
          "after": ""
        }
      ]
    },
    {
      "index": 16,
      "tokens": [
        {
          "index": 1,
          "word": "^",
          "originalText": "^",
          "characterOffsetBegin": 1052,
          "characterOffsetEnd": 1053,
          "before": "",
          "after": ""
        },
        {
          "index": 2,
          "word": "Linda",
          "originalText": "Linda",
          "characterOffsetBegin": 1053,
          "characterOffsetEnd": 1058,
          "before": "",
          "after": ""
        }
      ]
    },
    {
      "index": 17,
      "tokens": [
        {
          "index": 1,
          "word": "Customer",
          "originalText": "Customer",
          "characterOffsetBegin": 1060,
          "characterOffsetEnd": 1068,
          "before": "",
          "after": ""
        },
        {
          "index": 2,
          "word": ":",
          "originalText": ":",
          "characterOffsetBegin": 1068,
          "characterOffsetEnd": 1069,
          "before": "",
          "after": " "
        },
        {
          "index": 3,
          "word": "@British_Airways",
          "originalText": "@British_Airways",
          "characterOffsetBegin": 1070,
          "characterOffsetEnd": 1086,
          "before": " ",
          "after": " "
        },
        {
          "index": 4,
          "word": "hmm",
          "originalText": "hmm",
          "characterOffsetBegin": 1087,
          "characterOffsetEnd": 1090,
          "before": " ",
          "after": " "
        },
        {
          "index": 5,
          "word": "not",
          "originalText": "not",
          "characterOffsetBegin": 1091,
          "characterOffsetEnd": 1094,
          "before": " ",
          "after": " "
        },
        {
          "index": 6,
          "word": "convinced",
          "originalText": "convinced",
          "characterOffsetBegin": 1095,
          "characterOffsetEnd": 1104,
          "before": " ",
          "after": ""
        },
        {
          "index": 7,
          "word": ".",
          "originalText": ".",
          "characterOffsetBegin": 1104,
          "characterOffsetEnd": 1105,
          "before": "",
          "after": ""
        }
      ]
    },
    {
      "index": 18,
      "tokens": [
        {
          "index": 1,
          "word": "I",
          "originalText": "I",
          "characterOffsetBegin": 1107,
          "characterOffsetEnd": 1108,
          "before": "",
          "after": " "
        },
        {
          "index": 2,
          "word": "only",
          "originalText": "only",
          "characterOffsetBegin": 1109,
          "characterOffsetEnd": 1113,
          "before": " ",
          "after": " "
        },
        {
          "index": 3,
          "word": "paid",
          "originalText": "paid",
          "characterOffsetBegin": 1114,
          "characterOffsetEnd": 1118,
          "before": " ",
          "after": " "
        },
        {
          "index": 4,
          "word": "because",
          "originalText": "because",
          "characterOffsetBegin": 1119,
          "characterOffsetEnd": 1126,
          "before": " ",
          "after": " "
        },
        {
          "index": 5,
          "word": "suddenly",
          "originalText": "suddenly",
          "characterOffsetBegin": 1127,
          "characterOffsetEnd": 1135,
          "before": " ",
          "after": " "
        },
        {
          "index": 6,
          "word": "all",
          "originalText": "all",
          "characterOffsetBegin": 1136,
          "characterOffsetEnd": 1139,
          "before": " ",
          "after": " "
        },
        {
          "index": 7,
          "word": "but",
          "originalText": "but",
          "characterOffsetBegin": 1140,
          "characterOffsetEnd": 1143,
          "before": " ",
          "after": " "
        },
        {
          "index": 8,
          "word": "25",
          "originalText": "25",
          "characterOffsetBegin": 1144,
          "characterOffsetEnd": 1146,
          "before": " ",
          "after": " "
        },
        {
          "index": 9,
          "word": "seats",
          "originalText": "seats",
          "characterOffsetBegin": 1147,
          "characterOffsetEnd": 1152,
          "before": " ",
          "after": " "
        },
        {
          "index": 10,
          "word": "disappeared",
          "originalText": "disappeared",
          "characterOffsetBegin": 1153,
          "characterOffsetEnd": 1164,
          "before": " ",
          "after": ""
        },
        {
          "index": 11,
          "word": ".",
          "originalText": ".",
          "characterOffsetBegin": 1164,
          "characterOffsetEnd": 1165,
          "before": "",
          "after": ""
        }
      ]
    },
    {
      "index": 19,
      "tokens": [
        {
          "index": 1,
          "word": "Then",
          "originalText": "Then",
          "characterOffsetBegin": 1167,
          "characterOffsetEnd": 1171,
          "before": "",
          "after": " "
        },
        {
          "index": 2,
          "word": "as",
          "originalText": "as",
          "characterOffsetBegin": 1172,
          "characterOffsetEnd": 1174,
          "before": " ",
          "after": " "
        },
        {
          "index": 3,
          "word": "if",
          "originalText": "if",
          "characterOffsetBegin": 1175,
          "characterOffsetEnd": 1177,
          "before": " ",
          "after": " "
        },
        {
          "index": 4,
          "word": "by",
          "originalText": "by",
          "characterOffsetBegin": 1178,
          "characterOffsetEnd": 1180,
          "before": " ",
          "after": " "
        },
        {
          "index": 5,
          "word": "magic",
          "originalText": "magic",
          "characterOffsetBegin": 1181,
          "characterOffsetEnd": 1186,
          "before": " ",
          "after": " "
        },
        {
          "index": 6,
          "word": "once",
          "originalText": "once",
          "characterOffsetBegin": 1187,
          "characterOffsetEnd": 1191,
          "before": " ",
          "after": " "
        },
        {
          "index": 7,
          "word": "paid",
          "originalText": "paid",
          "characterOffsetBegin": 1192,
          "characterOffsetEnd": 1196,
          "before": " ",
          "after": " "
        },
        {
          "index": 8,
          "word": "they",
          "originalText": "they",
          "characterOffsetBegin": 1197,
          "characterOffsetEnd": 1201,
          "before": " ",
          "after": " "
        },
        {
          "index": 9,
          "word": "came",
          "originalText": "came",
          "characterOffsetBegin": 1202,
          "characterOffsetEnd": 1206,
          "before": " ",
          "after": " "
        },
        {
          "index": 10,
          "word": "back",
          "originalText": "back",
          "characterOffsetBegin": 1207,
          "characterOffsetEnd": 1211,
          "before": " ",
          "after": ""
        },
        {
          "index": 11,
          "word": "!",
          "originalText": "!",
          "characterOffsetBegin": 1211,
          "characterOffsetEnd": 1212,
          "before": "",
          "after": ""
        }
      ]
    },
    {
      "index": 20,
      "tokens": [
        {
          "index": 1,
          "word": "Agent",
          "originalText": "Agent",
          "characterOffsetBegin": 1214,
          "characterOffsetEnd": 1219,
          "before": "",
          "after": ""
        },
        {
          "index": 2,
          "word": ":",
          "originalText": ":",
          "characterOffsetBegin": 1219,
          "characterOffsetEnd": 1220,
          "before": "",
          "after": " "
        },
        {
          "index": 3,
          "word": "@",
          "originalText": "@",
          "characterOffsetBegin": 1221,
          "characterOffsetEnd": 1222,
          "before": " ",
          "after": ""
        },
        {
          "index": 4,
          "word": "199773",
          "originalText": "199773",
          "characterOffsetBegin": 1222,
          "characterOffsetEnd": 1228,
          "before": "",
          "after": " "
        },
        {
          "index": 5,
          "word": "Hi",
          "originalText": "Hi",
          "characterOffsetBegin": 1229,
          "characterOffsetEnd": 1231,
          "before": " ",
          "after": " "
        },
        {
          "index": 6,
          "word": "Robert",
          "originalText": "Robert",
          "characterOffsetBegin": 1232,
          "characterOffsetEnd": 1238,
          "before": " ",
          "after": ""
        },
        {
          "index": 7,
          "word": ",",
          "originalText": ",",
          "characterOffsetBegin": 1238,
          "characterOffsetEnd": 1239,
          "before": "",
          "after": " "
        },
        {
          "index": 8,
          "word": "we",
          "originalText": "we",
          "characterOffsetBegin": 1240,
          "characterOffsetEnd": 1242,
          "before": " ",
          "after": ""
        },
        {
          "index": 9,
          "word": "'ve",
          "originalText": "'ve",
          "characterOffsetBegin": 1242,
          "characterOffsetEnd": 1245,
          "before": "",
          "after": " "
        },
        {
          "index": 10,
          "word": "passed",
          "originalText": "passed",
          "characterOffsetBegin": 1246,
          "characterOffsetEnd": 1252,
          "before": " ",
          "after": " "
        },
        {
          "index": 11,
          "word": "on",
          "originalText": "on",
          "characterOffsetBegin": 1253,
          "characterOffsetEnd": 1255,
          "before": " ",
          "after": " "
        },
        {
          "index": 12,
          "word": "your",
          "originalText": "your",
          "characterOffsetBegin": 1256,
          "characterOffsetEnd": 1260,
          "before": " ",
          "after": " "
        },
        {
          "index": 13,
          "word": "comments",
          "originalText": "comments",
          "characterOffsetBegin": 1261,
          "characterOffsetEnd": 1269,
          "before": " ",
          "after": " "
        },
        {
          "index": 14,
          "word": "to",
          "originalText": "to",
          "characterOffsetBegin": 1270,
          "characterOffsetEnd": 1272,
          "before": " ",
          "after": " "
        },
        {
          "index": 15,
          "word": "our",
          "originalText": "our",
          "characterOffsetBegin": 1273,
          "characterOffsetEnd": 1276,
          "before": " ",
          "after": " "
        },
        {
          "index": 16,
          "word": "Customer",
          "originalText": "Customer",
          "characterOffsetBegin": 1277,
          "characterOffsetEnd": 1285,
          "before": " ",
          "after": " "
        },
        {
          "index": 17,
          "word": "Experience",
          "originalText": "Experience",
          "characterOffsetBegin": 1286,
          "characterOffsetEnd": 1296,
          "before": " ",
          "after": ""
        },
        {
          "index": 18,
          "word": ".",
          "originalText": ".",
          "characterOffsetBegin": 1296,
          "characterOffsetEnd": 1297,
          "before": "",
          "after": ""
        }
      ]
    },
    {
      "index": 21,
      "tokens": [
        {
          "index": 1,
          "word": "Seat",
          "originalText": "Seat",
          "characterOffsetBegin": 1299,
          "characterOffsetEnd": 1303,
          "before": "",
          "after": " "
        },
        {
          "index": 2,
          "word": "selection",
          "originalText": "selection",
          "characterOffsetBegin": 1304,
          "characterOffsetEnd": 1313,
          "before": " ",
          "after": " "
        },
        {
          "index": 3,
          "word": "will",
          "originalText": "will",
          "characterOffsetBegin": 1314,
          "characterOffsetEnd": 1318,
          "before": " ",
          "after": " "
        },
        {
          "index": 4,
          "word": "always",
          "originalText": "always",
          "characterOffsetBegin": 1319,
          "characterOffsetEnd": 1325,
          "before": " ",
          "after": " "
        },
        {
          "index": 5,
          "word": "show",
          "originalText": "show",
          "characterOffsetBegin": 1326,
          "characterOffsetEnd": 1330,
          "before": " ",
          "after": " "
        },
        {
          "index": 6,
          "word": "those",
          "originalText": "those",
          "characterOffsetBegin": 1331,
          "characterOffsetEnd": 1336,
          "before": " ",
          "after": " "
        },
        {
          "index": 7,
          "word": "available",
          "originalText": "available",
          "characterOffsetBegin": 1337,
          "characterOffsetEnd": 1346,
          "before": " ",
          "after": " "
        },
        {
          "index": 8,
          "word": "at",
          "originalText": "at",
          "characterOffsetBegin": 1347,
          "characterOffsetEnd": 1349,
          "before": " ",
          "after": " "
        },
        {
          "index": 9,
          "word": "the",
          "originalText": "the",
          "characterOffsetBegin": 1350,
          "characterOffsetEnd": 1353,
          "before": " ",
          "after": " "
        },
        {
          "index": 10,
          "word": "time",
          "originalText": "time",
          "characterOffsetBegin": 1354,
          "characterOffsetEnd": 1358,
          "before": " ",
          "after": ""
        },
        {
          "index": 11,
          "word": ".",
          "originalText": ".",
          "characterOffsetBegin": 1358,
          "characterOffsetEnd": 1359,
          "before": "",
          "after": ""
        }
      ]
    },
    {
      "index": 22,
      "tokens": [
        {
          "index": 1,
          "word": "^",
          "originalText": "^",
          "characterOffsetBegin": 1361,
          "characterOffsetEnd": 1362,
          "before": "",
          "after": ""
        },
        {
          "index": 2,
          "word": "L",
          "originalText": "L",
          "characterOffsetBegin": 1362,
          "characterOffsetEnd": 1363,
          "before": "",
          "after": ""
        }
      ]
    },
    {
      "index": 23,
      "tokens": [
        {
          "index": 1,
          "word": "@highlight",
          "originalText": "@highlight",
          "characterOffsetBegin": 1365,
          "characterOffsetEnd": 1375,
          "before": "",
          "after": ""
        }
      ]
    },
    {
      "index": 24,
      "tokens": [
        {
          "index": 1,
          "word": "Customer",
          "originalText": "Customer",
          "characterOffsetBegin": 1377,
          "characterOffsetEnd": 1385,
          "before": "",
          "after": ""
        },
        {
          "index": 2,
          "word": ":",
          "originalText": ":",
          "characterOffsetBegin": 1385,
          "characterOffsetEnd": 1386,
          "before": "",
          "after": " "
        },
        {
          "index": 3,
          "word": "@British_Airways",
          "originalText": "@British_Airways",
          "characterOffsetBegin": 1387,
          "characterOffsetEnd": 1403,
          "before": " ",
          "after": " "
        },
        {
          "index": 4,
          "word": "Just",
          "originalText": "Just",
          "characterOffsetBegin": 1404,
          "characterOffsetEnd": 1408,
          "before": " ",
          "after": " "
        },
        {
          "index": 5,
          "word": "paid",
          "originalText": "paid",
          "characterOffsetBegin": 1409,
          "characterOffsetEnd": 1413,
          "before": " ",
          "after": " "
        },
        {
          "index": 6,
          "word": "to",
          "originalText": "to",
          "characterOffsetBegin": 1414,
          "characterOffsetEnd": 1416,
          "before": " ",
          "after": " "
        },
        {
          "index": 7,
          "word": "reserve",
          "originalText": "reserve",
          "characterOffsetBegin": 1417,
          "characterOffsetEnd": 1424,
          "before": " ",
          "after": " "
        },
        {
          "index": 8,
          "word": "seats",
          "originalText": "seats",
          "characterOffsetBegin": 1425,
          "characterOffsetEnd": 1430,
          "before": " ",
          "after": " "
        },
        {
          "index": 9,
          "word": "as",
          "originalText": "as",
          "characterOffsetBegin": 1431,
          "characterOffsetEnd": 1433,
          "before": " ",
          "after": " "
        },
        {
          "index": 10,
          "word": "seat",
          "originalText": "seat",
          "characterOffsetBegin": 1434,
          "characterOffsetEnd": 1438,
          "before": " ",
          "after": " "
        },
        {
          "index": 11,
          "word": "planner",
          "originalText": "planner",
          "characterOffsetBegin": 1439,
          "characterOffsetEnd": 1446,
          "before": " ",
          "after": " "
        },
        {
          "index": 12,
          "word": "showing",
          "originalText": "showing",
          "characterOffsetBegin": 1447,
          "characterOffsetEnd": 1454,
          "before": " ",
          "after": " "
        },
        {
          "index": 13,
          "word": "4",
          "originalText": "4",
          "characterOffsetBegin": 1455,
          "characterOffsetEnd": 1456,
          "before": " ",
          "after": " "
        },
        {
          "index": 14,
          "word": "window",
          "originalText": "window",
          "characterOffsetBegin": 1457,
          "characterOffsetEnd": 1463,
          "before": " ",
          "after": " "
        },
        {
          "index": 15,
          "word": "seats",
          "originalText": "seats",
          "characterOffsetBegin": 1464,
          "characterOffsetEnd": 1469,
          "before": " ",
          "after": " "
        },
        {
          "index": 16,
          "word": "left",
          "originalText": "left",
          "characterOffsetBegin": 1470,
          "characterOffsetEnd": 1474,
          "before": " ",
          "after": ""
        },
        {
          "index": 17,
          "word": ",",
          "originalText": ",",
          "characterOffsetBegin": 1474,
          "characterOffsetEnd": 1475,
          "before": "",
          "after": " "
        },
        {
          "index": 18,
          "word": "after",
          "originalText": "after",
          "characterOffsetBegin": 1476,
          "characterOffsetEnd": 1481,
          "before": " ",
          "after": " "
        },
        {
          "index": 19,
          "word": "paying",
          "originalText": "paying",
          "characterOffsetBegin": 1482,
          "characterOffsetEnd": 1488,
          "before": " ",
          "after": ""
        },
        {
          "index": 20,
          "word": ",",
          "originalText": ",",
          "characterOffsetBegin": 1488,
          "characterOffsetEnd": 1489,
          "before": "",
          "after": " "
        },
        {
          "index": 21,
          "word": "20",
          "originalText": "20",
          "characterOffsetBegin": 1490,
          "characterOffsetEnd": 1492,
          "before": " ",
          "after": ""
        },
        {
          "index": 22,
          "word": "+",
          "originalText": "+",
          "characterOffsetBegin": 1492,
          "characterOffsetEnd": 1493,
          "before": "",
          "after": " "
        },
        {
          "index": 23,
          "word": "window",
          "originalText": "window",
          "characterOffsetBegin": 1494,
          "characterOffsetEnd": 1500,
          "before": " ",
          "after": " "
        },
        {
          "index": 24,
          "word": "seats",
          "originalText": "seats",
          "characterOffsetBegin": 1501,
          "characterOffsetEnd": 1506,
          "before": " ",
          "after": " "
        },
        {
          "index": 25,
          "word": "were",
          "originalText": "were",
          "characterOffsetBegin": 1507,
          "characterOffsetEnd": 1511,
          "before": " ",
          "after": " "
        },
        {
          "index": 26,
          "word": "available",
          "originalText": "available",
          "characterOffsetBegin": 1512,
          "characterOffsetEnd": 1521,
          "before": " ",
          "after": ""
        },
        {
          "index": 27,
          "word": "!",
          "originalText": "!",
          "characterOffsetBegin": 1521,
          "characterOffsetEnd": 1522,
          "before": "",
          "after": ""
        }
      ]
    },
    {
      "index": 25,
      "tokens": [
        {
          "index": 1,
          "word": "@highlight",
          "originalText": "@highlight",
          "characterOffsetBegin": 1524,
          "characterOffsetEnd": 1534,
          "before": "",
          "after": ""
        }
      ]
    },
    {
      "index": 26,
      "tokens": [
        {
          "index": 1,
          "word": "Fri",
          "originalText": "Fri",
          "characterOffsetBegin": 1536,
          "characterOffsetEnd": 1539,
          "before": "",
          "after": " "
        },
        {
          "index": 2,
          "word": "there",
          "originalText": "there",
          "characterOffsetBegin": 1540,
          "characterOffsetEnd": 1545,
          "before": " ",
          "after": " "
        },
        {
          "index": 3,
          "word": "were",
          "originalText": "were",
          "characterOffsetBegin": 1546,
          "characterOffsetEnd": 1550,
          "before": " ",
          "after": " "
        },
        {
          "index": 4,
          "word": "well",
          "originalText": "well",
          "characterOffsetBegin": 1551,
          "characterOffsetEnd": 1555,
          "before": " ",
          "after": " "
        },
        {
          "index": 5,
          "word": "over",
          "originalText": "over",
          "characterOffsetBegin": 1556,
          "characterOffsetEnd": 1560,
          "before": " ",
          "after": " "
        },
        {
          "index": 6,
          "word": "100",
          "originalText": "100",
          "characterOffsetBegin": 1561,
          "characterOffsetEnd": 1564,
          "before": " ",
          "after": " "
        },
        {
          "index": 7,
          "word": "free",
          "originalText": "free",
          "characterOffsetBegin": 1565,
          "characterOffsetEnd": 1569,
          "before": " ",
          "after": " "
        },
        {
          "index": 8,
          "word": "seats",
          "originalText": "seats",
          "characterOffsetBegin": 1570,
          "characterOffsetEnd": 1575,
          "before": " ",
          "after": " "
        },
        {
          "index": 9,
          "word": "in",
          "originalText": "in",
          "characterOffsetBegin": 1576,
          "characterOffsetEnd": 1578,
          "before": " ",
          "after": " "
        },
        {
          "index": 10,
          "word": "economy",
          "originalText": "economy",
          "characterOffsetBegin": 1579,
          "characterOffsetEnd": 1586,
          "before": " ",
          "after": " "
        },
        {
          "index": 11,
          "word": "yesterday",
          "originalText": "yesterday",
          "characterOffsetBegin": 1587,
          "characterOffsetEnd": 1596,
          "before": " ",
          "after": " "
        },
        {
          "index": 12,
          "word": "barely",
          "originalText": "barely",
          "characterOffsetBegin": 1597,
          "characterOffsetEnd": 1603,
          "before": " ",
          "after": " "
        },
        {
          "index": 13,
          "word": "25",
          "originalText": "25",
          "characterOffsetBegin": 1604,
          "characterOffsetEnd": 1606,
          "before": " ",
          "after": ""
        },
        {
          "index": 14,
          "word": ",",
          "originalText": ",",
          "characterOffsetBegin": 1606,
          "characterOffsetEnd": 1607,
          "before": "",
          "after": " "
        },
        {
          "index": 15,
          "word": "once",
          "originalText": "once",
          "characterOffsetBegin": 1608,
          "characterOffsetEnd": 1612,
          "before": " ",
          "after": " "
        },
        {
          "index": 16,
          "word": "paid",
          "originalText": "paid",
          "characterOffsetBegin": 1613,
          "characterOffsetEnd": 1617,
          "before": " ",
          "after": " "
        },
        {
          "index": 17,
          "word": "over",
          "originalText": "over",
          "characterOffsetBegin": 1618,
          "characterOffsetEnd": 1622,
          "before": " ",
          "after": " "
        },
        {
          "index": 18,
          "word": "100",
          "originalText": "100",
          "characterOffsetBegin": 1623,
          "characterOffsetEnd": 1626,
          "before": " ",
          "after": " "
        },
        {
          "index": 19,
          "word": "again",
          "originalText": "again",
          "characterOffsetBegin": 1627,
          "characterOffsetEnd": 1632,
          "before": " ",
          "after": ""
        },
        {
          "index": 20,
          "word": "?!",
          "originalText": "?!",
          "characterOffsetBegin": 1632,
          "characterOffsetEnd": 1634,
          "before": "",
          "after": ""
        }
      ]
    },
    {
      "index": 27,
      "tokens": [
        {
          "index": 1,
          "word": "@highlight",
          "originalText": "@highlight",
          "characterOffsetBegin": 1636,
          "characterOffsetEnd": 1646,
          "before": "",
          "after": ""
        }
      ]
    },
    {
      "index": 28,
      "tokens": [
        {
          "index": 1,
          "word": "Fri",
          "originalText": "Fri",
          "characterOffsetBegin": 1648,
          "characterOffsetEnd": 1651,
          "before": "",
          "after": " "
        },
        {
          "index": 2,
          "word": "there",
          "originalText": "there",
          "characterOffsetBegin": 1652,
          "characterOffsetEnd": 1657,
          "before": " ",
          "after": " "
        },
        {
          "index": 3,
          "word": "were",
          "originalText": "were",
          "characterOffsetBegin": 1658,
          "characterOffsetEnd": 1662,
          "before": " ",
          "after": " "
        },
        {
          "index": 4,
          "word": "well",
          "originalText": "well",
          "characterOffsetBegin": 1663,
          "characterOffsetEnd": 1667,
          "before": " ",
          "after": " "
        },
        {
          "index": 5,
          "word": "over",
          "originalText": "over",
          "characterOffsetBegin": 1668,
          "characterOffsetEnd": 1672,
          "before": " ",
          "after": " "
        },
        {
          "index": 6,
          "word": "100",
          "originalText": "100",
          "characterOffsetBegin": 1673,
          "characterOffsetEnd": 1676,
          "before": " ",
          "after": " "
        },
        {
          "index": 7,
          "word": "free",
          "originalText": "free",
          "characterOffsetBegin": 1677,
          "characterOffsetEnd": 1681,
          "before": " ",
          "after": " "
        },
        {
          "index": 8,
          "word": "seats",
          "originalText": "seats",
          "characterOffsetBegin": 1682,
          "characterOffsetEnd": 1687,
          "before": " ",
          "after": " "
        },
        {
          "index": 9,
          "word": "in",
          "originalText": "in",
          "characterOffsetBegin": 1688,
          "characterOffsetEnd": 1690,
          "before": " ",
          "after": " "
        },
        {
          "index": 10,
          "word": "economy",
          "originalText": "economy",
          "characterOffsetBegin": 1691,
          "characterOffsetEnd": 1698,
          "before": " ",
          "after": " "
        },
        {
          "index": 11,
          "word": "yesterday",
          "originalText": "yesterday",
          "characterOffsetBegin": 1699,
          "characterOffsetEnd": 1708,
          "before": " ",
          "after": " "
        },
        {
          "index": 12,
          "word": "barely",
          "originalText": "barely",
          "characterOffsetBegin": 1709,
          "characterOffsetEnd": 1715,
          "before": " ",
          "after": " "
        },
        {
          "index": 13,
          "word": "25",
          "originalText": "25",
          "characterOffsetBegin": 1716,
          "characterOffsetEnd": 1718,
          "before": " ",
          "after": ""
        },
        {
          "index": 14,
          "word": ",",
          "originalText": ",",
          "characterOffsetBegin": 1718,
          "characterOffsetEnd": 1719,
          "before": "",
          "after": " "
        },
        {
          "index": 15,
          "word": "once",
          "originalText": "once",
          "characterOffsetBegin": 1720,
          "characterOffsetEnd": 1724,
          "before": " ",
          "after": " "
        },
        {
          "index": 16,
          "word": "paid",
          "originalText": "paid",
          "characterOffsetBegin": 1725,
          "characterOffsetEnd": 1729,
          "before": " ",
          "after": " "
        },
        {
          "index": 17,
          "word": "over",
          "originalText": "over",
          "characterOffsetBegin": 1730,
          "characterOffsetEnd": 1734,
          "before": " ",
          "after": " "
        },
        {
          "index": 18,
          "word": "100",
          "originalText": "100",
          "characterOffsetBegin": 1735,
          "characterOffsetEnd": 1738,
          "before": " ",
          "after": " "
        },
        {
          "index": 19,
          "word": "again",
          "originalText": "again",
          "characterOffsetBegin": 1739,
          "characterOffsetEnd": 1744,
          "before": " ",
          "after": ""
        },
        {
          "index": 20,
          "word": "?!",
          "originalText": "?!",
          "characterOffsetBegin": 1744,
          "characterOffsetEnd": 1746,
          "before": "",
          "after": ""
        }
      ]
    },
    {
      "index": 29,
      "tokens": [
        {
          "index": 1,
          "word": "@highlight",
          "originalText": "@highlight",
          "characterOffsetBegin": 1748,
          "characterOffsetEnd": 1758,
          "before": "",
          "after": ""
        }
      ]
    },
    {
      "index": 30,
      "tokens": [
        {
          "index": 1,
          "word": "@British_Airways",
          "originalText": "@British_Airways",
          "characterOffsetBegin": 1760,
          "characterOffsetEnd": 1776,
          "before": "",
          "after": " "
        },
        {
          "index": 2,
          "word": "2/2",
          "originalText": "2/2",
          "characterOffsetBegin": 1777,
          "characterOffsetEnd": 1780,
          "before": " ",
          "after": " "
        },
        {
          "index": 3,
          "word": "seat",
          "originalText": "seat",
          "characterOffsetBegin": 1781,
          "characterOffsetEnd": 1785,
          "before": " ",
          "after": " "
        },
        {
          "index": 4,
          "word": "booking",
          "originalText": "booking",
          "characterOffsetBegin": 1786,
          "characterOffsetEnd": 1793,
          "before": " ",
          "after": " "
        },
        {
          "index": 5,
          "word": "gives",
          "originalText": "gives",
          "characterOffsetBegin": 1794,
          "characterOffsetEnd": 1799,
          "before": " ",
          "after": " "
        },
        {
          "index": 6,
          "word": "impression",
          "originalText": "impression",
          "characterOffsetBegin": 1800,
          "characterOffsetEnd": 1810,
          "before": " ",
          "after": " "
        },
        {
          "index": 7,
          "word": "most",
          "originalText": "most",
          "characterOffsetBegin": 1811,
          "characterOffsetEnd": 1815,
          "before": " ",
          "after": " "
        },
        {
          "index": 8,
          "word": "seats",
          "originalText": "seats",
          "characterOffsetBegin": 1816,
          "characterOffsetEnd": 1821,
          "before": " ",
          "after": " "
        },
        {
          "index": 9,
          "word": "booked",
          "originalText": "booked",
          "characterOffsetBegin": 1822,
          "characterOffsetEnd": 1828,
          "before": " ",
          "after": " "
        },
        {
          "index": 10,
          "word": "to",
          "originalText": "to",
          "characterOffsetBegin": 1829,
          "characterOffsetEnd": 1831,
          "before": " ",
          "after": " "
        },
        {
          "index": 11,
          "word": "push",
          "originalText": "push",
          "characterOffsetBegin": 1832,
          "characterOffsetEnd": 1836,
          "before": " ",
          "after": " "
        },
        {
          "index": 12,
          "word": "people",
          "originalText": "people",
          "characterOffsetBegin": 1837,
          "characterOffsetEnd": 1843,
          "before": " ",
          "after": " "
        },
        {
          "index": 13,
          "word": "to",
          "originalText": "to",
          "characterOffsetBegin": 1844,
          "characterOffsetEnd": 1846,
          "before": " ",
          "after": " "
        },
        {
          "index": 14,
          "word": "pay",
          "originalText": "pay",
          "characterOffsetBegin": 1847,
          "characterOffsetEnd": 1850,
          "before": " ",
          "after": ""
        },
        {
          "index": 15,
          "word": ",",
          "originalText": ",",
          "characterOffsetBegin": 1850,
          "characterOffsetEnd": 1851,
          "before": "",
          "after": " "
        },
        {
          "index": 16,
          "word": "then",
          "originalText": "then",
          "characterOffsetBegin": 1852,
          "characterOffsetEnd": 1856,
          "before": " ",
          "after": " "
        },
        {
          "index": 17,
          "word": "after",
          "originalText": "after",
          "characterOffsetBegin": 1857,
          "characterOffsetEnd": 1862,
          "before": " ",
          "after": " "
        },
        {
          "index": 18,
          "word": "paying",
          "originalText": "paying",
          "characterOffsetBegin": 1863,
          "characterOffsetEnd": 1869,
          "before": " ",
          "after": ""
        },
        {
          "index": 19,
          "word": ",",
          "originalText": ",",
          "characterOffsetBegin": 1869,
          "characterOffsetEnd": 1870,
          "before": "",
          "after": " "
        },
        {
          "index": 20,
          "word": "find",
          "originalText": "find",
          "characterOffsetBegin": 1871,
          "characterOffsetEnd": 1875,
          "before": " ",
          "after": " "
        },
        {
          "index": 21,
          "word": "many",
          "originalText": "many",
          "characterOffsetBegin": 1876,
          "characterOffsetEnd": 1880,
          "before": " ",
          "after": " "
        },
        {
          "index": 22,
          "word": "still",
          "originalText": "still",
          "characterOffsetBegin": 1881,
          "characterOffsetEnd": 1886,
          "before": " ",
          "after": " "
        },
        {
          "index": 23,
          "word": "available",
          "originalText": "available",
          "characterOffsetBegin": 1887,
          "characterOffsetEnd": 1896,
          "before": " ",
          "after": ""
        },
        {
          "index": 24,
          "word": ".",
          "originalText": ".",
          "characterOffsetBegin": 1896,
          "characterOffsetEnd": 1897,
          "before": "",
          "after": ""
        }
      ]
    },
    {
      "index": 31,
      "tokens": [
        {
          "index": 1,
          "word": "@highlight",
          "originalText": "@highlight",
          "characterOffsetBegin": 1899,
          "characterOffsetEnd": 1909,
          "before": "",
          "after": ""
        }
      ]
    },
    {
      "index": 32,
      "tokens": [
        {
          "index": 1,
          "word": "Agent",
          "originalText": "Agent",
          "characterOffsetBegin": 1911,
          "characterOffsetEnd": 1916,
          "before": "",
          "after": ""
        },
        {
          "index": 2,
          "word": ":",
          "originalText": ":",
          "characterOffsetBegin": 1916,
          "characterOffsetEnd": 1917,
          "before": "",
          "after": " "
        },
        {
          "index": 3,
          "word": "@",
          "originalText": "@",
          "characterOffsetBegin": 1918,
          "characterOffsetEnd": 1919,
          "before": " ",
          "after": ""
        },
        {
          "index": 4,
          "word": "199773",
          "originalText": "199773",
          "characterOffsetBegin": 1919,
          "characterOffsetEnd": 1925,
          "before": "",
          "after": " "
        },
        {
          "index": 5,
          "word": "seats",
          "originalText": "seats",
          "characterOffsetBegin": 1926,
          "characterOffsetEnd": 1931,
          "before": " ",
          "after": " "
        },
        {
          "index": 6,
          "word": "could",
          "originalText": "could",
          "characterOffsetBegin": 1932,
          "characterOffsetEnd": 1937,
          "before": " ",
          "after": " "
        },
        {
          "index": 7,
          "word": "have",
          "originalText": "have",
          "characterOffsetBegin": 1938,
          "characterOffsetEnd": 1942,
          "before": " ",
          "after": " "
        },
        {
          "index": 8,
          "word": "been",
          "originalText": "been",
          "characterOffsetBegin": 1943,
          "characterOffsetEnd": 1947,
          "before": " ",
          "after": " "
        },
        {
          "index": 9,
          "word": "released",
          "originalText": "released",
          "characterOffsetBegin": 1948,
          "characterOffsetEnd": 1956,
          "before": " ",
          "after": " "
        },
        {
          "index": 10,
          "word": "by",
          "originalText": "by",
          "characterOffsetBegin": 1957,
          "characterOffsetEnd": 1959,
          "before": " ",
          "after": " "
        },
        {
          "index": 11,
          "word": "our",
          "originalText": "our",
          "characterOffsetBegin": 1960,
          "characterOffsetEnd": 1963,
          "before": " ",
          "after": " "
        },
        {
          "index": 12,
          "word": "seating",
          "originalText": "seating",
          "characterOffsetBegin": 1964,
          "characterOffsetEnd": 1971,
          "before": " ",
          "after": " "
        },
        {
          "index": 13,
          "word": "team",
          "originalText": "team",
          "characterOffsetBegin": 1972,
          "characterOffsetEnd": 1976,
          "before": " ",
          "after": ""
        },
        {
          "index": 14,
          "word": ",",
          "originalText": ",",
          "characterOffsetBegin": 1976,
          "characterOffsetEnd": 1977,
          "before": "",
          "after": " "
        },
        {
          "index": 15,
          "word": "as",
          "originalText": "as",
          "characterOffsetBegin": 1978,
          "characterOffsetEnd": 1980,
          "before": " ",
          "after": " "
        },
        {
          "index": 16,
          "word": "the",
          "originalText": "the",
          "characterOffsetBegin": 1981,
          "characterOffsetEnd": 1984,
          "before": " ",
          "after": " "
        },
        {
          "index": 17,
          "word": "often",
          "originalText": "often",
          "characterOffsetBegin": 1985,
          "characterOffsetEnd": 1990,
          "before": " ",
          "after": " "
        },
        {
          "index": 18,
          "word": "hold",
          "originalText": "hold",
          "characterOffsetBegin": 1991,
          "characterOffsetEnd": 1995,
          "before": " ",
          "after": " "
        },
        {
          "index": 19,
          "word": "the",
          "originalText": "the",
          "characterOffsetBegin": 1996,
          "characterOffsetEnd": 1999,
          "before": " ",
          "after": " "
        },
        {
          "index": 20,
          "word": "front",
          "originalText": "front",
          "characterOffsetBegin": 2000,
          "characterOffsetEnd": 2005,
          "before": " ",
          "after": " "
        },
        {
          "index": 21,
          "word": "rows",
          "originalText": "rows",
          "characterOffsetBegin": 2006,
          "characterOffsetEnd": 2010,
          "before": " ",
          "after": " "
        },
        {
          "index": 22,
          "word": "until",
          "originalText": "until",
          "characterOffsetBegin": 2011,
          "characterOffsetEnd": 2016,
          "before": " ",
          "after": " "
        },
        {
          "index": 23,
          "word": "the",
          "originalText": "the",
          "characterOffsetBegin": 2017,
          "characterOffsetEnd": 2020,
          "before": " ",
          "after": " "
        },
        {
          "index": 24,
          "word": "aircraft",
          "originalText": "aircraft",
          "characterOffsetBegin": 2021,
          "characterOffsetEnd": 2029,
          "before": " ",
          "after": " "
        },
        {
          "index": 25,
          "word": "configuration",
          "originalText": "configuration",
          "characterOffsetBegin": 2030,
          "characterOffsetEnd": 2043,
          "before": " ",
          "after": " "
        },
        {
          "index": 26,
          "word": "is",
          "originalText": "is",
          "characterOffsetBegin": 2044,
          "characterOffsetEnd": 2046,
          "before": " ",
          "after": " "
        },
        {
          "index": 27,
          "word": "set",
          "originalText": "set",
          "characterOffsetBegin": 2047,
          "characterOffsetEnd": 2050,
          "before": " ",
          "after": ""
        },
        {
          "index": 28,
          "word": ".",
          "originalText": ".",
          "characterOffsetBegin": 2050,
          "characterOffsetEnd": 2051,
          "before": "",
          "after": ""
        }
      ]
    },
    {
      "index": 33,
      "tokens": [
        {
          "index": 1,
          "word": "@highlight",
          "originalText": "@highlight",
          "characterOffsetBegin": 2053,
          "characterOffsetEnd": 2063,
          "before": "",
          "after": ""
        }
      ]
    },
    {
      "index": 34,
      "tokens": [
        {
          "index": 1,
          "word": "@",
          "originalText": "@",
          "characterOffsetBegin": 2065,
          "characterOffsetEnd": 2066,
          "before": "",
          "after": ""
        },
        {
          "index": 2,
          "word": "199773",
          "originalText": "199773",
          "characterOffsetBegin": 2066,
          "characterOffsetEnd": 2072,
          "before": "",
          "after": " "
        },
        {
          "index": 3,
          "word": "Hi",
          "originalText": "Hi",
          "characterOffsetBegin": 2073,
          "characterOffsetEnd": 2075,
          "before": " ",
          "after": " "
        },
        {
          "index": 4,
          "word": "Robert",
          "originalText": "Robert",
          "characterOffsetBegin": 2076,
          "characterOffsetEnd": 2082,
          "before": " ",
          "after": ""
        },
        {
          "index": 5,
          "word": ",",
          "originalText": ",",
          "characterOffsetBegin": 2082,
          "characterOffsetEnd": 2083,
          "before": "",
          "after": " "
        },
        {
          "index": 6,
          "word": "seats",
          "originalText": "seats",
          "characterOffsetBegin": 2084,
          "characterOffsetEnd": 2089,
          "before": " ",
          "after": " "
        },
        {
          "index": 7,
          "word": "are",
          "originalText": "are",
          "characterOffsetBegin": 2090,
          "characterOffsetEnd": 2093,
          "before": " ",
          "after": " "
        },
        {
          "index": 8,
          "word": "kept",
          "originalText": "kept",
          "characterOffsetBegin": 2094,
          "characterOffsetEnd": 2098,
          "before": " ",
          "after": " "
        },
        {
          "index": 9,
          "word": "back",
          "originalText": "back",
          "characterOffsetBegin": 2099,
          "characterOffsetEnd": 2103,
          "before": " ",
          "after": " "
        },
        {
          "index": 10,
          "word": "for",
          "originalText": "for",
          "characterOffsetBegin": 2104,
          "characterOffsetEnd": 2107,
          "before": " ",
          "after": " "
        },
        {
          "index": 11,
          "word": "customers",
          "originalText": "customers",
          "characterOffsetBegin": 2108,
          "characterOffsetEnd": 2117,
          "before": " ",
          "after": " "
        },
        {
          "index": 12,
          "word": "who",
          "originalText": "who",
          "characterOffsetBegin": 2118,
          "characterOffsetEnd": 2121,
          "before": " ",
          "after": " "
        },
        {
          "index": 13,
          "word": "choose",
          "originalText": "choose",
          "characterOffsetBegin": 2122,
          "characterOffsetEnd": 2128,
          "before": " ",
          "after": " "
        },
        {
          "index": 14,
          "word": "not",
          "originalText": "not",
          "characterOffsetBegin": 2129,
          "characterOffsetEnd": 2132,
          "before": " ",
          "after": " "
        },
        {
          "index": 15,
          "word": "to",
          "originalText": "to",
          "characterOffsetBegin": 2133,
          "characterOffsetEnd": 2135,
          "before": " ",
          "after": " "
        },
        {
          "index": 16,
          "word": "pay",
          "originalText": "pay",
          "characterOffsetBegin": 2136,
          "characterOffsetEnd": 2139,
          "before": " ",
          "after": " "
        },
        {
          "index": 17,
          "word": "for",
          "originalText": "for",
          "characterOffsetBegin": 2140,
          "characterOffsetEnd": 2143,
          "before": " ",
          "after": " "
        },
        {
          "index": 18,
          "word": "their",
          "originalText": "their",
          "characterOffsetBegin": 2144,
          "characterOffsetEnd": 2149,
          "before": " ",
          "after": " "
        },
        {
          "index": 19,
          "word": "seats",
          "originalText": "seats",
          "characterOffsetBegin": 2150,
          "characterOffsetEnd": 2155,
          "before": " ",
          "after": " "
        },
        {
          "index": 20,
          "word": "and",
          "originalText": "and",
          "characterOffsetBegin": 2156,
          "characterOffsetEnd": 2159,
          "before": " ",
          "after": " "
        },
        {
          "index": 21,
          "word": "those",
          "originalText": "those",
          "characterOffsetBegin": 2160,
          "characterOffsetEnd": 2165,
          "before": " ",
          "after": " "
        },
        {
          "index": 22,
          "word": "who",
          "originalText": "who",
          "characterOffsetBegin": 2166,
          "characterOffsetEnd": 2169,
          "before": " ",
          "after": " "
        },
        {
          "index": 23,
          "word": "ca",
          "originalText": "ca",
          "characterOffsetBegin": 2170,
          "characterOffsetEnd": 2172,
          "before": " ",
          "after": ""
        },
        {
          "index": 24,
          "word": "n't",
          "originalText": "n't",
          "characterOffsetBegin": 2172,
          "characterOffsetEnd": 2175,
          "before": "",
          "after": " "
        },
        {
          "index": 25,
          "word": "check",
          "originalText": "check",
          "characterOffsetBegin": 2176,
          "characterOffsetEnd": 2181,
          "before": " ",
          "after": " "
        },
        {
          "index": 26,
          "word": "in",
          "originalText": "in",
          "characterOffsetBegin": 2182,
          "characterOffsetEnd": 2184,
          "before": " ",
          "after": " "
        },
        {
          "index": 27,
          "word": "online",
          "originalText": "online",
          "characterOffsetBegin": 2185,
          "characterOffsetEnd": 2191,
          "before": " ",
          "after": ""
        },
        {
          "index": 28,
          "word": ".",
          "originalText": ".",
          "characterOffsetBegin": 2191,
          "characterOffsetEnd": 2192,
          "before": "",
          "after": ""
        }
      ]
    }
  ]
}