{"bart-abs-2409-1947-lr-0.0003-bs-8-maxep-6":{"test_steps_per_second":0.449,"test_samples_per_second":3.499,"test_loss":7.398743152618408,"test_bertscore/bertscore-recall":0.8558,"test_bertscore/bertscore-precision":0.8724,"test_bertscore/bertscore-f1":0.8639,"test_rouge/rougeL":0.2474,"test_runtime":31.1522,"test_rouge/rouge1":0.3075,"test_rouge/rougeLsum":0.2471,"test_gen_len":29,"test_meteor":0.2131,"test_rouge/rouge2":0.0725},"train_runtime":1198.8465,"eval/rouge/rouge1":0.3097,"bart-abs-2409-1947-lr-3e-06-bs-2-maxep-6":{"test_rouge/rouge1":0.3144,"test_bertscore/bertscore-f1":0.8602,"test_rouge/rougeLsum":0.244,"test_rouge/rouge2":0.0847,"test_bertscore/bertscore-precision":0.8578,"test_steps_per_second":1.18,"test_gen_len":36,"test_runtime":46.6095,"test_meteor":0.2297,"test_loss":7.567773818969727,"test_samples_per_second":2.339,"test_rouge/rougeL":0.2445,"test_bertscore/bertscore-recall":0.8627},"_wandb":{"runtime":18191},"bart-abs-2409-1947-lr-0.0003-bs-4-maxep-6":{"test_gen_len":33,"test_meteor":0.2756,"test_bertscore/bertscore-f1":0.8703,"test_loss":3.9688334465026855,"test_rouge/rougeL":0.2731,"test_rouge/rougeLsum":0.2729,"test_rouge/rouge2":0.1006,"test_bertscore/bertscore-recall":0.8622,"test_rouge/rouge1":0.3354,"test_runtime":31.3219,"test_steps_per_second":0.894,"test_samples_per_second":3.48,"test_bertscore/bertscore-precision":0.8786},"_runtime":18110.233172122,"train_loss":0.19586668102019425,"bart-abs-2409-1947-lr-3e-05-bs-8-maxep-10":{"test_bertscore/bertscore-recall":0.8844,"test_steps_per_second":0.351,"test_bertscore/bertscore-precision":0.888,"test_meteor":0.3885,"test_bertscore/bertscore-f1":0.886,"test_runtime":39.8603,"test_rouge/rouge2":0.1751,"test_rouge/rougeLsum":0.3584,"test_rouge/rouge1":0.4259,"test_loss":4.357710361480713,"test_gen_len":37.403669724770644,"test_rouge/rougeL":0.3593,"test_samples_per_second":2.735},"bart-abs-2409-1947-lr-3e-06-bs-4-maxep-10":{"test_rouge/rougeL":0.2445,"test_samples_per_second":3.104,"test_rouge/rouge1":0.3144,"test_rouge/rouge2":0.0847,"test_bertscore/bertscore-precision":0.8578,"test_bertscore/bertscore-recall":0.8627,"test_bertscore/bertscore-f1":0.8602,"test_rouge/rougeLsum":0.244,"test_meteor":0.2297,"test_loss":7.48494815826416,"test_runtime":35.111,"test_gen_len":36,"test_steps_per_second":0.797},"train/grad_norm":1.7484538555145264,"eval/gen_len":36,"test/loss":7.801709175109863,"test/bertscore/bertscore-precision":0.8578,"bart-abs-2409-1947-lr-0.0003-bs-8-maxep-10":{"test_runtime":27.8581,"test_bertscore/bertscore-recall":0.8627,"test_rouge/rougeL":0.2445,"test_loss":7.136258602142334,"test_rouge/rouge2":0.0847,"test_bertscore/bertscore-precision":0.8578,"test_bertscore/bertscore-f1":0.8602,"test_steps_per_second":0.503,"test_meteor":0.2297,"test_rouge/rouge1":0.3144,"test_gen_len":36,"test_samples_per_second":3.913,"test_rouge/rougeLsum":0.244},"test/samples_per_second":3.874,"eval/bertscore/bertscore-f1":0.8622,"bart-abs-2409-1947-lr-0.0003-bs-2-maxep-6":{"test_runtime":35.6842,"test_samples_per_second":3.055,"test_rouge/rouge1":0.3075,"test_bertscore/bertscore-f1":0.8639,"test_rouge/rouge2":0.0725,"test_bertscore/bertscore-recall":0.8558,"test_bertscore/bertscore-precision":0.8724,"test_gen_len":29,"test_meteor":0.2131,"test_loss":6.875087738037109,"test_rouge/rougeL":0.2474,"test_rouge/rougeLsum":0.2471,"test_steps_per_second":1.541},"eval/rouge/rougeLsum":0.2464,"train/loss":0.2056,"bart-abs-2409-1947-lr-3e-05-bs-2-maxep-10":{"test_samples_per_second":2.086,"test_steps_per_second":1.052,"test_rouge/rouge2":0.198,"test_rouge/rougeL":0.3761,"test_meteor":0.4114,"test_rouge/rouge1":0.4463,"test_rouge/rougeLsum":0.3755,"test_runtime":52.2602,"test_loss":3.686638355255127,"test_bertscore/bertscore-recall":0.8878,"test_bertscore/bertscore-f1":0.8888,"test_gen_len":38.825688073394495,"test_bertscore/bertscore-precision":0.8902},"bart-abs-2409-1947-lr-3e-05-bs-8-maxep-6":{"test_steps_per_second":0.34,"test_bertscore/bertscore-precision":0.8889,"test_meteor":0.4036,"test_loss":4.0114593505859375,"test_samples_per_second":2.644,"test_runtime":41.2269,"test_rouge/rouge1":0.4392,"test_rouge/rougeL":0.3701,"test_gen_len":39,"test_rouge/rougeLsum":0.3698,"test_rouge/rouge2":0.1879,"test_bertscore/bertscore-recall":0.8874,"test_bertscore/bertscore-f1":0.888},"train/epoch":10,"total_flos":6.080177508999168e+15,"_timestamp":1.7272253848745646e+09,"train_steps_per_second":0.909,"test/bertscore/bertscore-recall":0.8627,"test/steps_per_second":0.498,"eval/loss":7.8362531661987305,"train/global_step":1090,"eval/samples_per_second":3.589,"eval/runtime":30.6488,"test/rouge/rougeLsum":0.244,"test/runtime":28.1397,"test/rouge/rouge1":0.3144,"train/learning_rate":2.7522935779816516e-09,"test/rouge/rougeL":0.2445,"bart-abs-2409-1947-lr-3e-06-bs-4-maxep-6":{"test_bertscore/bertscore-precision":0.8596,"test_samples_per_second":3.022,"test_meteor":0.2599,"test_bertscore/bertscore-recall":0.8594,"test_gen_len":44,"test_rouge/rouge1":0.2747,"test_runtime":36.0674,"test_loss":7.144283294677734,"test_rouge/rouge2":0.067,"test_bertscore/bertscore-f1":0.8595,"test_rouge/rougeLsum":0.2031,"test_rouge/rougeL":0.2033,"test_steps_per_second":0.776},"bart-abs-2409-1947-lr-0.0003-bs-4-maxep-10":{"test_steps_per_second":0.827,"test_meteor":0.243,"test_rouge/rouge2":0.0936,"test_runtime":33.8497,"test_rouge/rougeL":0.2453,"test_bertscore/bertscore-recall":0.8669,"test_rouge/rougeLsum":0.2456,"test_samples_per_second":3.22,"test_bertscore/bertscore-f1":0.8731,"test_rouge/rouge1":0.3275,"test_bertscore/bertscore-precision":0.8796,"test_gen_len":34,"test_loss":6.849350929260254},"test/gen_len":36,"eval/steps_per_second":0.457,"eval/rouge/rougeL":0.2463,"test/meteor":0.2297,"bart-abs-2409-1947-lr-0.0003-bs-2-maxep-10":{"test_meteor":0.2331,"test_rouge/rougeL":0.2371,"test_steps_per_second":1.566,"test_rouge/rouge1":0.3147,"test_gen_len":32,"test_rouge/rouge2":0.0858,"test_bertscore/bertscore-recall":0.8594,"test_bertscore/bertscore-f1":0.8643,"test_runtime":35.1151,"test_loss":6.777672290802002,"test_rouge/rougeLsum":0.2363,"test_bertscore/bertscore-precision":0.8694,"test_samples_per_second":3.104},"eval/rouge/rouge2":0.0856,"_step":288,"train_samples_per_second":7.232,"bart-abs-2409-1947-lr-3e-06-bs-8-maxep-10":{"test_bertscore/bertscore-precision":0.8578,"test_rouge/rougeLsum":0.244,"test_runtime":28.1397,"test_rouge/rougeL":0.2445,"test_bertscore/bertscore-f1":0.8602,"test_bertscore/bertscore-recall":0.8627,"test_gen_len":36,"test_steps_per_second":0.498,"test_loss":7.801709175109863,"test_rouge/rouge2":0.0847,"test_meteor":0.2297,"test_rouge/rouge1":0.3144,"test_samples_per_second":3.874},"test/rouge/rouge2":0.0847,"bart-abs-2409-1947-lr-3e-06-bs-8-maxep-6":{"test_rouge/rouge1":0.3144,"test_rouge/rouge2":0.0847,"test_bertscore/bertscore-f1":0.8602,"test_runtime":28.4697,"test_bertscore/bertscore-precision":0.8578,"test_gen_len":36,"test_meteor":0.2297,"test_samples_per_second":3.829,"test_rouge/rougeL":0.2445,"test_steps_per_second":0.492,"test_bertscore/bertscore-recall":0.8627,"test_loss":7.754185199737549,"test_rouge/rougeLsum":0.244},"test/bertscore/bertscore-f1":0.8602,"eval/bertscore/bertscore-precision":0.8589,"eval/meteor":0.2246,"eval/bertscore/bertscore-recall":0.8656,"bart-abs-2409-1947-lr-3e-06-bs-2-maxep-10":{"test_rouge/rouge1":0.3144,"test_rouge/rouge2":0.0847,"test_rouge/rougeLsum":0.244,"test_bertscore/bertscore-f1":0.8602,"test_rouge/rougeL":0.2445,"test_loss":7.656036853790283,"test_samples_per_second":2.321,"test_bertscore/bertscore-recall":0.8627,"test_steps_per_second":1.171,"test_gen_len":36,"test_bertscore/bertscore-precision":0.8578,"test_runtime":46.9675,"test_meteor":0.2297}}