{
  "os": "Linux-5.15.154+-x86_64-with-glibc2.35",
  "python": "3.10.14",
  "startedAt": "2024-09-24T19:47:54.641768Z",
  "args": [
    "-f",
    "/tmp/tmpeitbtgf5.json",
    "--HistoryManager.hist_file=:memory:"
  ],
  "program": "<python with no main file>",
  "email": "19233116@studentmail.ul.ie",
  "root": "/kaggle/working",
  "host": "f71ccd2f0ef2",
  "username": "root",
  "executable": "/opt/conda/bin/python",
  "cpu_count": 2,
  "cpu_count_logical": 4,
  "gpu": "[Tesla P100-PCIE-16GB]",
  "gpu_count": 1,
  "disk": {
    "/": {
      "total": "8656922775552",
      "used": "6323672428544"
    }
  },
  "memory": {
    "total": "33669939200"
  },
  "cpu": {
    "count": 2,
    "countLogical": 4
  },
  "gpu_nvidia": [
    {
      "name": "Tesla P100-PCIE-16GB",
      "memoryTotal": "17179869184",
      "cudaCores": 3584,
      "architecture": "Pascal"
    }
  ],
  "cudaVersion": "12.4"
}