{"train/loss": 0.0653, "train/grad_norm": 6.102294445037842, "train/learning_rate": 2.304147465437788e-08, "train/epoch": 6.0, "train/global_step": 2604, "_timestamp": 1727145759.1562889, "_runtime": 3475.157539844513, "_step": 52, "eval/loss": 3.9437596797943115, "eval/rouge/rouge1": 0.4735, "eval/rouge/rouge2": 0.2234, "eval/rouge/rougeL": 0.403, "eval/rouge/rougeLsum": 0.404, "eval/bertscore/bertscore-precision": 0.8966, "eval/bertscore/bertscore-recall": 0.8935, "eval/bertscore/bertscore-f1": 0.8949, "eval/meteor": 0.4307, "eval/gen_len": 37.11818181818182, "eval/runtime": 47.2774, "eval/samples_per_second": 2.327, "eval/steps_per_second": 1.163, "train_runtime": 966.9043, "train_samples_per_second": 5.38, "train_steps_per_second": 2.693, "total_flos": 2956438013300736.0, "train_loss": 0.17629321123231576, "test/loss": 4.0014753341674805, "test/rouge/rouge1": 0.4346, "test/rouge/rouge2": 0.1919, "test/rouge/rougeL": 0.3722, "test/rouge/rougeLsum": 0.3711, "test/bertscore/bertscore-precision": 0.8918, "test/bertscore/bertscore-recall": 0.8871, "test/bertscore/bertscore-f1": 0.8893, "test/meteor": 0.389, "test/gen_len": 36.62385321100918, "test/runtime": 48.2212, "test/samples_per_second": 2.26, "test/steps_per_second": 1.141, "_wandb": {"runtime": 3524}}