{"bart-abs-1509-0313-lr-3e-05-bs-4-maxep-6": {"test_loss": 2.0634682178497314, "test_rouge/rouge1": 0.4505, "test_rouge/rouge2": 0.2158, "test_rouge/rougeL": 0.3956, "test_rouge/rougeLsum": 0.3948, "test_bertscore/bertscore-precision": 0.8943, "test_bertscore/bertscore-recall": 0.8879, "test_bertscore/bertscore-f1": 0.8909, "test_meteor": 0.4037, "test_gen_len": 35.44954128440367, "test_runtime": 38.5109, "test_samples_per_second": 2.83, "test_steps_per_second": 0.727}, "_timestamp": 1726392352.8636057, "_runtime": 22316.74791765213, "_step": 17, "bart-abs-1509-0313-lr-3e-05-bs-4-maxep-10": {"test_loss": 2.1893012523651123, "test_rouge/rouge1": 0.4313, "test_rouge/rouge2": 0.1902, "test_rouge/rougeL": 0.3678, "test_rouge/rougeLsum": 0.3681, "test_bertscore/bertscore-precision": 0.8912, "test_bertscore/bertscore-recall": 0.8866, "test_bertscore/bertscore-f1": 0.8887, "test_meteor": 0.3891, "test_gen_len": 38.055045871559635, "test_runtime": 43.1465, "test_samples_per_second": 2.526, "test_steps_per_second": 0.649}, "bart-abs-1509-0313-lr-3e-05-bs-2-maxep-6": {"test_loss": 2.265896797180176, "test_rouge/rouge1": 0.43, "test_rouge/rouge2": 0.1908, "test_rouge/rougeL": 0.3708, "test_rouge/rougeLsum": 0.3717, "test_bertscore/bertscore-precision": 0.8896, "test_bertscore/bertscore-recall": 0.8862, "test_bertscore/bertscore-f1": 0.8877, "test_meteor": 0.3886, "test_gen_len": 38.522935779816514, "test_runtime": 51.153, "test_samples_per_second": 2.131, "test_steps_per_second": 1.075}, "bart-abs-1509-0313-lr-3e-05-bs-2-maxep-10": {"test_loss": 2.5003650188446045, "test_rouge/rouge1": 0.4259, "test_rouge/rouge2": 0.184, "test_rouge/rougeL": 0.3704, "test_rouge/rougeLsum": 0.3693, "test_bertscore/bertscore-precision": 0.8925, "test_bertscore/bertscore-recall": 0.8846, "test_bertscore/bertscore-f1": 0.8884, "test_meteor": 0.3872, "test_gen_len": 35.20183486238532, "test_runtime": 47.0043, "test_samples_per_second": 2.319, "test_steps_per_second": 1.17}, "bart-abs-1509-0313-lr-3e-05-bs-8-maxep-6": {"test_loss": 2.6035170555114746, "test_rouge/rouge1": 0.4316, "test_rouge/rouge2": 0.1887, "test_rouge/rougeL": 0.3711, "test_rouge/rougeLsum": 0.3711, "test_bertscore/bertscore-precision": 0.8922, "test_bertscore/bertscore-recall": 0.8867, "test_bertscore/bertscore-f1": 0.8893, "test_meteor": 0.3965, "test_gen_len": 37.04587155963303, "test_runtime": 38.9093, "test_samples_per_second": 2.801, "test_steps_per_second": 0.36}, "bart-abs-1509-0313-lr-3e-05-bs-8-maxep-10": {"test_loss": 3.089570999145508, "test_rouge/rouge1": 0.4234, "test_rouge/rouge2": 0.1708, "test_rouge/rougeL": 0.361, "test_rouge/rougeLsum": 0.3599, "test_bertscore/bertscore-precision": 0.8894, "test_bertscore/bertscore-recall": 0.8873, "test_bertscore/bertscore-f1": 0.8881, "test_meteor": 0.3939, "test_gen_len": 38.57798165137615, "test_runtime": 39.9028, "test_samples_per_second": 2.732, "test_steps_per_second": 0.351}, "bart-abs-1509-0313-lr-0.0003-bs-4-maxep-6": {"test_loss": 2.603835344314575, "test_rouge/rouge1": 0.4231, "test_rouge/rouge2": 0.1775, "test_rouge/rougeL": 0.3565, "test_rouge/rougeLsum": 0.3558, "test_bertscore/bertscore-precision": 0.8889, "test_bertscore/bertscore-recall": 0.8811, "test_bertscore/bertscore-f1": 0.8848, "test_meteor": 0.344, "test_gen_len": 33.18348623853211, "test_runtime": 36.752, "test_samples_per_second": 2.966, "test_steps_per_second": 0.762}, "bart-abs-1509-0313-lr-0.0003-bs-4-maxep-10": {"test_loss": 2.855541944503784, "test_rouge/rouge1": 0.3995, "test_rouge/rouge2": 0.1596, "test_rouge/rougeL": 0.3338, "test_rouge/rougeLsum": 0.3329, "test_bertscore/bertscore-precision": 0.885, "test_bertscore/bertscore-recall": 0.8754, "test_bertscore/bertscore-f1": 0.88, "test_meteor": 0.3259, "test_gen_len": 33.07339449541284, "test_runtime": 37.3257, "test_samples_per_second": 2.92, "test_steps_per_second": 0.75}, "bart-abs-1509-0313-lr-0.0003-bs-2-maxep-6": {"test_loss": 4.065406799316406, "test_rouge/rouge1": 0.2483, "test_rouge/rouge2": 0.0683, "test_rouge/rougeL": 0.2108, "test_rouge/rougeLsum": 0.2109, "test_bertscore/bertscore-precision": 0.8637, "test_bertscore/bertscore-recall": 0.8569, "test_bertscore/bertscore-f1": 0.8603, "test_meteor": 0.2011, "test_gen_len": 29.137614678899084, "test_runtime": 36.9886, "test_samples_per_second": 2.947, "test_steps_per_second": 1.487}, "bart-abs-1509-0313-lr-0.0003-bs-2-maxep-10": {"test_loss": 4.590844631195068, "test_rouge/rouge1": 0.2626, "test_rouge/rouge2": 0.0688, "test_rouge/rougeL": 0.2267, "test_rouge/rougeLsum": 0.2269, "test_bertscore/bertscore-precision": 0.8867, "test_bertscore/bertscore-recall": 0.8566, "test_bertscore/bertscore-f1": 0.8713, "test_meteor": 0.2141, "test_gen_len": 29.0, "test_runtime": 34.7091, "test_samples_per_second": 3.14, "test_steps_per_second": 1.585}, "bart-abs-1509-0313-lr-0.0003-bs-8-maxep-6": {"test_loss": 5.0222578048706055, "test_rouge/rouge1": 0.2979, "test_rouge/rouge2": 0.064, "test_rouge/rougeL": 0.2282, "test_rouge/rougeLsum": 0.2279, "test_bertscore/bertscore-precision": 0.8728, "test_bertscore/bertscore-recall": 0.8534, "test_bertscore/bertscore-f1": 0.8629, "test_meteor": 0.2201, "test_gen_len": 32.0, "test_runtime": 30.774, "test_samples_per_second": 3.542, "test_steps_per_second": 0.455}, "bart-abs-1509-0313-lr-0.0003-bs-8-maxep-10": {"test_loss": 5.704922676086426, "test_rouge/rouge1": 0.2654, "test_rouge/rouge2": 0.0676, "test_rouge/rougeL": 0.2048, "test_rouge/rougeLsum": 0.2042, "test_bertscore/bertscore-precision": 0.8658, "test_bertscore/bertscore-recall": 0.859, "test_bertscore/bertscore-f1": 0.8623, "test_meteor": 0.2184, "test_gen_len": 34.0, "test_runtime": 27.4533, "test_samples_per_second": 3.97, "test_steps_per_second": 0.51}, "bart-abs-1509-0313-lr-3e-06-bs-4-maxep-6": {"test_loss": 5.9315571784973145, "test_rouge/rouge1": 0.2603, "test_rouge/rouge2": 0.0554, "test_rouge/rougeL": 0.187, "test_rouge/rougeLsum": 0.187, "test_bertscore/bertscore-precision": 0.8468, "test_bertscore/bertscore-recall": 0.8545, "test_bertscore/bertscore-f1": 0.8505, "test_meteor": 0.2685, "test_gen_len": 55.0, "test_runtime": 45.1475, "test_samples_per_second": 2.414, "test_steps_per_second": 0.62}, "bart-abs-1509-0313-lr-3e-06-bs-4-maxep-10": {"test_loss": 6.175210475921631, "test_rouge/rouge1": 0.2603, "test_rouge/rouge2": 0.0556, "test_rouge/rougeL": 0.1871, "test_rouge/rougeLsum": 0.1872, "test_bertscore/bertscore-precision": 0.8468, "test_bertscore/bertscore-recall": 0.8545, "test_bertscore/bertscore-f1": 0.8505, "test_meteor": 0.2686, "test_gen_len": 55.0, "test_runtime": 45.8099, "test_samples_per_second": 2.379, "test_steps_per_second": 0.611}, "bart-abs-1509-0313-lr-3e-06-bs-2-maxep-6": {"test_loss": 6.3823561668396, "test_rouge/rouge1": 0.2524, "test_rouge/rouge2": 0.0559, "test_rouge/rougeL": 0.1918, "test_rouge/rougeLsum": 0.1918, "test_bertscore/bertscore-precision": 0.8495, "test_bertscore/bertscore-recall": 0.855, "test_bertscore/bertscore-f1": 0.8521, "test_meteor": 0.2554, "test_gen_len": 51.77064220183486, "test_runtime": 57.0551, "test_samples_per_second": 1.91, "test_steps_per_second": 0.964}, "bart-abs-1509-0313-lr-3e-06-bs-2-maxep-10": {"test_loss": 6.610848903656006, "test_rouge/rouge1": 0.2723, "test_rouge/rouge2": 0.0654, "test_rouge/rougeL": 0.22, "test_rouge/rougeLsum": 0.2203, "test_bertscore/bertscore-precision": 0.8609, "test_bertscore/bertscore-recall": 0.8537, "test_bertscore/bertscore-f1": 0.8572, "test_meteor": 0.222, "test_gen_len": 30.743119266055047, "test_runtime": 36.4937, "test_samples_per_second": 2.987, "test_steps_per_second": 1.507}, "bart-abs-1509-0313-lr-3e-06-bs-8-maxep-6": {"test_loss": 6.816450595855713, "test_rouge/rouge1": 0.3231, "test_rouge/rouge2": 0.0806, "test_rouge/rougeL": 0.2497, "test_rouge/rougeLsum": 0.2497, "test_bertscore/bertscore-precision": 0.8759, "test_bertscore/bertscore-recall": 0.8622, "test_bertscore/bertscore-f1": 0.869, "test_meteor": 0.2566, "test_gen_len": 36.0, "test_runtime": 35.2783, "test_samples_per_second": 3.09, "test_steps_per_second": 0.397}, "bart-abs-1509-0313-lr-3e-06-bs-8-maxep-10": {"test_loss": 6.909473896026611, "test_rouge/rouge1": 0.3231, "test_rouge/rouge2": 0.0806, "test_rouge/rougeL": 0.2497, "test_rouge/rougeLsum": 0.2497, "test_bertscore/bertscore-precision": 0.8759, "test_bertscore/bertscore-recall": 0.8622, "test_bertscore/bertscore-f1": 0.869, "test_meteor": 0.2566, "test_gen_len": 36.0, "test_runtime": 35.2332, "test_samples_per_second": 3.094, "test_steps_per_second": 0.397}, "_wandb": {"runtime": 22430}}