{
    "os": "Linux-5.15.154+-x86_64-with-glibc2.35",
    "python": "3.10.14",
    "heartbeatAt": "2024-09-16T15:45:32.259275",
    "startedAt": "2024-09-16T15:45:31.572073",
    "docker": null,
    "cuda": null,
    "args": [
        "-f",
        "/tmp/tmpc6ueivqp.json",
        "--HistoryManager.hist_file=:memory:"
    ],
    "state": "running",
    "program": "<python with no main file>",
    "codePathLocal": null,
    "host": "45532d2f54b1",
    "username": "root",
    "executable": "/opt/conda/bin/python",
    "cpu_count": 2,
    "cpu_count_logical": 4,
    "cpu_freq": {
        "current": 2000.196,
        "min": 0.0,
        "max": 0.0
    },
    "cpu_freq_per_core": [
        {
            "current": 2000.196,
            "min": 0.0,
            "max": 0.0
        },
        {
            "current": 2000.196,
            "min": 0.0,
            "max": 0.0
        },
        {
            "current": 2000.196,
            "min": 0.0,
            "max": 0.0
        },
        {
            "current": 2000.196,
            "min": 0.0,
            "max": 0.0
        }
    ],
    "disk": {
        "/": {
            "total": 8062.387607574463,
            "used": 5845.9104347229
        }
    },
    "gpu": "Tesla P100-PCIE-16GB",
    "gpu_count": 1,
    "gpu_devices": [
        {
            "name": "Tesla P100-PCIE-16GB",
            "memory_total": 17179869184
        }
    ],
    "memory": {
        "total": 31.357574462890625
    }
}
