{"t5-abs-1609-1545-lr-0.0001-bs-10-maxep-20": {"test_loss": 1.7879282236099243, "test_rouge/rouge1": 0.4251, "test_rouge/rouge2": 0.1812, "test_rouge/rougeL": 0.3566, "test_rouge/rougeLsum": 0.357, "test_bertscore/bertscore-precision": 0.8886, "test_bertscore/bertscore-recall": 0.8865, "test_bertscore/bertscore-f1": 0.8874, "test_meteor": 0.3793, "test_gen_len": 39.57798165137615, "test_runtime": 23.3155, "test_samples_per_second": 4.675, "test_steps_per_second": 0.472}, "_timestamp": 1726503648.0369413, "_runtime": 2116.4552953243256, "_step": 0, "_wandb": {"runtime": 2130}}